#VRML V2.0 utf8
# 3D model generated by easyeda2kicad.py (https://github.com/uPesy/easyeda2kicad.py)

Shape{
    appearance Appearance {
        material  Material 	{
            diffuseColor 0.25098039215686274 0.25098039215686274 0.25098039215686274
            specularColor 0.12549019607843137 0.12549019607843137 0.12549019607843137
            ambientIntensity 0.2
            transparency 0
            shininess 0.5
        }
    }
    geometry IndexedFaceSet {
        ccw TRUE
        solid FALSE
        coord DEF co Coordinate {
            point [
                -0.4578 0.0914 -0.9429, -0.4193 0.0821 -0.9429, -0.4745 0.0227 -0.9429, -0.4102 0.0399 -0.9429, -0.4757 0.0155 -0.9429, -0.2836 -0.8819 -0.9429, -0.3079 0.0153 -0.9429, -0.3073 0.0153 -0.9429, -0.2836 0.0155 -0.9429, -0.3069 0.0155 -0.9429, -0.3069 0.0155 -0.9429, -0.4022 0.0089 -0.9429, -0.402 0.0089 -0.9429, -0.4019 0.0089 -0.9429, -0.4016 0.0092 -0.9429, -0.4013 0.0098 -0.9429, -0.3083 0.0155 -0.9429, -0.5969 -0.8819 -0.9429, -0.4787 0.0096 -0.9429, -0.4786 0.0095 -0.9429, -0.3082 0.0154 -0.9429, -0.4017 0.009 -0.9429, -0.4011 0.0104 -0.9429, -0.4007 0.0134 -0.9429, -0.4005 0.0155 -0.9429, -0.4789 0.0098 -0.9429, -0.5969 0.0155 -0.9429, -0.479 0.0101 -0.9429, -0.4029 0.0092 -0.9429, -0.4027 0.009 -0.9429, -0.4769 0.01 -0.9429, -0.4796 0.0139 -0.9429, -0.4795 0.0124 -0.9429, -0.4783 0.0094 -0.9429, -0.4781 0.0093 -0.9429, -0.4779 0.0093 -0.9429, -0.4777 0.0094 -0.9429, -0.4775 0.0095 -0.9429, -0.4772 0.0097 -0.9429, -0.4024 0.0089 -0.9429, -0.4793 0.0113 -0.9429, -0.4792 0.0106 -0.9429, -0.4032 0.0095 -0.9429, -0.4766 0.0107 -0.9429, -0.4036 0.0099 -0.9429, -0.4059 0.0184 -0.9429, -0.4052 0.0155 -0.9429, -0.4765 0.0113 -0.9429, -0.4043 0.0116 -0.9429, -0.4039 0.0106 -0.9429, -0.5969 0.8819 -0.9429, -0.2836 0.8819 -0.9429, -0.4371 0.2024 -0.9429, -0.3561 0.0263 -0.9429, -0.3516 0.0241 -0.9429, -0.4817 0.0392 -0.9429, -0.4818 0.0385 -0.9429, -0.3609 0.0302 -0.9429, -0.4813 0.0314 -0.9429, -0.4802 0.0187 -0.9429, -0.4798 0.0155 -0.9429, -0.2942 0.0283 -0.9429, -0.2942 0.0286 -0.9429, -0.3402 0.1962 -0.9429, -0.349 0.1957 -0.9429, -0.4813 0.0401 -0.9429, -0.4816 0.0396 -0.9429, -0.2942 0.0288 -0.9429, -0.2945 0.0294 -0.9429, -0.2946 0.0297 -0.9429, -0.2947 0.0298 -0.9429, -0.2947 0.1864 -0.9429, -0.2942 0.1872 -0.9429, -0.3054 0.03 -0.9429, -0.3054 0.1784 -0.9429, -0.2969 0.03 -0.9429, -0.2958 0.0301 -0.9429, -0.3339 0.1957 -0.9429, -0.3713 0.0461 -0.9429, -0.3986 0.0372 -0.9429, -0.3992 0.039 -0.9429, -0.4411 0.2024 -0.9429, -0.4685 0.081 -0.9429, -0.4719 0.0668 -0.9429, -0.294 0.188 -0.9429, -0.294 0.1888 -0.9429, -0.2941 0.1896 -0.9429, -0.2944 0.19 -0.9429, -0.2949 0.0299 -0.9429, -0.2951 0.03 -0.9429, -0.2952 0.0301 -0.9429, -0.3407 0.0219 -0.9429, -0.3291 0.0204 -0.9429, -0.3167 0.019 -0.9429, -0.3556 0.194 -0.9429, -0.3605 0.1915 -0.9429, -0.3647 0.1878 -0.9429, -0.3692 0.1817 -0.9429, -0.4815 0.0356 -0.9429, -0.4815 0.0345 -0.9429, -0.3985 0.0347 -0.9429, -0.3657 0.0361 -0.9429, -0.3989 0.0292 -0.9429, -0.3121 0.0177 -0.9429, -0.3091 0.0159 -0.9429, -0.3734 0.1717 -0.9429, -0.378 0.1426 -0.9429, -0.408 0.0674 -0.9429, -0.3796 0.0982 -0.9429, -0.3771 0.0676 -0.9429, -0.4734 0.0601 -0.9429, -0.4753 0.0535 -0.9429, -0.4773 0.0482 -0.9429, -0.4791 0.0431 -0.9429, -0.4803 0.0413 -0.9429, -0.2948 0.0271 -0.9429, -0.2945 0.0276 -0.9429, -0.2943 0.028 -0.9429, -0.4003 0.0173 -0.9429, -0.3017 0.1804 -0.9429, -0.2966 0.1846 -0.9429, -0.2954 0.1856 -0.9429, -0.311 0.1909 -0.9429, -0.317 0.1914 -0.9429, -0.3277 0.1945 -0.9429, -0.3997 0.0399 -0.9429, -0.4012 0.0425 -0.9429, -0.4049 0.0549 -0.9429, -0.3035 0.1793 -0.9429, -0.2948 0.1905 -0.9429, -0.2952 0.1909 -0.9429, -0.3003 0.19 -0.9429, -0.3062 0.19 -0.9429, -0.3086 0.1904 -0.9429, -0.3059 0.0161 -0.9429, -0.302 0.0194 -0.9429, -0.2994 0.0221 -0.9429, -0.296 0.0258 -0.9429, -0.2953 0.0265 -0.9429, -0.1441 0.1969 -0.9429, -0.1505 0.1935 -0.9429, -0.1642 0.1959 -0.9429, -0.2023 0.0172 -0.9429, -0.2017 0.0176 -0.9429, -0.147 0.0172 -0.9429, -0.1398 0.0159 -0.9429, -0.0125 0.1739 -0.9429, -0.0123 0.1877 -0.9429, -0.0102 0.2013 -0.9429, -0.0119 0.0293 -0.9429, -0.0119 0.0297 -0.9429, -0.0125 0.0464 -0.9429, -0.1566 0.1879 -0.9429, -0.1597 0.1838 -0.9429, -0.1622 0.1792 -0.9429, -0.2726 0.0274 -0.9429, -0.2724 0.0272 -0.9429, -0.011 0.0212 -0.9429, -0.0109 0.0196 -0.9429, 0.5207 0.0155 -0.9429, -0.0096 0.2041 -0.9429, 0.5207 0.8819 -0.9429, -0.0116 0.2064 -0.9429, -0.0241 0.1909 -0.9429, -0.062 0.0371 -0.9429, -0.1241 0.0189 -0.9429, -0.0736 0.0244 -0.9429, -0.1317 0.0163 -0.9429, -0.0733 0.0237 -0.9429, -0.073 0.0235 -0.9429, -0.1631 0.1203 -0.9429, -0.1682 0.0858 -0.9429, -0.1685 0.1203 -0.9429, -0.1727 0.0855 -0.9429, -0.2733 0.0292 -0.9429, -0.2733 0.0287 -0.9429, -0.2031 0.0168 -0.9429, -0.0125 0.0173 -0.9429, -0.0121 0.0174 -0.9429, -0.0118 0.0177 -0.9429, -0.0198 0.0286 -0.9429, -0.0416 0.0304 -0.9429, -0.0198 0.173 -0.9429, -0.052 0.032 -0.9429, -0.1161 0.1905 -0.9429, -0.1236 0.1961 -0.9429, -0.1279 0.1982 -0.9429, -0.132 0.199 -0.9429, -0.1359 0.199 -0.9429, -0.1967 0.1875 -0.9429, -0.1964 0.1887 -0.9429, -0.1685 0.1959 -0.9429, -0.1964 0.1894 -0.9429, -0.1963 0.19 -0.9429, -0.1963 0.1906 -0.9429, -0.1964 0.1908 -0.9429, -0.1965 0.1909 -0.9429, -0.12 0.0331 -0.9429, -0.1241 0.0292 -0.9429, -0.1649 0.0589 -0.9429, -0.0221 0.0181 -0.9429, -0.0156 0.0176 -0.9429, -0.0136 0.0171 -0.9429, -0.2012 0.0182 -0.9429, -0.2009 0.019 -0.9429, -0.2007 0.0201 -0.9429, -0.1629 0.0299 -0.9429, -0.1588 0.0246 -0.9429, -0.1534 0.0202 -0.9429, -0.0115 0.0181 -0.9429, -0.0111 0.0189 -0.9429, -0.0608 0.0365 -0.9429, -0.0199 0.1765 -0.9429, -0.0211 0.1845 -0.9429, -0.1973 0.1863 -0.9429, -0.1985 0.1847 -0.9429, -0.2147 0.19 -0.9429, -0.1978 0.1915 -0.9429, -0.2138 0.19 -0.9429, -0.1988 0.1914 -0.9429, -0.209 0.19 -0.9429, -0.2042 0.1906 -0.9429, -0.2661 0.1154 -0.9429, -0.2658 0.1149 -0.9429, -0.2642 0.0402 -0.9429, -0.2654 0.1145 -0.9429, -0.265 0.1143 -0.9429, -0.2116 0.1167 -0.9429, -0.2354 0.1198 -0.9429, -0.2116 0.1789 -0.9429, -0.2452 0.1217 -0.9429, -0.2569 0.1271 -0.9429, -0.2651 0.1872 -0.9429, -0.2606 0.1866 -0.9429, -0.2583 0.2002 -0.9429, -0.2665 0.1917 -0.9429, -0.1142 0.0414 -0.9429, -0.1359 0.0252 -0.9429, -0.161 0.0426 -0.9429, -0.1574 0.0359 -0.9429, -0.1382 0.1897 -0.9429, -0.1322 0.1894 -0.9429, -0.1272 0.1876 -0.9429, -0.1063 0.1533 -0.9429, -0.1412 0.1891 -0.9429, -0.1128 0.1722 -0.9429, -0.1177 0.1799 -0.9429, -0.0726 0.0232 -0.9429, -0.0719 0.0229 -0.9429, -0.0713 0.0228 -0.9429, -0.0504 0.0206 -0.9429, -0.0554 0.0212 -0.9429, -0.0671 0.0228 -0.9429, -0.0557 0.0329 -0.9429, -0.0579 0.0341 -0.9429, -0.0961 0.0833 -0.9429, -0.0949 0.1236 -0.9429, -0.1183 0.0224 -0.9429, -0.1135 0.0275 -0.9429, -0.0735 0.0254 -0.9429, -0.1074 0.0375 -0.9429, -0.0731 0.0267 -0.9429, -0.1966 0.1911 -0.9429, -0.2202 0.1901 -0.9429, -0.2257 0.1909 -0.9429, -0.2368 0.1928 -0.9429, -0.2116 0.1068 -0.9429, -0.2116 0.03 -0.9429, -0.2538 0.0359 -0.9429, -0.2515 0.124 -0.9429, -0.2543 0.1257 -0.9429, -0.2472 0.1849 -0.9429, -0.2539 0.1857 -0.9429, -0.2674 0.1884 -0.9429, -0.2676 0.1888 -0.9429, -0.2676 0.1892 -0.9429, -0.2732 0.0298 -0.9429, -0.2664 0.1874 -0.9429, -0.2729 0.0304 -0.9429, -0.1039 0.1393 -0.9429, -0.1667 0.0708 -0.9429, -0.1028 0.0937 -0.9429, -0.1098 0.0532 -0.9429, -0.1278 0.0269 -0.9429, -0.1315 0.0257 -0.9429, -0.1423 0.0257 -0.9429, -0.1484 0.028 -0.9429, -0.1534 0.0314 -0.9429, -0.1607 0.1602 -0.9429, -0.1571 0.1731 -0.9429, -0.1534 0.1804 -0.9429, -0.1224 0.1846 -0.9429, -0.2731 0.0282 -0.9429, -0.2728 0.0276 -0.9429, 0.5207 -0.8819 -0.9429, -0.0727 0.0274 -0.9429, -0.0996 0.0605 -0.9429, -0.0717 0.0284 -0.9429, -0.2645 0.1142 -0.9429, -0.2637 0.1141 -0.9429, -0.2617 0.0388 -0.9429, -0.2579 0.037 -0.9429, -0.2675 0.1896 -0.9429, -0.2672 0.188 -0.9429, -0.2669 0.1877 -0.9429, -0.2721 0.0314 -0.9429, -0.2664 0.1164 -0.9429, -0.2663 0.1158 -0.9429, -0.2041 0.0167 -0.9429, -0.2055 0.0168 -0.9429, -0.0963 0.1376 -0.9429, -0.1031 0.1685 -0.9429, -0.1101 0.1833 -0.9429, -0.267 0.1908 -0.9429, -0.2674 0.1901 -0.9429, -0.1499 0.1844 -0.9429, -0.1454 0.1875 -0.9429, -0.034 0.0193 -0.9429, -0.0129 0.0171 -0.9429, -0.2034 0.0368 -0.9429, -0.2034 0.0422 -0.9429, -0.1673 0.0391 -0.9429, -0.2035 0.0457 -0.9429, -0.1708 0.0543 -0.9429, -0.2036 0.0493 -0.9429, -0.2034 0.1789 -0.9429, -0.2003 0.1825 -0.9429, -0.2008 0.0223 -0.9429, -0.2008 0.0224 -0.9429, -0.2026 0.0295 -0.9429, -0.1969 0.1913 -0.9429, -0.1973 0.1915 -0.9429, -0.2657 0.1181 -0.9429, -0.2661 0.1175 -0.9429, -0.2659 0.1872 -0.9429, -0.2663 0.1169 -0.9429, -0.0686 0.0312 -0.9429, -0.2651 0.1189 -0.9429, -0.2721 0.0271 -0.9429, -0.2712 0.0269 -0.9429, -0.2705 0.0269 -0.9429, -0.2465 0.1948 -0.9429, -0.2544 0.1976 -0.9429, -0.2557 0.1985 -0.9429, -0.2234 0.0207 -0.9429, -0.2104 0.0184 -0.9429, -0.2073 0.0173 -0.9429, -0.2662 0.0266 -0.9429, -0.2448 0.024 -0.9429, 0.5207 -0.1259 -1.1417, 0.8819 -0.1259 -1.1417, 0.5207 -0.8819 -1.1417, 0.8819 -0.8819 -1.1417, 0.5207 0.8819 -1.1417, 0.8819 0.8819 -1.1417, 0.5207 0.1259 -1.1417, 0.8819 0.1259 -1.1417, 0.5207 0.1259 -0.9624, 0.8819 0.1259 -0.9624, 0.5207 -0.1259 -0.9624, 0.8819 -0.1259 -0.9624, -0.5969 -0.8819 -1.1417, -0.8819 -0.8819 -1.1417, -0.5969 -0.1259 -1.1417, -0.8819 -0.1259 -1.1417, -0.8819 -0.1259 -1.1417
            ]
        }
        coordIndex [
            0,1,2,-1,2,1,3,-1,2,3,4,-1,5,6,7,-1,5,7,8,-1,8,7,9,-1,8,9,10,-1,11,12,5,-1,5,12,13,-1,14,15,16,-1,17,18,19,-1,6,5,20,-1,20,5,13,-1,20,13,16,-1,16,13,21,-1,16,21,14,-1,15,22,16,-1,16,22,23,-1,16,23,24,-1,18,17,25,-1,25,17,26,-1,25,26,27,-1,28,29,30,-1,31,32,26,-1,19,33,17,-1,17,33,34,-1,17,34,5,-1,5,34,35,-1,5,35,36,-1,36,37,5,-1,5,37,38,-1,5,38,11,-1,11,38,30,-1,11,30,39,-1,39,30,29,-1,32,40,26,-1,26,40,41,-1,26,41,27,-1,28,30,42,-1,42,30,43,-1,42,43,44,-1,3,45,4,-1,4,45,46,-1,4,46,47,-1,47,46,48,-1,47,48,43,-1,43,48,49,-1,43,49,44,-1,50,51,52,-1,53,54,24,-1,26,55,56,-1,53,24,57,-1,58,59,26,-1,26,59,60,-1,26,60,31,-1,61,62,8,-1,63,64,51,-1,50,65,26,-1,26,65,66,-1,26,66,55,-1,67,68,51,-1,51,68,69,-1,51,69,70,-1,71,72,70,-1,73,74,75,-1,75,74,76,-1,63,51,77,-1,78,79,80,-1,52,81,50,-1,50,81,82,-1,50,82,83,-1,72,84,70,-1,70,84,85,-1,70,85,51,-1,51,85,86,-1,51,86,87,-1,88,89,74,-1,74,89,90,-1,74,90,76,-1,54,91,24,-1,24,91,92,-1,24,92,93,-1,64,94,51,-1,51,94,95,-1,51,95,52,-1,52,95,96,-1,52,96,97,-1,56,98,26,-1,26,98,99,-1,26,99,58,-1,79,78,100,-1,100,78,101,-1,100,101,102,-1,93,103,24,-1,24,103,104,-1,24,104,16,-1,97,105,52,-1,52,105,106,-1,52,106,107,-1,107,106,108,-1,107,108,109,-1,83,110,50,-1,50,110,111,-1,50,111,112,-1,112,113,50,-1,50,113,114,-1,50,114,65,-1,115,116,8,-1,8,116,117,-1,8,117,61,-1,57,24,101,-1,101,24,118,-1,101,118,102,-1,119,120,70,-1,70,120,121,-1,70,121,71,-1,122,123,51,-1,51,123,124,-1,51,124,77,-1,80,125,78,-1,78,125,126,-1,78,126,109,-1,109,126,127,-1,109,127,107,-1,88,74,70,-1,70,74,128,-1,70,128,119,-1,87,129,51,-1,51,129,130,-1,51,130,131,-1,131,132,51,-1,51,132,133,-1,51,133,122,-1,10,134,8,-1,8,134,135,-1,8,135,136,-1,136,137,8,-1,8,137,138,-1,8,138,115,-1,139,140,141,-1,142,143,144,-1,8,144,145,-1,146,147,148,-1,149,150,151,-1,140,152,141,-1,141,152,153,-1,141,153,154,-1,155,156,8,-1,149,151,157,-1,157,151,146,-1,157,146,158,-1,158,146,148,-1,158,148,159,-1,159,148,160,-1,159,160,161,-1,161,160,162,-1,161,162,51,-1,51,162,163,-1,51,163,164,-1,165,166,167,-1,167,166,168,-1,167,168,169,-1,170,171,172,-1,172,171,173,-1,8,174,175,-1,142,144,176,-1,177,178,159,-1,159,178,179,-1,180,181,182,-1,182,181,183,-1,51,184,185,-1,185,186,51,-1,51,186,187,-1,51,187,188,-1,189,190,191,-1,191,190,192,-1,191,192,193,-1,193,194,191,-1,191,194,195,-1,191,195,196,-1,197,198,199,-1,200,201,202,-1,143,203,144,-1,144,203,204,-1,144,204,205,-1,206,207,205,-1,205,207,208,-1,205,208,144,-1,179,209,159,-1,159,209,210,-1,159,210,158,-1,182,211,212,-1,212,211,164,-1,212,164,213,-1,213,164,163,-1,189,191,214,-1,214,191,172,-1,214,172,215,-1,216,217,218,-1,218,217,219,-1,218,219,220,-1,220,219,221,-1,222,223,224,-1,224,223,225,-1,224,225,226,-1,227,228,229,-1,229,228,230,-1,231,232,233,-1,51,234,235,-1,197,199,236,-1,199,237,238,-1,238,237,239,-1,240,241,242,-1,243,244,245,-1,245,244,246,-1,169,247,167,-1,167,247,248,-1,167,248,249,-1,250,167,251,-1,251,167,249,-1,251,249,252,-1,183,253,182,-1,182,253,254,-1,182,254,211,-1,255,256,164,-1,165,257,166,-1,166,257,258,-1,166,258,259,-1,259,258,260,-1,259,260,261,-1,196,262,191,-1,191,262,51,-1,191,51,141,-1,141,51,188,-1,141,188,139,-1,216,263,217,-1,217,263,264,-1,217,264,265,-1,266,267,268,-1,230,269,229,-1,229,269,270,-1,229,270,271,-1,271,270,231,-1,271,231,272,-1,272,231,233,-1,273,8,274,-1,274,8,275,-1,174,8,276,-1,276,8,277,-1,276,277,278,-1,170,243,171,-1,171,243,279,-1,171,279,280,-1,280,279,281,-1,280,281,199,-1,199,281,282,-1,199,282,236,-1,198,283,199,-1,199,283,284,-1,199,284,237,-1,285,286,237,-1,237,286,287,-1,237,287,239,-1,170,288,243,-1,243,288,289,-1,243,289,290,-1,240,242,244,-1,244,242,291,-1,244,291,246,-1,175,292,8,-1,8,292,293,-1,8,293,155,-1,145,159,8,-1,8,159,294,-1,8,294,5,-1,261,260,295,-1,295,260,296,-1,295,296,297,-1,226,298,224,-1,224,298,299,-1,224,299,300,-1,300,299,266,-1,300,266,301,-1,301,266,268,-1,62,67,8,-1,8,67,51,-1,8,51,275,-1,275,51,302,-1,273,303,8,-1,8,303,304,-1,8,304,277,-1,305,306,224,-1,224,306,307,-1,224,307,222,-1,176,144,308,-1,308,144,8,-1,308,8,309,-1,256,310,164,-1,164,310,311,-1,164,311,51,-1,51,311,312,-1,51,312,184,-1,235,313,51,-1,51,313,314,-1,51,314,302,-1,290,315,243,-1,243,315,316,-1,243,316,244,-1,250,317,167,-1,167,317,200,-1,167,200,145,-1,145,200,202,-1,145,202,159,-1,159,202,318,-1,159,318,177,-1,319,320,321,-1,321,320,322,-1,321,322,323,-1,323,322,324,-1,323,324,173,-1,173,324,325,-1,173,325,172,-1,172,325,326,-1,172,326,215,-1,205,327,206,-1,206,327,328,-1,206,328,321,-1,321,328,329,-1,321,329,319,-1,262,330,51,-1,51,330,331,-1,51,331,217,-1,332,333,334,-1,334,333,335,-1,334,335,277,-1,277,335,306,-1,277,306,278,-1,278,306,305,-1,255,164,296,-1,296,164,336,-1,296,336,297,-1,232,231,334,-1,334,231,337,-1,334,337,332,-1,156,338,8,-1,8,338,339,-1,8,339,340,-1,265,341,217,-1,217,341,342,-1,217,342,51,-1,51,342,343,-1,51,343,234,-1,344,345,8,-1,8,345,346,-1,8,346,309,-1,340,347,8,-1,8,347,348,-1,8,348,344,-1,349,350,351,-1,351,350,352,-1,353,354,355,-1,355,354,356,-1,357,358,359,-1,359,358,360,-1,359,360,349,-1,349,360,350,-1,355,356,357,-1,357,356,358,-1,361,362,363,-1,363,362,364,-1,
        ]
    }
}
Shape{
    appearance Appearance {
        material  Material 	{
            diffuseColor 0.8235294117647058 0.8235294117647058 0.8235294117647058
            specularColor 0.4117647058823529 0.4117647058823529 0.4117647058823529
            ambientIntensity 0.2
            transparency 0
            shininess 0.5
        }
    }
    geometry IndexedFaceSet {
        ccw TRUE
        solid FALSE
        coord DEF co Coordinate {
            point [
                -0.8819 0.8819 -0.0984, -0.8858 0.8858 -0.0984, 0.8819 0.8819 -0.0984, 0.8858 0.8858 -0.0984, 0.8819 -0.8819 -0.0984, 0.8858 -0.8858 -0.0984, -0.8819 -0.8819 -0.0984, -0.8858 -0.8858 -0.0984, 0.8858 -0.8858 0.0, 0.8858 -0.502 0.0, 0.8858 0.8858 0.0, -0.8858 -0.8858 0.0, -0.4906 -0.8858 0.0, -0.8858 0.8858 0.0, -0.8858 -0.502 0.0, -0.4906 0.8858 0.0, -0.5121 -0.6044 0.0, -0.5087 -0.6299 0.0, -0.4906 -0.502 0.0, -0.5121 0.6554 0.0, -0.5087 0.6299 0.0, 0.5121 0.6044 0.0, 0.5087 0.6299 0.0, 0.6326 0.725 0.0, 0.6564 0.7152 0.0, 0.6768 0.6995 0.0, 0.6924 0.6791 0.0, 0.7022 0.6554 0.0, 0.5121 0.6554 0.0, 0.5219 0.6791 0.0, 0.5376 0.6995 0.0, 0.558 0.7152 0.0, 0.5817 0.725 0.0, 0.6072 0.7283 0.0, 0.7056 0.6299 0.0, 0.7022 0.6044 0.0, 0.6924 0.5807 0.0, 0.6768 0.5603 0.0, 0.6564 0.5447 0.0, 0.6326 0.5348 0.0, 0.5817 0.5348 0.0, -0.082 0.4653 0.0, 0.6072 0.5315 0.0, -0.0 0.4724 0.0, 0.082 0.4653 0.0, 0.1616 0.4439 0.0, 0.2362 0.4091 0.0, -0.4439 0.1616 0.0, -0.4091 0.2362 0.0, -0.3619 0.3037 0.0, -0.3037 0.3619 0.0, 0.3037 0.3619 0.0, 0.3619 0.3037 0.0, 0.4091 0.2362 0.0, -0.2362 0.4091 0.0, -0.1616 0.4439 0.0, 0.4439 0.1616 0.0, 0.4653 0.082 0.0, 0.4724 0.0 0.0, 0.4653 -0.082 0.0, 0.4439 -0.1616 0.0, 0.4091 -0.2362 0.0, 0.3619 -0.3037 0.0, -0.1616 -0.4439 0.0, -0.2362 -0.4091 0.0, -0.3037 -0.3619 0.0, 0.558 0.5447 0.0, 0.5376 0.5603 0.0, 0.5219 0.5807 0.0, 0.3037 -0.3619 0.0, 0.2362 -0.4091 0.0, 0.1616 -0.4439 0.0, -0.3619 -0.3037 0.0, -0.4091 -0.2362 0.0, -0.4439 -0.1616 0.0, -0.4653 -0.082 0.0, -0.4724 0.0 0.0, -0.4653 0.082 0.0, 0.082 -0.4653 0.0, 0.0 -0.4724 0.0, -0.082 -0.4653 0.0, -0.5219 0.5807 0.0, -0.5376 0.5603 0.0, -0.558 0.5447 0.0, -0.5817 0.725 0.0, -0.558 0.7152 0.0, -0.5121 0.6044 0.0, -0.5817 0.5348 0.0, -0.6072 0.5315 0.0, -0.6326 0.5348 0.0, -0.6564 0.5447 0.0, -0.6768 0.5603 0.0, -0.5376 0.6995 0.0, -0.5219 0.6791 0.0, -0.7056 0.6299 0.0, -0.7022 0.6044 0.0, -0.6924 0.5807 0.0, -0.7022 0.6554 0.0, -0.6924 0.6791 0.0, -0.6768 0.6995 0.0, -0.6564 0.7152 0.0, -0.6326 0.725 0.0, -0.6072 0.7283 0.0, 0.6924 -0.5807 0.0, 0.6768 -0.5603 0.0, 0.6564 -0.5447 0.0, 0.5121 -0.6044 0.0, 0.5219 -0.5807 0.0, 0.5376 -0.5603 0.0, 0.558 -0.5447 0.0, 0.5817 -0.5348 0.0, 0.6072 -0.5315 0.0, 0.6326 -0.5348 0.0, 0.7022 -0.6044 0.0, 0.7056 -0.6299 0.0, 0.7022 -0.6554 0.0, 0.6924 -0.6791 0.0, 0.6768 -0.6995 0.0, 0.6564 -0.7152 0.0, 0.6326 -0.725 0.0, 0.5376 -0.6995 0.0, 0.5219 -0.6791 0.0, 0.5121 -0.6554 0.0, 0.5087 -0.6299 0.0, 0.6072 -0.7283 0.0, 0.5817 -0.725 0.0, 0.558 -0.7152 0.0, -0.5219 -0.6791 0.0, -0.5376 -0.6995 0.0, -0.558 -0.7152 0.0, -0.5121 -0.6554 0.0, -0.5817 -0.725 0.0, -0.6072 -0.7283 0.0, -0.6326 -0.725 0.0, -0.6564 -0.7152 0.0, -0.6768 -0.6995 0.0, -0.558 -0.5447 0.0, -0.5376 -0.5603 0.0, -0.5219 -0.5807 0.0, -0.6924 -0.6791 0.0, -0.7022 -0.6554 0.0, -0.7056 -0.6299 0.0, -0.7022 -0.6044 0.0, -0.6924 -0.5807 0.0, -0.6768 -0.5603 0.0, -0.6564 -0.5447 0.0, -0.6326 -0.5348 0.0, -0.6072 -0.5315 0.0, -0.5817 -0.5348 0.0, -0.5817 -0.5348 0.0
            ]
        }
        coordIndex [
            0,1,2,-1,2,1,3,-1,2,3,4,-1,4,3,5,-1,4,5,6,-1,6,5,7,-1,6,7,0,-1,0,7,1,-1,8,5,9,-1,9,5,3,-1,9,3,10,-1,11,7,12,-1,12,7,5,-1,12,5,8,-1,13,1,14,-1,14,1,7,-1,14,7,11,-1,10,3,15,-1,15,3,1,-1,15,1,13,-1,16,17,18,-1,19,20,15,-1,21,22,15,-1,23,24,10,-1,24,25,10,-1,10,25,26,-1,10,26,27,-1,22,28,15,-1,15,28,29,-1,15,29,30,-1,30,31,15,-1,15,31,32,-1,15,32,10,-1,10,32,33,-1,10,33,23,-1,27,34,10,-1,10,34,35,-1,10,35,9,-1,9,35,36,-1,36,37,9,-1,9,37,38,-1,9,38,39,-1,40,41,42,-1,42,41,43,-1,43,44,42,-1,42,44,45,-1,42,45,39,-1,39,45,46,-1,47,48,15,-1,15,48,49,-1,15,49,50,-1,46,51,39,-1,39,51,52,-1,39,52,53,-1,50,54,15,-1,15,54,55,-1,15,55,41,-1,53,56,39,-1,39,56,57,-1,39,57,9,-1,9,57,58,-1,9,58,59,-1,59,60,9,-1,9,60,61,-1,9,61,62,-1,63,64,18,-1,18,64,65,-1,40,66,41,-1,41,66,67,-1,41,67,15,-1,15,67,68,-1,15,68,21,-1,62,69,9,-1,9,69,70,-1,9,70,71,-1,65,72,18,-1,18,72,73,-1,18,73,74,-1,74,75,18,-1,18,75,76,-1,18,76,15,-1,15,76,77,-1,15,77,47,-1,71,78,9,-1,9,78,79,-1,9,79,18,-1,18,79,80,-1,18,80,63,-1,81,82,18,-1,18,82,83,-1,84,85,15,-1,15,20,18,-1,18,20,86,-1,18,86,81,-1,83,87,18,-1,18,87,88,-1,18,88,14,-1,88,89,14,-1,14,89,90,-1,14,90,91,-1,85,92,15,-1,15,92,93,-1,15,93,19,-1,94,13,95,-1,95,13,14,-1,95,14,96,-1,96,14,91,-1,94,97,13,-1,13,97,98,-1,13,98,99,-1,99,100,13,-1,13,100,101,-1,13,101,15,-1,15,101,102,-1,15,102,84,-1,103,9,104,-1,104,9,105,-1,106,107,18,-1,18,107,108,-1,18,108,109,-1,109,110,18,-1,18,110,111,-1,18,111,9,-1,9,111,112,-1,9,112,105,-1,103,113,9,-1,9,113,114,-1,9,114,8,-1,8,114,115,-1,8,115,116,-1,116,117,8,-1,8,117,118,-1,8,118,119,-1,120,121,12,-1,12,121,122,-1,12,122,18,-1,18,122,123,-1,18,123,106,-1,119,124,8,-1,8,124,125,-1,8,125,12,-1,12,125,126,-1,12,126,120,-1,127,128,12,-1,12,128,129,-1,18,17,12,-1,12,17,130,-1,12,130,127,-1,129,131,12,-1,12,131,132,-1,12,132,11,-1,132,133,11,-1,11,133,134,-1,11,134,135,-1,136,137,18,-1,18,137,138,-1,18,138,16,-1,135,139,11,-1,11,139,140,-1,11,140,14,-1,14,140,141,-1,14,141,142,-1,142,143,14,-1,14,143,144,-1,14,144,145,-1,145,146,14,-1,14,146,147,-1,14,147,18,-1,18,147,148,-1,18,148,136,-1,
        ]
    }
}
Shape{
    appearance Appearance {
        material  Material 	{
            diffuseColor 0.25098039215686274 0.25098039215686274 0.25098039215686274
            specularColor 0.12549019607843137 0.12549019607843137 0.12549019607843137
            ambientIntensity 0.2
            transparency 0
            shininess 0.5
        }
    }
    geometry IndexedFaceSet {
        ccw TRUE
        solid FALSE
        coord DEF co Coordinate {
            point [
                -0.8819 0.4528 -0.8974, -0.8819 0.8819 -0.0984, -0.8819 0.7283 -0.8974, -0.8819 0.8819 -1.1417, -0.8819 0.7283 -1.0155, -0.8819 0.4528 -1.0155, -0.8819 0.1259 -1.1417, -0.8819 0.1259 -0.9624, -0.8819 -0.1259 -0.9624, -0.8819 -0.4528 -0.8974, -0.8819 -0.8819 -0.0984, -0.8819 -0.7283 -0.8974, -0.8819 -0.8819 -1.1417, -0.8819 -0.7283 -1.0155, -0.8819 -0.1259 -1.1417, -0.8819 -0.4528 -1.0155, -0.5969 0.8819 -1.1417, -0.5969 0.8819 -0.9429, 0.8819 0.8819 -1.1417, 0.5207 0.8819 -1.1417, 0.8819 0.8819 -0.0984, 0.5207 0.8819 -0.9429, -0.2836 0.8819 -0.9429, 0.8819 -0.7283 -0.8974, 0.8819 -0.8819 -0.0984, 0.8819 -0.8819 -1.1417, 0.8819 -0.4528 -0.8974, 0.8819 0.4528 -0.8974, 0.8819 0.7283 -0.8974, 0.8819 0.7283 -1.0155, 0.8819 0.1259 -1.1417, 0.8819 0.4528 -1.0155, 0.8819 0.1259 -0.9624, 0.8819 -0.1259 -0.9624, 0.8819 -0.1259 -1.1417, 0.8819 -0.4528 -1.0155, 0.8819 -0.7283 -1.0155, -0.5969 -0.8819 -1.1417, 0.5207 -0.8819 -1.1417, 0.5207 -0.8819 -0.9429, -0.2836 -0.8819 -0.9429, -0.5969 -0.8819 -0.9429, -0.5969 0.1259 -1.1417, -0.4724 0.0 0.0, -0.4653 -0.082 0.0, -0.4687 -0.0592 0.5118, -0.4439 -0.1616 0.0, -0.4576 -0.1175 0.5118, -0.4644 -0.0819 0.5118, -0.4087 -0.2359 0.5118, -0.414 -0.2276 0.5118, -0.4091 -0.2362 0.0, -0.4393 -0.1739 0.5118, -0.4433 -0.1614 0.5118, -0.3822 -0.2777 0.5118, -0.3619 -0.3037 0.0, -0.3612 -0.3031 0.5118, -0.3444 -0.3234 0.5118, -0.3037 -0.3619 0.0, -0.3035 -0.3618 0.5118, -0.3011 -0.364 0.5118, -0.2362 -0.4091 0.0, -0.2531 -0.3989 0.5118, -0.1616 -0.4439 0.0, -0.2012 -0.4275 0.5118, -0.2358 -0.4084 0.5118, -0.082 -0.4649 0.5118, -0.0885 -0.4641 0.5118, -0.082 -0.4653 0.0, -0.146 -0.4493 0.5118, -0.1613 -0.4433 0.5118, -0.0297 -0.4715 0.5118, 0.0 -0.4724 0.0, 0.0 -0.4715 0.5118, 0.0297 -0.4715 0.5118, 0.082 -0.4653 0.0, 0.082 -0.4649 0.5118, 0.0885 -0.4641 0.5118, 0.1616 -0.4439 0.0, 0.146 -0.4493 0.5118, 0.2362 -0.4091 0.0, 0.2012 -0.4275 0.5118, 0.1613 -0.4433 0.5118, 0.3035 -0.3618 0.5118, 0.3011 -0.364 0.5118, 0.3037 -0.3619 0.0, 0.2531 -0.3989 0.5118, 0.2358 -0.4084 0.5118, 0.3444 -0.3234 0.5118, 0.3619 -0.3037 0.0, 0.3612 -0.3031 0.5118, 0.3822 -0.2777 0.5118, 0.4091 -0.2362 0.0, 0.4087 -0.2359 0.5118, 0.414 -0.2276 0.5118, 0.4439 -0.1616 0.0, 0.4393 -0.1739 0.5118, 0.4653 -0.082 0.0, 0.4576 -0.1175 0.5118, 0.4433 -0.1614 0.5118, 0.4724 0.0 0.0, 0.4687 -0.0592 0.5118, 0.4644 -0.0819 0.5118, 0.4653 0.082 0.0, 0.4687 0.0592 0.5118, 0.4724 0.0 0.5118, 0.4439 0.1616 0.0, 0.4576 0.1175 0.5118, 0.4644 0.0819 0.5118, 0.4087 0.2359 0.5118, 0.414 0.2276 0.5118, 0.4091 0.2362 0.0, 0.4393 0.1739 0.5118, 0.4433 0.1614 0.5118, 0.3822 0.2777 0.5118, 0.3619 0.3037 0.0, 0.3612 0.3031 0.5118, 0.3444 0.3234 0.5118, 0.3037 0.3619 0.0, 0.3035 0.3618 0.5118, 0.3011 0.364 0.5118, 0.2362 0.4091 0.0, 0.2531 0.3989 0.5118, 0.1616 0.4439 0.0, 0.2012 0.4275 0.5118, 0.2358 0.4084 0.5118, 0.082 0.4649 0.5118, 0.0885 0.4641 0.5118, 0.082 0.4653 0.0, 0.146 0.4493 0.5118, 0.1613 0.4433 0.5118, 0.0297 0.4715 0.5118, -0.0 0.4724 0.0, -0.0 0.4715 0.5118, -0.0297 0.4715 0.5118, -0.082 0.4653 0.0, -0.082 0.4649 0.5118, -0.0885 0.4641 0.5118, -0.1616 0.4439 0.0, -0.146 0.4493 0.5118, -0.2362 0.4091 0.0, -0.2012 0.4275 0.5118, -0.1613 0.4433 0.5118, -0.3035 0.3618 0.5118, -0.3011 0.364 0.5118, -0.3037 0.3619 0.0, -0.2531 0.3989 0.5118, -0.2358 0.4084 0.5118, -0.3444 0.3234 0.5118, -0.3619 0.3037 0.0, -0.3612 0.3031 0.5118, -0.3822 0.2777 0.5118, -0.4091 0.2362 0.0, -0.4087 0.2359 0.5118, -0.414 0.2276 0.5118, -0.4439 0.1616 0.0, -0.4393 0.1739 0.5118, -0.4653 0.082 0.0, -0.4576 0.1175 0.5118, -0.4433 0.1614 0.5118, -0.4724 0.0 0.5118, -0.4687 0.0592 0.5118, -0.4644 0.0819 0.5118, 0.4331 -0.0 0.5512, 0.4297 0.0543 0.5512, 0.0 0.0 0.5512, 0.4297 -0.0543 0.5512, 0.3795 -0.2086 0.5512, 0.4027 -0.1594 0.5512, 0.4195 -0.1077 0.5512, 0.276 -0.3337 0.5512, 0.3157 -0.2965 0.5512, 0.3504 -0.2546 0.5512, 0.1338 -0.4119 0.5512, 0.1844 -0.3919 0.5512, 0.2321 -0.3657 0.5512, -0.0272 -0.4322 0.5512, 0.0272 -0.4322 0.5512, 0.0811 -0.4254 0.5512, -0.1844 -0.3919 0.5512, -0.1338 -0.4119 0.5512, -0.0811 -0.4254 0.5512, -0.3157 -0.2965 0.5512, -0.276 -0.3337 0.5512, -0.2321 -0.3657 0.5512, -0.4027 -0.1594 0.5512, -0.3795 -0.2086 0.5512, -0.3504 -0.2546 0.5512, -0.4331 -0.0 0.5512, -0.4297 -0.0543 0.5512, -0.4195 -0.1077 0.5512, -0.4027 0.1594 0.5512, -0.4195 0.1077 0.5512, -0.4297 0.0543 0.5512, -0.3157 0.2965 0.5512, -0.3504 0.2546 0.5512, -0.3795 0.2086 0.5512, -0.1844 0.3919 0.5512, -0.2321 0.3657 0.5512, -0.276 0.3337 0.5512, -0.0272 0.4322 0.5512, -0.0811 0.4254 0.5512, -0.1338 0.4119 0.5512, 0.1338 0.4119 0.5512, 0.0811 0.4254 0.5512, 0.0272 0.4322 0.5512, 0.276 0.3337 0.5512, 0.2321 0.3657 0.5512, 0.1844 0.3919 0.5512, 0.3795 0.2086 0.5512, 0.3504 0.2546 0.5512, 0.3157 0.2965 0.5512, 0.4195 0.1077 0.5512, 0.4027 0.1594 0.5512, -0.5969 -0.1259 -0.9624, -0.5969 0.1259 -0.9624, -0.5969 -0.1259 -1.1417, 0.5207 -0.1259 -0.9624, 0.5207 -0.1259 -1.1417, 0.5207 0.1259 -1.1417, 0.5207 0.1259 -0.9624, 0.5207 0.0155 -0.9429, -0.5969 0.0155 -0.9429, -0.5969 0.0155 -0.9429
            ]
        }
        coordIndex [
            0,1,2,-1,2,1,3,-1,2,3,4,-1,4,3,5,-1,5,3,6,-1,5,6,0,-1,0,6,7,-1,0,7,1,-1,7,8,1,-1,1,8,9,-1,1,9,10,-1,10,9,11,-1,10,11,12,-1,12,11,13,-1,12,13,14,-1,14,13,15,-1,14,15,8,-1,8,15,9,-1,16,3,17,-1,17,3,1,-1,18,19,20,-1,20,19,21,-1,20,21,1,-1,1,21,22,-1,1,22,17,-1,23,24,25,-1,23,26,24,-1,24,26,27,-1,24,27,20,-1,20,27,28,-1,20,28,18,-1,18,28,29,-1,18,29,30,-1,30,29,31,-1,30,31,32,-1,32,31,27,-1,32,27,33,-1,33,27,26,-1,33,26,34,-1,34,26,35,-1,34,35,25,-1,25,35,36,-1,25,36,23,-1,10,12,37,-1,38,25,39,-1,39,25,24,-1,39,24,40,-1,40,24,10,-1,40,10,41,-1,41,10,37,-1,42,6,16,-1,16,6,3,-1,43,44,45,-1,46,47,44,-1,44,47,48,-1,44,48,45,-1,49,50,51,-1,51,50,52,-1,51,52,46,-1,46,52,53,-1,46,53,47,-1,49,51,54,-1,54,51,55,-1,54,55,56,-1,56,55,57,-1,57,55,58,-1,57,58,59,-1,59,58,60,-1,60,58,61,-1,60,61,62,-1,63,64,61,-1,61,64,65,-1,61,65,62,-1,66,67,68,-1,68,67,69,-1,68,69,63,-1,63,69,70,-1,63,70,64,-1,66,68,71,-1,71,68,72,-1,71,72,73,-1,73,72,74,-1,74,72,75,-1,74,75,76,-1,76,75,77,-1,77,75,78,-1,77,78,79,-1,80,81,78,-1,78,81,82,-1,78,82,79,-1,83,84,85,-1,85,84,86,-1,85,86,80,-1,80,86,87,-1,80,87,81,-1,83,85,88,-1,88,85,89,-1,88,89,90,-1,90,89,91,-1,91,89,92,-1,91,92,93,-1,93,92,94,-1,94,92,95,-1,94,95,96,-1,97,98,95,-1,95,98,99,-1,95,99,96,-1,100,101,97,-1,97,101,102,-1,97,102,98,-1,103,104,100,-1,100,104,105,-1,100,105,101,-1,106,107,103,-1,103,107,108,-1,103,108,104,-1,109,110,111,-1,111,110,112,-1,111,112,106,-1,106,112,113,-1,106,113,107,-1,109,111,114,-1,114,111,115,-1,114,115,116,-1,116,115,117,-1,117,115,118,-1,117,118,119,-1,119,118,120,-1,120,118,121,-1,120,121,122,-1,123,124,121,-1,121,124,125,-1,121,125,122,-1,126,127,128,-1,128,127,129,-1,128,129,123,-1,123,129,130,-1,123,130,124,-1,126,128,131,-1,131,128,132,-1,131,132,133,-1,133,132,134,-1,134,132,135,-1,134,135,136,-1,136,135,137,-1,137,135,138,-1,137,138,139,-1,140,141,138,-1,138,141,142,-1,138,142,139,-1,143,144,145,-1,145,144,146,-1,145,146,140,-1,140,146,147,-1,140,147,141,-1,143,145,148,-1,148,145,149,-1,148,149,150,-1,150,149,151,-1,151,149,152,-1,151,152,153,-1,153,152,154,-1,154,152,155,-1,154,155,156,-1,157,158,155,-1,155,158,159,-1,155,159,156,-1,45,160,43,-1,43,160,161,-1,43,161,157,-1,157,161,162,-1,157,162,158,-1,163,164,165,-1,163,165,166,-1,167,168,165,-1,165,168,169,-1,165,169,166,-1,170,171,165,-1,165,171,172,-1,165,172,167,-1,173,174,165,-1,165,174,175,-1,165,175,170,-1,176,177,165,-1,165,177,178,-1,165,178,173,-1,179,180,165,-1,165,180,181,-1,165,181,176,-1,182,183,165,-1,165,183,184,-1,165,184,179,-1,185,186,165,-1,165,186,187,-1,165,187,182,-1,188,189,165,-1,165,189,190,-1,165,190,185,-1,191,192,165,-1,165,192,193,-1,165,193,188,-1,194,195,165,-1,165,195,196,-1,165,196,191,-1,197,198,165,-1,165,198,199,-1,165,199,194,-1,200,201,165,-1,165,201,202,-1,165,202,197,-1,203,204,165,-1,165,204,205,-1,165,205,200,-1,206,207,165,-1,165,207,208,-1,165,208,203,-1,209,210,165,-1,165,210,211,-1,165,211,206,-1,164,212,165,-1,165,212,213,-1,165,213,209,-1,214,8,215,-1,215,8,7,-1,216,14,214,-1,214,14,8,-1,215,7,42,-1,42,7,6,-1,217,218,38,-1,19,219,21,-1,21,219,220,-1,21,220,221,-1,221,220,217,-1,221,217,39,-1,39,217,38,-1,215,42,16,-1,16,17,215,-1,215,17,222,-1,215,222,214,-1,214,222,41,-1,214,41,216,-1,216,41,37,-1,
        ]
    }
}
Shape{
    appearance Appearance {
        material  Material 	{
            diffuseColor 0.8235294117647058 0.8235294117647058 0.8235294117647058
            specularColor 0.4117647058823529 0.4117647058823529 0.4117647058823529
            ambientIntensity 0.2
            transparency 0
            shininess 0.5
        }
    }
    geometry IndexedFaceSet {
        ccw TRUE
        solid FALSE
        coord DEF co Coordinate {
            point [
                -0.4745 0.0227 -0.9035, -0.4578 0.0914 -0.9035, -0.4745 0.0227 -0.9429, -0.4578 0.0914 -0.9429, -0.4193 0.0821 -0.9035, -0.4193 0.0821 -0.9429, -0.4102 0.0399 -0.9035, -0.4102 0.0399 -0.9429, -0.4059 0.0184 -0.9035, -0.4059 0.0184 -0.9429, -0.4052 0.0155 -0.9429, -0.4043 0.0116 -0.9035, -0.4043 0.0116 -0.9429, -0.4003 0.0173 -0.9035, -0.4003 0.0173 -0.9429, -0.4005 0.0155 -0.9429, -0.4007 0.0134 -0.9035, -0.4007 0.0134 -0.9429, -0.4011 0.0104 -0.9429, -0.4011 0.0104 -0.9035, -0.4013 0.0098 -0.9429, -0.4013 0.0098 -0.9035, -0.4016 0.0092 -0.9429, -0.4016 0.0092 -0.9035, -0.4017 0.009 -0.9429, -0.4017 0.009 -0.9035, -0.4019 0.0089 -0.9429, -0.4019 0.0089 -0.9035, -0.402 0.0089 -0.9429, -0.402 0.0089 -0.9035, -0.4022 0.0089 -0.9429, -0.4022 0.0089 -0.9035, -0.4024 0.0089 -0.9429, -0.4024 0.0089 -0.9035, -0.4027 0.009 -0.9429, -0.4027 0.009 -0.9035, -0.4029 0.0092 -0.9429, -0.4029 0.0092 -0.9035, -0.4032 0.0095 -0.9429, -0.4032 0.0095 -0.9035, -0.4036 0.0099 -0.9429, -0.4036 0.0099 -0.9035, -0.4039 0.0106 -0.9429, -0.4039 0.0106 -0.9035, -0.3989 0.0292 -0.9035, -0.3989 0.0292 -0.9429, -0.3997 0.0399 -0.9035, -0.3997 0.0399 -0.9429, -0.3992 0.039 -0.9429, -0.3992 0.039 -0.9035, -0.3986 0.0372 -0.9429, -0.3986 0.0372 -0.9035, -0.3985 0.0347 -0.9429, -0.3985 0.0347 -0.9035, -0.4012 0.0425 -0.9035, -0.4012 0.0425 -0.9429, -0.408 0.0674 -0.9035, -0.408 0.0674 -0.9429, -0.4049 0.0549 -0.9429, -0.4049 0.0549 -0.9035, -0.4371 0.2024 -0.9035, -0.4371 0.2024 -0.9429, -0.4411 0.2024 -0.9035, -0.4411 0.2024 -0.9429, -0.4685 0.081 -0.9035, -0.4685 0.081 -0.9429, -0.4719 0.0668 -0.9035, -0.4719 0.0668 -0.9429, -0.4753 0.0535 -0.9035, -0.4753 0.0535 -0.9429, -0.4734 0.0601 -0.9429, -0.4734 0.0601 -0.9035, -0.4773 0.0482 -0.9035, -0.4773 0.0482 -0.9429, -0.4813 0.0314 -0.9035, -0.4813 0.0314 -0.9429, -0.4815 0.0345 -0.9429, -0.4815 0.0345 -0.9035, -0.4815 0.0356 -0.9429, -0.4815 0.0356 -0.9035, -0.4818 0.0385 -0.9429, -0.4818 0.0385 -0.9035, -0.4817 0.0392 -0.9429, -0.4817 0.0392 -0.9035, -0.4816 0.0396 -0.9429, -0.4816 0.0396 -0.9035, -0.4813 0.0401 -0.9429, -0.4813 0.0401 -0.9035, -0.4803 0.0413 -0.9429, -0.4803 0.0413 -0.9035, -0.4791 0.0431 -0.9429, -0.4791 0.0431 -0.9035, -0.4802 0.0187 -0.9035, -0.4802 0.0187 -0.9429, -0.4798 0.0155 -0.9429, -0.4796 0.0139 -0.9035, -0.4796 0.0139 -0.9429, -0.4765 0.0113 -0.9035, -0.4765 0.0113 -0.9429, -0.4766 0.0107 -0.9429, -0.4766 0.0107 -0.9035, -0.4769 0.01 -0.9429, -0.4769 0.01 -0.9035, -0.4772 0.0097 -0.9429, -0.4772 0.0097 -0.9035, -0.4775 0.0095 -0.9429, -0.4775 0.0095 -0.9035, -0.4777 0.0094 -0.9429, -0.4777 0.0094 -0.9035, -0.4779 0.0093 -0.9429, -0.4779 0.0093 -0.9035, -0.4781 0.0093 -0.9429, -0.4781 0.0093 -0.9035, -0.4783 0.0094 -0.9429, -0.4783 0.0094 -0.9035, -0.4786 0.0095 -0.9429, -0.4786 0.0095 -0.9035, -0.4787 0.0096 -0.9429, -0.4787 0.0096 -0.9035, -0.4789 0.0098 -0.9429, -0.4789 0.0098 -0.9035, -0.479 0.0101 -0.9429, -0.479 0.0101 -0.9035, -0.4792 0.0106 -0.9429, -0.4792 0.0106 -0.9035, -0.4793 0.0113 -0.9429, -0.4793 0.0113 -0.9035, -0.4795 0.0124 -0.9429, -0.4795 0.0124 -0.9035, -0.4757 0.0155 -0.9429, -0.4391 0.1752 -0.9035, -0.4207 0.092 -0.9035, -0.4572 0.0957 -0.9035, -0.4496 0.1031 -0.9035, -0.4425 0.0982 -0.9035, -0.4399 0.0969 -0.9035, -0.4318 0.0944 -0.9035, -0.4496 0.1031 -0.9429, -0.4572 0.0957 -0.9429, -0.4425 0.0982 -0.9429, -0.4399 0.0969 -0.9429, -0.4318 0.0944 -0.9429, -0.4207 0.092 -0.9429, -0.4391 0.1752 -0.9429, -0.3054 0.03 -0.9035, -0.3054 0.1784 -0.9035, -0.3054 0.03 -0.9429, -0.3054 0.1784 -0.9429, -0.3017 0.1804 -0.9035, -0.3017 0.1804 -0.9429, -0.3035 0.1793 -0.9429, -0.3035 0.1793 -0.9035, -0.2966 0.1846 -0.9035, -0.2966 0.1846 -0.9429, -0.2952 0.1909 -0.9035, -0.2952 0.1909 -0.9429, -0.2948 0.1905 -0.9429, -0.2948 0.1905 -0.9035, -0.2944 0.19 -0.9429, -0.2944 0.19 -0.9035, -0.2941 0.1896 -0.9429, -0.2941 0.1896 -0.9035, -0.294 0.1888 -0.9429, -0.294 0.1888 -0.9035, -0.294 0.188 -0.9429, -0.294 0.188 -0.9035, -0.2942 0.1872 -0.9429, -0.2942 0.1872 -0.9035, -0.2947 0.1864 -0.9429, -0.2947 0.1864 -0.9035, -0.2954 0.1856 -0.9429, -0.2954 0.1856 -0.9035, -0.3003 0.19 -0.9035, -0.3003 0.19 -0.9429, -0.3062 0.19 -0.9035, -0.3062 0.19 -0.9429, -0.311 0.1909 -0.9035, -0.311 0.1909 -0.9429, -0.3086 0.1904 -0.9429, -0.3086 0.1904 -0.9035, -0.317 0.1914 -0.9035, -0.317 0.1914 -0.9429, -0.3277 0.1945 -0.9035, -0.3277 0.1945 -0.9429, -0.3402 0.1962 -0.9035, -0.3402 0.1962 -0.9429, -0.3339 0.1957 -0.9429, -0.3339 0.1957 -0.9035, -0.3796 0.0982 -0.9035, -0.3796 0.0982 -0.9429, -0.378 0.1426 -0.9429, -0.378 0.1426 -0.9035, -0.3734 0.1717 -0.9429, -0.3734 0.1717 -0.9035, -0.3692 0.1817 -0.9429, -0.3692 0.1817 -0.9035, -0.3647 0.1878 -0.9429, -0.3647 0.1878 -0.9035, -0.3605 0.1915 -0.9429, -0.3605 0.1915 -0.9035, -0.3556 0.194 -0.9429, -0.3556 0.194 -0.9035, -0.349 0.1957 -0.9429, -0.349 0.1957 -0.9035, -0.3291 0.0204 -0.9035, -0.3291 0.0204 -0.9429, -0.3407 0.0219 -0.9429, -0.3407 0.0219 -0.9035, -0.3516 0.0241 -0.9429, -0.3516 0.0241 -0.9035, -0.3561 0.0263 -0.9429, -0.3561 0.0263 -0.9035, -0.3609 0.0302 -0.9429, -0.3609 0.0302 -0.9035, -0.3657 0.0361 -0.9429, -0.3657 0.0361 -0.9035, -0.3713 0.0461 -0.9429, -0.3713 0.0461 -0.9035, -0.3771 0.0676 -0.9429, -0.3771 0.0676 -0.9035, -0.3167 0.019 -0.9035, -0.3167 0.019 -0.9429, -0.3079 0.0153 -0.9035, -0.3079 0.0153 -0.9429, -0.3082 0.0154 -0.9429, -0.3083 0.0155 -0.9429, -0.3091 0.0159 -0.9035, -0.3082 0.0154 -0.9035, -0.3091 0.0159 -0.9429, -0.3121 0.0177 -0.9429, -0.3121 0.0177 -0.9035, -0.2994 0.0221 -0.9035, -0.2994 0.0221 -0.9429, -0.302 0.0194 -0.9429, -0.302 0.0194 -0.9035, -0.3059 0.0161 -0.9429, -0.3059 0.0161 -0.9035, -0.3069 0.0155 -0.9429, -0.3069 0.0155 -0.9035, -0.3069 0.0155 -0.9429, -0.3073 0.0153 -0.9429, -0.3073 0.0153 -0.9035, -0.296 0.0258 -0.9035, -0.296 0.0258 -0.9429, -0.2969 0.03 -0.9035, -0.2969 0.03 -0.9429, -0.2958 0.0301 -0.9429, -0.2958 0.0301 -0.9035, -0.2952 0.0301 -0.9429, -0.2952 0.0301 -0.9035, -0.2951 0.03 -0.9429, -0.2951 0.03 -0.9035, -0.2949 0.0299 -0.9429, -0.2949 0.0299 -0.9035, -0.2947 0.0298 -0.9429, -0.2947 0.0298 -0.9035, -0.2946 0.0297 -0.9429, -0.2946 0.0297 -0.9035, -0.2945 0.0294 -0.9429, -0.2945 0.0294 -0.9035, -0.2942 0.0288 -0.9429, -0.2942 0.0288 -0.9035, -0.2942 0.0286 -0.9429, -0.2942 0.0286 -0.9035, -0.2942 0.0283 -0.9429, -0.2942 0.0283 -0.9035, -0.2943 0.028 -0.9429, -0.2943 0.028 -0.9035, -0.2945 0.0276 -0.9429, -0.2945 0.0276 -0.9035, -0.2948 0.0271 -0.9429, -0.2948 0.0271 -0.9035, -0.2953 0.0265 -0.9429, -0.2953 0.0265 -0.9035, -0.3133 0.1804 -0.9035, -0.3496 0.0347 -0.9035, -0.3541 0.0368 -0.9035, -0.3575 0.0395 -0.9035, -0.3608 0.0436 -0.9035, -0.3667 0.0571 -0.9035, -0.3133 0.0306 -0.9035, -0.3187 0.1826 -0.9035, -0.3307 0.1854 -0.9035, -0.343 0.1863 -0.9035, -0.35 0.185 -0.9035, -0.3432 0.0331 -0.9035, -0.3345 0.032 -0.9035, -0.3221 0.0306 -0.9035, -0.3177 0.0305 -0.9035, -0.3713 0.0857 -0.9035, -0.3716 0.1232 -0.9035, -0.3683 0.1616 -0.9035, -0.3557 0.1829 -0.9035, -0.359 0.1806 -0.9035, -0.3626 0.1763 -0.9035, -0.3658 0.1702 -0.9035, -0.3133 0.1804 -0.9429, -0.3133 0.0306 -0.9429, -0.3187 0.1826 -0.9429, -0.3307 0.1854 -0.9429, -0.343 0.1863 -0.9429, -0.35 0.185 -0.9429, -0.3557 0.1829 -0.9429, -0.359 0.1806 -0.9429, -0.3626 0.1763 -0.9429, -0.3658 0.1702 -0.9429, -0.3683 0.1616 -0.9429, -0.3716 0.1232 -0.9429, -0.3713 0.0857 -0.9429, -0.3667 0.0571 -0.9429, -0.3608 0.0436 -0.9429, -0.3575 0.0395 -0.9429, -0.3541 0.0368 -0.9429, -0.3496 0.0347 -0.9429, -0.3432 0.0331 -0.9429, -0.3345 0.032 -0.9429, -0.3221 0.0306 -0.9429, -0.3177 0.0305 -0.9429, -0.2472 0.1849 -0.9035, -0.2116 0.1789 -0.9035, -0.2472 0.1849 -0.9429, -0.2116 0.1789 -0.9429, -0.2116 0.1167 -0.9035, -0.2116 0.1167 -0.9429, -0.2354 0.1198 -0.9035, -0.2354 0.1198 -0.9429, -0.2543 0.1257 -0.9035, -0.2543 0.1257 -0.9429, -0.2515 0.124 -0.9429, -0.2515 0.124 -0.9035, -0.2452 0.1217 -0.9429, -0.2452 0.1217 -0.9035, -0.2569 0.1271 -0.9035, -0.2569 0.1271 -0.9429, -0.2651 0.1189 -0.9035, -0.2651 0.1189 -0.9429, -0.2637 0.1141 -0.9035, -0.2637 0.1141 -0.9429, -0.2645 0.1142 -0.9429, -0.2645 0.1142 -0.9035, -0.265 0.1143 -0.9429, -0.265 0.1143 -0.9035, -0.2654 0.1145 -0.9429, -0.2654 0.1145 -0.9035, -0.2658 0.1149 -0.9429, -0.2658 0.1149 -0.9035, -0.2661 0.1154 -0.9429, -0.2661 0.1154 -0.9035, -0.2663 0.1158 -0.9429, -0.2663 0.1158 -0.9035, -0.2664 0.1164 -0.9429, -0.2664 0.1164 -0.9035, -0.2663 0.1169 -0.9429, -0.2663 0.1169 -0.9035, -0.2661 0.1175 -0.9429, -0.2661 0.1175 -0.9035, -0.2657 0.1181 -0.9429, -0.2657 0.1181 -0.9035, -0.2116 0.1068 -0.9035, -0.2116 0.1068 -0.9429, -0.2116 0.03 -0.9035, -0.2116 0.03 -0.9429, -0.2538 0.0359 -0.9035, -0.2538 0.0359 -0.9429, -0.2617 0.0388 -0.9035, -0.2617 0.0388 -0.9429, -0.2579 0.037 -0.9429, -0.2579 0.037 -0.9035, -0.2642 0.0402 -0.9035, -0.2642 0.0402 -0.9429, -0.2721 0.0314 -0.9035, -0.2721 0.0314 -0.9429, -0.2705 0.0269 -0.9035, -0.2705 0.0269 -0.9429, -0.2712 0.0269 -0.9429, -0.2712 0.0269 -0.9035, -0.2721 0.0271 -0.9429, -0.2721 0.0271 -0.9035, -0.2724 0.0272 -0.9429, -0.2724 0.0272 -0.9035, -0.2726 0.0274 -0.9429, -0.2726 0.0274 -0.9035, -0.2728 0.0276 -0.9429, -0.2728 0.0276 -0.9035, -0.2731 0.0282 -0.9429, -0.2731 0.0282 -0.9035, -0.2733 0.0287 -0.9429, -0.2733 0.0287 -0.9035, -0.2733 0.0292 -0.9429, -0.2733 0.0292 -0.9035, -0.2732 0.0298 -0.9429, -0.2732 0.0298 -0.9035, -0.2729 0.0304 -0.9429, -0.2729 0.0304 -0.9035, -0.2662 0.0266 -0.9035, -0.2662 0.0266 -0.9429, -0.2234 0.0207 -0.9035, -0.2234 0.0207 -0.9429, -0.2448 0.024 -0.9429, -0.2448 0.024 -0.9035, -0.2104 0.0184 -0.9035, -0.2104 0.0184 -0.9429, -0.2008 0.0224 -0.9035, -0.2008 0.0224 -0.9429, -0.2008 0.0223 -0.9429, -0.2008 0.0223 -0.9035, -0.2007 0.0201 -0.9429, -0.2007 0.0201 -0.9035, -0.2009 0.019 -0.9429, -0.2009 0.019 -0.9035, -0.2012 0.0182 -0.9429, -0.2012 0.0182 -0.9035, -0.2017 0.0176 -0.9429, -0.2017 0.0176 -0.9035, -0.2023 0.0172 -0.9429, -0.2023 0.0172 -0.9035, -0.2031 0.0168 -0.9429, -0.2031 0.0168 -0.9035, -0.2041 0.0167 -0.9429, -0.2041 0.0167 -0.9035, -0.2055 0.0168 -0.9429, -0.2055 0.0168 -0.9035, -0.2073 0.0173 -0.9429, -0.2073 0.0173 -0.9035, -0.2034 0.0368 -0.9035, -0.2034 0.0368 -0.9429, -0.2026 0.0295 -0.9429, -0.2026 0.0295 -0.9035, -0.2034 0.0422 -0.9035, -0.2034 0.0422 -0.9429, -0.2036 0.0493 -0.9035, -0.2036 0.0493 -0.9429, -0.2035 0.0457 -0.9429, -0.2035 0.0457 -0.9035, -0.2034 0.1789 -0.9035, -0.2034 0.1789 -0.9429, -0.1988 0.1914 -0.9035, -0.1988 0.1914 -0.9429, -0.1978 0.1915 -0.9429, -0.1978 0.1915 -0.9035, -0.1973 0.1915 -0.9429, -0.1973 0.1915 -0.9035, -0.1969 0.1913 -0.9429, -0.1969 0.1913 -0.9035, -0.1966 0.1911 -0.9429, -0.1966 0.1911 -0.9035, -0.1965 0.1909 -0.9429, -0.1965 0.1909 -0.9035, -0.1964 0.1908 -0.9429, -0.1964 0.1908 -0.9035, -0.1963 0.1906 -0.9429, -0.1963 0.1906 -0.9035, -0.1963 0.19 -0.9429, -0.1963 0.19 -0.9035, -0.1964 0.1894 -0.9429, -0.1964 0.1894 -0.9035, -0.1964 0.1887 -0.9429, -0.1964 0.1887 -0.9035, -0.1967 0.1875 -0.9429, -0.1967 0.1875 -0.9035, -0.1973 0.1863 -0.9429, -0.1973 0.1863 -0.9035, -0.1985 0.1847 -0.9429, -0.1985 0.1847 -0.9035, -0.2003 0.1825 -0.9429, -0.2003 0.1825 -0.9035, -0.2042 0.1906 -0.9035, -0.2042 0.1906 -0.9429, -0.2138 0.19 -0.9035, -0.2138 0.19 -0.9429, -0.209 0.19 -0.9429, -0.209 0.19 -0.9035, -0.2147 0.19 -0.9035, -0.2147 0.19 -0.9429, -0.2257 0.1909 -0.9035, -0.2257 0.1909 -0.9429, -0.2202 0.1901 -0.9429, -0.2202 0.1901 -0.9035, -0.2368 0.1928 -0.9035, -0.2368 0.1928 -0.9429, -0.2557 0.1985 -0.9035, -0.2557 0.1985 -0.9429, -0.2544 0.1976 -0.9429, -0.2544 0.1976 -0.9035, -0.2465 0.1948 -0.9429, -0.2465 0.1948 -0.9035, -0.2583 0.2002 -0.9035, -0.2583 0.2002 -0.9429, -0.2665 0.1917 -0.9035, -0.2665 0.1917 -0.9429, -0.2651 0.1872 -0.9035, -0.2651 0.1872 -0.9429, -0.2659 0.1872 -0.9429, -0.2659 0.1872 -0.9035, -0.2664 0.1874 -0.9429, -0.2664 0.1874 -0.9035, -0.2669 0.1877 -0.9429, -0.2669 0.1877 -0.9035, -0.2672 0.188 -0.9429, -0.2672 0.188 -0.9035, -0.2674 0.1884 -0.9429, -0.2674 0.1884 -0.9035, -0.2676 0.1888 -0.9429, -0.2676 0.1888 -0.9035, -0.2676 0.1892 -0.9429, -0.2676 0.1892 -0.9035, -0.2675 0.1896 -0.9429, -0.2675 0.1896 -0.9035, -0.2674 0.1901 -0.9429, -0.2674 0.1901 -0.9035, -0.267 0.1908 -0.9429, -0.267 0.1908 -0.9035, -0.2606 0.1866 -0.9035, -0.2606 0.1866 -0.9429, -0.2539 0.1857 -0.9429, -0.2539 0.1857 -0.9035, -0.1597 0.1838 -0.9035, -0.1622 0.1792 -0.9035, -0.1597 0.1838 -0.9429, -0.1622 0.1792 -0.9429, -0.1642 0.1959 -0.9035, -0.1642 0.1959 -0.9429, -0.1685 0.1959 -0.9035, -0.1685 0.1959 -0.9429, -0.1685 0.1203 -0.9035, -0.1685 0.1203 -0.9429, -0.1631 0.1203 -0.9035, -0.1631 0.1203 -0.9429, -0.1382 0.1897 -0.9035, -0.1382 0.1897 -0.9429, -0.1412 0.1891 -0.9429, -0.1412 0.1891 -0.9035, -0.1454 0.1875 -0.9429, -0.1454 0.1875 -0.9035, -0.1499 0.1844 -0.9429, -0.1499 0.1844 -0.9035, -0.1534 0.1804 -0.9429, -0.1534 0.1804 -0.9035, -0.1571 0.1731 -0.9429, -0.1571 0.1731 -0.9035, -0.1607 0.1602 -0.9429, -0.1607 0.1602 -0.9035, -0.1028 0.0937 -0.9035, -0.1028 0.0937 -0.9429, -0.1039 0.1393 -0.9429, -0.1039 0.1393 -0.9035, -0.1063 0.1533 -0.9429, -0.1063 0.1533 -0.9035, -0.1128 0.1722 -0.9429, -0.1128 0.1722 -0.9035, -0.1177 0.1799 -0.9429, -0.1177 0.1799 -0.9035, -0.1224 0.1846 -0.9429, -0.1224 0.1846 -0.9035, -0.1272 0.1876 -0.9429, -0.1272 0.1876 -0.9035, -0.1322 0.1894 -0.9429, -0.1322 0.1894 -0.9035, -0.1359 0.0252 -0.9035, -0.1359 0.0252 -0.9429, -0.1315 0.0257 -0.9429, -0.1315 0.0257 -0.9035, -0.1278 0.0269 -0.9429, -0.1278 0.0269 -0.9035, -0.1241 0.0292 -0.9429, -0.1241 0.0292 -0.9035, -0.12 0.0331 -0.9429, -0.12 0.0331 -0.9035, -0.1142 0.0414 -0.9429, -0.1142 0.0414 -0.9035, -0.1098 0.0532 -0.9429, -0.1098 0.0532 -0.9035, -0.1667 0.0708 -0.9035, -0.1667 0.0708 -0.9429, -0.1649 0.0589 -0.9429, -0.1649 0.0589 -0.9035, -0.161 0.0426 -0.9429, -0.161 0.0426 -0.9035, -0.1574 0.0359 -0.9429, -0.1574 0.0359 -0.9035, -0.1534 0.0314 -0.9429, -0.1534 0.0314 -0.9035, -0.1484 0.028 -0.9429, -0.1484 0.028 -0.9035, -0.1423 0.0257 -0.9429, -0.1423 0.0257 -0.9035, -0.1682 0.0858 -0.9035, -0.1682 0.0858 -0.9429, -0.1727 0.0855 -0.9035, -0.1727 0.0855 -0.9429, -0.1398 0.0159 -0.9035, -0.1398 0.0159 -0.9429, -0.147 0.0172 -0.9429, -0.147 0.0172 -0.9035, -0.1534 0.0202 -0.9429, -0.1534 0.0202 -0.9035, -0.1588 0.0246 -0.9429, -0.1588 0.0246 -0.9035, -0.1629 0.0299 -0.9429, -0.1629 0.0299 -0.9035, -0.1673 0.0391 -0.9429, -0.1673 0.0391 -0.9035, -0.1708 0.0543 -0.9429, -0.1708 0.0543 -0.9035, -0.0963 0.1376 -0.9035, -0.0963 0.1376 -0.9429, -0.0949 0.1236 -0.9429, -0.0949 0.1236 -0.9035, -0.0961 0.0833 -0.9429, -0.0961 0.0833 -0.9035, -0.0996 0.0605 -0.9429, -0.0996 0.0605 -0.9035, -0.1074 0.0375 -0.9429, -0.1074 0.0375 -0.9035, -0.1135 0.0275 -0.9429, -0.1135 0.0275 -0.9035, -0.1183 0.0224 -0.9429, -0.1183 0.0224 -0.9035, -0.1241 0.0189 -0.9429, -0.1241 0.0189 -0.9035, -0.1317 0.0163 -0.9429, -0.1317 0.0163 -0.9035, -0.1359 0.199 -0.9035, -0.1359 0.199 -0.9429, -0.132 0.199 -0.9429, -0.132 0.199 -0.9035, -0.1279 0.1982 -0.9429, -0.1279 0.1982 -0.9035, -0.1236 0.1961 -0.9429, -0.1236 0.1961 -0.9035, -0.1161 0.1905 -0.9429, -0.1161 0.1905 -0.9035, -0.1101 0.1833 -0.9429, -0.1101 0.1833 -0.9035, -0.1031 0.1685 -0.9429, -0.1031 0.1685 -0.9035, -0.1566 0.1879 -0.9429, -0.1566 0.1879 -0.9035, -0.1505 0.1935 -0.9429, -0.1505 0.1935 -0.9035, -0.1441 0.1969 -0.9429, -0.1441 0.1969 -0.9035, -0.0102 0.2013 -0.9035, -0.0096 0.2041 -0.9035, -0.0102 0.2013 -0.9429, -0.0096 0.2041 -0.9429, -0.0116 0.2064 -0.9035, -0.0116 0.2064 -0.9429, -0.0241 0.1909 -0.9035, -0.0241 0.1909 -0.9429, -0.0198 0.173 -0.9035, -0.0198 0.173 -0.9429, -0.0199 0.1765 -0.9429, -0.0199 0.1765 -0.9035, -0.0211 0.1845 -0.9429, -0.0211 0.1845 -0.9035, -0.0198 0.0286 -0.9035, -0.0198 0.0286 -0.9429, -0.062 0.0371 -0.9035, -0.062 0.0371 -0.9429, -0.0608 0.0365 -0.9429, -0.0608 0.0365 -0.9035, -0.0579 0.0341 -0.9429, -0.0579 0.0341 -0.9035, -0.0557 0.0329 -0.9429, -0.0557 0.0329 -0.9035, -0.052 0.032 -0.9429, -0.052 0.032 -0.9035, -0.0416 0.0304 -0.9429, -0.0416 0.0304 -0.9035, -0.0736 0.0244 -0.9035, -0.0736 0.0244 -0.9429, -0.0735 0.0254 -0.9429, -0.0735 0.0254 -0.9035, -0.0731 0.0267 -0.9429, -0.0731 0.0267 -0.9035, -0.0727 0.0274 -0.9429, -0.0727 0.0274 -0.9035, -0.0717 0.0284 -0.9429, -0.0717 0.0284 -0.9035, -0.0686 0.0312 -0.9429, -0.0686 0.0312 -0.9035, -0.034 0.0193 -0.9035, -0.034 0.0193 -0.9429, -0.0504 0.0206 -0.9429, -0.0504 0.0206 -0.9035, -0.0554 0.0212 -0.9429, -0.0554 0.0212 -0.9035, -0.0671 0.0228 -0.9429, -0.0671 0.0228 -0.9035, -0.0713 0.0228 -0.9429, -0.0713 0.0228 -0.9035, -0.0719 0.0229 -0.9429, -0.0719 0.0229 -0.9035, -0.0726 0.0232 -0.9429, -0.0726 0.0232 -0.9035, -0.073 0.0235 -0.9429, -0.073 0.0235 -0.9035, -0.0733 0.0237 -0.9429, -0.0733 0.0237 -0.9035, -0.0221 0.0181 -0.9035, -0.0221 0.0181 -0.9429, -0.0156 0.0176 -0.9035, -0.0156 0.0176 -0.9429, -0.0119 0.0297 -0.9035, -0.0119 0.0297 -0.9429, -0.0119 0.0293 -0.9429, -0.0119 0.0293 -0.9035, -0.011 0.0212 -0.9429, -0.011 0.0212 -0.9035, -0.0109 0.0196 -0.9429, -0.0109 0.0196 -0.9035, -0.0111 0.0189 -0.9429, -0.0111 0.0189 -0.9035, -0.0115 0.0181 -0.9429, -0.0115 0.0181 -0.9035, -0.0118 0.0177 -0.9429, -0.0118 0.0177 -0.9035, -0.0121 0.0174 -0.9429, -0.0121 0.0174 -0.9035, -0.0125 0.0173 -0.9429, -0.0125 0.0173 -0.9035, -0.0129 0.0171 -0.9429, -0.0129 0.0171 -0.9035, -0.0136 0.0171 -0.9429, -0.0136 0.0171 -0.9035, -0.0125 0.0464 -0.9035, -0.0125 0.0464 -0.9429, -0.0125 0.1739 -0.9035, -0.0125 0.1739 -0.9429, -0.0123 0.1877 -0.9429, -0.0123 0.1877 -0.9035, -0.0123 0.1877 -0.9035
            ]
        }
        coordIndex [
            0,1,2,-1,2,1,3,-1,1,4,3,-1,3,4,5,-1,4,6,5,-1,5,6,7,-1,6,8,7,-1,7,8,9,-1,9,8,10,-1,10,8,11,-1,10,11,12,-1,13,14,15,-1,13,15,16,-1,15,17,16,-1,16,17,18,-1,16,18,19,-1,19,18,20,-1,19,20,21,-1,21,20,22,-1,21,22,23,-1,23,22,24,-1,23,24,25,-1,25,24,26,-1,25,26,27,-1,27,26,28,-1,27,28,29,-1,29,28,30,-1,29,30,31,-1,31,30,32,-1,31,32,33,-1,33,32,34,-1,33,34,35,-1,35,34,36,-1,35,36,37,-1,37,36,38,-1,37,38,39,-1,39,38,40,-1,39,40,41,-1,41,40,42,-1,41,42,43,-1,43,42,12,-1,43,12,11,-1,13,44,14,-1,14,44,45,-1,46,47,48,-1,46,48,49,-1,49,48,50,-1,49,50,51,-1,51,50,52,-1,51,52,53,-1,53,52,45,-1,53,45,44,-1,46,54,47,-1,47,54,55,-1,56,57,58,-1,56,58,59,-1,59,58,55,-1,59,55,54,-1,56,60,57,-1,57,60,61,-1,60,62,61,-1,61,62,63,-1,62,64,63,-1,63,64,65,-1,64,66,65,-1,65,66,67,-1,68,69,70,-1,68,70,71,-1,71,70,67,-1,71,67,66,-1,68,72,69,-1,69,72,73,-1,74,75,76,-1,74,76,77,-1,77,76,78,-1,77,78,79,-1,79,78,80,-1,79,80,81,-1,81,80,82,-1,81,82,83,-1,83,82,84,-1,83,84,85,-1,85,84,86,-1,85,86,87,-1,87,86,88,-1,87,88,89,-1,89,88,90,-1,89,90,91,-1,91,90,73,-1,91,73,72,-1,74,92,75,-1,75,92,93,-1,93,92,94,-1,94,92,95,-1,94,95,96,-1,97,98,99,-1,97,99,100,-1,100,99,101,-1,100,101,102,-1,102,101,103,-1,102,103,104,-1,104,103,105,-1,104,105,106,-1,106,105,107,-1,106,107,108,-1,108,107,109,-1,108,109,110,-1,110,109,111,-1,110,111,112,-1,112,111,113,-1,112,113,114,-1,114,113,115,-1,114,115,116,-1,116,115,117,-1,116,117,118,-1,118,117,119,-1,118,119,120,-1,120,119,121,-1,120,121,122,-1,122,121,123,-1,122,123,124,-1,124,123,125,-1,124,125,126,-1,126,125,127,-1,126,127,128,-1,128,127,96,-1,128,96,95,-1,98,97,129,-1,129,97,0,-1,129,0,2,-1,130,60,131,-1,131,60,56,-1,1,132,133,-1,89,91,0,-1,0,91,72,-1,133,134,1,-1,1,134,135,-1,1,135,4,-1,4,135,136,-1,59,6,56,-1,56,6,4,-1,56,4,131,-1,131,4,136,-1,72,68,0,-1,0,68,71,-1,0,71,1,-1,1,71,66,-1,1,66,132,-1,132,66,64,-1,132,64,130,-1,130,64,62,-1,130,62,60,-1,6,44,8,-1,8,44,13,-1,8,13,11,-1,11,13,16,-1,11,16,43,-1,126,97,124,-1,124,97,100,-1,124,100,122,-1,74,77,0,-1,0,77,79,-1,0,79,89,-1,89,79,81,-1,59,54,6,-1,6,54,46,-1,6,46,49,-1,43,16,41,-1,41,16,19,-1,41,19,39,-1,83,85,81,-1,81,85,87,-1,81,87,89,-1,49,51,6,-1,6,51,53,-1,6,53,44,-1,35,37,23,-1,126,128,97,-1,97,128,95,-1,97,95,0,-1,0,95,92,-1,0,92,74,-1,39,19,37,-1,37,19,21,-1,37,21,23,-1,104,106,120,-1,122,100,120,-1,120,100,102,-1,120,102,104,-1,116,110,114,-1,114,110,112,-1,106,108,120,-1,120,108,110,-1,120,110,118,-1,118,110,116,-1,35,23,33,-1,33,23,25,-1,33,25,31,-1,31,25,27,-1,31,27,29,-1,133,132,137,-1,137,132,138,-1,134,133,139,-1,139,133,137,-1,134,139,140,-1,134,140,135,-1,135,140,141,-1,135,141,136,-1,136,141,142,-1,136,142,131,-1,130,131,143,-1,143,131,142,-1,132,130,138,-1,138,130,143,-1,144,145,146,-1,146,145,147,-1,148,149,150,-1,148,150,151,-1,151,150,147,-1,151,147,145,-1,148,152,149,-1,149,152,153,-1,154,155,156,-1,154,156,157,-1,157,156,158,-1,157,158,159,-1,159,158,160,-1,159,160,161,-1,161,160,162,-1,161,162,163,-1,163,162,164,-1,163,164,165,-1,165,164,166,-1,165,166,167,-1,167,166,168,-1,167,168,169,-1,169,168,170,-1,169,170,171,-1,171,170,153,-1,171,153,152,-1,154,172,155,-1,155,172,173,-1,172,174,173,-1,173,174,175,-1,176,177,178,-1,176,178,179,-1,179,178,175,-1,179,175,174,-1,176,180,177,-1,177,180,181,-1,180,182,181,-1,181,182,183,-1,184,185,186,-1,184,186,187,-1,187,186,183,-1,187,183,182,-1,188,189,190,-1,188,190,191,-1,191,190,192,-1,191,192,193,-1,193,192,194,-1,193,194,195,-1,195,194,196,-1,195,196,197,-1,197,196,198,-1,197,198,199,-1,199,198,200,-1,199,200,201,-1,201,200,202,-1,201,202,203,-1,203,202,185,-1,203,185,184,-1,204,205,206,-1,204,206,207,-1,207,206,208,-1,207,208,209,-1,209,208,210,-1,209,210,211,-1,211,210,212,-1,211,212,213,-1,213,212,214,-1,213,214,215,-1,215,214,216,-1,215,216,217,-1,217,216,218,-1,217,218,219,-1,219,218,189,-1,219,189,188,-1,204,220,205,-1,205,220,221,-1,222,223,224,-1,225,226,224,-1,224,226,227,-1,224,227,222,-1,225,228,226,-1,226,228,229,-1,226,229,230,-1,230,229,221,-1,230,221,220,-1,231,232,233,-1,231,233,234,-1,234,233,235,-1,234,235,236,-1,236,235,237,-1,236,237,238,-1,237,239,238,-1,238,239,240,-1,238,240,241,-1,241,240,223,-1,241,223,222,-1,231,242,232,-1,232,242,243,-1,244,245,246,-1,244,246,247,-1,247,246,248,-1,247,248,249,-1,249,248,250,-1,249,250,251,-1,251,250,252,-1,251,252,253,-1,253,252,254,-1,253,254,255,-1,255,254,256,-1,255,256,257,-1,257,256,258,-1,257,258,259,-1,259,258,260,-1,259,260,261,-1,261,260,262,-1,261,262,263,-1,263,262,264,-1,263,264,265,-1,265,264,266,-1,265,266,267,-1,267,266,268,-1,267,268,269,-1,269,268,270,-1,269,270,271,-1,271,270,272,-1,271,272,273,-1,273,272,243,-1,273,243,242,-1,244,144,245,-1,245,144,146,-1,174,172,274,-1,171,152,172,-1,230,144,226,-1,226,144,244,-1,269,271,244,-1,244,271,273,-1,244,273,242,-1,207,209,275,-1,275,209,211,-1,275,211,276,-1,276,211,213,-1,276,213,277,-1,277,213,215,-1,277,215,278,-1,278,215,279,-1,230,220,144,-1,144,220,280,-1,144,280,145,-1,145,280,274,-1,145,274,151,-1,151,274,172,-1,151,172,148,-1,148,172,152,-1,281,282,182,-1,182,282,187,-1,187,282,283,-1,187,283,184,-1,182,180,281,-1,281,180,176,-1,281,176,274,-1,274,176,179,-1,274,179,174,-1,184,283,203,-1,203,283,284,-1,203,284,201,-1,241,222,227,-1,275,285,207,-1,207,285,286,-1,207,286,204,-1,204,286,287,-1,204,287,220,-1,220,287,288,-1,220,288,280,-1,215,217,279,-1,279,217,219,-1,279,219,289,-1,289,219,188,-1,289,188,290,-1,290,188,191,-1,290,191,291,-1,291,191,193,-1,263,265,244,-1,244,265,267,-1,244,267,269,-1,172,154,171,-1,171,154,157,-1,171,157,169,-1,169,157,159,-1,201,284,199,-1,199,284,292,-1,199,292,197,-1,197,292,293,-1,197,293,195,-1,195,293,294,-1,195,294,193,-1,193,294,295,-1,193,295,291,-1,242,231,244,-1,244,231,234,-1,244,234,226,-1,226,234,236,-1,226,236,227,-1,227,236,238,-1,227,238,241,-1,247,249,259,-1,259,249,251,-1,259,251,257,-1,257,251,253,-1,257,253,255,-1,159,161,169,-1,169,161,163,-1,169,163,167,-1,167,163,165,-1,247,259,244,-1,244,259,261,-1,244,261,263,-1,274,280,296,-1,296,280,297,-1,281,274,298,-1,298,274,296,-1,281,298,299,-1,281,299,282,-1,282,299,300,-1,282,300,283,-1,283,300,301,-1,283,301,284,-1,284,301,302,-1,284,302,292,-1,292,302,303,-1,292,303,293,-1,293,303,304,-1,293,304,294,-1,294,304,305,-1,294,305,295,-1,295,305,306,-1,295,306,291,-1,291,306,307,-1,291,307,290,-1,290,307,308,-1,290,308,289,-1,289,308,309,-1,289,309,279,-1,279,309,310,-1,279,310,278,-1,278,310,311,-1,278,311,277,-1,277,311,312,-1,277,312,276,-1,276,312,313,-1,276,313,275,-1,275,313,314,-1,275,314,285,-1,285,314,315,-1,285,315,286,-1,287,286,316,-1,316,286,315,-1,287,316,317,-1,287,317,288,-1,288,317,297,-1,288,297,280,-1,318,319,320,-1,320,319,321,-1,319,322,321,-1,321,322,323,-1,322,324,323,-1,323,324,325,-1,326,327,328,-1,326,328,329,-1,329,328,330,-1,329,330,331,-1,331,330,325,-1,331,325,324,-1,326,332,327,-1,327,332,333,-1,332,334,333,-1,333,334,335,-1,336,337,338,-1,336,338,339,-1,339,338,340,-1,339,340,341,-1,341,340,342,-1,341,342,343,-1,343,342,344,-1,343,344,345,-1,345,344,346,-1,345,346,347,-1,347,346,348,-1,347,348,349,-1,349,348,350,-1,349,350,351,-1,351,350,352,-1,351,352,353,-1,353,352,354,-1,353,354,355,-1,355,354,356,-1,355,356,357,-1,357,356,335,-1,357,335,334,-1,336,358,337,-1,337,358,359,-1,358,360,359,-1,359,360,361,-1,360,362,361,-1,361,362,363,-1,364,365,366,-1,364,366,367,-1,367,366,363,-1,367,363,362,-1,364,368,365,-1,365,368,369,-1,368,370,369,-1,369,370,371,-1,372,373,374,-1,372,374,375,-1,375,374,376,-1,375,376,377,-1,377,376,378,-1,377,378,379,-1,379,378,380,-1,379,380,381,-1,381,380,382,-1,381,382,383,-1,383,382,384,-1,383,384,385,-1,385,384,386,-1,385,386,387,-1,387,386,388,-1,387,388,389,-1,389,388,390,-1,389,390,391,-1,391,390,392,-1,391,392,393,-1,393,392,371,-1,393,371,370,-1,372,394,373,-1,373,394,395,-1,396,397,398,-1,396,398,399,-1,399,398,395,-1,399,395,394,-1,396,400,397,-1,397,400,401,-1,402,403,404,-1,402,404,405,-1,405,404,406,-1,405,406,407,-1,407,406,408,-1,407,408,409,-1,409,408,410,-1,409,410,411,-1,411,410,412,-1,411,412,413,-1,413,412,414,-1,413,414,415,-1,415,414,416,-1,415,416,417,-1,417,416,418,-1,417,418,419,-1,419,418,420,-1,419,420,421,-1,421,420,422,-1,421,422,423,-1,423,422,401,-1,423,401,400,-1,424,425,426,-1,424,426,427,-1,427,426,403,-1,427,403,402,-1,424,428,425,-1,425,428,429,-1,430,431,432,-1,430,432,433,-1,433,432,429,-1,433,429,428,-1,430,434,431,-1,431,434,435,-1,436,437,438,-1,436,438,439,-1,439,438,440,-1,439,440,441,-1,441,440,442,-1,441,442,443,-1,443,442,444,-1,443,444,445,-1,445,444,446,-1,445,446,447,-1,447,446,448,-1,447,448,449,-1,449,448,450,-1,449,450,451,-1,451,450,452,-1,451,452,453,-1,453,452,454,-1,453,454,455,-1,455,454,456,-1,455,456,457,-1,457,456,458,-1,457,458,459,-1,459,458,460,-1,459,460,461,-1,461,460,462,-1,461,462,463,-1,463,462,464,-1,463,464,465,-1,465,464,435,-1,465,435,434,-1,436,466,437,-1,437,466,467,-1,468,469,470,-1,468,470,471,-1,471,470,467,-1,471,467,466,-1,468,472,469,-1,469,472,473,-1,474,475,476,-1,474,476,477,-1,477,476,473,-1,477,473,472,-1,474,478,475,-1,475,478,479,-1,480,481,482,-1,480,482,483,-1,483,482,484,-1,483,484,485,-1,485,484,479,-1,485,479,478,-1,480,486,481,-1,481,486,487,-1,486,488,487,-1,487,488,489,-1,490,491,492,-1,490,492,493,-1,493,492,494,-1,493,494,495,-1,495,494,496,-1,495,496,497,-1,497,496,498,-1,497,498,499,-1,499,498,500,-1,499,500,501,-1,501,500,502,-1,501,502,503,-1,503,502,504,-1,503,504,505,-1,505,504,506,-1,505,506,507,-1,507,506,508,-1,507,508,509,-1,509,508,510,-1,509,510,511,-1,511,510,489,-1,511,489,488,-1,490,512,491,-1,491,512,513,-1,318,320,514,-1,318,514,515,-1,515,514,513,-1,515,513,512,-1,364,367,394,-1,394,367,362,-1,417,419,360,-1,360,419,421,-1,360,421,423,-1,405,360,402,-1,402,360,427,-1,461,463,319,-1,383,385,370,-1,423,400,360,-1,360,400,396,-1,360,396,362,-1,362,396,399,-1,362,399,394,-1,430,433,360,-1,433,428,360,-1,360,428,424,-1,360,424,427,-1,405,407,360,-1,360,407,409,-1,360,409,411,-1,322,358,324,-1,324,358,336,-1,324,336,331,-1,331,336,329,-1,509,511,490,-1,490,511,488,-1,463,465,319,-1,319,465,434,-1,319,434,322,-1,322,434,430,-1,322,430,358,-1,358,430,360,-1,329,336,326,-1,326,336,334,-1,326,334,332,-1,364,394,368,-1,368,394,372,-1,368,372,370,-1,370,372,375,-1,370,375,377,-1,385,387,389,-1,411,413,360,-1,360,413,415,-1,360,415,417,-1,445,447,319,-1,319,447,449,-1,455,457,319,-1,319,457,459,-1,319,459,461,-1,488,486,490,-1,490,486,480,-1,490,480,512,-1,512,480,483,-1,512,483,515,-1,515,483,485,-1,515,485,318,-1,318,485,478,-1,318,478,319,-1,319,478,474,-1,319,474,477,-1,477,472,319,-1,319,472,468,-1,319,468,471,-1,389,391,385,-1,385,391,393,-1,385,393,370,-1,339,355,336,-1,336,355,357,-1,336,357,334,-1,449,451,319,-1,319,451,453,-1,319,453,455,-1,497,499,507,-1,471,466,319,-1,319,466,436,-1,319,436,439,-1,377,379,370,-1,370,379,381,-1,370,381,383,-1,339,341,355,-1,355,341,343,-1,355,343,353,-1,353,343,345,-1,345,347,353,-1,353,347,349,-1,353,349,351,-1,497,507,495,-1,439,441,319,-1,319,441,443,-1,319,443,445,-1,509,490,507,-1,507,490,493,-1,507,493,495,-1,499,501,507,-1,507,501,503,-1,507,503,505,-1,516,517,518,-1,518,517,519,-1,517,520,519,-1,519,520,521,-1,520,522,521,-1,521,522,523,-1,522,524,523,-1,523,524,525,-1,524,526,525,-1,525,526,527,-1,528,529,530,-1,528,530,531,-1,531,530,532,-1,531,532,533,-1,533,532,534,-1,533,534,535,-1,535,534,536,-1,535,536,537,-1,537,536,538,-1,537,538,539,-1,539,538,540,-1,539,540,541,-1,541,540,527,-1,541,527,526,-1,542,543,544,-1,542,544,545,-1,545,544,546,-1,545,546,547,-1,547,546,548,-1,547,548,549,-1,549,548,550,-1,549,550,551,-1,551,550,552,-1,551,552,553,-1,553,552,554,-1,553,554,555,-1,555,554,556,-1,555,556,557,-1,557,556,529,-1,557,529,528,-1,558,559,560,-1,558,560,561,-1,561,560,562,-1,561,562,563,-1,563,562,564,-1,563,564,565,-1,565,564,566,-1,565,566,567,-1,567,566,568,-1,567,568,569,-1,569,568,570,-1,569,570,571,-1,571,570,543,-1,571,543,542,-1,572,573,574,-1,572,574,575,-1,575,574,576,-1,575,576,577,-1,577,576,578,-1,577,578,579,-1,579,578,580,-1,579,580,581,-1,581,580,582,-1,581,582,583,-1,583,582,584,-1,583,584,585,-1,585,584,559,-1,585,559,558,-1,572,586,573,-1,573,586,587,-1,586,588,587,-1,587,588,589,-1,590,591,592,-1,590,592,593,-1,593,592,594,-1,593,594,595,-1,595,594,596,-1,595,596,597,-1,597,596,598,-1,597,598,599,-1,599,598,600,-1,599,600,601,-1,601,600,602,-1,601,602,603,-1,603,602,589,-1,603,589,588,-1,604,605,606,-1,604,606,607,-1,607,606,608,-1,607,608,609,-1,609,608,610,-1,609,610,611,-1,611,610,612,-1,611,612,613,-1,613,612,614,-1,613,614,615,-1,615,614,616,-1,615,616,617,-1,617,616,618,-1,617,618,619,-1,619,618,620,-1,619,620,621,-1,621,620,591,-1,621,591,590,-1,622,623,624,-1,622,624,625,-1,625,624,626,-1,625,626,627,-1,627,626,628,-1,627,628,629,-1,629,628,630,-1,629,630,631,-1,631,630,632,-1,631,632,633,-1,633,632,634,-1,633,634,635,-1,635,634,605,-1,635,605,604,-1,516,518,636,-1,516,636,637,-1,637,636,638,-1,637,638,639,-1,639,638,640,-1,639,640,641,-1,641,640,623,-1,641,623,622,-1,524,522,517,-1,517,522,520,-1,603,588,586,-1,526,524,541,-1,541,524,517,-1,541,517,539,-1,539,517,537,-1,516,533,517,-1,517,533,535,-1,517,535,537,-1,516,637,533,-1,533,637,639,-1,533,639,531,-1,531,639,641,-1,531,641,528,-1,528,641,622,-1,528,622,557,-1,545,547,635,-1,635,547,549,-1,635,549,633,-1,633,549,551,-1,633,551,631,-1,631,551,553,-1,631,553,629,-1,629,553,555,-1,629,555,627,-1,627,555,557,-1,627,557,625,-1,625,557,622,-1,586,572,603,-1,603,572,575,-1,603,575,601,-1,601,575,577,-1,601,577,599,-1,599,577,579,-1,599,579,597,-1,597,579,581,-1,597,581,595,-1,595,581,583,-1,595,583,593,-1,593,583,585,-1,593,585,590,-1,590,585,558,-1,590,558,621,-1,621,558,561,-1,621,561,619,-1,619,561,563,-1,619,563,617,-1,617,563,565,-1,617,565,615,-1,615,565,567,-1,615,567,613,-1,613,567,569,-1,613,569,611,-1,611,569,571,-1,611,571,609,-1,609,571,542,-1,609,542,607,-1,607,542,545,-1,607,545,604,-1,604,545,635,-1,642,643,644,-1,644,643,645,-1,643,646,645,-1,645,646,647,-1,646,648,647,-1,647,648,649,-1,650,651,652,-1,650,652,653,-1,653,652,654,-1,653,654,655,-1,655,654,649,-1,655,649,648,-1,650,656,651,-1,651,656,657,-1,658,659,660,-1,658,660,661,-1,661,660,662,-1,661,662,663,-1,663,662,664,-1,663,664,665,-1,665,664,666,-1,665,666,667,-1,667,666,668,-1,667,668,669,-1,669,668,657,-1,669,657,656,-1,670,671,672,-1,670,672,673,-1,673,672,674,-1,673,674,675,-1,675,674,676,-1,675,676,677,-1,677,676,678,-1,677,678,679,-1,679,678,680,-1,679,680,681,-1,681,680,659,-1,681,659,658,-1,682,683,684,-1,682,684,685,-1,685,684,686,-1,685,686,687,-1,687,686,688,-1,687,688,689,-1,689,688,690,-1,689,690,691,-1,691,690,692,-1,691,692,693,-1,693,692,694,-1,693,694,695,-1,695,694,696,-1,695,696,697,-1,697,696,698,-1,697,698,699,-1,699,698,671,-1,699,671,670,-1,682,700,683,-1,683,700,701,-1,700,702,701,-1,701,702,703,-1,704,705,706,-1,704,706,707,-1,707,706,708,-1,707,708,709,-1,709,708,710,-1,709,710,711,-1,711,710,712,-1,711,712,713,-1,713,712,714,-1,713,714,715,-1,715,714,716,-1,715,716,717,-1,717,716,718,-1,717,718,719,-1,719,718,720,-1,719,720,721,-1,721,720,722,-1,721,722,723,-1,723,722,724,-1,723,724,725,-1,725,724,703,-1,725,703,702,-1,704,726,705,-1,705,726,727,-1,726,728,727,-1,727,728,729,-1,642,644,730,-1,642,730,731,-1,731,730,729,-1,731,729,728,-1,679,681,689,-1,687,689,663,-1,656,715,717,-1,681,658,689,-1,689,658,661,-1,689,661,663,-1,663,665,687,-1,687,665,667,-1,687,667,685,-1,685,667,669,-1,728,726,656,-1,726,704,656,-1,656,704,707,-1,656,707,709,-1,656,723,725,-1,646,643,648,-1,648,643,642,-1,648,642,655,-1,655,642,731,-1,655,731,653,-1,653,731,728,-1,653,728,650,-1,650,728,656,-1,709,711,656,-1,656,711,713,-1,656,713,715,-1,673,675,689,-1,689,675,677,-1,689,677,679,-1,717,719,656,-1,656,719,721,-1,656,721,723,-1,725,702,656,-1,656,702,700,-1,656,700,669,-1,669,700,682,-1,669,682,685,-1,689,691,673,-1,673,691,693,-1,673,693,695,-1,695,697,673,-1,673,697,699,-1,673,699,670,-1,
        ]
    }
}
Shape{
    appearance Appearance {
        material  Material 	{
            diffuseColor 0.25098039215686274 0.25098039215686274 0.25098039215686274
            specularColor 0.12549019607843137 0.12549019607843137 0.12549019607843137
            ambientIntensity 0.2
            transparency 0
            shininess 0.5
        }
    }
    geometry IndexedFaceSet {
        ccw TRUE
        solid FALSE
        coord DEF co Coordinate {
            point [
                -0.4496 0.1031 -0.9429, -0.4572 0.0957 -0.9429, -0.4391 0.1752 -0.9429, -0.4207 0.092 -0.9429, -0.4318 0.0944 -0.9429, -0.4399 0.0969 -0.9429, -0.4425 0.0982 -0.9429, -0.3307 0.1854 -0.9429, -0.3187 0.1826 -0.9429, -0.3716 0.1232 -0.9429, -0.3133 0.1804 -0.9429, -0.3133 0.0306 -0.9429, -0.3177 0.0305 -0.9429, -0.3221 0.0306 -0.9429, -0.343 0.1863 -0.9429, -0.3345 0.032 -0.9429, -0.3432 0.0331 -0.9429, -0.3496 0.0347 -0.9429, -0.35 0.185 -0.9429, -0.3683 0.1616 -0.9429, -0.3658 0.1702 -0.9429, -0.3541 0.0368 -0.9429, -0.3575 0.0395 -0.9429, -0.3608 0.0436 -0.9429, -0.3626 0.1763 -0.9429, -0.359 0.1806 -0.9429, -0.3557 0.1829 -0.9429, -0.3667 0.0571 -0.9429, -0.3713 0.0857 -0.9429, 0.5087 -0.6299 0.0, 0.5121 -0.6044 0.1181, 0.5121 -0.6044 0.0, 0.5219 -0.5807 0.1181, 0.5219 -0.5807 0.0, 0.5376 -0.5603 0.1181, 0.5376 -0.5603 0.0, 0.558 -0.5447 0.1181, 0.558 -0.5447 0.0, 0.5817 -0.5348 0.1181, 0.5817 -0.5348 0.0, 0.6072 -0.5315 0.1181, 0.6072 -0.5315 0.0, 0.6326 -0.5348 0.1181, 0.6326 -0.5348 0.0, 0.6564 -0.5447 0.1181, 0.6564 -0.5447 0.0, 0.6768 -0.5603 0.1181, 0.6768 -0.5603 0.0, 0.6924 -0.5807 0.1181, 0.6924 -0.5807 0.0, 0.7022 -0.6044 0.1181, 0.7022 -0.6044 0.0, 0.7056 -0.6299 0.1181, 0.7056 -0.6299 0.0, 0.7022 -0.6554 0.1181, 0.7022 -0.6554 0.0, 0.6924 -0.6791 0.1181, 0.6924 -0.6791 0.0, 0.6768 -0.6995 0.1181, 0.6768 -0.6995 0.0, 0.6564 -0.7152 0.1181, 0.6564 -0.7152 0.0, 0.6326 -0.725 0.1181, 0.6326 -0.725 0.0, 0.6072 -0.7283 0.1181, 0.6072 -0.7283 0.0, 0.5817 -0.725 0.1181, 0.5817 -0.725 0.0, 0.558 -0.7152 0.1181, 0.558 -0.7152 0.0, 0.5376 -0.6995 0.1181, 0.5376 -0.6995 0.0, 0.5219 -0.6791 0.1181, 0.5219 -0.6791 0.0, 0.5121 -0.6554 0.1181, 0.5121 -0.6554 0.0, 0.5087 -0.6299 0.1181, 0.6583 -0.6594 0.1575, 0.6642 -0.6452 0.1575, 0.6072 -0.6299 0.1575, 0.6662 -0.6299 0.1575, 0.6642 -0.6146 0.1575, 0.6225 -0.687 0.1575, 0.6367 -0.6811 0.1575, 0.6489 -0.6717 0.1575, 0.5776 -0.6811 0.1575, 0.5919 -0.687 0.1575, 0.6072 -0.689 0.1575, 0.5501 -0.6452 0.1575, 0.556 -0.6594 0.1575, 0.5654 -0.6717 0.1575, 0.556 -0.6004 0.1575, 0.5501 -0.6146 0.1575, 0.5481 -0.6299 0.1575, 0.5919 -0.5729 0.1575, 0.5776 -0.5788 0.1575, 0.5654 -0.5882 0.1575, 0.6367 -0.5788 0.1575, 0.6225 -0.5729 0.1575, 0.6072 -0.5709 0.1575, 0.6583 -0.6004 0.1575, 0.6489 -0.5882 0.1575, -0.7056 0.6299 0.0, -0.7022 0.6554 0.1181, -0.7022 0.6554 0.0, -0.6924 0.6791 0.1181, -0.6924 0.6791 0.0, -0.6768 0.6995 0.1181, -0.6768 0.6995 0.0, -0.6564 0.7152 0.1181, -0.6564 0.7152 0.0, -0.6326 0.725 0.1181, -0.6326 0.725 0.0, -0.6072 0.7283 0.1181, -0.6072 0.7283 0.0, -0.5817 0.725 0.1181, -0.5817 0.725 0.0, -0.558 0.7152 0.1181, -0.558 0.7152 0.0, -0.5376 0.6995 0.1181, -0.5376 0.6995 0.0, -0.5219 0.6791 0.1181, -0.5219 0.6791 0.0, -0.5121 0.6554 0.1181, -0.5121 0.6554 0.0, -0.5087 0.6299 0.1181, -0.5087 0.6299 0.0, -0.5121 0.6044 0.1181, -0.5121 0.6044 0.0, -0.5219 0.5807 0.1181, -0.5219 0.5807 0.0, -0.5376 0.5603 0.1181, -0.5376 0.5603 0.0, -0.558 0.5447 0.1181, -0.558 0.5447 0.0, -0.5817 0.5348 0.1181, -0.5817 0.5348 0.0, -0.6072 0.5315 0.1181, -0.6072 0.5315 0.0, -0.6326 0.5348 0.1181, -0.6326 0.5348 0.0, -0.6564 0.5447 0.1181, -0.6564 0.5447 0.0, -0.6768 0.5603 0.1181, -0.6768 0.5603 0.0, -0.6924 0.5807 0.1181, -0.6924 0.5807 0.0, -0.7022 0.6044 0.1181, -0.7022 0.6044 0.0, -0.7056 0.6299 0.1181, -0.556 0.6004 0.1575, -0.5501 0.6146 0.1575, -0.6072 0.6299 0.1575, -0.5481 0.6299 0.1575, -0.5501 0.6452 0.1575, -0.5919 0.5729 0.1575, -0.5776 0.5788 0.1575, -0.5654 0.5882 0.1575, -0.6367 0.5788 0.1575, -0.6225 0.5729 0.1575, -0.6072 0.5709 0.1575, -0.6642 0.6146 0.1575, -0.6583 0.6004 0.1575, -0.6489 0.5882 0.1575, -0.6583 0.6594 0.1575, -0.6642 0.6452 0.1575, -0.6662 0.6299 0.1575, -0.6225 0.687 0.1575, -0.6367 0.6811 0.1575, -0.6489 0.6717 0.1575, -0.5776 0.6811 0.1575, -0.5919 0.687 0.1575, -0.6072 0.689 0.1575, -0.556 0.6594 0.1575, -0.5654 0.6717 0.1575, 0.4644 0.0819 0.5118, 0.4576 0.1175 0.5118, 0.4563 0.1172 0.522, 0.4087 0.2359 0.5118, 0.3822 0.2777 0.5118, 0.3811 0.2769 0.522, 0.3035 0.3618 0.5118, 0.3011 0.364 0.5118, 0.3003 0.363 0.522, 0.2358 0.4084 0.5118, 0.2012 0.4275 0.5118, 0.2006 0.4263 0.522, 0.082 0.4649 0.5118, 0.0297 0.4715 0.5118, 0.0296 0.4702 0.522, -0.0 0.4715 0.5118, -0.0297 0.4715 0.5118, -0.0296 0.4702 0.522, -0.1613 0.4433 0.5118, -0.2012 0.4275 0.5118, -0.2006 0.4263 0.522, -0.3035 0.3618 0.5118, -0.3444 0.3234 0.5118, -0.3434 0.3225 0.522, -0.3612 0.3031 0.5118, -0.3822 0.2777 0.5118, -0.3811 0.2769 0.522, -0.4433 0.1614 0.5118, -0.4576 0.1175 0.5118, -0.4563 0.1172 0.522, -0.4644 -0.0819 0.5118, -0.4576 -0.1175 0.5118, -0.4563 -0.1172 0.522, -0.4087 -0.2359 0.5118, -0.3822 -0.2777 0.5118, -0.3811 -0.2769 0.522, -0.3035 -0.3618 0.5118, -0.3011 -0.364 0.5118, -0.3003 -0.363 0.522, -0.2358 -0.4084 0.5118, -0.2012 -0.4275 0.5118, -0.2006 -0.4263 0.522, -0.082 -0.4649 0.5118, -0.0297 -0.4715 0.5118, -0.0296 -0.4702 0.522, 0.0 -0.4715 0.5118, 0.0297 -0.4715 0.5118, 0.0296 -0.4702 0.522, 0.1613 -0.4433 0.5118, 0.2012 -0.4275 0.5118, 0.2006 -0.4263 0.522, 0.3035 -0.3618 0.5118, 0.3444 -0.3234 0.5118, 0.3434 -0.3225 0.522, 0.3612 -0.3031 0.5118, 0.3822 -0.2777 0.5118, 0.3811 -0.2769 0.522, 0.4433 -0.1614 0.5118, 0.4576 -0.1175 0.5118, 0.4563 -0.1172 0.522, 0.4297 -0.0543 0.5512, 0.4195 -0.1077 0.5512, 0.4398 -0.0556 0.5498, 0.4293 -0.1102 0.5498, 0.4492 -0.0567 0.5459, 0.4385 -0.1126 0.5459, 0.4573 -0.0578 0.5396, 0.4464 -0.1146 0.5396, 0.4635 -0.0586 0.5315, 0.4525 -0.1162 0.5315, 0.4674 -0.059 0.522, 0.3795 -0.2086 0.5512, 0.3504 -0.2546 0.5512, 0.3884 -0.2135 0.5498, 0.3586 -0.2605 0.5498, 0.3968 -0.2181 0.5459, 0.3663 -0.2661 0.5459, 0.4039 -0.222 0.5396, 0.3729 -0.2709 0.5396, 0.4094 -0.2251 0.5315, 0.3779 -0.2746 0.5315, 0.4128 -0.227 0.522, 0.2321 -0.3657 0.5512, 0.1844 -0.3919 0.5512, 0.2375 -0.3743 0.5498, 0.1887 -0.4011 0.5498, 0.2426 -0.3823 0.5459, 0.1928 -0.4097 0.5459, 0.247 -0.3892 0.5396, 0.1962 -0.417 0.5396, 0.2503 -0.3944 0.5315, 0.1989 -0.4227 0.5315, 0.2524 -0.3978 0.522, 0.0811 -0.4254 0.5512, 0.0272 -0.4322 0.5512, 0.0831 -0.4354 0.5498, 0.0278 -0.4424 0.5498, 0.0848 -0.4447 0.5459, 0.0284 -0.4519 0.5459, 0.0864 -0.4527 0.5396, 0.0289 -0.46 0.5396, 0.0875 -0.4589 0.5315, 0.0293 -0.4662 0.5315, 0.0883 -0.4628 0.522, -0.1338 -0.4119 0.5512, -0.1844 -0.3919 0.5512, -0.137 -0.4216 0.5498, -0.1887 -0.4011 0.5498, -0.1399 -0.4306 0.5459, -0.1928 -0.4097 0.5459, -0.1424 -0.4384 0.5396, -0.1962 -0.417 0.5396, -0.1444 -0.4443 0.5315, -0.1989 -0.4227 0.5315, -0.1456 -0.448 0.522, -0.3157 -0.2965 0.5512, -0.3504 -0.2546 0.5512, -0.3231 -0.3034 0.5498, -0.3586 -0.2605 0.5498, -0.33 -0.3099 0.5459, -0.3663 -0.2661 0.5459, -0.336 -0.3155 0.5396, -0.3729 -0.2709 0.5396, -0.3405 -0.3198 0.5315, -0.3779 -0.2746 0.5315, -0.3434 -0.3225 0.522, -0.4027 -0.1594 0.5512, -0.4195 -0.1077 0.5512, -0.4121 -0.1632 0.5498, -0.4293 -0.1102 0.5498, -0.421 -0.1667 0.5459, -0.4385 -0.1126 0.5459, -0.4285 -0.1697 0.5396, -0.4464 -0.1146 0.5396, -0.4344 -0.172 0.5315, -0.4525 -0.1162 0.5315, -0.438 -0.1734 0.522, -0.4297 0.0543 0.5512, -0.4195 0.1077 0.5512, -0.4398 0.0556 0.5498, -0.4293 0.1102 0.5498, -0.4492 0.0567 0.5459, -0.4385 0.1126 0.5459, -0.4573 0.0578 0.5396, -0.4464 0.1146 0.5396, -0.4635 0.0586 0.5315, -0.4525 0.1162 0.5315, -0.4674 0.059 0.522, -0.3795 0.2086 0.5512, -0.3504 0.2546 0.5512, -0.3884 0.2135 0.5498, -0.3586 0.2605 0.5498, -0.3968 0.2181 0.5459, -0.3663 0.2661 0.5459, -0.4039 0.222 0.5396, -0.3729 0.2709 0.5396, -0.4094 0.2251 0.5315, -0.3779 0.2746 0.5315, -0.4128 0.227 0.522, -0.2321 0.3657 0.5512, -0.1844 0.3919 0.5512, -0.2375 0.3743 0.5498, -0.1887 0.4011 0.5498, -0.2426 0.3823 0.5459, -0.1928 0.4097 0.5459, -0.247 0.3892 0.5396, -0.1962 0.417 0.5396, -0.2503 0.3944 0.5315, -0.1989 0.4227 0.5315, -0.2524 0.3978 0.522, -0.0811 0.4254 0.5512, -0.0272 0.4322 0.5512, -0.0831 0.4354 0.5498, -0.0278 0.4424 0.5498, -0.0848 0.4447 0.5459, -0.0284 0.4519 0.5459, -0.0864 0.4527 0.5396, -0.0289 0.46 0.5396, -0.0875 0.4589 0.5315, -0.0293 0.4662 0.5315, -0.0883 0.4628 0.522, 0.1338 0.4119 0.5512, 0.1844 0.3919 0.5512, 0.137 0.4216 0.5498, 0.1887 0.4011 0.5498, 0.1399 0.4306 0.5459, 0.1928 0.4097 0.5459, 0.1424 0.4384 0.5396, 0.1962 0.417 0.5396, 0.1444 0.4443 0.5315, 0.1989 0.4227 0.5315, 0.1456 0.448 0.522, 0.3157 0.2965 0.5512, 0.3504 0.2546 0.5512, 0.3231 0.3034 0.5498, 0.3586 0.2605 0.5498, 0.33 0.3099 0.5459, 0.3663 0.2661 0.5459, 0.336 0.3155 0.5396, 0.3729 0.2709 0.5396, 0.3405 0.3198 0.5315, 0.3779 0.2746 0.5315, 0.3434 0.3225 0.522, 0.4027 0.1594 0.5512, 0.4195 0.1077 0.5512, 0.4121 0.1632 0.5498, 0.4293 0.1102 0.5498, 0.421 0.1667 0.5459, 0.4385 0.1126 0.5459, 0.4285 0.1697 0.5396, 0.4464 0.1146 0.5396, 0.4344 0.172 0.5315, 0.4525 0.1162 0.5315, 0.438 0.1734 0.522, 0.4331 -0.0 0.5512, 0.4433 0.0 0.5498, 0.4528 0.0 0.5459, 0.4609 0.0 0.5396, 0.4672 0.0 0.5315, 0.4711 0.0 0.522, 0.4724 0.0 0.5118, 0.4687 -0.0592 0.5118, 0.4644 -0.0819 0.5118, 0.4393 -0.1739 0.5118, 0.438 -0.1734 0.522, 0.4344 -0.172 0.5315, 0.4285 -0.1697 0.5396, 0.421 -0.1667 0.5459, 0.4121 -0.1632 0.5498, 0.4027 -0.1594 0.5512, 0.414 -0.2276 0.5118, 0.4087 -0.2359 0.5118, 0.3405 -0.3198 0.5315, 0.336 -0.3155 0.5396, 0.33 -0.3099 0.5459, 0.3231 -0.3034 0.5498, 0.3157 -0.2965 0.5512, 0.3011 -0.364 0.5118, 0.3003 -0.363 0.522, 0.2978 -0.36 0.5315, 0.2938 -0.3551 0.5396, 0.2886 -0.3489 0.5459, 0.2825 -0.3415 0.5498, 0.276 -0.3337 0.5512, 0.2531 -0.3989 0.5118, 0.2358 -0.4084 0.5118, 0.146 -0.4493 0.5118, 0.1456 -0.448 0.522, 0.1444 -0.4443 0.5315, 0.1424 -0.4384 0.5396, 0.1399 -0.4306 0.5459, 0.137 -0.4216 0.5498, 0.1338 -0.4119 0.5512, 0.0885 -0.4641 0.5118, 0.082 -0.4649 0.5118, -0.0293 -0.4662 0.5315, -0.0289 -0.46 0.5396, -0.0284 -0.4519 0.5459, -0.0278 -0.4424 0.5498, -0.0272 -0.4322 0.5512, -0.0885 -0.4641 0.5118, -0.0883 -0.4628 0.522, -0.0875 -0.4589 0.5315, -0.0864 -0.4527 0.5396, -0.0848 -0.4447 0.5459, -0.0831 -0.4354 0.5498, -0.0811 -0.4254 0.5512, -0.146 -0.4493 0.5118, -0.1613 -0.4433 0.5118, -0.2531 -0.3989 0.5118, -0.2524 -0.3978 0.522, -0.2503 -0.3944 0.5315, -0.247 -0.3892 0.5396, -0.2426 -0.3823 0.5459, -0.2375 -0.3743 0.5498, -0.2321 -0.3657 0.5512, -0.276 -0.3337 0.5512, -0.2825 -0.3415 0.5498, -0.2886 -0.3489 0.5459, -0.2938 -0.3551 0.5396, -0.2978 -0.36 0.5315, -0.3444 -0.3234 0.5118, -0.3612 -0.3031 0.5118, -0.414 -0.2276 0.5118, -0.4128 -0.227 0.522, -0.4094 -0.2251 0.5315, -0.4039 -0.222 0.5396, -0.3968 -0.2181 0.5459, -0.3884 -0.2135 0.5498, -0.3795 -0.2086 0.5512, -0.4393 -0.1739 0.5118, -0.4433 -0.1614 0.5118, -0.4687 -0.0592 0.5118, -0.4674 -0.059 0.522, -0.4635 -0.0586 0.5315, -0.4573 -0.0578 0.5396, -0.4492 -0.0567 0.5459, -0.4398 -0.0556 0.5498, -0.4297 -0.0543 0.5512, -0.4331 -0.0 0.5512, -0.4433 -0.0 0.5498, -0.4528 -0.0 0.5459, -0.4609 -0.0 0.5396, -0.4672 -0.0 0.5315, -0.4711 -0.0 0.522, -0.4724 0.0 0.5118, -0.4687 0.0592 0.5118, -0.4644 0.0819 0.5118, -0.4393 0.1739 0.5118, -0.438 0.1734 0.522, -0.4344 0.172 0.5315, -0.4285 0.1697 0.5396, -0.421 0.1667 0.5459, -0.4121 0.1632 0.5498, -0.4027 0.1594 0.5512, -0.414 0.2276 0.5118, -0.4087 0.2359 0.5118, -0.3405 0.3198 0.5315, -0.336 0.3155 0.5396, -0.33 0.3099 0.5459, -0.3231 0.3034 0.5498, -0.3157 0.2965 0.5512, -0.3011 0.364 0.5118, -0.3003 0.363 0.522, -0.2978 0.36 0.5315, -0.2938 0.3551 0.5396, -0.2886 0.3489 0.5459, -0.2825 0.3415 0.5498, -0.276 0.3337 0.5512, -0.2531 0.3989 0.5118, -0.2358 0.4084 0.5118, -0.146 0.4493 0.5118, -0.1456 0.448 0.522, -0.1444 0.4443 0.5315, -0.1424 0.4384 0.5396, -0.1399 0.4306 0.5459, -0.137 0.4216 0.5498, -0.1338 0.4119 0.5512, -0.0885 0.4641 0.5118, -0.082 0.4649 0.5118, 0.0293 0.4662 0.5315, 0.0289 0.46 0.5396, 0.0284 0.4519 0.5459, 0.0278 0.4424 0.5498, 0.0272 0.4322 0.5512, 0.0885 0.4641 0.5118, 0.0883 0.4628 0.522, 0.0875 0.4589 0.5315, 0.0864 0.4527 0.5396, 0.0848 0.4447 0.5459, 0.0831 0.4354 0.5498, 0.0811 0.4254 0.5512, 0.146 0.4493 0.5118, 0.1613 0.4433 0.5118, 0.2531 0.3989 0.5118, 0.2524 0.3978 0.522, 0.2503 0.3944 0.5315, 0.247 0.3892 0.5396, 0.2426 0.3823 0.5459, 0.2375 0.3743 0.5498, 0.2321 0.3657 0.5512, 0.276 0.3337 0.5512, 0.2825 0.3415 0.5498, 0.2886 0.3489 0.5459, 0.2938 0.3551 0.5396, 0.2978 0.36 0.5315, 0.3444 0.3234 0.5118, 0.3612 0.3031 0.5118, 0.414 0.2276 0.5118, 0.4128 0.227 0.522, 0.4094 0.2251 0.5315, 0.4039 0.222 0.5396, 0.3968 0.2181 0.5459, 0.3884 0.2135 0.5498, 0.3795 0.2086 0.5512, 0.4393 0.1739 0.5118, 0.4433 0.1614 0.5118, 0.4687 0.0592 0.5118, 0.4674 0.059 0.522, 0.4635 0.0586 0.5315, 0.4573 0.0578 0.5396, 0.4492 0.0567 0.5459, 0.4398 0.0556 0.5498, 0.4297 0.0543 0.5512, 0.5087 0.6299 0.0, 0.5121 0.6554 0.1181, 0.5121 0.6554 0.0, 0.5219 0.6791 0.1181, 0.5219 0.6791 0.0, 0.5376 0.6995 0.1181, 0.5376 0.6995 0.0, 0.558 0.7152 0.1181, 0.558 0.7152 0.0, 0.5817 0.725 0.1181, 0.5817 0.725 0.0, 0.6072 0.7283 0.1181, 0.6072 0.7283 0.0, 0.6326 0.725 0.1181, 0.6326 0.725 0.0, 0.6564 0.7152 0.1181, 0.6564 0.7152 0.0, 0.6768 0.6995 0.1181, 0.6768 0.6995 0.0, 0.6924 0.6791 0.1181, 0.6924 0.6791 0.0, 0.7022 0.6554 0.1181, 0.7022 0.6554 0.0, 0.7056 0.6299 0.1181, 0.7056 0.6299 0.0, 0.7022 0.6044 0.1181, 0.7022 0.6044 0.0, 0.6924 0.5807 0.1181, 0.6924 0.5807 0.0, 0.6768 0.5603 0.1181, 0.6768 0.5603 0.0, 0.6564 0.5447 0.1181, 0.6564 0.5447 0.0, 0.6326 0.5348 0.1181, 0.6326 0.5348 0.0, 0.6072 0.5315 0.1181, 0.6072 0.5315 0.0, 0.5817 0.5348 0.1181, 0.5817 0.5348 0.0, 0.558 0.5447 0.1181, 0.558 0.5447 0.0, 0.5376 0.5603 0.1181, 0.5376 0.5603 0.0, 0.5219 0.5807 0.1181, 0.5219 0.5807 0.0, 0.5121 0.6044 0.1181, 0.5121 0.6044 0.0, 0.5087 0.6299 0.1181, 0.6583 0.6004 0.1575, 0.6642 0.6146 0.1575, 0.6072 0.6299 0.1575, 0.6662 0.6299 0.1575, 0.6642 0.6452 0.1575, 0.6225 0.5729 0.1575, 0.6367 0.5788 0.1575, 0.6489 0.5882 0.1575, 0.5776 0.5788 0.1575, 0.5919 0.5729 0.1575, 0.6072 0.5709 0.1575, 0.5501 0.6146 0.1575, 0.556 0.6004 0.1575, 0.5654 0.5882 0.1575, 0.556 0.6594 0.1575, 0.5501 0.6452 0.1575, 0.5481 0.6299 0.1575, 0.5919 0.687 0.1575, 0.5776 0.6811 0.1575, 0.5654 0.6717 0.1575, 0.6367 0.6811 0.1575, 0.6225 0.687 0.1575, 0.6072 0.689 0.1575, 0.6583 0.6594 0.1575, 0.6489 0.6717 0.1575, -0.7056 -0.6299 0.0, -0.7022 -0.6044 0.1181, -0.7022 -0.6044 0.0, -0.6924 -0.5807 0.1181, -0.6924 -0.5807 0.0, -0.6768 -0.5603 0.1181, -0.6768 -0.5603 0.0, -0.6564 -0.5447 0.1181, -0.6564 -0.5447 0.0, -0.6326 -0.5348 0.1181, -0.6326 -0.5348 0.0, -0.6072 -0.5315 0.1181, -0.6072 -0.5315 0.0, -0.5817 -0.5348 0.1181, -0.5817 -0.5348 0.0, -0.558 -0.5447 0.1181, -0.558 -0.5447 0.0, -0.5376 -0.5603 0.1181, -0.5376 -0.5603 0.0, -0.5219 -0.5807 0.1181, -0.5219 -0.5807 0.0, -0.5121 -0.6044 0.1181, -0.5121 -0.6044 0.0, -0.5087 -0.6299 0.1181, -0.5087 -0.6299 0.0, -0.5121 -0.6554 0.1181, -0.5121 -0.6554 0.0, -0.5219 -0.6791 0.1181, -0.5219 -0.6791 0.0, -0.5376 -0.6995 0.1181, -0.5376 -0.6995 0.0, -0.558 -0.7152 0.1181, -0.558 -0.7152 0.0, -0.5817 -0.725 0.1181, -0.5817 -0.725 0.0, -0.6072 -0.7283 0.1181, -0.6072 -0.7283 0.0, -0.6326 -0.725 0.1181, -0.6326 -0.725 0.0, -0.6564 -0.7152 0.1181, -0.6564 -0.7152 0.0, -0.6768 -0.6995 0.1181, -0.6768 -0.6995 0.0, -0.6924 -0.6791 0.1181, -0.6924 -0.6791 0.0, -0.7022 -0.6554 0.1181, -0.7022 -0.6554 0.0, -0.7056 -0.6299 0.1181, -0.556 -0.6594 0.1575, -0.5501 -0.6452 0.1575, -0.6072 -0.6299 0.1575, -0.5481 -0.6299 0.1575, -0.5501 -0.6146 0.1575, -0.5919 -0.687 0.1575, -0.5776 -0.6811 0.1575, -0.5654 -0.6717 0.1575, -0.6367 -0.6811 0.1575, -0.6225 -0.687 0.1575, -0.6072 -0.689 0.1575, -0.6642 -0.6452 0.1575, -0.6583 -0.6594 0.1575, -0.6489 -0.6717 0.1575, -0.6583 -0.6004 0.1575, -0.6642 -0.6146 0.1575, -0.6662 -0.6299 0.1575, -0.6225 -0.5729 0.1575, -0.6367 -0.5788 0.1575, -0.6489 -0.5882 0.1575, -0.5776 -0.5788 0.1575, -0.5919 -0.5729 0.1575, -0.6072 -0.5709 0.1575, -0.556 -0.6004 0.1575, -0.5654 -0.5882 0.1575, -0.5403 -0.612 0.1561, -0.5472 -0.5953 0.1561, -0.5582 -0.581 0.1561, -0.5725 -0.57 0.1561, -0.5892 -0.563 0.1561, -0.6072 -0.5607 0.1561, -0.6251 -0.563 0.1561, -0.6418 -0.57 0.1561, -0.6561 -0.581 0.1561, -0.6671 -0.5953 0.1561, -0.6741 -0.612 0.1561, -0.6764 -0.6299 0.1561, -0.6741 -0.6478 0.1561, -0.6671 -0.6645 0.1561, -0.6561 -0.6789 0.1561, -0.6418 -0.6899 0.1561, -0.6251 -0.6968 0.1561, -0.6072 -0.6992 0.1561, -0.5892 -0.6968 0.1561, -0.5725 -0.6899 0.1561, -0.5582 -0.6789 0.1561, -0.5472 -0.6645 0.1561, -0.5403 -0.6478 0.1561, -0.5379 -0.6299 0.1561, -0.5311 -0.6095 0.1522, -0.539 -0.5906 0.1522, -0.5515 -0.5742 0.1522, -0.5678 -0.5617 0.1522, -0.5868 -0.5539 0.1522, -0.6072 -0.5512 0.1522, -0.6275 -0.5539 0.1522, -0.6465 -0.5617 0.1522, -0.6628 -0.5742 0.1522, -0.6754 -0.5906 0.1522, -0.6832 -0.6095 0.1522, -0.6859 -0.6299 0.1522, -0.6832 -0.6503 0.1522, -0.6754 -0.6693 0.1522, -0.6628 -0.6856 0.1522, -0.6465 -0.6981 0.1522, -0.6275 -0.706 0.1522, -0.6072 -0.7087 0.1522, -0.5868 -0.706 0.1522, -0.5678 -0.6981 0.1522, -0.5515 -0.6856 0.1522, -0.539 -0.6693 0.1522, -0.5311 -0.6503 0.1522, -0.5284 -0.6299 0.1522, -0.5232 -0.6074 0.1459, -0.5319 -0.5865 0.1459, -0.5457 -0.5685 0.1459, -0.5637 -0.5547 0.1459, -0.5847 -0.546 0.1459, -0.6072 -0.543 0.1459, -0.6297 -0.546 0.1459, -0.6506 -0.5547 0.1459, -0.6686 -0.5685 0.1459, -0.6824 -0.5865 0.1459, -0.6911 -0.6074 0.1459, -0.6941 -0.6299 0.1459, -0.6911 -0.6524 0.1459, -0.6824 -0.6734 0.1459, -0.6686 -0.6914 0.1459, -0.6506 -0.7052 0.1459, -0.6297 -0.7139 0.1459, -0.6072 -0.7168 0.1459, -0.5847 -0.7139 0.1459, -0.5637 -0.7052 0.1459, -0.5457 -0.6914 0.1459, -0.5319 -0.6734 0.1459, -0.5232 -0.6524 0.1459, -0.5203 -0.6299 0.1459, -0.5172 -0.6058 0.1378, -0.5265 -0.5833 0.1378, -0.5413 -0.5641 0.1378, -0.5606 -0.5493 0.1378, -0.5831 -0.5399 0.1378, -0.6072 -0.5368 0.1378, -0.6313 -0.5399 0.1378, -0.6537 -0.5493 0.1378, -0.673 -0.5641 0.1378, -0.6878 -0.5833 0.1378, -0.6971 -0.6058 0.1378, -0.7003 -0.6299 0.1378, -0.6971 -0.654 0.1378, -0.6878 -0.6765 0.1378, -0.673 -0.6958 0.1378, -0.6537 -0.7106 0.1378, -0.6313 -0.7199 0.1378, -0.6072 -0.7231 0.1378, -0.5831 -0.7199 0.1378, -0.5606 -0.7106 0.1378, -0.5413 -0.6958 0.1378, -0.5265 -0.6765 0.1378, -0.5172 -0.654 0.1378, -0.514 -0.6299 0.1378, -0.5134 -0.6048 0.1283, -0.5231 -0.5814 0.1283, -0.5385 -0.5613 0.1283, -0.5586 -0.5458 0.1283, -0.582 -0.5361 0.1283, -0.6072 -0.5328 0.1283, -0.6323 -0.5361 0.1283, -0.6557 -0.5458 0.1283, -0.6758 -0.5613 0.1283, -0.6912 -0.5814 0.1283, -0.7009 -0.6048 0.1283, -0.7043 -0.6299 0.1283, -0.7009 -0.655 0.1283, -0.6912 -0.6785 0.1283, -0.6758 -0.6986 0.1283, -0.6557 -0.714 0.1283, -0.6323 -0.7237 0.1283, -0.6072 -0.727 0.1283, -0.582 -0.7237 0.1283, -0.5586 -0.714 0.1283, -0.5385 -0.6986 0.1283, -0.5231 -0.6785 0.1283, -0.5134 -0.655 0.1283, -0.5101 -0.6299 0.1283, 0.6741 -0.612 0.1561, 0.6671 -0.5953 0.1561, 0.6561 -0.581 0.1561, 0.6418 -0.57 0.1561, 0.6251 -0.563 0.1561, 0.6072 -0.5607 0.1561, 0.5892 -0.563 0.1561, 0.5725 -0.57 0.1561, 0.5582 -0.581 0.1561, 0.5472 -0.5953 0.1561, 0.5403 -0.612 0.1561, 0.5379 -0.6299 0.1561, 0.5403 -0.6478 0.1561, 0.5472 -0.6645 0.1561, 0.5582 -0.6789 0.1561, 0.5725 -0.6899 0.1561, 0.5892 -0.6968 0.1561, 0.6072 -0.6992 0.1561, 0.6251 -0.6968 0.1561, 0.6418 -0.6899 0.1561, 0.6561 -0.6789 0.1561, 0.6671 -0.6645 0.1561, 0.6741 -0.6478 0.1561, 0.6764 -0.6299 0.1561, 0.6832 -0.6095 0.1522, 0.6754 -0.5906 0.1522, 0.6628 -0.5742 0.1522, 0.6465 -0.5617 0.1522, 0.6275 -0.5539 0.1522, 0.6072 -0.5512 0.1522, 0.5868 -0.5539 0.1522, 0.5678 -0.5617 0.1522, 0.5515 -0.5742 0.1522, 0.539 -0.5906 0.1522, 0.5311 -0.6095 0.1522, 0.5284 -0.6299 0.1522, 0.5311 -0.6503 0.1522, 0.539 -0.6693 0.1522, 0.5515 -0.6856 0.1522, 0.5678 -0.6981 0.1522, 0.5868 -0.706 0.1522, 0.6072 -0.7087 0.1522, 0.6275 -0.706 0.1522, 0.6465 -0.6981 0.1522, 0.6628 -0.6856 0.1522, 0.6754 -0.6693 0.1522, 0.6832 -0.6503 0.1522, 0.6859 -0.6299 0.1522, 0.6911 -0.6074 0.1459, 0.6824 -0.5865 0.1459, 0.6686 -0.5685 0.1459, 0.6506 -0.5547 0.1459, 0.6297 -0.546 0.1459, 0.6072 -0.543 0.1459, 0.5847 -0.546 0.1459, 0.5637 -0.5547 0.1459, 0.5457 -0.5685 0.1459, 0.5319 -0.5865 0.1459, 0.5232 -0.6074 0.1459, 0.5203 -0.6299 0.1459, 0.5232 -0.6524 0.1459, 0.5319 -0.6734 0.1459, 0.5457 -0.6914 0.1459, 0.5637 -0.7052 0.1459, 0.5847 -0.7139 0.1459, 0.6072 -0.7168 0.1459, 0.6297 -0.7139 0.1459, 0.6506 -0.7052 0.1459, 0.6686 -0.6914 0.1459, 0.6824 -0.6734 0.1459, 0.6911 -0.6524 0.1459, 0.6941 -0.6299 0.1459, 0.6971 -0.6058 0.1378, 0.6878 -0.5833 0.1378, 0.673 -0.5641 0.1378, 0.6537 -0.5493 0.1378, 0.6313 -0.5399 0.1378, 0.6072 -0.5368 0.1378, 0.5831 -0.5399 0.1378, 0.5606 -0.5493 0.1378, 0.5413 -0.5641 0.1378, 0.5265 -0.5833 0.1378, 0.5172 -0.6058 0.1378, 0.514 -0.6299 0.1378, 0.5172 -0.654 0.1378, 0.5265 -0.6765 0.1378, 0.5413 -0.6958 0.1378, 0.5606 -0.7106 0.1378, 0.5831 -0.7199 0.1378, 0.6072 -0.7231 0.1378, 0.6313 -0.7199 0.1378, 0.6537 -0.7106 0.1378, 0.673 -0.6958 0.1378, 0.6878 -0.6765 0.1378, 0.6971 -0.654 0.1378, 0.7003 -0.6299 0.1378, 0.7009 -0.6048 0.1283, 0.6912 -0.5814 0.1283, 0.6758 -0.5613 0.1283, 0.6557 -0.5458 0.1283, 0.6323 -0.5361 0.1283, 0.6072 -0.5328 0.1283, 0.582 -0.5361 0.1283, 0.5586 -0.5458 0.1283, 0.5385 -0.5613 0.1283, 0.5231 -0.5814 0.1283, 0.5134 -0.6048 0.1283, 0.5101 -0.6299 0.1283, 0.5134 -0.655 0.1283, 0.5231 -0.6785 0.1283, 0.5385 -0.6986 0.1283, 0.5586 -0.714 0.1283, 0.582 -0.7237 0.1283, 0.6072 -0.727 0.1283, 0.6323 -0.7237 0.1283, 0.6557 -0.714 0.1283, 0.6758 -0.6986 0.1283, 0.6912 -0.6785 0.1283, 0.7009 -0.655 0.1283, 0.7043 -0.6299 0.1283, 0.6741 0.6478 0.1561, 0.6671 0.6645 0.1561, 0.6561 0.6789 0.1561, 0.6418 0.6899 0.1561, 0.6251 0.6968 0.1561, 0.6072 0.6992 0.1561, 0.5892 0.6968 0.1561, 0.5725 0.6899 0.1561, 0.5582 0.6789 0.1561, 0.5472 0.6645 0.1561, 0.5403 0.6478 0.1561, 0.5379 0.6299 0.1561, 0.5403 0.612 0.1561, 0.5472 0.5953 0.1561, 0.5582 0.581 0.1561, 0.5725 0.57 0.1561, 0.5892 0.563 0.1561, 0.6072 0.5607 0.1561, 0.6251 0.563 0.1561, 0.6418 0.57 0.1561, 0.6561 0.581 0.1561, 0.6671 0.5953 0.1561, 0.6741 0.612 0.1561, 0.6764 0.6299 0.1561, 0.6832 0.6503 0.1522, 0.6754 0.6693 0.1522, 0.6628 0.6856 0.1522, 0.6465 0.6981 0.1522, 0.6275 0.706 0.1522, 0.6072 0.7087 0.1522, 0.5868 0.706 0.1522, 0.5678 0.6981 0.1522, 0.5515 0.6856 0.1522, 0.539 0.6693 0.1522, 0.5311 0.6503 0.1522, 0.5284 0.6299 0.1522, 0.5311 0.6095 0.1522, 0.539 0.5906 0.1522, 0.5515 0.5742 0.1522, 0.5678 0.5617 0.1522, 0.5868 0.5539 0.1522, 0.6072 0.5512 0.1522, 0.6275 0.5539 0.1522, 0.6465 0.5617 0.1522, 0.6628 0.5742 0.1522, 0.6754 0.5906 0.1522, 0.6832 0.6095 0.1522, 0.6859 0.6299 0.1522, 0.6911 0.6524 0.1459, 0.6824 0.6734 0.1459, 0.6686 0.6914 0.1459, 0.6506 0.7052 0.1459, 0.6297 0.7139 0.1459, 0.6072 0.7168 0.1459, 0.5847 0.7139 0.1459, 0.5637 0.7052 0.1459, 0.5457 0.6914 0.1459, 0.5319 0.6734 0.1459, 0.5232 0.6524 0.1459, 0.5203 0.6299 0.1459, 0.5232 0.6074 0.1459, 0.5319 0.5865 0.1459, 0.5457 0.5685 0.1459, 0.5637 0.5547 0.1459, 0.5847 0.546 0.1459, 0.6072 0.543 0.1459, 0.6297 0.546 0.1459, 0.6506 0.5547 0.1459, 0.6686 0.5685 0.1459, 0.6824 0.5865 0.1459, 0.6911 0.6074 0.1459, 0.6941 0.6299 0.1459, 0.6971 0.654 0.1378, 0.6878 0.6765 0.1378, 0.673 0.6958 0.1378, 0.6537 0.7106 0.1378, 0.6313 0.7199 0.1378, 0.6072 0.7231 0.1378, 0.5831 0.7199 0.1378, 0.5606 0.7106 0.1378, 0.5413 0.6958 0.1378, 0.5265 0.6765 0.1378, 0.5172 0.654 0.1378, 0.514 0.6299 0.1378, 0.5172 0.6058 0.1378, 0.5265 0.5833 0.1378, 0.5413 0.5641 0.1378, 0.5606 0.5493 0.1378, 0.5831 0.5399 0.1378, 0.6072 0.5368 0.1378, 0.6313 0.5399 0.1378, 0.6537 0.5493 0.1378, 0.673 0.5641 0.1378, 0.6878 0.5833 0.1378, 0.6971 0.6058 0.1378, 0.7003 0.6299 0.1378, 0.7009 0.655 0.1283, 0.6912 0.6785 0.1283, 0.6758 0.6986 0.1283, 0.6557 0.714 0.1283, 0.6323 0.7237 0.1283, 0.6072 0.727 0.1283, 0.582 0.7237 0.1283, 0.5586 0.714 0.1283, 0.5385 0.6986 0.1283, 0.5231 0.6785 0.1283, 0.5134 0.655 0.1283, 0.5101 0.6299 0.1283, 0.5134 0.6048 0.1283, 0.5231 0.5814 0.1283, 0.5385 0.5613 0.1283, 0.5586 0.5458 0.1283, 0.582 0.5361 0.1283, 0.6072 0.5328 0.1283, 0.6323 0.5361 0.1283, 0.6557 0.5458 0.1283, 0.6758 0.5613 0.1283, 0.6912 0.5814 0.1283, 0.7009 0.6048 0.1283, 0.7043 0.6299 0.1283, -0.5403 0.6478 0.1561, -0.5472 0.6645 0.1561, -0.5582 0.6789 0.1561, -0.5725 0.6899 0.1561, -0.5892 0.6968 0.1561, -0.6072 0.6992 0.1561, -0.6251 0.6968 0.1561, -0.6418 0.6899 0.1561, -0.6561 0.6789 0.1561, -0.6671 0.6645 0.1561, -0.6741 0.6478 0.1561, -0.6764 0.6299 0.1561, -0.6741 0.612 0.1561, -0.6671 0.5953 0.1561, -0.6561 0.581 0.1561, -0.6418 0.57 0.1561, -0.6251 0.563 0.1561, -0.6072 0.5607 0.1561, -0.5892 0.563 0.1561, -0.5725 0.57 0.1561, -0.5582 0.581 0.1561, -0.5472 0.5953 0.1561, -0.5403 0.612 0.1561, -0.5379 0.6299 0.1561, -0.5311 0.6503 0.1522, -0.539 0.6693 0.1522, -0.5515 0.6856 0.1522, -0.5678 0.6981 0.1522, -0.5868 0.706 0.1522, -0.6072 0.7087 0.1522, -0.6275 0.706 0.1522, -0.6465 0.6981 0.1522, -0.6628 0.6856 0.1522, -0.6754 0.6693 0.1522, -0.6832 0.6503 0.1522, -0.6859 0.6299 0.1522, -0.6832 0.6095 0.1522, -0.6754 0.5906 0.1522, -0.6628 0.5742 0.1522, -0.6465 0.5617 0.1522, -0.6275 0.5539 0.1522, -0.6072 0.5512 0.1522, -0.5868 0.5539 0.1522, -0.5678 0.5617 0.1522, -0.5515 0.5742 0.1522, -0.539 0.5906 0.1522, -0.5311 0.6095 0.1522, -0.5284 0.6299 0.1522, -0.5232 0.6524 0.1459, -0.5319 0.6734 0.1459, -0.5457 0.6914 0.1459, -0.5637 0.7052 0.1459, -0.5847 0.7139 0.1459, -0.6072 0.7168 0.1459, -0.6297 0.7139 0.1459, -0.6506 0.7052 0.1459, -0.6686 0.6914 0.1459, -0.6824 0.6734 0.1459, -0.6911 0.6524 0.1459, -0.6941 0.6299 0.1459, -0.6911 0.6074 0.1459, -0.6824 0.5865 0.1459, -0.6686 0.5685 0.1459, -0.6506 0.5547 0.1459, -0.6297 0.546 0.1459, -0.6072 0.543 0.1459, -0.5847 0.546 0.1459, -0.5637 0.5547 0.1459, -0.5457 0.5685 0.1459, -0.5319 0.5865 0.1459, -0.5232 0.6074 0.1459, -0.5203 0.6299 0.1459, -0.5172 0.654 0.1378, -0.5265 0.6765 0.1378, -0.5413 0.6958 0.1378, -0.5606 0.7106 0.1378, -0.5831 0.7199 0.1378, -0.6072 0.7231 0.1378, -0.6313 0.7199 0.1378, -0.6537 0.7106 0.1378, -0.673 0.6958 0.1378, -0.6878 0.6765 0.1378, -0.6971 0.654 0.1378, -0.7003 0.6299 0.1378, -0.6971 0.6058 0.1378, -0.6878 0.5833 0.1378, -0.673 0.5641 0.1378, -0.6537 0.5493 0.1378, -0.6313 0.5399 0.1378, -0.6072 0.5368 0.1378, -0.5831 0.5399 0.1378, -0.5606 0.5493 0.1378, -0.5413 0.5641 0.1378, -0.5265 0.5833 0.1378, -0.5172 0.6058 0.1378, -0.514 0.6299 0.1378, -0.5134 0.655 0.1283, -0.5231 0.6785 0.1283, -0.5385 0.6986 0.1283, -0.5586 0.714 0.1283, -0.582 0.7237 0.1283, -0.6072 0.727 0.1283, -0.6323 0.7237 0.1283, -0.6557 0.714 0.1283, -0.6758 0.6986 0.1283, -0.6912 0.6785 0.1283, -0.7009 0.655 0.1283, -0.7043 0.6299 0.1283, -0.7009 0.6048 0.1283, -0.6912 0.5814 0.1283, -0.6758 0.5613 0.1283, -0.6557 0.5458 0.1283, -0.6323 0.5361 0.1283, -0.6072 0.5328 0.1283, -0.582 0.5361 0.1283, -0.5586 0.5458 0.1283, -0.5385 0.5613 0.1283, -0.5231 0.5814 0.1283, -0.5134 0.6048 0.1283, -0.5101 0.6299 0.1283, -0.5101 0.6299 0.1283
            ]
        }
        coordIndex [
            0,1,2,-1,2,3,4,-1,4,5,2,-1,2,5,6,-1,2,6,0,-1,7,8,9,-1,10,11,8,-1,8,11,12,-1,8,12,13,-1,7,9,14,-1,13,15,8,-1,8,15,16,-1,8,16,17,-1,14,9,18,-1,18,9,19,-1,18,19,20,-1,17,21,8,-1,8,21,22,-1,8,22,23,-1,20,24,18,-1,18,24,25,-1,18,25,26,-1,23,27,8,-1,8,27,28,-1,8,28,9,-1,29,30,31,-1,31,30,32,-1,31,32,33,-1,33,32,34,-1,33,34,35,-1,35,34,36,-1,35,36,37,-1,37,36,38,-1,37,38,39,-1,39,38,40,-1,39,40,41,-1,41,40,42,-1,41,42,43,-1,43,42,44,-1,43,44,45,-1,45,44,46,-1,45,46,47,-1,47,46,48,-1,47,48,49,-1,49,48,50,-1,49,50,51,-1,51,50,52,-1,51,52,53,-1,53,52,54,-1,53,54,55,-1,55,54,56,-1,55,56,57,-1,57,56,58,-1,57,58,59,-1,59,58,60,-1,59,60,61,-1,61,60,62,-1,61,62,63,-1,63,62,64,-1,63,64,65,-1,65,64,66,-1,65,66,67,-1,67,66,68,-1,67,68,69,-1,69,68,70,-1,69,70,71,-1,71,70,72,-1,71,72,73,-1,73,72,74,-1,73,74,75,-1,75,74,76,-1,75,76,29,-1,29,76,30,-1,77,78,79,-1,79,78,80,-1,79,80,81,-1,82,83,79,-1,79,83,84,-1,79,84,77,-1,85,86,79,-1,79,86,87,-1,79,87,82,-1,88,89,79,-1,79,89,90,-1,79,90,85,-1,91,92,79,-1,79,92,93,-1,79,93,88,-1,94,95,79,-1,79,95,96,-1,79,96,91,-1,97,98,79,-1,79,98,99,-1,79,99,94,-1,81,100,79,-1,79,100,101,-1,79,101,97,-1,102,103,104,-1,104,103,105,-1,104,105,106,-1,106,105,107,-1,106,107,108,-1,108,107,109,-1,108,109,110,-1,110,109,111,-1,110,111,112,-1,112,111,113,-1,112,113,114,-1,114,113,115,-1,114,115,116,-1,116,115,117,-1,116,117,118,-1,118,117,119,-1,118,119,120,-1,120,119,121,-1,120,121,122,-1,122,121,123,-1,122,123,124,-1,124,123,125,-1,124,125,126,-1,126,125,127,-1,126,127,128,-1,128,127,129,-1,128,129,130,-1,130,129,131,-1,130,131,132,-1,132,131,133,-1,132,133,134,-1,134,133,135,-1,134,135,136,-1,136,135,137,-1,136,137,138,-1,138,137,139,-1,138,139,140,-1,140,139,141,-1,140,141,142,-1,142,141,143,-1,142,143,144,-1,144,143,145,-1,144,145,146,-1,146,145,147,-1,146,147,148,-1,148,147,149,-1,148,149,102,-1,102,149,103,-1,150,151,152,-1,152,151,153,-1,152,153,154,-1,155,156,152,-1,152,156,157,-1,152,157,150,-1,158,159,152,-1,152,159,160,-1,152,160,155,-1,161,162,152,-1,152,162,163,-1,152,163,158,-1,164,165,152,-1,152,165,166,-1,152,166,161,-1,167,168,152,-1,152,168,169,-1,152,169,164,-1,170,171,152,-1,152,171,172,-1,152,172,167,-1,154,173,152,-1,152,173,174,-1,152,174,170,-1,175,176,177,-1,178,179,180,-1,181,182,183,-1,184,185,186,-1,187,188,189,-1,190,191,192,-1,193,194,195,-1,196,197,198,-1,199,200,201,-1,202,203,204,-1,205,206,207,-1,208,209,210,-1,211,212,213,-1,214,215,216,-1,217,218,219,-1,220,221,222,-1,223,224,225,-1,226,227,228,-1,229,230,231,-1,232,233,234,-1,235,236,237,-1,237,236,238,-1,237,238,239,-1,239,238,240,-1,239,240,241,-1,241,240,242,-1,241,242,243,-1,243,242,244,-1,243,244,245,-1,245,244,234,-1,246,247,248,-1,248,247,249,-1,248,249,250,-1,250,249,251,-1,250,251,252,-1,252,251,253,-1,252,253,254,-1,254,253,255,-1,254,255,256,-1,256,255,231,-1,257,258,259,-1,259,258,260,-1,259,260,261,-1,261,260,262,-1,261,262,263,-1,263,262,264,-1,263,264,265,-1,265,264,266,-1,265,266,267,-1,267,266,225,-1,268,269,270,-1,270,269,271,-1,270,271,272,-1,272,271,273,-1,272,273,274,-1,274,273,275,-1,274,275,276,-1,276,275,277,-1,276,277,278,-1,278,277,222,-1,279,280,281,-1,281,280,282,-1,281,282,283,-1,283,282,284,-1,283,284,285,-1,285,284,286,-1,285,286,287,-1,287,286,288,-1,287,288,289,-1,289,288,216,-1,290,291,292,-1,292,291,293,-1,292,293,294,-1,294,293,295,-1,294,295,296,-1,296,295,297,-1,296,297,298,-1,298,297,299,-1,298,299,300,-1,300,299,210,-1,301,302,303,-1,303,302,304,-1,303,304,305,-1,305,304,306,-1,305,306,307,-1,307,306,308,-1,307,308,309,-1,309,308,310,-1,309,310,311,-1,311,310,207,-1,312,313,314,-1,314,313,315,-1,314,315,316,-1,316,315,317,-1,316,317,318,-1,318,317,319,-1,318,319,320,-1,320,319,321,-1,320,321,322,-1,322,321,204,-1,323,324,325,-1,325,324,326,-1,325,326,327,-1,327,326,328,-1,327,328,329,-1,329,328,330,-1,329,330,331,-1,331,330,332,-1,331,332,333,-1,333,332,201,-1,334,335,336,-1,336,335,337,-1,336,337,338,-1,338,337,339,-1,338,339,340,-1,340,339,341,-1,340,341,342,-1,342,341,343,-1,342,343,344,-1,344,343,195,-1,345,346,347,-1,347,346,348,-1,347,348,349,-1,349,348,350,-1,349,350,351,-1,351,350,352,-1,351,352,353,-1,353,352,354,-1,353,354,355,-1,355,354,192,-1,356,357,358,-1,358,357,359,-1,358,359,360,-1,360,359,361,-1,360,361,362,-1,362,361,363,-1,362,363,364,-1,364,363,365,-1,364,365,366,-1,366,365,186,-1,367,368,369,-1,369,368,370,-1,369,370,371,-1,371,370,372,-1,371,372,373,-1,373,372,374,-1,373,374,375,-1,375,374,376,-1,375,376,377,-1,377,376,180,-1,378,379,380,-1,380,379,381,-1,380,381,382,-1,382,381,383,-1,382,383,384,-1,384,383,385,-1,384,385,386,-1,386,385,387,-1,386,387,388,-1,388,387,177,-1,389,235,390,-1,390,235,237,-1,390,237,391,-1,391,237,239,-1,391,239,392,-1,392,239,241,-1,392,241,393,-1,393,241,243,-1,393,243,394,-1,394,243,245,-1,394,245,395,-1,395,245,396,-1,234,233,245,-1,245,233,397,-1,245,397,396,-1,398,232,399,-1,399,232,234,-1,399,234,400,-1,400,234,244,-1,400,244,401,-1,401,244,242,-1,401,242,402,-1,402,242,240,-1,402,240,403,-1,403,240,238,-1,403,238,404,-1,404,238,236,-1,404,246,403,-1,403,246,248,-1,403,248,402,-1,402,248,250,-1,402,250,401,-1,401,250,252,-1,401,252,400,-1,400,252,254,-1,400,254,399,-1,399,254,256,-1,399,256,398,-1,398,256,405,-1,231,230,256,-1,256,230,406,-1,256,406,405,-1,227,229,228,-1,228,229,231,-1,228,231,407,-1,407,231,255,-1,407,255,408,-1,408,255,253,-1,408,253,409,-1,409,253,251,-1,409,251,410,-1,410,251,249,-1,410,249,411,-1,411,249,247,-1,412,226,413,-1,413,226,228,-1,413,228,414,-1,414,228,407,-1,414,407,415,-1,415,407,408,-1,415,408,416,-1,416,408,409,-1,416,409,417,-1,417,409,410,-1,417,410,418,-1,418,410,411,-1,418,257,417,-1,417,257,259,-1,417,259,416,-1,416,259,261,-1,416,261,415,-1,415,261,263,-1,415,263,414,-1,414,263,265,-1,414,265,413,-1,413,265,267,-1,413,267,412,-1,412,267,419,-1,225,224,267,-1,267,224,420,-1,267,420,419,-1,421,223,422,-1,422,223,225,-1,422,225,423,-1,423,225,266,-1,423,266,424,-1,424,266,264,-1,424,264,425,-1,425,264,262,-1,425,262,426,-1,426,262,260,-1,426,260,427,-1,427,260,258,-1,427,268,426,-1,426,268,270,-1,426,270,425,-1,425,270,272,-1,425,272,424,-1,424,272,274,-1,424,274,423,-1,423,274,276,-1,423,276,422,-1,422,276,278,-1,422,278,421,-1,421,278,428,-1,222,221,278,-1,278,221,429,-1,278,429,428,-1,218,220,219,-1,219,220,222,-1,219,222,430,-1,430,222,277,-1,430,277,431,-1,431,277,275,-1,431,275,432,-1,432,275,273,-1,432,273,433,-1,433,273,271,-1,433,271,434,-1,434,271,269,-1,435,217,436,-1,436,217,219,-1,436,219,437,-1,437,219,430,-1,437,430,438,-1,438,430,431,-1,438,431,439,-1,439,431,432,-1,439,432,440,-1,440,432,433,-1,440,433,441,-1,441,433,434,-1,441,279,440,-1,440,279,281,-1,440,281,439,-1,439,281,283,-1,439,283,438,-1,438,283,285,-1,438,285,437,-1,437,285,287,-1,437,287,436,-1,436,287,289,-1,436,289,435,-1,435,289,442,-1,216,215,289,-1,289,215,443,-1,289,443,442,-1,444,214,445,-1,445,214,216,-1,445,216,446,-1,446,216,288,-1,446,288,447,-1,447,288,286,-1,447,286,448,-1,448,286,284,-1,448,284,449,-1,449,284,282,-1,449,282,450,-1,450,282,280,-1,450,451,449,-1,449,451,452,-1,449,452,448,-1,448,452,453,-1,448,453,447,-1,447,453,454,-1,447,454,446,-1,446,454,455,-1,446,455,445,-1,445,455,213,-1,445,213,444,-1,444,213,212,-1,456,211,300,-1,300,211,213,-1,300,213,298,-1,298,213,455,-1,298,455,296,-1,296,455,454,-1,296,454,294,-1,294,454,453,-1,294,453,292,-1,292,453,452,-1,292,452,290,-1,290,452,451,-1,210,209,300,-1,300,209,457,-1,300,457,456,-1,458,208,459,-1,459,208,210,-1,459,210,460,-1,460,210,299,-1,460,299,461,-1,461,299,297,-1,461,297,462,-1,462,297,295,-1,462,295,463,-1,463,295,293,-1,463,293,464,-1,464,293,291,-1,464,301,463,-1,463,301,303,-1,463,303,462,-1,462,303,305,-1,462,305,461,-1,461,305,307,-1,461,307,460,-1,460,307,309,-1,460,309,459,-1,459,309,311,-1,459,311,458,-1,458,311,465,-1,207,206,311,-1,311,206,466,-1,311,466,465,-1,467,205,468,-1,468,205,207,-1,468,207,469,-1,469,207,310,-1,469,310,470,-1,470,310,308,-1,470,308,471,-1,471,308,306,-1,471,306,472,-1,472,306,304,-1,472,304,473,-1,473,304,302,-1,473,474,472,-1,472,474,475,-1,472,475,471,-1,471,475,476,-1,471,476,470,-1,470,476,477,-1,470,477,469,-1,469,477,478,-1,469,478,468,-1,468,478,479,-1,468,479,467,-1,467,479,480,-1,474,312,475,-1,475,312,314,-1,475,314,476,-1,476,314,316,-1,476,316,477,-1,477,316,318,-1,477,318,478,-1,478,318,320,-1,478,320,479,-1,479,320,322,-1,479,322,480,-1,480,322,481,-1,204,203,322,-1,322,203,482,-1,322,482,481,-1,483,202,484,-1,484,202,204,-1,484,204,485,-1,485,204,321,-1,485,321,486,-1,486,321,319,-1,486,319,487,-1,487,319,317,-1,487,317,488,-1,488,317,315,-1,488,315,489,-1,489,315,313,-1,489,323,488,-1,488,323,325,-1,488,325,487,-1,487,325,327,-1,487,327,486,-1,486,327,329,-1,486,329,485,-1,485,329,331,-1,485,331,484,-1,484,331,333,-1,484,333,483,-1,483,333,490,-1,201,200,333,-1,333,200,491,-1,333,491,490,-1,197,199,198,-1,198,199,201,-1,198,201,492,-1,492,201,332,-1,492,332,493,-1,493,332,330,-1,493,330,494,-1,494,330,328,-1,494,328,495,-1,495,328,326,-1,495,326,496,-1,496,326,324,-1,497,196,498,-1,498,196,198,-1,498,198,499,-1,499,198,492,-1,499,492,500,-1,500,492,493,-1,500,493,501,-1,501,493,494,-1,501,494,502,-1,502,494,495,-1,502,495,503,-1,503,495,496,-1,503,334,502,-1,502,334,336,-1,502,336,501,-1,501,336,338,-1,501,338,500,-1,500,338,340,-1,500,340,499,-1,499,340,342,-1,499,342,498,-1,498,342,344,-1,498,344,497,-1,497,344,504,-1,195,194,344,-1,344,194,505,-1,344,505,504,-1,506,193,507,-1,507,193,195,-1,507,195,508,-1,508,195,343,-1,508,343,509,-1,509,343,341,-1,509,341,510,-1,510,341,339,-1,510,339,511,-1,511,339,337,-1,511,337,512,-1,512,337,335,-1,512,345,511,-1,511,345,347,-1,511,347,510,-1,510,347,349,-1,510,349,509,-1,509,349,351,-1,509,351,508,-1,508,351,353,-1,508,353,507,-1,507,353,355,-1,507,355,506,-1,506,355,513,-1,192,191,355,-1,355,191,514,-1,355,514,513,-1,188,190,189,-1,189,190,192,-1,189,192,515,-1,515,192,354,-1,515,354,516,-1,516,354,352,-1,516,352,517,-1,517,352,350,-1,517,350,518,-1,518,350,348,-1,518,348,519,-1,519,348,346,-1,520,187,521,-1,521,187,189,-1,521,189,522,-1,522,189,515,-1,522,515,523,-1,523,515,516,-1,523,516,524,-1,524,516,517,-1,524,517,525,-1,525,517,518,-1,525,518,526,-1,526,518,519,-1,526,356,525,-1,525,356,358,-1,525,358,524,-1,524,358,360,-1,524,360,523,-1,523,360,362,-1,523,362,522,-1,522,362,364,-1,522,364,521,-1,521,364,366,-1,521,366,520,-1,520,366,527,-1,186,185,366,-1,366,185,528,-1,366,528,527,-1,529,184,530,-1,530,184,186,-1,530,186,531,-1,531,186,365,-1,531,365,532,-1,532,365,363,-1,532,363,533,-1,533,363,361,-1,533,361,534,-1,534,361,359,-1,534,359,535,-1,535,359,357,-1,535,536,534,-1,534,536,537,-1,534,537,533,-1,533,537,538,-1,533,538,532,-1,532,538,539,-1,532,539,531,-1,531,539,540,-1,531,540,530,-1,530,540,183,-1,530,183,529,-1,529,183,182,-1,541,181,377,-1,377,181,183,-1,377,183,375,-1,375,183,540,-1,375,540,373,-1,373,540,539,-1,373,539,371,-1,371,539,538,-1,371,538,369,-1,369,538,537,-1,369,537,367,-1,367,537,536,-1,180,179,377,-1,377,179,542,-1,377,542,541,-1,543,178,544,-1,544,178,180,-1,544,180,545,-1,545,180,376,-1,545,376,546,-1,546,376,374,-1,546,374,547,-1,547,374,372,-1,547,372,548,-1,548,372,370,-1,548,370,549,-1,549,370,368,-1,549,378,548,-1,548,378,380,-1,548,380,547,-1,547,380,382,-1,547,382,546,-1,546,382,384,-1,546,384,545,-1,545,384,386,-1,545,386,544,-1,544,386,388,-1,544,388,543,-1,543,388,550,-1,177,176,388,-1,388,176,551,-1,388,551,550,-1,552,175,553,-1,553,175,177,-1,553,177,554,-1,554,177,387,-1,554,387,555,-1,555,387,385,-1,555,385,556,-1,556,385,383,-1,556,383,557,-1,557,383,381,-1,557,381,558,-1,558,381,379,-1,558,389,557,-1,557,389,390,-1,557,390,556,-1,556,390,391,-1,556,391,555,-1,555,391,392,-1,555,392,554,-1,554,392,393,-1,554,393,553,-1,553,393,394,-1,553,394,552,-1,552,394,395,-1,559,560,561,-1,561,560,562,-1,561,562,563,-1,563,562,564,-1,563,564,565,-1,565,564,566,-1,565,566,567,-1,567,566,568,-1,567,568,569,-1,569,568,570,-1,569,570,571,-1,571,570,572,-1,571,572,573,-1,573,572,574,-1,573,574,575,-1,575,574,576,-1,575,576,577,-1,577,576,578,-1,577,578,579,-1,579,578,580,-1,579,580,581,-1,581,580,582,-1,581,582,583,-1,583,582,584,-1,583,584,585,-1,585,584,586,-1,585,586,587,-1,587,586,588,-1,587,588,589,-1,589,588,590,-1,589,590,591,-1,591,590,592,-1,591,592,593,-1,593,592,594,-1,593,594,595,-1,595,594,596,-1,595,596,597,-1,597,596,598,-1,597,598,599,-1,599,598,600,-1,599,600,601,-1,601,600,602,-1,601,602,603,-1,603,602,604,-1,603,604,605,-1,605,604,606,-1,605,606,559,-1,559,606,560,-1,607,608,609,-1,609,608,610,-1,609,610,611,-1,612,613,609,-1,609,613,614,-1,609,614,607,-1,615,616,609,-1,609,616,617,-1,609,617,612,-1,618,619,609,-1,609,619,620,-1,609,620,615,-1,621,622,609,-1,609,622,623,-1,609,623,618,-1,624,625,609,-1,609,625,626,-1,609,626,621,-1,627,628,609,-1,609,628,629,-1,609,629,624,-1,611,630,609,-1,609,630,631,-1,609,631,627,-1,632,633,634,-1,634,633,635,-1,634,635,636,-1,636,635,637,-1,636,637,638,-1,638,637,639,-1,638,639,640,-1,640,639,641,-1,640,641,642,-1,642,641,643,-1,642,643,644,-1,644,643,645,-1,644,645,646,-1,646,645,647,-1,646,647,648,-1,648,647,649,-1,648,649,650,-1,650,649,651,-1,650,651,652,-1,652,651,653,-1,652,653,654,-1,654,653,655,-1,654,655,656,-1,656,655,657,-1,656,657,658,-1,658,657,659,-1,658,659,660,-1,660,659,661,-1,660,661,662,-1,662,661,663,-1,662,663,664,-1,664,663,665,-1,664,665,666,-1,666,665,667,-1,666,667,668,-1,668,667,669,-1,668,669,670,-1,670,669,671,-1,670,671,672,-1,672,671,673,-1,672,673,674,-1,674,673,675,-1,674,675,676,-1,676,675,677,-1,676,677,678,-1,678,677,679,-1,678,679,632,-1,632,679,633,-1,680,681,682,-1,682,681,683,-1,682,683,684,-1,685,686,682,-1,682,686,687,-1,682,687,680,-1,688,689,682,-1,682,689,690,-1,682,690,685,-1,691,692,682,-1,682,692,693,-1,682,693,688,-1,694,695,682,-1,682,695,696,-1,682,696,691,-1,697,698,682,-1,682,698,699,-1,682,699,694,-1,700,701,682,-1,682,701,702,-1,682,702,697,-1,684,703,682,-1,682,703,704,-1,682,704,700,-1,683,705,684,-1,684,705,706,-1,684,706,703,-1,703,706,707,-1,703,707,704,-1,704,707,708,-1,704,708,700,-1,700,708,709,-1,700,709,701,-1,701,709,710,-1,701,710,702,-1,702,710,711,-1,702,711,697,-1,697,711,712,-1,697,712,698,-1,698,712,713,-1,698,713,699,-1,699,713,714,-1,699,714,694,-1,694,714,715,-1,694,715,695,-1,695,715,716,-1,695,716,696,-1,696,716,717,-1,696,717,691,-1,691,717,718,-1,691,718,692,-1,692,718,719,-1,692,719,693,-1,693,719,720,-1,693,720,688,-1,688,720,721,-1,688,721,689,-1,689,721,722,-1,689,722,690,-1,690,722,723,-1,690,723,685,-1,685,723,724,-1,685,724,686,-1,686,724,725,-1,686,725,687,-1,687,725,726,-1,687,726,680,-1,680,726,727,-1,680,727,681,-1,681,727,728,-1,681,728,683,-1,683,728,705,-1,728,729,705,-1,705,729,730,-1,705,730,706,-1,706,730,731,-1,706,731,707,-1,707,731,732,-1,707,732,708,-1,708,732,733,-1,708,733,709,-1,709,733,734,-1,709,734,710,-1,710,734,735,-1,710,735,711,-1,711,735,736,-1,711,736,712,-1,712,736,737,-1,712,737,713,-1,713,737,738,-1,713,738,714,-1,714,738,739,-1,714,739,715,-1,715,739,740,-1,715,740,716,-1,716,740,741,-1,716,741,717,-1,717,741,742,-1,717,742,718,-1,718,742,743,-1,718,743,719,-1,719,743,744,-1,719,744,720,-1,720,744,745,-1,720,745,721,-1,721,745,746,-1,721,746,722,-1,722,746,747,-1,722,747,723,-1,723,747,748,-1,723,748,724,-1,724,748,749,-1,724,749,725,-1,725,749,750,-1,725,750,726,-1,726,750,751,-1,726,751,727,-1,727,751,752,-1,727,752,728,-1,728,752,729,-1,752,753,729,-1,729,753,754,-1,729,754,730,-1,730,754,755,-1,730,755,731,-1,731,755,756,-1,731,756,732,-1,732,756,757,-1,732,757,733,-1,733,757,758,-1,733,758,734,-1,734,758,759,-1,734,759,735,-1,735,759,760,-1,735,760,736,-1,736,760,761,-1,736,761,737,-1,737,761,762,-1,737,762,738,-1,738,762,763,-1,738,763,739,-1,739,763,764,-1,739,764,740,-1,740,764,765,-1,740,765,741,-1,741,765,766,-1,741,766,742,-1,742,766,767,-1,742,767,743,-1,743,767,768,-1,743,768,744,-1,744,768,769,-1,744,769,745,-1,745,769,770,-1,745,770,746,-1,746,770,771,-1,746,771,747,-1,747,771,772,-1,747,772,748,-1,748,772,773,-1,748,773,749,-1,749,773,774,-1,749,774,750,-1,750,774,775,-1,750,775,751,-1,751,775,776,-1,751,776,752,-1,752,776,753,-1,776,777,753,-1,753,777,778,-1,753,778,754,-1,754,778,779,-1,754,779,755,-1,755,779,780,-1,755,780,756,-1,756,780,781,-1,756,781,757,-1,757,781,782,-1,757,782,758,-1,758,782,783,-1,758,783,759,-1,759,783,784,-1,759,784,760,-1,760,784,785,-1,760,785,761,-1,761,785,786,-1,761,786,762,-1,762,786,787,-1,762,787,763,-1,763,787,788,-1,763,788,764,-1,764,788,789,-1,764,789,765,-1,765,789,790,-1,765,790,766,-1,766,790,791,-1,766,791,767,-1,767,791,792,-1,767,792,768,-1,768,792,793,-1,768,793,769,-1,769,793,794,-1,769,794,770,-1,770,794,795,-1,770,795,771,-1,771,795,796,-1,771,796,772,-1,772,796,797,-1,772,797,773,-1,773,797,798,-1,773,798,774,-1,774,798,799,-1,774,799,775,-1,775,799,800,-1,775,800,776,-1,776,800,777,-1,800,801,777,-1,777,801,802,-1,777,802,778,-1,778,802,803,-1,778,803,779,-1,779,803,804,-1,779,804,780,-1,780,804,805,-1,780,805,781,-1,781,805,806,-1,781,806,782,-1,782,806,807,-1,782,807,783,-1,783,807,808,-1,783,808,784,-1,784,808,809,-1,784,809,785,-1,785,809,810,-1,785,810,786,-1,786,810,811,-1,786,811,787,-1,787,811,812,-1,787,812,788,-1,788,812,813,-1,788,813,789,-1,789,813,814,-1,789,814,790,-1,790,814,815,-1,790,815,791,-1,791,815,816,-1,791,816,792,-1,792,816,817,-1,792,817,793,-1,793,817,818,-1,793,818,794,-1,794,818,819,-1,794,819,795,-1,795,819,820,-1,795,820,796,-1,796,820,821,-1,796,821,797,-1,797,821,822,-1,797,822,798,-1,798,822,823,-1,798,823,799,-1,799,823,824,-1,799,824,800,-1,800,824,801,-1,824,653,801,-1,801,653,651,-1,801,651,802,-1,802,651,649,-1,802,649,803,-1,803,649,647,-1,803,647,804,-1,804,647,645,-1,804,645,805,-1,805,645,643,-1,805,643,806,-1,806,643,641,-1,806,641,807,-1,807,641,639,-1,807,639,808,-1,808,639,637,-1,808,637,809,-1,809,637,635,-1,809,635,810,-1,810,635,633,-1,810,633,811,-1,811,633,679,-1,811,679,812,-1,812,679,677,-1,812,677,813,-1,813,677,675,-1,813,675,814,-1,814,675,673,-1,814,673,815,-1,815,673,671,-1,815,671,816,-1,816,671,669,-1,816,669,817,-1,817,669,667,-1,817,667,818,-1,818,667,665,-1,818,665,819,-1,819,665,663,-1,819,663,820,-1,820,663,661,-1,820,661,821,-1,821,661,659,-1,821,659,822,-1,822,659,657,-1,822,657,823,-1,823,657,655,-1,823,655,824,-1,824,655,653,-1,80,825,81,-1,81,825,826,-1,81,826,100,-1,100,826,827,-1,100,827,101,-1,101,827,828,-1,101,828,97,-1,97,828,829,-1,97,829,98,-1,98,829,830,-1,98,830,99,-1,99,830,831,-1,99,831,94,-1,94,831,832,-1,94,832,95,-1,95,832,833,-1,95,833,96,-1,96,833,834,-1,96,834,91,-1,91,834,835,-1,91,835,92,-1,92,835,836,-1,92,836,93,-1,93,836,837,-1,93,837,88,-1,88,837,838,-1,88,838,89,-1,89,838,839,-1,89,839,90,-1,90,839,840,-1,90,840,85,-1,85,840,841,-1,85,841,86,-1,86,841,842,-1,86,842,87,-1,87,842,843,-1,87,843,82,-1,82,843,844,-1,82,844,83,-1,83,844,845,-1,83,845,84,-1,84,845,846,-1,84,846,77,-1,77,846,847,-1,77,847,78,-1,78,847,848,-1,78,848,80,-1,80,848,825,-1,848,849,825,-1,825,849,850,-1,825,850,826,-1,826,850,851,-1,826,851,827,-1,827,851,852,-1,827,852,828,-1,828,852,853,-1,828,853,829,-1,829,853,854,-1,829,854,830,-1,830,854,855,-1,830,855,831,-1,831,855,856,-1,831,856,832,-1,832,856,857,-1,832,857,833,-1,833,857,858,-1,833,858,834,-1,834,858,859,-1,834,859,835,-1,835,859,860,-1,835,860,836,-1,836,860,861,-1,836,861,837,-1,837,861,862,-1,837,862,838,-1,838,862,863,-1,838,863,839,-1,839,863,864,-1,839,864,840,-1,840,864,865,-1,840,865,841,-1,841,865,866,-1,841,866,842,-1,842,866,867,-1,842,867,843,-1,843,867,868,-1,843,868,844,-1,844,868,869,-1,844,869,845,-1,845,869,870,-1,845,870,846,-1,846,870,871,-1,846,871,847,-1,847,871,872,-1,847,872,848,-1,848,872,849,-1,872,873,849,-1,849,873,874,-1,849,874,850,-1,850,874,875,-1,850,875,851,-1,851,875,876,-1,851,876,852,-1,852,876,877,-1,852,877,853,-1,853,877,878,-1,853,878,854,-1,854,878,879,-1,854,879,855,-1,855,879,880,-1,855,880,856,-1,856,880,881,-1,856,881,857,-1,857,881,882,-1,857,882,858,-1,858,882,883,-1,858,883,859,-1,859,883,884,-1,859,884,860,-1,860,884,885,-1,860,885,861,-1,861,885,886,-1,861,886,862,-1,862,886,887,-1,862,887,863,-1,863,887,888,-1,863,888,864,-1,864,888,889,-1,864,889,865,-1,865,889,890,-1,865,890,866,-1,866,890,891,-1,866,891,867,-1,867,891,892,-1,867,892,868,-1,868,892,893,-1,868,893,869,-1,869,893,894,-1,869,894,870,-1,870,894,895,-1,870,895,871,-1,871,895,896,-1,871,896,872,-1,872,896,873,-1,896,897,873,-1,873,897,898,-1,873,898,874,-1,874,898,899,-1,874,899,875,-1,875,899,900,-1,875,900,876,-1,876,900,901,-1,876,901,877,-1,877,901,902,-1,877,902,878,-1,878,902,903,-1,878,903,879,-1,879,903,904,-1,879,904,880,-1,880,904,905,-1,880,905,881,-1,881,905,906,-1,881,906,882,-1,882,906,907,-1,882,907,883,-1,883,907,908,-1,883,908,884,-1,884,908,909,-1,884,909,885,-1,885,909,910,-1,885,910,886,-1,886,910,911,-1,886,911,887,-1,887,911,912,-1,887,912,888,-1,888,912,913,-1,888,913,889,-1,889,913,914,-1,889,914,890,-1,890,914,915,-1,890,915,891,-1,891,915,916,-1,891,916,892,-1,892,916,917,-1,892,917,893,-1,893,917,918,-1,893,918,894,-1,894,918,919,-1,894,919,895,-1,895,919,920,-1,895,920,896,-1,896,920,897,-1,920,921,897,-1,897,921,922,-1,897,922,898,-1,898,922,923,-1,898,923,899,-1,899,923,924,-1,899,924,900,-1,900,924,925,-1,900,925,901,-1,901,925,926,-1,901,926,902,-1,902,926,927,-1,902,927,903,-1,903,927,928,-1,903,928,904,-1,904,928,929,-1,904,929,905,-1,905,929,930,-1,905,930,906,-1,906,930,931,-1,906,931,907,-1,907,931,932,-1,907,932,908,-1,908,932,933,-1,908,933,909,-1,909,933,934,-1,909,934,910,-1,910,934,935,-1,910,935,911,-1,911,935,936,-1,911,936,912,-1,912,936,937,-1,912,937,913,-1,913,937,938,-1,913,938,914,-1,914,938,939,-1,914,939,915,-1,915,939,940,-1,915,940,916,-1,916,940,941,-1,916,941,917,-1,917,941,942,-1,917,942,918,-1,918,942,943,-1,918,943,919,-1,919,943,944,-1,919,944,920,-1,920,944,921,-1,944,50,921,-1,921,50,48,-1,921,48,922,-1,922,48,46,-1,922,46,923,-1,923,46,44,-1,923,44,924,-1,924,44,42,-1,924,42,925,-1,925,42,40,-1,925,40,926,-1,926,40,38,-1,926,38,927,-1,927,38,36,-1,927,36,928,-1,928,36,34,-1,928,34,929,-1,929,34,32,-1,929,32,930,-1,930,32,30,-1,930,30,931,-1,931,30,76,-1,931,76,932,-1,932,76,74,-1,932,74,933,-1,933,74,72,-1,933,72,934,-1,934,72,70,-1,934,70,935,-1,935,70,68,-1,935,68,936,-1,936,68,66,-1,936,66,937,-1,937,66,64,-1,937,64,938,-1,938,64,62,-1,938,62,939,-1,939,62,60,-1,939,60,940,-1,940,60,58,-1,940,58,941,-1,941,58,56,-1,941,56,942,-1,942,56,54,-1,942,54,943,-1,943,54,52,-1,943,52,944,-1,944,52,50,-1,610,945,611,-1,611,945,946,-1,611,946,630,-1,630,946,947,-1,630,947,631,-1,631,947,948,-1,631,948,627,-1,627,948,949,-1,627,949,628,-1,628,949,950,-1,628,950,629,-1,629,950,951,-1,629,951,624,-1,624,951,952,-1,624,952,625,-1,625,952,953,-1,625,953,626,-1,626,953,954,-1,626,954,621,-1,621,954,955,-1,621,955,622,-1,622,955,956,-1,622,956,623,-1,623,956,957,-1,623,957,618,-1,618,957,958,-1,618,958,619,-1,619,958,959,-1,619,959,620,-1,620,959,960,-1,620,960,615,-1,615,960,961,-1,615,961,616,-1,616,961,962,-1,616,962,617,-1,617,962,963,-1,617,963,612,-1,612,963,964,-1,612,964,613,-1,613,964,965,-1,613,965,614,-1,614,965,966,-1,614,966,607,-1,607,966,967,-1,607,967,608,-1,608,967,968,-1,608,968,610,-1,610,968,945,-1,968,969,945,-1,945,969,970,-1,945,970,946,-1,946,970,971,-1,946,971,947,-1,947,971,972,-1,947,972,948,-1,948,972,973,-1,948,973,949,-1,949,973,974,-1,949,974,950,-1,950,974,975,-1,950,975,951,-1,951,975,976,-1,951,976,952,-1,952,976,977,-1,952,977,953,-1,953,977,978,-1,953,978,954,-1,954,978,979,-1,954,979,955,-1,955,979,980,-1,955,980,956,-1,956,980,981,-1,956,981,957,-1,957,981,982,-1,957,982,958,-1,958,982,983,-1,958,983,959,-1,959,983,984,-1,959,984,960,-1,960,984,985,-1,960,985,961,-1,961,985,986,-1,961,986,962,-1,962,986,987,-1,962,987,963,-1,963,987,988,-1,963,988,964,-1,964,988,989,-1,964,989,965,-1,965,989,990,-1,965,990,966,-1,966,990,991,-1,966,991,967,-1,967,991,992,-1,967,992,968,-1,968,992,969,-1,992,993,969,-1,969,993,994,-1,969,994,970,-1,970,994,995,-1,970,995,971,-1,971,995,996,-1,971,996,972,-1,972,996,997,-1,972,997,973,-1,973,997,998,-1,973,998,974,-1,974,998,999,-1,974,999,975,-1,975,999,1000,-1,975,1000,976,-1,976,1000,1001,-1,976,1001,977,-1,977,1001,1002,-1,977,1002,978,-1,978,1002,1003,-1,978,1003,979,-1,979,1003,1004,-1,979,1004,980,-1,980,1004,1005,-1,980,1005,981,-1,981,1005,1006,-1,981,1006,982,-1,982,1006,1007,-1,982,1007,983,-1,983,1007,1008,-1,983,1008,984,-1,984,1008,1009,-1,984,1009,985,-1,985,1009,1010,-1,985,1010,986,-1,986,1010,1011,-1,986,1011,987,-1,987,1011,1012,-1,987,1012,988,-1,988,1012,1013,-1,988,1013,989,-1,989,1013,1014,-1,989,1014,990,-1,990,1014,1015,-1,990,1015,991,-1,991,1015,1016,-1,991,1016,992,-1,992,1016,993,-1,1016,1017,993,-1,993,1017,1018,-1,993,1018,994,-1,994,1018,1019,-1,994,1019,995,-1,995,1019,1020,-1,995,1020,996,-1,996,1020,1021,-1,996,1021,997,-1,997,1021,1022,-1,997,1022,998,-1,998,1022,1023,-1,998,1023,999,-1,999,1023,1024,-1,999,1024,1000,-1,1000,1024,1025,-1,1000,1025,1001,-1,1001,1025,1026,-1,1001,1026,1002,-1,1002,1026,1027,-1,1002,1027,1003,-1,1003,1027,1028,-1,1003,1028,1004,-1,1004,1028,1029,-1,1004,1029,1005,-1,1005,1029,1030,-1,1005,1030,1006,-1,1006,1030,1031,-1,1006,1031,1007,-1,1007,1031,1032,-1,1007,1032,1008,-1,1008,1032,1033,-1,1008,1033,1009,-1,1009,1033,1034,-1,1009,1034,1010,-1,1010,1034,1035,-1,1010,1035,1011,-1,1011,1035,1036,-1,1011,1036,1012,-1,1012,1036,1037,-1,1012,1037,1013,-1,1013,1037,1038,-1,1013,1038,1014,-1,1014,1038,1039,-1,1014,1039,1015,-1,1015,1039,1040,-1,1015,1040,1016,-1,1016,1040,1017,-1,1040,1041,1017,-1,1017,1041,1042,-1,1017,1042,1018,-1,1018,1042,1043,-1,1018,1043,1019,-1,1019,1043,1044,-1,1019,1044,1020,-1,1020,1044,1045,-1,1020,1045,1021,-1,1021,1045,1046,-1,1021,1046,1022,-1,1022,1046,1047,-1,1022,1047,1023,-1,1023,1047,1048,-1,1023,1048,1024,-1,1024,1048,1049,-1,1024,1049,1025,-1,1025,1049,1050,-1,1025,1050,1026,-1,1026,1050,1051,-1,1026,1051,1027,-1,1027,1051,1052,-1,1027,1052,1028,-1,1028,1052,1053,-1,1028,1053,1029,-1,1029,1053,1054,-1,1029,1054,1030,-1,1030,1054,1055,-1,1030,1055,1031,-1,1031,1055,1056,-1,1031,1056,1032,-1,1032,1056,1057,-1,1032,1057,1033,-1,1033,1057,1058,-1,1033,1058,1034,-1,1034,1058,1059,-1,1034,1059,1035,-1,1035,1059,1060,-1,1035,1060,1036,-1,1036,1060,1061,-1,1036,1061,1037,-1,1037,1061,1062,-1,1037,1062,1038,-1,1038,1062,1063,-1,1038,1063,1039,-1,1039,1063,1064,-1,1039,1064,1040,-1,1040,1064,1041,-1,1064,580,1041,-1,1041,580,578,-1,1041,578,1042,-1,1042,578,576,-1,1042,576,1043,-1,1043,576,574,-1,1043,574,1044,-1,1044,574,572,-1,1044,572,1045,-1,1045,572,570,-1,1045,570,1046,-1,1046,570,568,-1,1046,568,1047,-1,1047,568,566,-1,1047,566,1048,-1,1048,566,564,-1,1048,564,1049,-1,1049,564,562,-1,1049,562,1050,-1,1050,562,560,-1,1050,560,1051,-1,1051,560,606,-1,1051,606,1052,-1,1052,606,604,-1,1052,604,1053,-1,1053,604,602,-1,1053,602,1054,-1,1054,602,600,-1,1054,600,1055,-1,1055,600,598,-1,1055,598,1056,-1,1056,598,596,-1,1056,596,1057,-1,1057,596,594,-1,1057,594,1058,-1,1058,594,592,-1,1058,592,1059,-1,1059,592,590,-1,1059,590,1060,-1,1060,590,588,-1,1060,588,1061,-1,1061,588,586,-1,1061,586,1062,-1,1062,586,584,-1,1062,584,1063,-1,1063,584,582,-1,1063,582,1064,-1,1064,582,580,-1,153,1065,154,-1,154,1065,1066,-1,154,1066,173,-1,173,1066,1067,-1,173,1067,174,-1,174,1067,1068,-1,174,1068,170,-1,170,1068,1069,-1,170,1069,171,-1,171,1069,1070,-1,171,1070,172,-1,172,1070,1071,-1,172,1071,167,-1,167,1071,1072,-1,167,1072,168,-1,168,1072,1073,-1,168,1073,169,-1,169,1073,1074,-1,169,1074,164,-1,164,1074,1075,-1,164,1075,165,-1,165,1075,1076,-1,165,1076,166,-1,166,1076,1077,-1,166,1077,161,-1,161,1077,1078,-1,161,1078,162,-1,162,1078,1079,-1,162,1079,163,-1,163,1079,1080,-1,163,1080,158,-1,158,1080,1081,-1,158,1081,159,-1,159,1081,1082,-1,159,1082,160,-1,160,1082,1083,-1,160,1083,155,-1,155,1083,1084,-1,155,1084,156,-1,156,1084,1085,-1,156,1085,157,-1,157,1085,1086,-1,157,1086,150,-1,150,1086,1087,-1,150,1087,151,-1,151,1087,1088,-1,151,1088,153,-1,153,1088,1065,-1,1088,1089,1065,-1,1065,1089,1090,-1,1065,1090,1066,-1,1066,1090,1091,-1,1066,1091,1067,-1,1067,1091,1092,-1,1067,1092,1068,-1,1068,1092,1093,-1,1068,1093,1069,-1,1069,1093,1094,-1,1069,1094,1070,-1,1070,1094,1095,-1,1070,1095,1071,-1,1071,1095,1096,-1,1071,1096,1072,-1,1072,1096,1097,-1,1072,1097,1073,-1,1073,1097,1098,-1,1073,1098,1074,-1,1074,1098,1099,-1,1074,1099,1075,-1,1075,1099,1100,-1,1075,1100,1076,-1,1076,1100,1101,-1,1076,1101,1077,-1,1077,1101,1102,-1,1077,1102,1078,-1,1078,1102,1103,-1,1078,1103,1079,-1,1079,1103,1104,-1,1079,1104,1080,-1,1080,1104,1105,-1,1080,1105,1081,-1,1081,1105,1106,-1,1081,1106,1082,-1,1082,1106,1107,-1,1082,1107,1083,-1,1083,1107,1108,-1,1083,1108,1084,-1,1084,1108,1109,-1,1084,1109,1085,-1,1085,1109,1110,-1,1085,1110,1086,-1,1086,1110,1111,-1,1086,1111,1087,-1,1087,1111,1112,-1,1087,1112,1088,-1,1088,1112,1089,-1,1112,1113,1089,-1,1089,1113,1114,-1,1089,1114,1090,-1,1090,1114,1115,-1,1090,1115,1091,-1,1091,1115,1116,-1,1091,1116,1092,-1,1092,1116,1117,-1,1092,1117,1093,-1,1093,1117,1118,-1,1093,1118,1094,-1,1094,1118,1119,-1,1094,1119,1095,-1,1095,1119,1120,-1,1095,1120,1096,-1,1096,1120,1121,-1,1096,1121,1097,-1,1097,1121,1122,-1,1097,1122,1098,-1,1098,1122,1123,-1,1098,1123,1099,-1,1099,1123,1124,-1,1099,1124,1100,-1,1100,1124,1125,-1,1100,1125,1101,-1,1101,1125,1126,-1,1101,1126,1102,-1,1102,1126,1127,-1,1102,1127,1103,-1,1103,1127,1128,-1,1103,1128,1104,-1,1104,1128,1129,-1,1104,1129,1105,-1,1105,1129,1130,-1,1105,1130,1106,-1,1106,1130,1131,-1,1106,1131,1107,-1,1107,1131,1132,-1,1107,1132,1108,-1,1108,1132,1133,-1,1108,1133,1109,-1,1109,1133,1134,-1,1109,1134,1110,-1,1110,1134,1135,-1,1110,1135,1111,-1,1111,1135,1136,-1,1111,1136,1112,-1,1112,1136,1113,-1,1136,1137,1113,-1,1113,1137,1138,-1,1113,1138,1114,-1,1114,1138,1139,-1,1114,1139,1115,-1,1115,1139,1140,-1,1115,1140,1116,-1,1116,1140,1141,-1,1116,1141,1117,-1,1117,1141,1142,-1,1117,1142,1118,-1,1118,1142,1143,-1,1118,1143,1119,-1,1119,1143,1144,-1,1119,1144,1120,-1,1120,1144,1145,-1,1120,1145,1121,-1,1121,1145,1146,-1,1121,1146,1122,-1,1122,1146,1147,-1,1122,1147,1123,-1,1123,1147,1148,-1,1123,1148,1124,-1,1124,1148,1149,-1,1124,1149,1125,-1,1125,1149,1150,-1,1125,1150,1126,-1,1126,1150,1151,-1,1126,1151,1127,-1,1127,1151,1152,-1,1127,1152,1128,-1,1128,1152,1153,-1,1128,1153,1129,-1,1129,1153,1154,-1,1129,1154,1130,-1,1130,1154,1155,-1,1130,1155,1131,-1,1131,1155,1156,-1,1131,1156,1132,-1,1132,1156,1157,-1,1132,1157,1133,-1,1133,1157,1158,-1,1133,1158,1134,-1,1134,1158,1159,-1,1134,1159,1135,-1,1135,1159,1160,-1,1135,1160,1136,-1,1136,1160,1137,-1,1160,1161,1137,-1,1137,1161,1162,-1,1137,1162,1138,-1,1138,1162,1163,-1,1138,1163,1139,-1,1139,1163,1164,-1,1139,1164,1140,-1,1140,1164,1165,-1,1140,1165,1141,-1,1141,1165,1166,-1,1141,1166,1142,-1,1142,1166,1167,-1,1142,1167,1143,-1,1143,1167,1168,-1,1143,1168,1144,-1,1144,1168,1169,-1,1144,1169,1145,-1,1145,1169,1170,-1,1145,1170,1146,-1,1146,1170,1171,-1,1146,1171,1147,-1,1147,1171,1172,-1,1147,1172,1148,-1,1148,1172,1173,-1,1148,1173,1149,-1,1149,1173,1174,-1,1149,1174,1150,-1,1150,1174,1175,-1,1150,1175,1151,-1,1151,1175,1176,-1,1151,1176,1152,-1,1152,1176,1177,-1,1152,1177,1153,-1,1153,1177,1178,-1,1153,1178,1154,-1,1154,1178,1179,-1,1154,1179,1155,-1,1155,1179,1180,-1,1155,1180,1156,-1,1156,1180,1181,-1,1156,1181,1157,-1,1157,1181,1182,-1,1157,1182,1158,-1,1158,1182,1183,-1,1158,1183,1159,-1,1159,1183,1184,-1,1159,1184,1160,-1,1160,1184,1161,-1,1184,123,1161,-1,1161,123,121,-1,1161,121,1162,-1,1162,121,119,-1,1162,119,1163,-1,1163,119,117,-1,1163,117,1164,-1,1164,117,115,-1,1164,115,1165,-1,1165,115,113,-1,1165,113,1166,-1,1166,113,111,-1,1166,111,1167,-1,1167,111,109,-1,1167,109,1168,-1,1168,109,107,-1,1168,107,1169,-1,1169,107,105,-1,1169,105,1170,-1,1170,105,103,-1,1170,103,1171,-1,1171,103,149,-1,1171,149,1172,-1,1172,149,147,-1,1172,147,1173,-1,1173,147,145,-1,1173,145,1174,-1,1174,145,143,-1,1174,143,1175,-1,1175,143,141,-1,1175,141,1176,-1,1176,141,139,-1,1176,139,1177,-1,1177,139,137,-1,1177,137,1178,-1,1178,137,135,-1,1178,135,1179,-1,1179,135,133,-1,1179,133,1180,-1,1180,133,131,-1,1180,131,1181,-1,1181,131,129,-1,1181,129,1182,-1,1182,129,127,-1,1182,127,1183,-1,1183,127,125,-1,1183,125,1184,-1,1184,125,123,-1,
        ]
    }
}
Shape{
    appearance Appearance {
        material  Material 	{
            diffuseColor 0.8235294117647058 0.8235294117647058 0.8235294117647058
            specularColor 0.4117647058823529 0.4117647058823529 0.4117647058823529
            ambientIntensity 0.2
            transparency 0
            shininess 0.5
        }
    }
    geometry IndexedFaceSet {
        ccw TRUE
        solid FALSE
        coord DEF co Coordinate {
            point [
                1.4764 0.7283 -1.0236, 1.2327 0.7283 -1.0236, 1.4764 0.4528 -1.0236, 1.2327 0.4528 -1.0236, 1.4764 0.7283 -1.1417, 1.4764 0.4528 -1.1417, 1.2213 0.7283 -1.1417, 1.2213 0.4528 -1.1417, 1.2007 0.4528 -1.1396, 1.2007 0.7283 -1.1396, 1.181 0.4528 -1.1331, 1.181 0.7283 -1.1331, 1.1631 0.4528 -1.1227, 1.1631 0.7283 -1.1227, 1.1478 0.4528 -1.1088, 1.1478 0.7283 -1.1088, 1.1357 0.4528 -1.092, 1.1357 0.7283 -1.092, 1.0922 0.7283 -1.0155, 1.0922 0.4528 -1.0155, 0.8819 0.7283 -1.0155, 0.8819 0.4528 -1.0155, 1.1036 0.7283 -0.8974, 0.8819 0.7283 -0.8974, 1.1036 0.4528 -0.8974, 0.8819 0.4528 -0.8974, 1.1242 0.4528 -0.8996, 1.1242 0.7283 -0.8996, 1.1438 0.4528 -0.906, 1.1438 0.7283 -0.906, 1.1617 0.4528 -0.9164, 1.1617 0.7283 -0.9164, 1.1771 0.4528 -0.9303, 1.1771 0.7283 -0.9303, 1.1891 0.4528 -0.9471, 1.1891 0.7283 -0.9471, -1.4764 0.7283 -1.1417, -1.2213 0.7283 -1.1417, -1.4764 0.4528 -1.1417, -1.2213 0.4528 -1.1417, -1.4764 0.7283 -1.0236, -1.4764 0.4528 -1.0236, -1.2327 0.7283 -1.0236, -1.2327 0.4528 -1.0236, -1.1891 0.7283 -0.9471, -1.1891 0.4528 -0.9471, -1.1771 0.4528 -0.9303, -1.1771 0.7283 -0.9303, -1.1617 0.4528 -0.9164, -1.1617 0.7283 -0.9164, -1.1438 0.4528 -0.906, -1.1438 0.7283 -0.906, -1.1242 0.4528 -0.8996, -1.1242 0.7283 -0.8996, -1.1036 0.4528 -0.8974, -1.1036 0.7283 -0.8974, -0.8819 0.7283 -0.8974, -0.8819 0.4528 -0.8974, -1.0922 0.7283 -1.0155, -0.8819 0.7283 -1.0155, -1.0922 0.4528 -1.0155, -0.8819 0.4528 -1.0155, -1.1357 0.7283 -1.092, -1.1357 0.4528 -1.092, -1.1478 0.4528 -1.1088, -1.1478 0.7283 -1.1088, -1.1631 0.4528 -1.1227, -1.1631 0.7283 -1.1227, -1.181 0.4528 -1.1331, -1.181 0.7283 -1.1331, -1.2007 0.4528 -1.1396, -1.2007 0.7283 -1.1396, 1.2327 -0.7283 -1.0236, 1.4764 -0.7283 -1.0236, 1.2327 -0.4528 -1.0236, 1.4764 -0.4528 -1.0236, 1.1891 -0.7283 -0.9471, 1.1891 -0.4528 -0.9471, 1.1771 -0.4528 -0.9303, 1.1771 -0.7283 -0.9303, 1.1617 -0.4528 -0.9164, 1.1617 -0.7283 -0.9164, 1.1438 -0.4528 -0.906, 1.1438 -0.7283 -0.906, 1.1242 -0.4528 -0.8996, 1.1242 -0.7283 -0.8996, 1.1036 -0.4528 -0.8974, 1.1036 -0.7283 -0.8974, 0.8819 -0.7283 -0.8974, 0.8819 -0.4528 -0.8974, 1.0922 -0.7283 -1.0155, 0.8819 -0.7283 -1.0155, 1.0922 -0.4528 -1.0155, 0.8819 -0.4528 -1.0155, 1.1357 -0.7283 -1.092, 1.1357 -0.4528 -1.092, 1.1478 -0.4528 -1.1088, 1.1478 -0.7283 -1.1088, 1.1631 -0.4528 -1.1227, 1.1631 -0.7283 -1.1227, 1.181 -0.4528 -1.1331, 1.181 -0.7283 -1.1331, 1.2007 -0.4528 -1.1396, 1.2007 -0.7283 -1.1396, 1.2213 -0.4528 -1.1417, 1.2213 -0.7283 -1.1417, 1.4764 -0.7283 -1.1417, 1.4764 -0.4528 -1.1417, -1.2213 -0.7283 -1.1417, -1.4764 -0.7283 -1.1417, -1.2213 -0.4528 -1.1417, -1.4764 -0.4528 -1.1417, -1.2007 -0.4528 -1.1396, -1.2007 -0.7283 -1.1396, -1.181 -0.4528 -1.1331, -1.181 -0.7283 -1.1331, -1.1631 -0.4528 -1.1227, -1.1631 -0.7283 -1.1227, -1.1478 -0.4528 -1.1088, -1.1478 -0.7283 -1.1088, -1.1357 -0.4528 -1.092, -1.1357 -0.7283 -1.092, -1.0922 -0.7283 -1.0155, -1.0922 -0.4528 -1.0155, -0.8819 -0.7283 -1.0155, -0.8819 -0.4528 -1.0155, -1.1036 -0.7283 -0.8974, -0.8819 -0.7283 -0.8974, -1.1036 -0.4528 -0.8974, -0.8819 -0.4528 -0.8974, -1.1242 -0.4528 -0.8996, -1.1242 -0.7283 -0.8996, -1.1438 -0.4528 -0.906, -1.1438 -0.7283 -0.906, -1.1617 -0.4528 -0.9164, -1.1617 -0.7283 -0.9164, -1.1771 -0.4528 -0.9303, -1.1771 -0.7283 -0.9303, -1.1891 -0.4528 -0.9471, -1.1891 -0.7283 -0.9471, -1.2327 -0.7283 -1.0236, -1.2327 -0.4528 -1.0236, -1.4764 -0.7283 -1.0236, -1.4764 -0.4528 -1.0236, -1.4764 -0.4528 -1.0236
            ]
        }
        coordIndex [
            0,1,2,-1,2,1,3,-1,4,0,5,-1,5,0,2,-1,6,4,7,-1,7,4,5,-1,6,7,8,-1,6,8,9,-1,9,8,10,-1,9,10,11,-1,11,10,12,-1,11,12,13,-1,13,12,14,-1,13,14,15,-1,15,14,16,-1,15,16,17,-1,18,17,19,-1,19,17,16,-1,20,18,21,-1,21,18,19,-1,22,23,24,-1,24,23,25,-1,22,24,26,-1,22,26,27,-1,27,26,28,-1,27,28,29,-1,29,28,30,-1,29,30,31,-1,31,30,32,-1,31,32,33,-1,33,32,34,-1,33,34,35,-1,1,35,3,-1,3,35,34,-1,20,23,18,-1,18,23,22,-1,0,4,1,-1,1,4,6,-1,6,9,1,-1,1,9,11,-1,1,11,13,-1,22,27,18,-1,18,27,29,-1,18,29,31,-1,13,15,1,-1,1,15,17,-1,1,17,35,-1,35,17,18,-1,35,18,33,-1,33,18,31,-1,5,2,7,-1,7,2,3,-1,7,3,8,-1,8,3,10,-1,25,21,24,-1,24,21,19,-1,24,19,26,-1,32,30,19,-1,19,30,28,-1,19,28,26,-1,16,14,3,-1,3,14,12,-1,3,12,10,-1,16,3,19,-1,19,3,34,-1,19,34,32,-1,36,37,38,-1,38,37,39,-1,40,36,41,-1,41,36,38,-1,42,40,43,-1,43,40,41,-1,44,42,45,-1,45,42,43,-1,44,45,46,-1,44,46,47,-1,47,46,48,-1,47,48,49,-1,49,48,50,-1,49,50,51,-1,51,50,52,-1,51,52,53,-1,53,52,54,-1,53,54,55,-1,56,55,57,-1,57,55,54,-1,58,59,60,-1,60,59,61,-1,62,58,63,-1,63,58,60,-1,62,63,64,-1,62,64,65,-1,65,64,66,-1,65,66,67,-1,67,66,68,-1,67,68,69,-1,69,68,70,-1,69,70,71,-1,71,70,39,-1,71,39,37,-1,36,40,37,-1,37,40,42,-1,37,42,71,-1,71,42,69,-1,56,59,55,-1,55,59,58,-1,55,58,53,-1,62,65,42,-1,42,65,67,-1,42,67,69,-1,47,49,58,-1,58,49,51,-1,58,51,53,-1,62,42,58,-1,58,42,44,-1,58,44,47,-1,61,57,60,-1,60,57,54,-1,41,38,43,-1,43,38,39,-1,39,70,43,-1,43,70,68,-1,43,68,66,-1,54,52,60,-1,60,52,50,-1,60,50,48,-1,66,64,43,-1,43,64,63,-1,43,63,45,-1,45,63,60,-1,45,60,46,-1,46,60,48,-1,72,73,74,-1,74,73,75,-1,76,72,77,-1,77,72,74,-1,76,77,78,-1,76,78,79,-1,79,78,80,-1,79,80,81,-1,81,80,82,-1,81,82,83,-1,83,82,84,-1,83,84,85,-1,85,84,86,-1,85,86,87,-1,88,87,89,-1,89,87,86,-1,90,91,92,-1,92,91,93,-1,94,90,95,-1,95,90,92,-1,94,95,96,-1,94,96,97,-1,97,96,98,-1,97,98,99,-1,99,98,100,-1,99,100,101,-1,101,100,102,-1,101,102,103,-1,103,102,104,-1,103,104,105,-1,106,105,107,-1,107,105,104,-1,73,106,75,-1,75,106,107,-1,88,91,87,-1,87,91,90,-1,87,90,85,-1,106,73,105,-1,105,73,72,-1,105,72,103,-1,79,81,90,-1,90,81,83,-1,90,83,85,-1,72,94,97,-1,94,72,90,-1,90,72,76,-1,90,76,79,-1,97,99,72,-1,72,99,101,-1,72,101,103,-1,74,75,107,-1,93,89,92,-1,92,89,86,-1,86,84,92,-1,92,84,82,-1,92,82,80,-1,107,104,74,-1,74,104,102,-1,74,102,100,-1,80,78,92,-1,92,78,77,-1,92,77,95,-1,95,77,74,-1,100,98,74,-1,74,98,96,-1,74,96,95,-1,108,109,110,-1,110,109,111,-1,108,110,112,-1,108,112,113,-1,113,112,114,-1,113,114,115,-1,115,114,116,-1,115,116,117,-1,117,116,118,-1,117,118,119,-1,119,118,120,-1,119,120,121,-1,122,121,123,-1,123,121,120,-1,124,122,125,-1,125,122,123,-1,126,127,128,-1,128,127,129,-1,126,128,130,-1,126,130,131,-1,131,130,132,-1,131,132,133,-1,133,132,134,-1,133,134,135,-1,135,134,136,-1,135,136,137,-1,137,136,138,-1,137,138,139,-1,140,139,141,-1,141,139,138,-1,142,140,143,-1,143,140,141,-1,109,142,111,-1,111,142,143,-1,124,127,122,-1,122,127,126,-1,142,109,140,-1,140,109,108,-1,108,113,140,-1,140,113,115,-1,140,115,117,-1,126,131,122,-1,122,131,133,-1,122,133,135,-1,117,119,140,-1,140,119,121,-1,140,121,139,-1,139,121,122,-1,139,122,137,-1,137,122,135,-1,111,143,110,-1,110,143,141,-1,110,141,112,-1,112,141,114,-1,129,125,128,-1,128,125,123,-1,128,123,130,-1,136,134,123,-1,123,134,132,-1,123,132,130,-1,120,118,141,-1,141,118,116,-1,141,116,114,-1,120,141,123,-1,123,141,138,-1,123,138,136,-1,
        ]
    }
}