#VRML V2.0 utf8
# 3D model generated by easyeda2kicad.py (https://github.com/uPesy/easyeda2kicad.py)

Shape{
    appearance Appearance {
        material  Material 	{
            diffuseColor 1.0 1.0 0.0
            specularColor 0.5019607843137255 0.5019607843137255 0.0
            ambientIntensity 0.2
            transparency 0
            shininess 0.5
        }
    }
    geometry IndexedFaceSet {
        ccw TRUE
        solid FALSE
        coord DEF co Coordinate {
            point [
                -5.9393 2.2712 -0.1453, -5.9393 2.2629 -0.1413, -5.9 2.2712 -0.1453, -5.9 2.2629 -0.1413, -5.9 2.2364 -0.1306, -5.9393 2.2364 -0.1306, -5.9 2.2225 -0.1273, -5.9393 2.2225 -0.1273, -5.9 2.2086 -0.124, -5.9393 2.2086 -0.124, -5.9 2.1801 -0.1214, -5.9393 2.1801 -0.1214, -5.9 2.1515 -0.123, -5.9393 2.1515 -0.123, -5.9 2.1375 -0.1258, -5.9393 2.1375 -0.1258, -5.9 2.1235 -0.1287, -5.9393 2.1235 -0.1287, -5.9 2.0966 -0.1384, -5.9393 2.0966 -0.1384, -5.9 2.0714 -0.1519, -5.9393 2.0714 -0.1519, -5.9 2.0599 -0.1604, -5.9393 2.0599 -0.1604, -5.9 2.0484 -0.1689, -5.9393 2.0484 -0.1689, -5.9 2.0281 -0.1891, -5.9393 2.0281 -0.1891, -5.9393 2.0135 -0.2059, -5.9 2.0135 -0.2059, -5.9437 2.0716 -0.1523, -5.9437 2.1516 -0.1234, -5.9437 2.2362 -0.1311, -5.959 2.0715 -0.1762, -5.959 2.0612 -0.1838, -5.9585 2.0583 -0.1805, -5.959 2.154 -0.1425, -5.959 2.1414 -0.145, -5.9585 2.1276 -0.1434, -5.959 2.0819 -0.1685, -5.959 2.2543 -0.159, -5.959 2.2304 -0.1494, -5.9585 2.2562 -0.155, -5.9585 2.2317 -0.1452, -5.9571 2.2581 -0.1513, -5.9571 2.233 -0.1412, -5.9547 2.2597 -0.1479, -5.9547 2.2341 -0.1377, -5.9516 2.2611 -0.1451, -5.9516 2.2351 -0.1347, -5.9479 2.2621 -0.143, -5.9479 2.2358 -0.1325, -5.9437 2.2627 -0.1417, -5.959 2.2179 -0.1464, -5.9585 2.2061 -0.1391, -5.9571 2.2068 -0.1349, -5.9547 2.2074 -0.1313, -5.9516 2.2079 -0.1282, -5.9479 2.2083 -0.1259, -5.9437 2.2085 -0.1244, -5.9585 2.1798 -0.1367, -5.9571 2.1799 -0.1325, -5.9547 2.18 -0.1288, -5.9516 2.18 -0.1257, -5.9479 2.1801 -0.1233, -5.9437 2.1801 -0.1219, -5.9585 2.1535 -0.1381, -5.9571 2.1529 -0.134, -5.9547 2.1525 -0.1303, -5.9516 2.1521 -0.1272, -5.9479 2.1518 -0.1249, -5.959 2.2054 -0.1434, -5.959 2.1797 -0.1411, -5.9571 2.1265 -0.1394, -5.9547 2.1255 -0.1358, -5.9516 2.1247 -0.1328, -5.9479 2.124 -0.1305, -5.9437 2.1236 -0.1291, -5.9585 2.1028 -0.1523, -5.9571 2.1011 -0.1485, -5.9547 2.0996 -0.1451, -5.9516 2.0983 -0.1423, -5.9479 2.0974 -0.1401, -5.9437 2.0968 -0.1388, -5.9585 2.0796 -0.1648, -5.9571 2.0773 -0.1613, -5.9547 2.0753 -0.1581, -5.9516 2.0737 -0.1555, -5.9479 2.0724 -0.1535, -5.959 2.1288 -0.1476, -5.959 2.1046 -0.1563, -5.9571 2.0556 -0.1773, -5.9547 2.0532 -0.1745, -5.9516 2.0512 -0.1721, -5.9479 2.0496 -0.1704, -5.9437 2.0487 -0.1693, -5.959 2.0429 -0.202, -5.9585 2.0396 -0.1991, -5.9571 2.0365 -0.1964, -5.9547 2.0337 -0.1939, -5.9516 2.0313 -0.1919, -5.9479 2.0296 -0.1903, -5.9437 2.0285 -0.1894, -5.9663 2.315 -0.2336, -5.9551 2.3235 -0.2323, -5.9426 2.3288 -0.2315, -5.8803 2.321 -0.2327, -5.8739 2.3158 -0.2335, -5.9098 2.3305 -0.2312, -5.8681 2.3097 -0.2345, -5.8587 2.2949 -0.2368, -5.8541 2.2831 -0.2387, -5.9295 2.3305 -0.2312, -5.9852 2.2831 -0.2387, -5.9361 2.3301 -0.2313, -5.9827 2.2902 -0.2376, -5.9757 2.3037 -0.2354, -5.9021 2.3299 -0.2313, -5.8945 2.3281 -0.2316, -5.8872 2.3251 -0.232, -5.959 2.2568 -0.1602, -5.9585 2.2599 -0.157, -5.9571 2.2629 -0.1538, -5.9585 2.26 -0.1569, -5.9548 2.2657 -0.151, -5.9571 2.263 -0.1537, -5.9517 2.268 -0.1486, -5.9547 2.2658 -0.1509, -5.9479 2.2697 -0.1468, -5.9516 2.2681 -0.1485, -5.9437 2.2708 -0.1457, -5.9437 2.2708 -0.1457, -5.9479 2.2698 -0.1468, -5.9586 2.2632 -0.1633, -5.9479 2.2838 -0.1733, -5.9459 2.2851 -0.174, -5.9437 2.286 -0.1744, -5.9416 2.2866 -0.1747, -5.9393 2.2868 -0.1748, -5.9517 2.2802 -0.1716, -5.9548 2.2754 -0.1692, -5.9571 2.2696 -0.1664, -5.9 2.2868 -0.1748, -5.8978 2.2866 -0.1747, -5.8956 2.2708 -0.1457, -5.8956 2.286 -0.1744, -5.8956 2.2708 -0.1457, -5.8914 2.2698 -0.1468, -5.8934 2.2851 -0.174, -5.8914 2.2697 -0.1468, -5.8914 2.2838 -0.1733, -5.8877 2.2681 -0.1485, -5.8876 2.2802 -0.1716, -5.8876 2.268 -0.1486, -5.8846 2.2658 -0.1509, -5.8845 2.2754 -0.1692, -5.8845 2.2657 -0.151, -5.8822 2.263 -0.1537, -5.8822 2.2696 -0.1664, -5.8822 2.2629 -0.1538, -5.8808 2.26 -0.1569, -5.8807 2.2632 -0.1633, -5.8808 2.2599 -0.157, -5.8803 2.2568 -0.1602, -5.8956 2.2627 -0.1417, -5.8914 2.2621 -0.143, -5.8877 2.2611 -0.1451, -5.8846 2.2597 -0.1479, -5.8822 2.2581 -0.1513, -5.8808 2.2562 -0.155, -5.8803 2.2543 -0.159, -5.9295 2.3443 -0.2029, -5.9098 2.3443 -0.2029, -5.8803 2.0715 -0.1762, -5.8803 2.0819 -0.1685, -5.8808 2.0796 -0.1648, -5.8803 2.1414 -0.145, -5.8803 2.154 -0.1425, -5.8808 2.1535 -0.1381, -5.8803 2.2179 -0.1464, -5.8803 2.2304 -0.1494, -5.8808 2.2317 -0.1452, -5.8956 2.0487 -0.1693, -5.8956 2.1236 -0.1291, -5.8956 2.2085 -0.1244, -5.8956 2.0285 -0.1894, -5.8949 2.0286 -0.1895, -5.8914 2.0496 -0.1704, -5.8915 2.0297 -0.1904, -5.8901 2.0301 -0.1908, -5.8877 2.0512 -0.1721, -5.8878 2.0314 -0.192, -5.8861 2.0324 -0.1928, -5.8846 2.0532 -0.1745, -5.8847 2.0338 -0.194, -5.8829 2.0355 -0.1955, -5.8822 2.0556 -0.1773, -5.8956 2.2362 -0.1311, -5.8914 2.2358 -0.1325, -5.8877 2.2351 -0.1347, -5.8846 2.2341 -0.1377, -5.8822 2.233 -0.1412, -5.8803 2.2054 -0.1434, -5.8808 2.2061 -0.1391, -5.8822 2.2068 -0.1349, -5.8846 2.2074 -0.1313, -5.8877 2.2079 -0.1282, -5.8914 2.2083 -0.1259, -5.8956 2.1801 -0.1219, -5.8914 2.1801 -0.1233, -5.8877 2.18 -0.1257, -5.8846 2.18 -0.1288, -5.8822 2.1799 -0.1325, -5.8808 2.1798 -0.1367, -5.8803 2.1797 -0.1411, -5.8956 2.1516 -0.1234, -5.8914 2.1518 -0.1249, -5.8877 2.1521 -0.1272, -5.8846 2.1525 -0.1303, -5.8822 2.1529 -0.134, -5.8803 2.1288 -0.1476, -5.8808 2.1276 -0.1434, -5.8822 2.1265 -0.1394, -5.8846 2.1255 -0.1358, -5.8877 2.1247 -0.1328, -5.8914 2.124 -0.1305, -5.8956 2.0968 -0.1388, -5.8914 2.0974 -0.1401, -5.8877 2.0983 -0.1423, -5.8846 2.0996 -0.1451, -5.8822 2.1011 -0.1485, -5.8808 2.1028 -0.1523, -5.8803 2.1046 -0.1563, -5.8956 2.0716 -0.1523, -5.8914 2.0724 -0.1535, -5.8877 2.0737 -0.1555, -5.8846 2.0753 -0.1581, -5.8822 2.0773 -0.1613, -5.8803 2.0612 -0.1838, -5.8808 2.0583 -0.1805, -5.8824 2.0365 -0.1964, -5.881 2.0391 -0.1986, -5.8809 2.0396 -0.1991, -5.8803 2.0429 -0.202, -5.9437 2.0139 -0.2061, -5.9437 2.0139 -0.2061, -5.9479 2.0152 -0.2068, -5.9479 2.0152 -0.2068, -5.9516 2.0173 -0.208, -5.9517 2.0174 -0.208, -5.9547 2.0201 -0.2095, -5.9548 2.0202 -0.2096, -5.9571 2.0235 -0.2114, -5.9571 2.0236 -0.2114, -5.9585 2.0272 -0.2134, -5.9586 2.0273 -0.2135, -5.959 2.0311 -0.2155, -5.8956 2.0139 -0.2061, -5.8949 2.0141 -0.2062, -5.8914 2.0152 -0.2068, -5.8902 2.0159 -0.2072, -5.8876 2.0174 -0.208, -5.8861 2.0186 -0.2087, -5.8846 2.0203 -0.2096, -5.8829 2.0223 -0.2107, -5.8823 2.0236 -0.2114, -5.881 2.0266 -0.213, -5.8808 2.0274 -0.2135, -5.8803 2.0311 -0.2155, -5.8812 2.0247 -0.223, -5.8914 2.0033 -0.2476, -5.8934 2.0019 -0.2491, -5.8956 2.001 -0.2503, -5.8978 2.0004 -0.2509, -5.8989 2.0002 -0.2511, -5.9 2.0002 -0.2512, -5.8876 2.007 -0.2433, -5.8845 2.012 -0.2376, -5.8822 2.0179 -0.2308, -5.9393 2.0002 -0.2512, -5.9404 2.0002 -0.2511, -5.9416 2.0004 -0.2509, -5.9437 2.001 -0.2503, -5.9459 2.0019 -0.2491, -5.9479 2.0033 -0.2476, -5.9517 2.007 -0.2433, -5.9548 2.012 -0.2376, -5.9567 2.0182 -0.2304, -5.9586 2.0245 -0.2232, -5.9886 2.0429 -0.202, -5.9886 2.0713 -0.1758, -5.9886 2.1046 -0.1563, -5.9886 2.1413 -0.1446, -5.9886 2.1797 -0.1411, -5.9886 2.218 -0.1459, -5.9886 2.2543 -0.159, -5.9871 2.3031 -0.1827, -5.9827 2.3143 -0.1882, -5.9757 2.3244 -0.1931, -5.9663 2.3328 -0.1972, -5.9551 2.3391 -0.2003, -5.9426 2.343 -0.2022, -5.9871 2.2772 -0.2358, -5.9886 2.2654 -0.2301, -5.9886 2.2913 -0.177, -5.9886 2.2284 -0.212, -5.8508 2.2284 -0.212, -5.9886 2.1992 -0.2023, -5.8508 2.1992 -0.2023, -5.9886 2.1684 -0.2004, -5.8508 2.1684 -0.2004, -5.9886 2.1382 -0.2065, -5.8508 2.1382 -0.2065, -5.9886 2.1106 -0.2203, -5.8508 2.1106 -0.2203, -5.9886 2.0875 -0.2407, -5.8508 2.0875 -0.2407, -5.8528 2.2791 -0.2368, -5.8508 2.2654 -0.2301, -5.8945 2.3425 -0.202, -5.8803 2.3372 -0.1994, -5.8681 2.3288 -0.1953, -5.8587 2.3178 -0.1899, -5.8528 2.305 -0.1837, -5.8508 2.2913 -0.177, -5.8508 2.2543 -0.159, -5.8508 2.0429 -0.202, -5.8508 2.0713 -0.1758, -5.8508 2.1046 -0.1563, -5.8508 2.1413 -0.1446, -5.8508 2.1797 -0.1411, -5.8508 2.218 -0.1459, -5.9886 1.9801 -0.2743, -5.8508 1.9801 -0.2743, -5.8508 2.0246 -0.3131, -5.9886 2.0246 -0.3131, -5.9886 1.8657 -0.339, -5.8508 1.8657 -0.339, -5.9886 1.898 -0.3304, -5.8508 1.898 -0.3304, -5.9886 1.9284 -0.3165, -5.8508 1.9284 -0.3165, -5.9886 1.956 -0.2976, -5.8508 1.956 -0.2976, -5.9886 1.7713 -0.4156, -5.9886 1.7611 -0.3575, -5.9886 1.8759 -0.3972, -5.9886 1.918 -0.386, -5.9886 1.9575 -0.3679, -5.9886 1.9934 -0.3433, -5.8508 1.9934 -0.3433, -5.8508 1.9575 -0.3679, -5.8508 1.918 -0.386, -5.8508 1.8759 -0.3972, -5.8508 1.7611 -0.3575, -5.8508 1.7713 -0.4156, -6.0082 1.5387 -0.4567, -6.0082 1.5284 -0.3985, -6.0082 1.4028 -0.4206, -5.8311 1.4028 -0.4206, -5.8311 1.5284 -0.3985, -6.0082 1.3823 -0.4224, -5.8311 1.3823 -0.4224, -5.8311 1.5387 -0.4567, -6.0082 1.4131 -0.4788, -5.8311 1.4131 -0.4788, -5.9787 0.6202 -0.5208, -5.9787 0.638 -0.4972, -5.8606 0.6202 -0.5208, -5.8606 0.638 -0.4972, -5.8606 0.6046 -0.5372, -5.9787 0.6046 -0.5372, -5.8606 0.5855 -0.5496, -5.9787 0.5855 -0.5496, -5.8606 0.5642 -0.5574, -5.9787 0.5642 -0.5574, -5.8606 0.5416 -0.56, -5.9787 0.5416 -0.56, -5.9787 0.3723 -0.56, -5.8606 0.3723 -0.56, -5.8606 0.3723 -0.5009, -5.9787 0.3723 -0.5009, -5.8606 0.5416 -0.5009, -5.9787 0.5416 -0.5009, -5.9787 0.5506 -0.4999, -5.8606 0.5506 -0.4999, -5.9787 0.5592 -0.4968, -5.8606 0.5592 -0.4968, -5.9787 0.5668 -0.4918, -5.8606 0.5668 -0.4918, -5.9787 0.5731 -0.4853, -5.8606 0.5731 -0.4853, -5.8606 0.5909 -0.4616, -5.9787 0.5909 -0.4616, -5.8606 0.6695 -0.4224, -5.9787 0.6695 -0.4224, -5.9787 0.6469 -0.4251, -5.8606 0.6469 -0.4251, -5.9787 0.6256 -0.4328, -5.8606 0.6256 -0.4328, -5.9787 0.6065 -0.4452, -5.8606 0.6065 -0.4452, -6.0082 0.9057 -0.4224, -5.9787 0.9057 -0.4224, -5.8311 0.9057 -0.4224, -5.8606 0.9057 -0.4224, -5.9787 0.9057 -0.4815, -6.0082 0.9057 -0.4815, -6.0082 1.3823 -0.4815, -5.8311 1.3823 -0.4815, -5.8311 0.9057 -0.4815, -5.8606 0.9057 -0.4815, -5.8606 0.6695 -0.4815, -5.8606 0.6605 -0.4825, -5.8606 0.6519 -0.4856, -5.8606 0.6443 -0.4906, -5.9787 0.6443 -0.4906, -5.9787 0.6519 -0.4856, -5.9787 0.6605 -0.4825, -5.9787 0.6695 -0.4815, -5.9787 0.6695 -0.4815
            ]
        }
        coordIndex [
            0,1,2,-1,2,1,3,-1,3,1,4,-1,4,1,5,-1,4,5,6,-1,6,5,7,-1,6,7,8,-1,8,7,9,-1,8,9,10,-1,10,9,11,-1,10,11,12,-1,12,11,13,-1,12,13,14,-1,14,13,15,-1,14,15,16,-1,16,15,17,-1,16,17,18,-1,18,17,19,-1,18,19,20,-1,20,19,21,-1,20,21,22,-1,22,21,23,-1,22,23,24,-1,24,23,25,-1,24,25,26,-1,26,25,27,-1,27,28,26,-1,26,28,29,-1,23,21,30,-1,15,13,31,-1,7,5,32,-1,33,34,35,-1,36,37,38,-1,33,35,39,-1,40,41,42,-1,42,41,43,-1,42,43,44,-1,44,43,45,-1,44,45,46,-1,46,45,47,-1,46,47,48,-1,48,47,49,-1,48,49,50,-1,50,49,51,-1,50,51,52,-1,52,51,32,-1,52,32,1,-1,1,32,5,-1,41,53,43,-1,43,53,54,-1,43,54,45,-1,45,54,55,-1,45,55,47,-1,47,55,56,-1,47,56,49,-1,49,56,57,-1,49,57,51,-1,51,57,58,-1,51,58,32,-1,32,58,59,-1,32,59,7,-1,7,59,9,-1,54,60,55,-1,55,60,61,-1,55,61,56,-1,56,61,62,-1,56,62,57,-1,57,62,63,-1,57,63,58,-1,58,63,64,-1,58,64,59,-1,59,64,65,-1,59,65,9,-1,9,65,11,-1,60,66,61,-1,61,66,67,-1,61,67,62,-1,62,67,68,-1,62,68,63,-1,63,68,69,-1,63,69,64,-1,64,69,70,-1,64,70,65,-1,65,70,31,-1,65,31,11,-1,11,31,13,-1,53,71,54,-1,54,71,72,-1,54,72,60,-1,60,72,36,-1,60,36,66,-1,66,36,38,-1,66,38,67,-1,67,38,73,-1,67,73,68,-1,68,73,74,-1,68,74,69,-1,69,74,75,-1,69,75,70,-1,70,75,76,-1,70,76,31,-1,31,76,77,-1,31,77,15,-1,15,77,17,-1,38,78,73,-1,73,78,79,-1,73,79,74,-1,74,79,80,-1,74,80,75,-1,75,80,81,-1,75,81,76,-1,76,81,82,-1,76,82,77,-1,77,82,83,-1,77,83,17,-1,17,83,19,-1,78,84,79,-1,79,84,85,-1,79,85,80,-1,80,85,86,-1,80,86,81,-1,81,86,87,-1,81,87,82,-1,82,87,88,-1,82,88,83,-1,83,88,30,-1,83,30,19,-1,19,30,21,-1,37,89,38,-1,38,89,90,-1,38,90,78,-1,78,90,39,-1,78,39,84,-1,84,39,35,-1,84,35,85,-1,85,35,91,-1,85,91,86,-1,86,91,92,-1,86,92,87,-1,87,92,93,-1,87,93,88,-1,88,93,94,-1,88,94,30,-1,30,94,95,-1,30,95,23,-1,23,95,25,-1,34,96,35,-1,35,96,97,-1,35,97,91,-1,91,97,98,-1,91,98,92,-1,92,98,99,-1,92,99,93,-1,93,99,100,-1,93,100,94,-1,94,100,101,-1,94,101,95,-1,95,101,102,-1,95,102,25,-1,25,102,27,-1,103,104,105,-1,106,107,108,-1,108,107,109,-1,109,110,108,-1,108,110,111,-1,108,111,112,-1,112,111,113,-1,112,113,114,-1,114,113,115,-1,114,115,105,-1,105,115,116,-1,105,116,103,-1,117,118,108,-1,108,118,119,-1,108,119,106,-1,120,40,121,-1,121,40,42,-1,44,122,42,-1,42,122,123,-1,42,123,121,-1,46,124,44,-1,44,124,125,-1,44,125,122,-1,48,126,46,-1,46,126,127,-1,46,127,124,-1,50,128,48,-1,48,128,129,-1,48,129,126,-1,130,131,50,-1,50,131,132,-1,50,132,128,-1,50,52,130,-1,130,52,1,-1,130,1,0,-1,121,133,120,-1,134,128,135,-1,135,128,132,-1,135,132,136,-1,136,132,131,-1,136,131,137,-1,137,131,130,-1,137,130,138,-1,138,130,0,-1,139,140,124,-1,124,127,139,-1,139,127,126,-1,139,126,134,-1,134,126,129,-1,134,129,128,-1,133,121,141,-1,121,123,141,-1,141,123,122,-1,141,122,140,-1,140,122,125,-1,140,125,124,-1,2,142,0,-1,0,142,138,-1,142,2,143,-1,143,2,144,-1,143,144,145,-1,144,146,145,-1,145,146,147,-1,145,147,148,-1,148,147,149,-1,148,149,150,-1,150,149,151,-1,150,151,152,-1,151,153,152,-1,152,153,154,-1,152,154,155,-1,154,156,155,-1,155,156,157,-1,155,157,158,-1,157,159,158,-1,158,159,160,-1,158,160,161,-1,161,160,162,-1,161,162,163,-1,3,164,2,-1,2,164,144,-1,144,164,146,-1,146,164,165,-1,146,165,147,-1,147,165,149,-1,149,165,166,-1,149,166,151,-1,151,166,153,-1,153,166,167,-1,153,167,154,-1,154,167,156,-1,156,167,168,-1,156,168,157,-1,157,168,159,-1,159,168,169,-1,159,169,160,-1,160,169,162,-1,162,169,170,-1,162,170,163,-1,171,172,112,-1,112,172,108,-1,173,174,175,-1,176,177,178,-1,179,180,181,-1,182,24,26,-1,24,182,22,-1,14,16,183,-1,6,8,184,-1,26,185,182,-1,182,185,186,-1,182,186,187,-1,186,188,187,-1,187,188,189,-1,187,189,190,-1,189,191,190,-1,190,191,192,-1,190,192,193,-1,192,194,193,-1,193,194,195,-1,193,195,196,-1,3,4,164,-1,164,4,197,-1,164,197,165,-1,165,197,198,-1,165,198,166,-1,166,198,199,-1,166,199,167,-1,167,199,200,-1,167,200,168,-1,168,200,201,-1,168,201,169,-1,169,201,181,-1,169,181,170,-1,170,181,180,-1,202,179,203,-1,203,179,181,-1,203,181,204,-1,204,181,201,-1,204,201,205,-1,205,201,200,-1,205,200,206,-1,206,200,199,-1,206,199,207,-1,207,199,198,-1,207,198,184,-1,184,198,197,-1,184,197,6,-1,6,197,4,-1,8,10,184,-1,184,10,208,-1,184,208,207,-1,207,208,209,-1,207,209,206,-1,206,209,210,-1,206,210,205,-1,205,210,211,-1,205,211,204,-1,204,211,212,-1,204,212,203,-1,203,212,213,-1,203,213,202,-1,202,213,214,-1,10,12,208,-1,208,12,215,-1,208,215,209,-1,209,215,216,-1,209,216,210,-1,210,216,217,-1,210,217,211,-1,211,217,218,-1,211,218,212,-1,212,218,219,-1,212,219,213,-1,213,219,178,-1,213,178,214,-1,214,178,177,-1,220,176,221,-1,221,176,178,-1,221,178,222,-1,222,178,219,-1,222,219,223,-1,223,219,218,-1,223,218,224,-1,224,218,217,-1,224,217,225,-1,225,217,216,-1,225,216,183,-1,183,216,215,-1,183,215,14,-1,14,215,12,-1,16,18,183,-1,183,18,226,-1,183,226,225,-1,225,226,227,-1,225,227,224,-1,224,227,228,-1,224,228,223,-1,223,228,229,-1,223,229,222,-1,222,229,230,-1,222,230,221,-1,221,230,231,-1,221,231,220,-1,220,231,232,-1,18,20,226,-1,226,20,233,-1,226,233,227,-1,227,233,234,-1,227,234,228,-1,228,234,235,-1,228,235,229,-1,229,235,236,-1,229,236,230,-1,230,236,237,-1,230,237,231,-1,231,237,175,-1,231,175,232,-1,232,175,174,-1,238,173,239,-1,239,173,175,-1,239,175,196,-1,196,175,237,-1,196,237,193,-1,193,237,236,-1,193,236,190,-1,190,236,235,-1,190,235,187,-1,187,235,234,-1,187,234,182,-1,182,234,233,-1,182,233,22,-1,22,233,20,-1,195,240,196,-1,196,240,241,-1,196,241,239,-1,239,241,242,-1,239,242,238,-1,238,242,243,-1,27,102,28,-1,28,102,244,-1,244,102,245,-1,245,102,101,-1,245,101,246,-1,246,101,247,-1,247,101,100,-1,247,100,248,-1,248,100,249,-1,249,100,99,-1,249,99,250,-1,250,99,251,-1,251,99,98,-1,251,98,252,-1,252,98,253,-1,253,98,97,-1,253,97,254,-1,254,97,255,-1,255,97,96,-1,255,96,256,-1,26,29,185,-1,185,29,257,-1,185,257,186,-1,186,257,258,-1,186,258,188,-1,188,258,259,-1,188,259,189,-1,189,259,260,-1,189,260,191,-1,191,260,261,-1,191,261,192,-1,192,261,262,-1,192,262,194,-1,194,262,263,-1,194,263,195,-1,195,263,264,-1,195,264,240,-1,240,264,265,-1,240,265,241,-1,241,265,266,-1,241,266,242,-1,242,266,267,-1,242,267,243,-1,243,267,268,-1,267,269,268,-1,270,259,271,-1,271,259,258,-1,271,258,272,-1,272,258,257,-1,272,257,273,-1,273,257,29,-1,273,29,274,-1,274,29,275,-1,276,277,263,-1,263,262,276,-1,276,262,261,-1,276,261,270,-1,270,261,260,-1,270,260,259,-1,269,267,278,-1,267,266,278,-1,278,266,265,-1,278,265,277,-1,277,265,264,-1,277,264,263,-1,28,279,29,-1,29,279,275,-1,279,28,280,-1,280,28,244,-1,280,244,281,-1,281,244,282,-1,244,245,282,-1,282,245,246,-1,282,246,283,-1,283,246,284,-1,246,247,284,-1,284,247,248,-1,284,248,285,-1,248,249,285,-1,285,249,250,-1,285,250,286,-1,250,251,286,-1,286,251,252,-1,286,252,287,-1,252,253,287,-1,287,253,254,-1,287,254,288,-1,288,254,255,-1,288,255,256,-1,96,34,289,-1,289,34,290,-1,34,33,290,-1,290,33,39,-1,290,39,291,-1,39,90,291,-1,291,90,89,-1,291,89,292,-1,89,37,292,-1,292,37,36,-1,292,36,293,-1,36,72,293,-1,293,72,71,-1,293,71,294,-1,40,295,41,-1,41,295,294,-1,41,294,53,-1,53,294,71,-1,115,113,296,-1,296,297,115,-1,115,297,298,-1,115,298,116,-1,116,298,299,-1,116,299,103,-1,103,299,300,-1,103,300,104,-1,104,300,301,-1,104,301,105,-1,171,112,301,-1,301,112,114,-1,301,114,105,-1,113,302,296,-1,296,302,303,-1,296,303,304,-1,305,306,307,-1,307,306,308,-1,307,308,309,-1,309,308,310,-1,309,310,311,-1,311,310,312,-1,311,312,313,-1,313,312,314,-1,313,314,315,-1,315,314,316,-1,113,111,302,-1,302,111,317,-1,302,317,303,-1,303,317,318,-1,303,318,305,-1,305,318,306,-1,108,172,117,-1,117,172,319,-1,117,319,118,-1,118,319,119,-1,119,319,320,-1,119,320,106,-1,106,320,107,-1,107,320,321,-1,107,321,109,-1,109,321,322,-1,109,322,110,-1,110,322,111,-1,111,322,323,-1,111,323,317,-1,317,323,324,-1,317,324,318,-1,325,324,158,-1,158,161,325,-1,325,161,163,-1,325,163,170,-1,40,120,295,-1,295,120,133,-1,295,133,304,-1,142,143,320,-1,320,143,145,-1,320,145,321,-1,321,145,148,-1,321,148,322,-1,322,148,150,-1,322,150,323,-1,323,150,152,-1,323,152,324,-1,324,152,155,-1,324,155,158,-1,138,301,137,-1,137,301,300,-1,137,300,136,-1,136,300,299,-1,136,299,135,-1,135,299,298,-1,135,298,134,-1,134,298,297,-1,134,297,139,-1,139,297,296,-1,139,296,140,-1,140,296,304,-1,140,304,141,-1,141,304,133,-1,320,319,142,-1,142,319,172,-1,142,172,138,-1,138,172,171,-1,138,171,301,-1,243,326,238,-1,238,326,327,-1,238,327,173,-1,173,327,174,-1,174,327,328,-1,174,328,232,-1,232,328,220,-1,220,328,329,-1,220,329,176,-1,176,329,177,-1,177,329,330,-1,177,330,214,-1,214,330,202,-1,202,330,331,-1,202,331,179,-1,179,331,180,-1,180,331,325,-1,180,325,170,-1,256,96,289,-1,281,282,332,-1,276,270,333,-1,281,332,280,-1,276,333,277,-1,270,271,333,-1,333,271,272,-1,333,272,273,-1,282,283,332,-1,332,283,284,-1,332,284,285,-1,285,286,332,-1,332,286,287,-1,332,287,289,-1,289,287,288,-1,289,288,256,-1,243,268,326,-1,326,268,269,-1,326,269,333,-1,333,269,278,-1,333,278,277,-1,273,274,333,-1,333,274,275,-1,333,275,332,-1,332,275,279,-1,332,279,280,-1,316,334,315,-1,315,334,335,-1,336,337,338,-1,338,337,339,-1,338,339,340,-1,340,339,341,-1,340,341,342,-1,342,341,343,-1,342,343,332,-1,332,343,333,-1,304,303,295,-1,295,303,305,-1,295,305,294,-1,294,305,307,-1,294,307,293,-1,293,307,309,-1,293,309,292,-1,292,309,311,-1,344,345,346,-1,346,345,336,-1,346,336,347,-1,347,336,338,-1,347,338,348,-1,348,338,340,-1,348,340,349,-1,349,340,342,-1,349,342,335,-1,335,342,332,-1,335,332,315,-1,315,332,289,-1,315,289,313,-1,313,289,290,-1,313,290,311,-1,311,290,291,-1,311,291,292,-1,335,334,350,-1,335,350,349,-1,349,350,351,-1,349,351,348,-1,348,351,352,-1,348,352,347,-1,347,352,353,-1,347,353,346,-1,318,324,306,-1,306,324,325,-1,306,325,308,-1,308,325,331,-1,308,331,310,-1,354,355,337,-1,337,355,353,-1,337,353,339,-1,339,353,352,-1,339,352,341,-1,341,352,351,-1,341,351,343,-1,343,351,350,-1,343,350,333,-1,333,350,334,-1,333,334,326,-1,326,334,316,-1,326,316,327,-1,327,316,314,-1,327,314,328,-1,328,314,312,-1,328,312,329,-1,329,312,310,-1,329,310,330,-1,330,310,331,-1,356,357,344,-1,344,357,345,-1,358,359,357,-1,357,359,360,-1,357,360,345,-1,345,360,354,-1,345,354,336,-1,336,354,337,-1,361,362,358,-1,358,362,359,-1,346,353,344,-1,344,353,355,-1,344,355,356,-1,356,355,363,-1,356,363,364,-1,364,363,365,-1,355,354,363,-1,363,354,360,-1,366,367,368,-1,368,367,369,-1,366,368,370,-1,366,370,371,-1,371,370,372,-1,371,372,373,-1,373,372,374,-1,373,374,375,-1,375,374,376,-1,375,376,377,-1,378,377,379,-1,379,377,376,-1,380,381,379,-1,379,381,378,-1,380,382,381,-1,381,382,383,-1,383,382,384,-1,384,382,385,-1,384,385,386,-1,386,385,387,-1,386,387,388,-1,388,387,389,-1,388,389,390,-1,390,389,391,-1,391,392,390,-1,390,392,393,-1,394,395,396,-1,394,396,397,-1,397,396,398,-1,397,398,399,-1,399,398,400,-1,399,400,401,-1,401,400,393,-1,401,393,392,-1,361,402,362,-1,362,402,403,-1,404,362,405,-1,405,362,403,-1,405,403,394,-1,394,403,395,-1,406,403,407,-1,407,403,402,-1,357,356,358,-1,358,356,364,-1,358,364,361,-1,361,364,408,-1,361,408,402,-1,402,408,407,-1,365,409,364,-1,364,409,408,-1,404,410,362,-1,362,410,409,-1,362,409,359,-1,359,409,365,-1,359,365,360,-1,360,365,363,-1,410,404,411,-1,411,404,405,-1,411,405,412,-1,412,405,394,-1,412,394,413,-1,413,394,397,-1,413,397,414,-1,414,397,399,-1,414,399,415,-1,415,399,401,-1,415,401,369,-1,369,401,392,-1,369,392,368,-1,368,392,391,-1,368,391,370,-1,370,391,389,-1,370,389,372,-1,372,389,387,-1,372,387,374,-1,374,387,385,-1,374,385,376,-1,376,385,382,-1,376,382,379,-1,379,382,380,-1,369,367,415,-1,415,367,416,-1,415,416,414,-1,414,416,417,-1,414,417,413,-1,413,417,418,-1,413,418,412,-1,412,418,419,-1,378,381,377,-1,377,381,383,-1,377,383,375,-1,375,383,384,-1,375,384,373,-1,373,384,386,-1,373,386,371,-1,371,386,388,-1,371,388,366,-1,366,388,390,-1,366,390,367,-1,367,390,393,-1,367,393,416,-1,416,393,400,-1,416,400,417,-1,417,400,398,-1,417,398,418,-1,418,398,396,-1,418,396,419,-1,419,396,395,-1,419,395,406,-1,406,395,403,-1,406,407,408,-1,409,410,411,-1,412,419,411,-1,411,419,406,-1,411,406,409,-1,409,406,408,-1,
        ]
    }
}
Shape{
    appearance Appearance {
        material  Material 	{
            diffuseColor 0.7529411764705882 0.7529411764705882 0.7529411764705882
            specularColor 0.3764705882352941 0.3764705882352941 0.3764705882352941
            ambientIntensity 0.2
            transparency 0
            shininess 0.5
        }
    }
    geometry IndexedFaceSet {
        ccw TRUE
        solid FALSE
        coord DEF co Coordinate {
            point [
                -3.4886 1.8683 -0.4598, -3.4886 1.8683 -0.3024, -3.4886 1.8556 -0.3007, -3.4886 1.2876 -0.2157, -3.4886 1.2734 -0.2216, -3.4886 1.2975 -0.4598, -3.4886 1.2581 -0.2236, -3.4886 0.9825 -0.4598, -3.4886 1.0416 -0.2236, -3.4886 0.9825 -0.2827, -3.4886 1.0284 -0.2251, -3.4886 1.0159 -0.2295, -3.4886 1.8335 -0.2879, -3.4886 1.8257 -0.2777, -3.4886 1.3151 -0.1798, -3.4886 1.3172 0.0165, -3.4886 1.8335 -0.2183, -3.4886 1.8437 -0.2105, -3.4886 2.4917 -0.2054, -3.4886 2.5042 -0.2098, -3.4886 3.0494 0.0165, -3.4886 2.5154 -0.2168, -3.4886 2.5247 -0.2262, -3.4886 1.0047 -0.2365, -3.4886 0.9954 -0.2458, -3.4886 0.984 -0.2695, -3.4886 0.9884 -0.257, -3.4886 1.2999 -0.2063, -3.4886 1.3092 -0.1941, -3.4886 1.8437 -0.2958, -3.4886 1.8208 -0.2659, -3.4886 1.8191 -0.2531, -3.4886 1.3172 -0.1646, -3.4886 1.8208 -0.2404, -3.4886 1.8257 -0.2285, -3.4886 1.8556 -0.2056, -3.4886 1.8683 -0.2039, -3.4886 2.4786 -0.2039, -3.4886 2.5318 -0.2374, -3.4886 2.5362 -0.2498, -3.4886 3.0494 -0.4598, -3.4886 2.5376 -0.263, -3.4886 2.7345 -0.4598, -3.4886 2.5376 -0.4008, -3.4886 2.5967 -0.4598, -3.4886 2.5391 -0.4139, -3.4886 2.5435 -0.4264, -3.4886 2.5505 -0.4376, -3.4886 2.5599 -0.447, -3.4886 2.5711 -0.454, -3.4886 2.5835 -0.4584, -7.9177 1.2975 -0.4598, -7.9177 0.9825 -0.4598, -7.9177 1.2581 -0.2236, -7.9177 0.9825 -0.2827, -7.9177 1.2734 -0.2216, -7.9177 1.2876 -0.2157, -7.9177 1.8683 -0.4598, -7.9177 1.2999 -0.2063, -7.9177 1.3092 -0.1941, -7.9177 1.3151 -0.1798, -7.9177 1.8566 -0.3009, -7.9177 1.8683 -0.3024, -7.9177 1.8566 -0.2054, -7.9177 1.8455 -0.2096, -7.9177 1.3172 0.0165, -7.9177 1.0047 -0.2365, -7.9177 0.984 -0.2695, -7.9177 0.9954 -0.2458, -7.9177 0.9884 -0.257, -7.9177 1.0159 -0.2295, -7.9177 1.0284 -0.2251, -7.9177 1.0416 -0.2236, -7.9177 1.8357 -0.2163, -7.9177 1.8278 -0.2252, -7.9177 1.8223 -0.2357, -7.9177 1.8195 -0.2472, -7.9177 1.8195 -0.2591, -7.9177 1.8223 -0.2706, -7.9177 1.8278 -0.2811, -7.9177 1.8357 -0.29, -7.9177 1.8455 -0.2967, -7.9177 1.3172 -0.1646, -7.9177 2.5362 -0.2498, -7.9177 2.5318 -0.2374, -7.9177 3.0494 0.0165, -7.9177 2.5376 -0.263, -7.9177 2.5247 -0.2262, -7.9177 2.5154 -0.2168, -7.9177 2.5042 -0.2098, -7.9177 2.4917 -0.2054, -7.9177 2.4786 -0.2039, -7.9177 1.8683 -0.2039, -7.9177 3.0494 -0.4598, -7.9177 2.7345 -0.4598, -7.9177 2.5967 -0.4598, -7.9177 2.5814 -0.4578, -7.9177 2.5396 -0.4161, -7.9177 2.5376 -0.4008, -7.9177 2.5672 -0.4519, -7.9177 2.5549 -0.4425, -7.9177 2.5455 -0.4303, -7.6618 0.9825 -0.5268, -7.6618 0.9825 -0.5583, -7.6542 0.983 -0.5265, -7.6467 0.9845 -0.5583, -7.6467 0.9845 -0.5258, -7.6394 0.9869 -0.5247, -7.6326 0.9902 -0.5583, -7.6326 0.9902 -0.5232, -7.6262 0.9944 -0.5212, -7.6204 0.9994 -0.5583, -7.6204 0.9994 -0.5189, -7.611 1.0114 -0.5583, -7.611 1.0114 -0.5133, -7.605 1.0254 -0.5583, -7.605 1.0254 -0.5068, -7.6027 1.0399 -0.5583, -7.6027 1.0399 -0.5, -7.6028 1.0416 -0.4992, -7.605 1.0546 -0.5583, -7.605 1.0546 -0.4992, -7.6109 1.0682 -0.5583, -7.6109 1.0682 -0.4992, -7.6201 1.08 -0.5583, -7.6201 1.08 -0.4992, -7.6318 1.0891 -0.5583, -7.6318 1.0891 -0.4992, -7.6439 1.0985 -0.4992, -7.6439 1.0985 -0.5583, -7.6531 1.1107 -0.4992, -7.6531 1.1107 -0.5583, -7.6589 1.1248 -0.4992, -7.6589 1.1248 -0.5583, -7.6609 1.14 -0.4992, -7.6609 1.14 -0.5583, -7.6589 1.1552 -0.4992, -7.6589 1.1552 -0.5583, -7.6531 1.1693 -0.4992, -7.6531 1.1693 -0.5583, -7.6439 1.1815 -0.4992, -7.6439 1.1815 -0.5583, -7.6318 1.1909 -0.4992, -7.6318 1.1909 -0.5583, -7.6201 1.2 -0.5583, -7.6201 1.2 -0.4992, -7.6109 1.2117 -0.5583, -7.6109 1.2117 -0.4992, -7.605 1.2254 -0.5583, -7.605 1.2254 -0.4992, -7.6027 1.2401 -0.5583, -7.6027 1.2401 -0.4992, -7.8193 1.0416 -0.4992, -7.8193 0.9825 -0.5268, -7.6618 1.2975 -0.5583, -7.6618 1.2975 -0.4992, -7.6468 1.2955 -0.4992, -7.6468 1.2955 -0.5583, -7.6327 1.2898 -0.4992, -7.6327 1.2898 -0.5583, -7.6206 1.2808 -0.4992, -7.6206 1.2808 -0.5583, -7.6112 1.2689 -0.4992, -7.6112 1.2689 -0.5583, -7.6051 1.255 -0.4992, -7.6051 1.255 -0.5583, -7.8193 0.9825 -0.5583, -7.8193 1.2975 -0.5583, -7.9152 1.2975 -0.4817, -7.9152 0.9825 -0.4817, -7.9079 1.2975 -0.5025, -7.9079 0.9825 -0.5025, -7.8962 1.2975 -0.5212, -7.8962 0.9825 -0.5212, -7.8806 1.2975 -0.5368, -7.8806 0.9825 -0.5368, -7.862 1.2975 -0.5485, -7.862 0.9825 -0.5485, -7.8412 1.2975 -0.5558, -7.8412 0.9825 -0.5558, -3.8035 1.0399 -0.5, -3.8034 1.0416 -0.4992, -3.8035 1.0399 -0.5583, -3.8012 1.0546 -0.5583, -3.8012 1.0546 -0.4992, -3.7953 1.0682 -0.4992, -3.7953 1.0682 -0.5583, -3.7862 1.08 -0.4992, -3.7862 1.08 -0.5583, -3.7744 1.0891 -0.4992, -3.7744 1.0891 -0.5583, -3.8035 1.2401 -0.4992, -3.8035 1.2401 -0.5583, -3.8012 1.2254 -0.5583, -3.8012 1.2254 -0.4992, -3.7953 1.2117 -0.5583, -3.7953 1.2117 -0.4992, -3.7862 1.2 -0.5583, -3.7862 1.2 -0.4992, -3.7744 1.1909 -0.5583, -3.7744 1.1909 -0.4992, -3.7624 1.1815 -0.4992, -3.7624 1.1815 -0.5583, -3.7531 1.1693 -0.4992, -3.7531 1.1693 -0.5583, -3.7473 1.1552 -0.4992, -3.7473 1.1552 -0.5583, -3.7453 1.14 -0.4992, -3.7453 1.14 -0.5583, -3.7473 1.1248 -0.4992, -3.7473 1.1248 -0.5583, -3.7531 1.1107 -0.4992, -3.7531 1.1107 -0.5583, -3.7624 1.0985 -0.4992, -3.7624 1.0985 -0.5583, -3.8011 1.0249 -0.5583, -3.8011 1.0249 -0.507, -3.795 1.0111 -0.5583, -3.795 1.0111 -0.5134, -3.7856 0.9992 -0.5583, -3.7856 0.9992 -0.519, -3.7735 0.9901 -0.5583, -3.7735 0.9901 -0.5232, -3.7799 0.9943 -0.5213, -3.7595 0.9845 -0.5583, -3.7445 0.9825 -0.5583, -3.7445 0.9825 -0.5268, -3.752 0.983 -0.5265, -3.7595 0.9845 -0.5259, -3.7667 0.9868 -0.5247, -3.587 0.9825 -0.5268, -3.587 1.0416 -0.4992, -3.491 0.9825 -0.4817, -3.491 1.2975 -0.4817, -3.4983 0.9825 -0.5025, -3.4983 1.2975 -0.5025, -3.51 0.9825 -0.5212, -3.51 1.2975 -0.5212, -3.5256 0.9825 -0.5368, -3.5256 1.2975 -0.5368, -3.5443 0.9825 -0.5485, -3.5443 1.2975 -0.5485, -3.5651 0.9825 -0.5558, -3.5651 1.2975 -0.5558, -3.587 0.9825 -0.5583, -3.587 1.2975 -0.5583, -3.7445 1.2975 -0.5583, -3.7595 1.2955 -0.5583, -3.795 1.2689 -0.5583, -3.8011 1.255 -0.5583, -3.7856 1.2808 -0.5583, -3.7735 1.2898 -0.5583, -3.7445 1.2975 -0.4992, -3.7595 1.2955 -0.4992, -3.7735 1.2898 -0.4992, -3.7856 1.2808 -0.4992, -3.795 1.2689 -0.4992, -3.8011 1.255 -0.4992, -3.587 3.0494 0.115, -3.587 1.3172 0.115, -3.5651 1.3172 0.1125, -3.5651 3.0494 0.1125, -3.5443 1.3172 0.1052, -3.5443 3.0494 0.1052, -3.5256 1.3172 0.0935, -3.5256 3.0494 0.0935, -3.51 1.3172 0.0779, -3.51 3.0494 0.0779, -3.4983 1.3172 0.0592, -3.4983 3.0494 0.0592, -3.491 1.3172 0.0384, -3.491 3.0494 0.0384, -7.0417 3.0298 0.115, -4.3645 3.0298 0.115, -4.3645 3.0517 0.1125, -7.0417 3.0517 0.1125, -4.3645 3.0725 0.1052, -7.0417 3.0725 0.1052, -4.3645 3.0911 0.0935, -7.0417 3.0911 0.0935, -4.3645 3.1067 0.0779, -7.0417 3.1067 0.0779, -4.3645 3.1184 0.0592, -7.0417 3.1184 0.0592, -4.3645 3.1257 0.0384, -7.0417 3.1257 0.0384, -4.3645 3.1282 0.0165, -7.0417 3.1282 0.0165, -7.8193 1.3172 0.115, -7.8193 3.0494 0.115, -7.8412 3.0494 0.1125, -7.8412 1.3172 0.1125, -7.862 3.0494 0.1052, -7.862 1.3172 0.1052, -7.8806 3.0494 0.0935, -7.8806 1.3172 0.0935, -7.8962 3.0494 0.0779, -7.8962 1.3172 0.0779, -7.9079 3.0494 0.0592, -7.9079 1.3172 0.0592, -7.9152 3.0494 0.0384, -7.9152 1.3172 0.0384, -7.8586 1.0416 -0.2236, -7.8648 1.0284 -0.2251, -7.8706 1.0159 -0.2295, -7.8758 1.0047 -0.2365, -7.8802 0.9954 -0.2458, -7.8835 0.9884 -0.257, -7.8855 0.984 -0.2695, -7.8862 0.9825 -0.2827, -7.8862 0.9825 -0.4598, -7.8845 0.9825 -0.4747, -7.8796 0.9825 -0.4889, -7.8716 0.9825 -0.5016, -7.861 0.9825 -0.5122, -7.8483 0.9825 -0.5201, -7.8342 0.9825 -0.5251, -7.8193 1.2975 -0.4992, -7.8586 1.0416 -0.4598, -7.8576 1.0416 -0.4686, -7.8547 1.0416 -0.4769, -7.85 1.0416 -0.4844, -7.8438 1.0416 -0.4906, -7.8363 1.0416 -0.4953, -7.828 1.0416 -0.4982, -7.828 1.2975 -0.4982, -7.8363 1.2975 -0.4953, -7.8438 1.2975 -0.4906, -7.85 1.2975 -0.4844, -7.8547 1.2975 -0.4769, -7.8576 1.2975 -0.4686, -7.8586 1.2975 -0.4598, -7.9152 1.8905 -0.3024, -7.9152 1.8905 -0.4598, -7.8108 2.3426 -0.3024, -7.7983 2.3969 -0.4368, -7.8019 2.381 -0.4493, -7.8108 2.3426 -0.4598, -7.8062 2.3625 -0.4572, -7.7983 2.3969 -0.3254, -7.7954 2.409 -0.3417, -7.7937 2.4167 -0.3607, -7.8062 2.3625 -0.305, -7.7937 2.4167 -0.4015, -7.7954 2.409 -0.4205, -7.8019 2.381 -0.3129, -7.7931 2.4193 -0.3811, -7.7532 2.3293 -0.3024, -7.7487 2.3492 -0.305, -7.7444 2.3677 -0.3129, -7.7407 2.3836 -0.3254, -7.7379 2.3958 -0.3417, -7.7361 2.4034 -0.3607, -7.7355 2.406 -0.3811, -7.7361 2.4034 -0.4015, -7.7379 2.3958 -0.4205, -7.7407 2.3836 -0.4368, -7.7444 2.3677 -0.4493, -7.7487 2.3492 -0.4572, -7.7532 2.3293 -0.4598, -7.8576 1.8772 -0.3024, -7.8576 1.8772 -0.4598, -7.8586 1.8683 -0.3024, -7.0417 3.1282 -0.1016, -4.4236 3.1282 -0.1606, -6.9826 3.1282 -0.1606, -6.9958 3.1282 -0.1591, -4.3704 3.1282 -0.1272, -4.3774 3.1282 -0.1384, -4.366 3.1282 -0.1147, -4.3868 3.1282 -0.1477, -4.398 3.1282 -0.1548, -4.3645 3.1282 -0.1016, -4.4105 3.1282 -0.1591, -7.0195 3.1282 -0.1477, -7.0288 3.1282 -0.1384, -7.0083 3.1282 -0.1548, -7.0359 3.1282 -0.1272, -7.0402 3.1282 -0.1147, -3.587 1.2975 -0.4992, -3.5697 0.9825 -0.5245, -3.5535 0.9825 -0.5178, -3.52 0.9825 -0.2827, -3.52 0.9825 -0.4598, -3.5223 0.9825 -0.4772, -3.529 0.9825 -0.4933, -3.5397 0.9825 -0.5072, -3.5476 1.0416 -0.4598, -3.5488 1.0416 -0.4686, -3.5489 1.0416 -0.47, -3.5518 1.0416 -0.4768, -3.5529 1.0416 -0.4795, -3.5565 1.0416 -0.4842, -3.5591 1.0416 -0.4877, -3.5626 1.0416 -0.4904, -3.5673 1.0416 -0.4939, -3.57 1.0416 -0.4951, -3.5782 1.0416 -0.4981, -3.5768 1.0416 -0.4979, -3.5476 1.8683 -0.3024, -3.5486 1.8772 -0.3024, -3.4911 1.8905 -0.3024, -3.653 2.3293 -0.3024, -3.5955 2.3426 -0.3024, -3.5476 1.2975 -0.4598, -3.5486 1.2975 -0.4686, -3.5515 1.2975 -0.4769, -3.5562 1.2975 -0.4844, -3.5624 1.2975 -0.4906, -3.5699 1.2975 -0.4953, -3.5782 1.2975 -0.4982, -3.5486 1.8772 -0.4598, -3.653 2.3293 -0.4598, -3.6572 2.3477 -0.4575, -3.6572 2.3477 -0.3046, -3.6612 2.365 -0.3114, -3.6647 2.3802 -0.3222, -3.6706 2.4055 -0.3906, -3.6696 2.4011 -0.409, -3.6676 2.3925 -0.4258, -3.6676 2.3925 -0.3364, -3.6696 2.4011 -0.3532, -3.6706 2.4055 -0.3716, -3.6647 2.3802 -0.44, -3.6612 2.365 -0.4508, -3.5955 2.3426 -0.4598, -3.5997 2.361 -0.4575, -3.6037 2.3783 -0.4508, -3.6072 2.3935 -0.44, -3.61 2.4057 -0.4258, -3.612 2.4143 -0.409, -3.613 2.4188 -0.3906, -3.613 2.4188 -0.3716, -3.612 2.4143 -0.3532, -3.61 2.4057 -0.3364, -3.6072 2.3935 -0.3222, -3.6037 2.3783 -0.3114, -3.5997 2.361 -0.3046, -3.4911 1.8905 -0.4598, -3.5207 0.984 -0.2695, -3.5228 0.9884 -0.257, -3.5261 0.9954 -0.2458, -3.5304 1.0047 -0.2365, -3.5356 1.0159 -0.2295, -3.5415 1.0284 -0.2251, -3.5476 1.0416 -0.2236, -7.7571 3.0494 0.115, -7.5601 3.0138 0.115, -7.5697 2.9983 0.115, -7.1533 2.9131 0.115, -7.6345 2.9711 0.115, -7.6523 2.9751 0.115, -7.6686 2.9833 0.115, -3.8114 1.012 0.115, -3.8055 1.0263 0.115, -3.8035 1.0416 0.115, -3.7597 1.3151 0.115, -4.2071 2.9707 0.115, -4.2085 2.9576 0.115, -3.7956 1.2876 0.115, -3.7862 1.2999 0.115, -7.0437 2.9554 0.115, -3.774 1.3092 0.115, -7.5437 0.9825 0.115, -7.0855 2.9137 0.115, -7.1008 2.9116 0.115, -3.6756 3.0494 0.115, -3.7239 2.9954 0.115, -3.7376 2.9833 0.115, -3.7539 2.9751 0.115, -3.7717 2.9711 0.115, -3.7445 1.3172 0.115, -3.79 2.9715 0.115, -3.8365 2.9983 0.115, -3.8234 2.9856 0.115, -3.8076 2.9765 0.115, -7.6486 1.3157 0.115, -7.6362 1.3113 0.115, -7.6162 2.9715 0.115, -7.059 2.9289 0.115, -7.0712 2.9196 0.115, -3.8015 1.2734 0.115, -3.8035 1.2581 0.115, -3.8626 0.9825 0.115, -3.8473 0.9845 0.115, -4.2129 2.9451 0.115, -4.2199 2.9339 0.115, -4.2293 2.9245 0.115, -7.0417 2.9707 0.115, -4.3517 2.9339 0.115, -3.8527 3.0494 0.115, -4.2071 3.0494 0.115, -3.8517 3.0312 0.115, -3.8462 3.0138 0.115, -7.1657 2.9175 0.115, -7.1769 2.9245 0.115, -7.1863 2.9339 0.115, -7.6824 2.9954 0.115, -7.7131 3.0297 0.115, -7.7223 3.0381 0.115, -3.833 0.9904 0.115, -3.8208 0.9998 0.115, -4.3645 2.9707 0.115, -4.3631 2.9576 0.115, -7.1992 3.0494 0.115, -7.5535 3.0494 0.115, -7.1992 2.9707 0.115, -7.5546 3.0312 0.115, -7.1977 2.9576 0.115, -7.1933 2.9451 0.115, -7.5828 2.9856 0.115, -7.1401 2.9116 0.115, -7.625 1.3043 0.115, -7.6156 1.2949 0.115, -7.6086 1.2837 0.115, -4.3311 2.9175 0.115, -4.3423 2.9245 0.115, -4.3587 2.9451 0.115, -7.0496 2.9412 0.115, -7.6618 1.3172 0.115, -7.5987 2.9765 0.115, -7.6042 1.2712 0.115, -7.6027 1.0416 0.115, -7.6012 1.0284 0.115, -7.6027 1.2581 0.115, -7.5969 1.0159 0.115, -7.5898 1.0047 0.115, -7.733 3.0443 0.115, -7.7448 3.0481 0.115, -4.2405 2.9175 0.115, -4.253 2.9131 0.115, -4.2661 2.9116 0.115, -4.3055 2.9116 0.115, -4.3186 2.9131 0.115, -7.5805 0.9954 0.115, -7.5693 0.9884 0.115, -7.5568 0.984 0.115, -7.8586 1.2581 -0.2236, -7.8586 1.8683 -0.4598, -7.8586 1.8683 -0.2039, -7.8586 1.8566 -0.2054, -7.8586 1.8455 -0.2096, -7.8586 1.8357 -0.2163, -7.8586 1.8278 -0.2252, -7.8586 1.8223 -0.2357, -7.8586 1.8195 -0.2472, -7.8586 1.8195 -0.2591, -7.8586 1.8223 -0.2706, -7.8586 1.8278 -0.2811, -7.8586 1.8357 -0.29, -7.8586 1.8455 -0.2967, -7.8586 1.8566 -0.3009, -7.8586 2.4786 -0.2039, -7.8586 2.4917 -0.2054, -7.8586 2.5042 -0.2098, -7.8586 2.5154 -0.2168, -7.8586 2.5247 -0.2262, -7.8586 2.5318 -0.2374, -7.8586 2.5362 -0.2498, -7.8586 2.5376 -0.263, -7.8586 2.5376 -0.4008, -7.8586 2.5967 -0.4598, -7.8586 2.5814 -0.4578, -7.8586 2.5672 -0.4519, -7.8586 2.5549 -0.4425, -7.8586 2.5455 -0.4303, -7.8586 2.5396 -0.4161, -7.8586 2.7345 -0.4598, -7.6318 2.9429 -0.4992, -7.6318 2.9429 -0.5583, -7.6201 2.952 -0.5583, -7.6201 2.952 -0.4992, -7.6109 2.9637 -0.5583, -7.6109 2.9637 -0.4992, -7.605 2.9774 -0.5583, -7.605 2.9774 -0.4992, -7.6027 2.9921 -0.5583, -7.6027 2.9921 -0.4992, -7.6318 2.8411 -0.4992, -7.6318 2.8411 -0.5583, -7.6439 2.8505 -0.4992, -7.6439 2.8505 -0.5583, -7.6531 2.8627 -0.4992, -7.6531 2.8627 -0.5583, -7.6589 2.8768 -0.4992, -7.6589 2.8768 -0.5583, -7.6609 2.892 -0.4992, -7.6609 2.892 -0.5583, -7.6589 2.9071 -0.4992, -7.6589 2.9071 -0.5583, -7.6531 2.9213 -0.4992, -7.6531 2.9213 -0.5583, -7.6439 2.9335 -0.4992, -7.6439 2.9335 -0.5583, -7.6027 2.7919 -0.4992, -7.6027 2.7919 -0.5583, -7.605 2.8066 -0.5583, -7.605 2.8066 -0.4992, -7.6109 2.8202 -0.5583, -7.6109 2.8202 -0.4992, -7.6201 2.832 -0.5583, -7.6201 2.832 -0.4992, -7.6618 2.7345 -0.4992, -7.6618 2.7345 -0.5583, -7.6468 2.7364 -0.5583, -7.6468 2.7364 -0.4992, -7.6327 2.7421 -0.5583, -7.6327 2.7421 -0.4992, -7.6206 2.7512 -0.5583, -7.6206 2.7512 -0.4992, -7.6112 2.763 -0.5583, -7.6112 2.763 -0.4992, -7.6051 2.7769 -0.5583, -7.6051 2.7769 -0.4992, -7.8576 2.7345 -0.4686, -7.9152 2.7345 -0.4817, -7.8547 2.7345 -0.4769, -7.9079 2.7345 -0.5025, -7.85 2.7345 -0.4844, -7.8962 2.7345 -0.5212, -7.8438 2.7345 -0.4906, -7.8806 2.7345 -0.5368, -7.8363 2.7345 -0.4953, -7.862 2.7345 -0.5485, -7.828 2.7345 -0.4982, -7.8412 2.7345 -0.5558, -7.8193 2.7345 -0.4992, -7.8193 2.7345 -0.5583, -6.9826 3.0691 -0.1606, -4.4236 3.0691 -0.1606, -3.7744 2.8411 -0.4992, -3.7744 2.8411 -0.5583, -3.7862 2.832 -0.5583, -3.7862 2.832 -0.4992, -3.7953 2.8202 -0.5583, -3.7953 2.8202 -0.4992, -3.8012 2.8066 -0.5583, -3.8012 2.8066 -0.4992, -3.8035 2.7919 -0.5583, -3.8035 2.7919 -0.4992, -3.7445 2.7345 -0.5583, -3.7445 2.7345 -0.4992, -3.7595 2.7364 -0.4992, -3.7595 2.7364 -0.5583, -3.7735 2.7421 -0.4992, -3.7735 2.7421 -0.5583, -3.7856 2.7512 -0.4992, -3.7856 2.7512 -0.5583, -3.795 2.763 -0.4992, -3.795 2.763 -0.5583, -3.8011 2.7769 -0.4992, -3.8011 2.7769 -0.5583, -3.8035 2.9921 -0.4992, -3.8035 2.9921 -0.5583, -3.8012 2.9774 -0.5583, -3.8012 2.9774 -0.4992, -3.7953 2.9637 -0.5583, -3.7953 2.9637 -0.4992, -3.7862 2.952 -0.5583, -3.7862 2.952 -0.4992, -3.7744 2.9429 -0.5583, -3.7744 2.9429 -0.4992, -3.7624 2.9335 -0.4992, -3.7624 2.9335 -0.5583, -3.7531 2.9213 -0.4992, -3.7531 2.9213 -0.5583, -3.7473 2.9071 -0.4992, -3.7473 2.9071 -0.5583, -3.7453 2.892 -0.4992, -3.7453 2.892 -0.5583, -3.7473 2.8768 -0.4992, -3.7473 2.8768 -0.5583, -3.7531 2.8627 -0.4992, -3.7531 2.8627 -0.5583, -3.7624 2.8505 -0.4992, -3.7624 2.8505 -0.5583, -3.5476 2.7345 -0.4598, -3.4919 2.7345 -0.4853, -3.5486 2.7345 -0.4686, -3.5017 2.7345 -0.509, -3.5515 2.7345 -0.4769, -3.5174 2.7345 -0.5294, -3.587 2.7345 -0.4992, -3.587 2.7345 -0.5583, -3.5782 2.7345 -0.4982, -3.5615 2.7345 -0.5549, -3.5699 2.7345 -0.4953, -3.5378 2.7345 -0.5451, -3.5624 2.7345 -0.4906, -3.5562 2.7345 -0.4844, -3.5476 2.5967 -0.4598, -3.5476 2.5376 -0.4008, -3.5476 2.5391 -0.4139, -3.5476 2.5435 -0.4264, -3.5476 2.5505 -0.4376, -3.5476 2.5599 -0.447, -3.5476 2.5711 -0.454, -3.5476 2.5835 -0.4584, -3.5476 2.5376 -0.263, -3.5476 2.4786 -0.2039, -3.5476 2.4917 -0.2054, -3.5476 2.5042 -0.2098, -3.5476 2.5154 -0.2168, -3.5476 2.5247 -0.2262, -3.5476 2.5318 -0.2374, -3.5476 2.5362 -0.2498, -3.5476 1.8683 -0.2039, -3.5476 1.8556 -0.2056, -3.5476 1.8437 -0.2105, -3.5476 1.8335 -0.2183, -3.5476 1.8257 -0.2285, -3.5476 1.8208 -0.2404, -3.5476 1.8191 -0.2531, -3.5476 1.8208 -0.2659, -3.5476 1.8257 -0.2777, -3.5476 1.8335 -0.2879, -3.5476 1.8437 -0.2958, -3.5476 1.8556 -0.3007, -3.5476 1.8683 -0.4598, -3.5476 1.2581 -0.2236, -3.8035 1.0416 0.0559, -3.8055 1.0263 0.063, -3.8114 1.012 0.0697, -3.8208 0.9998 0.0754, -3.833 0.9904 0.0798, -3.8266 0.9947 0.0778, -3.8626 0.9825 0.0835, -3.8549 0.983 0.0832, -3.8473 0.9845 0.0825, -3.84 0.987 0.0814, -7.5437 0.9825 0.0835, -7.5568 0.984 0.0828, -7.5693 0.9884 0.0807, -7.5805 0.9954 0.0775, -7.5898 1.0047 0.0731, -7.5969 1.0159 0.0679, -7.6012 1.0284 0.062, -7.6027 1.0416 0.0559, -7.8586 1.3172 -0.1646, -7.8586 1.3151 -0.1798, -7.8586 1.3092 -0.1941, -7.8586 1.2999 -0.2063, -7.8586 1.2876 -0.2157, -7.8586 1.2734 -0.2216, -7.8586 1.3172 0.0165, -7.8586 3.0494 0.0165, -7.8586 3.0494 -0.4598, -7.8193 3.0494 -0.4992, -7.828 3.0494 -0.4982, -7.8363 3.0494 -0.4953, -7.8438 3.0494 -0.4906, -7.85 3.0494 -0.4844, -7.8547 3.0494 -0.4769, -7.8576 3.0494 -0.4686, -7.6206 3.0327 -0.4992, -7.6327 3.0418 -0.4992, -7.6618 3.0494 -0.4992, -7.6468 3.0475 -0.4992, -7.6051 3.007 -0.4992, -7.6112 3.0209 -0.4992, -7.6618 3.0494 -0.5583, -7.6468 3.0475 -0.5583, -7.6327 3.0418 -0.5583, -7.6206 3.0327 -0.5583, -7.6112 3.0209 -0.5583, -7.6051 3.007 -0.5583, -7.8193 3.0494 -0.5583, -7.9152 3.0494 -0.4817, -7.9079 3.0494 -0.5025, -7.8962 3.0494 -0.5212, -7.8806 3.0494 -0.5368, -7.862 3.0494 -0.5485, -7.8412 3.0494 -0.5558, -6.9958 3.0691 -0.1591, -7.0083 3.0691 -0.1548, -7.0195 3.0691 -0.1477, -7.0288 3.0691 -0.1384, -7.0359 3.0691 -0.1272, -7.0402 3.0691 -0.1147, -7.0417 3.0691 -0.1016, -4.3645 3.0691 -0.1016, -4.3645 3.0691 0.0165, -7.0417 3.0691 0.0165, -4.366 3.0691 -0.1147, -4.4105 3.0691 -0.1591, -4.398 3.0691 -0.1548, -4.3868 3.0691 -0.1477, -4.3774 3.0691 -0.1384, -4.3704 3.0691 -0.1272, -3.4919 3.0494 -0.4853, -3.5017 3.0494 -0.509, -3.5174 3.0494 -0.5294, -3.5378 3.0494 -0.5451, -3.5615 3.0494 -0.5549, -3.587 3.0494 -0.5583, -3.7445 3.0494 -0.5583, -3.7595 3.0475 -0.5583, -3.795 3.0209 -0.5583, -3.8011 3.007 -0.5583, -3.7856 3.0327 -0.5583, -3.7735 3.0418 -0.5583, -3.8011 3.007 -0.4992, -3.795 3.0209 -0.4992, -3.7856 3.0327 -0.4992, -3.7735 3.0418 -0.4992, -3.7595 3.0475 -0.4992, -3.7445 3.0494 -0.4992, -3.587 3.0494 -0.4992, -3.5782 3.0494 -0.4982, -3.5699 3.0494 -0.4953, -3.5624 3.0494 -0.4906, -3.5562 3.0494 -0.4844, -3.5515 3.0494 -0.4769, -3.5486 3.0494 -0.4686, -3.5476 3.0494 -0.4598, -3.5476 1.3172 0.0165, -3.5476 1.2999 -0.2063, -3.5476 1.2876 -0.2157, -3.5476 1.2734 -0.2216, -3.5476 1.3151 -0.1798, -3.5476 1.3092 -0.1941, -3.5476 1.3172 -0.1646, -3.5476 3.0494 0.0165, -3.8035 1.2581 0.0559, -3.8015 1.2734 0.0559, -3.7956 1.2876 0.0559, -3.7862 1.2999 0.0559, -3.774 1.3092 0.0559, -3.7597 1.3151 0.0559, -3.7445 1.3172 0.0559, -7.6027 1.2581 0.0559, -7.6618 1.3172 0.0559, -7.6486 1.3157 0.0559, -7.6362 1.3113 0.0559, -7.625 1.3043 0.0559, -7.6156 1.2949 0.0559, -7.6086 1.2837 0.0559, -7.6042 1.2712 0.0559, -7.8193 1.3172 0.0559, -7.828 1.3172 0.0549, -7.8363 1.3172 0.052, -7.8438 1.3172 0.0473, -7.85 1.3172 0.0411, -7.8547 1.3172 0.0336, -7.8576 1.3172 0.0253, -7.8576 3.0494 0.0253, -7.8547 3.0494 0.0336, -7.85 3.0494 0.0411, -7.8438 3.0494 0.0473, -7.8363 3.0494 0.052, -7.828 3.0494 0.0549, -7.8193 3.0494 0.0559, -7.7571 3.0494 0.0559, -7.7131 3.0297 0.0559, -7.7223 3.0381 0.0559, -7.733 3.0443 0.0559, -7.7448 3.0481 0.0559, -7.6824 2.9954 0.0559, -7.6686 2.9833 0.0559, -7.6523 2.9751 0.0559, -7.6345 2.9711 0.0559, -7.6162 2.9715 0.0559, -7.5987 2.9765 0.0559, -7.5828 2.9856 0.0559, -7.5697 2.9983 0.0559, -7.5601 3.0138 0.0559, -7.5546 3.0312 0.0559, -7.5535 3.0494 0.0559, -7.1992 3.0494 0.0559, -7.1992 2.9707 0.0559, -7.1401 2.9116 0.0559, -7.1533 2.9131 0.0559, -7.1657 2.9175 0.0559, -7.1769 2.9245 0.0559, -7.1863 2.9339 0.0559, -7.1933 2.9451 0.0559, -7.1977 2.9576 0.0559, -7.1008 2.9116 0.0559, -7.0417 2.9707 0.0559, -7.0437 2.9554 0.0559, -7.0496 2.9412 0.0559, -7.059 2.9289 0.0559, -7.0712 2.9196 0.0559, -7.0855 2.9137 0.0559, -7.0417 3.0298 0.0559, -7.0417 3.0385 0.0549, -7.0417 3.0468 0.052, -7.0417 3.0543 0.0473, -7.0417 3.0605 0.0411, -7.0417 3.0652 0.0336, -7.0417 3.0681 0.0253, -4.3645 3.0681 0.0253, -4.3645 3.0652 0.0336, -4.3645 3.0605 0.0411, -4.3645 3.0543 0.0473, -4.3645 3.0468 0.052, -4.3645 3.0385 0.0549, -4.3645 3.0298 0.0559, -4.3645 2.9707 0.0559, -4.3055 2.9116 0.0559, -4.3186 2.9131 0.0559, -4.3311 2.9175 0.0559, -4.3423 2.9245 0.0559, -4.3517 2.9339 0.0559, -4.3587 2.9451 0.0559, -4.3631 2.9576 0.0559, -4.2661 2.9116 0.0559, -4.2071 2.9707 0.0559, -4.2085 2.9576 0.0559, -4.2129 2.9451 0.0559, -4.2199 2.9339 0.0559, -4.2293 2.9245 0.0559, -4.2405 2.9175 0.0559, -4.253 2.9131 0.0559, -4.2071 3.0494 0.0559, -3.8527 3.0494 0.0559, -3.8517 3.0312 0.0559, -3.8462 3.0138 0.0559, -3.8365 2.9983 0.0559, -3.8234 2.9856 0.0559, -3.8076 2.9765 0.0559, -3.79 2.9715 0.0559, -3.7717 2.9711 0.0559, -3.7539 2.9751 0.0559, -3.7376 2.9833 0.0559, -3.7239 2.9954 0.0559, -3.6756 3.0494 0.0559, -3.587 3.0494 0.0559, -3.5782 3.0494 0.0549, -3.5699 3.0494 0.052, -3.5624 3.0494 0.0473, -3.5562 3.0494 0.0411, -3.5515 3.0494 0.0336, -3.5486 3.0494 0.0253, -3.5486 1.3172 0.0253, -3.5515 1.3172 0.0336, -3.5562 1.3172 0.0411, -3.5624 1.3172 0.0473, -3.5699 1.3172 0.052, -3.5782 1.3172 0.0549, -3.587 1.3172 0.0559, -3.587 1.3172 0.0559
            ]
        }
        coordIndex [
            0,1,2,-1,3,4,5,-1,5,4,6,-1,5,6,7,-1,7,6,8,-1,7,8,9,-1,9,8,10,-1,9,10,11,-1,12,13,14,-1,15,16,17,-1,18,19,20,-1,20,19,21,-1,20,21,22,-1,11,23,9,-1,9,23,24,-1,9,24,25,-1,25,24,26,-1,3,5,27,-1,27,5,0,-1,27,0,28,-1,28,0,2,-1,28,2,14,-1,14,2,29,-1,14,29,12,-1,13,30,14,-1,14,30,31,-1,14,31,32,-1,32,31,33,-1,32,33,15,-1,15,33,34,-1,15,34,16,-1,17,35,15,-1,15,35,36,-1,15,36,20,-1,20,36,37,-1,20,37,18,-1,22,38,20,-1,20,38,39,-1,20,39,40,-1,40,39,41,-1,40,41,42,-1,42,41,43,-1,42,43,44,-1,43,45,44,-1,44,45,46,-1,44,46,47,-1,47,48,44,-1,44,48,49,-1,44,49,50,-1,51,52,53,-1,53,52,54,-1,53,55,51,-1,51,55,56,-1,51,56,57,-1,57,56,58,-1,57,58,59,-1,59,60,57,-1,57,60,61,-1,57,61,62,-1,63,64,65,-1,66,67,68,-1,68,67,69,-1,66,70,67,-1,67,70,71,-1,67,71,54,-1,54,71,72,-1,54,72,53,-1,64,73,65,-1,65,73,74,-1,65,74,75,-1,76,77,60,-1,60,77,78,-1,60,78,79,-1,79,80,60,-1,60,80,81,-1,60,81,61,-1,76,60,75,-1,75,60,82,-1,75,82,65,-1,83,84,85,-1,83,85,86,-1,84,87,85,-1,85,87,88,-1,85,88,89,-1,89,90,85,-1,85,90,91,-1,85,91,65,-1,65,91,92,-1,65,92,63,-1,85,93,86,-1,86,93,94,-1,86,94,95,-1,96,97,95,-1,95,97,98,-1,95,98,86,-1,96,99,97,-1,97,99,100,-1,97,100,101,-1,102,103,104,-1,104,103,105,-1,104,105,106,-1,106,105,107,-1,107,105,108,-1,107,108,109,-1,109,108,110,-1,110,108,111,-1,110,111,112,-1,112,111,113,-1,112,113,114,-1,114,113,115,-1,114,115,116,-1,116,115,117,-1,116,117,118,-1,118,117,119,-1,119,117,120,-1,119,120,121,-1,121,120,122,-1,121,122,123,-1,123,122,124,-1,123,124,125,-1,125,124,126,-1,125,126,127,-1,127,126,128,-1,128,126,129,-1,128,129,130,-1,130,129,131,-1,130,131,132,-1,132,131,133,-1,132,133,134,-1,134,133,135,-1,134,135,136,-1,136,135,137,-1,136,137,138,-1,138,137,139,-1,138,139,140,-1,140,139,141,-1,140,141,142,-1,142,141,143,-1,142,143,144,-1,142,144,145,-1,145,144,146,-1,145,146,147,-1,147,146,148,-1,147,148,149,-1,149,148,150,-1,149,150,151,-1,152,153,119,-1,119,153,102,-1,107,109,119,-1,119,109,110,-1,119,110,118,-1,118,110,112,-1,118,112,116,-1,116,112,114,-1,102,104,119,-1,119,104,106,-1,119,106,107,-1,154,155,156,-1,154,156,157,-1,157,156,158,-1,157,158,159,-1,159,158,160,-1,159,160,161,-1,161,160,162,-1,161,162,163,-1,163,162,164,-1,163,164,165,-1,165,164,151,-1,165,151,150,-1,122,120,103,-1,122,103,124,-1,133,131,166,-1,166,131,129,-1,166,129,103,-1,103,129,126,-1,103,126,124,-1,159,161,148,-1,141,167,143,-1,143,167,154,-1,143,154,144,-1,144,154,146,-1,141,139,167,-1,167,139,137,-1,167,137,166,-1,166,137,135,-1,166,135,133,-1,120,117,103,-1,103,117,115,-1,103,115,113,-1,113,111,103,-1,103,111,108,-1,103,108,105,-1,146,154,148,-1,148,154,157,-1,148,157,159,-1,161,163,148,-1,148,163,165,-1,148,165,150,-1,52,51,168,-1,52,168,169,-1,169,168,170,-1,169,170,171,-1,171,170,172,-1,171,172,173,-1,173,172,174,-1,173,174,175,-1,175,174,176,-1,175,176,177,-1,177,176,178,-1,177,178,179,-1,179,178,167,-1,179,167,166,-1,180,181,182,-1,182,181,183,-1,181,184,183,-1,183,184,185,-1,183,185,186,-1,186,185,187,-1,186,187,188,-1,188,187,189,-1,188,189,190,-1,191,192,193,-1,191,193,194,-1,194,193,195,-1,194,195,196,-1,196,195,197,-1,196,197,198,-1,198,197,199,-1,198,199,200,-1,200,199,201,-1,201,199,202,-1,201,202,203,-1,203,202,204,-1,203,204,205,-1,205,204,206,-1,205,206,207,-1,207,206,208,-1,207,208,209,-1,209,208,210,-1,209,210,211,-1,211,210,212,-1,211,212,213,-1,213,212,214,-1,213,214,189,-1,189,214,190,-1,180,182,215,-1,180,215,216,-1,216,215,217,-1,216,217,218,-1,218,217,219,-1,218,219,220,-1,221,222,219,-1,219,222,223,-1,219,223,220,-1,224,225,226,-1,226,227,224,-1,224,227,228,-1,224,228,221,-1,221,228,229,-1,221,229,222,-1,223,181,180,-1,223,180,220,-1,220,180,216,-1,220,216,218,-1,223,222,181,-1,181,222,229,-1,181,229,228,-1,230,231,226,-1,226,231,181,-1,226,181,227,-1,227,181,228,-1,5,7,232,-1,5,232,233,-1,233,232,234,-1,233,234,235,-1,235,234,236,-1,235,236,237,-1,237,236,238,-1,237,238,239,-1,239,238,240,-1,239,240,241,-1,241,240,242,-1,241,242,243,-1,243,242,244,-1,243,244,245,-1,204,202,245,-1,245,202,246,-1,246,202,199,-1,246,199,197,-1,225,183,186,-1,197,195,246,-1,246,195,193,-1,246,193,247,-1,186,188,225,-1,225,188,190,-1,225,190,244,-1,244,190,214,-1,244,214,212,-1,212,210,244,-1,244,210,208,-1,244,208,245,-1,245,208,206,-1,245,206,204,-1,224,221,219,-1,248,193,249,-1,249,193,192,-1,248,250,193,-1,193,250,251,-1,193,251,247,-1,219,217,224,-1,224,217,215,-1,224,215,225,-1,225,215,182,-1,225,182,183,-1,252,246,247,-1,252,247,253,-1,253,247,251,-1,253,251,254,-1,254,251,250,-1,254,250,255,-1,255,250,248,-1,255,248,256,-1,256,248,249,-1,256,249,257,-1,257,249,192,-1,257,192,191,-1,258,259,260,-1,258,260,261,-1,261,260,262,-1,261,262,263,-1,263,262,264,-1,263,264,265,-1,265,264,266,-1,265,266,267,-1,267,266,268,-1,267,268,269,-1,269,268,270,-1,269,270,271,-1,271,270,15,-1,271,15,20,-1,272,273,274,-1,272,274,275,-1,275,274,276,-1,275,276,277,-1,277,276,278,-1,277,278,279,-1,279,278,280,-1,279,280,281,-1,281,280,282,-1,281,282,283,-1,283,282,284,-1,283,284,285,-1,285,284,286,-1,285,286,287,-1,288,289,290,-1,288,290,291,-1,291,290,292,-1,291,292,293,-1,293,292,294,-1,293,294,295,-1,295,294,296,-1,295,296,297,-1,297,296,298,-1,297,298,299,-1,299,298,300,-1,299,300,301,-1,301,300,85,-1,301,85,65,-1,302,72,71,-1,302,71,303,-1,303,71,70,-1,303,70,304,-1,304,70,66,-1,304,66,305,-1,305,66,68,-1,305,68,306,-1,306,68,69,-1,306,69,307,-1,307,69,67,-1,307,67,308,-1,308,67,54,-1,308,54,309,-1,309,54,310,-1,310,54,52,-1,310,52,311,-1,311,52,169,-1,311,169,312,-1,312,169,171,-1,312,171,313,-1,313,171,173,-1,313,173,314,-1,314,173,175,-1,314,175,315,-1,315,175,177,-1,315,177,316,-1,316,177,179,-1,316,179,153,-1,153,179,166,-1,153,166,102,-1,102,166,103,-1,128,130,152,-1,142,155,140,-1,140,155,317,-1,140,317,138,-1,130,132,152,-1,152,132,134,-1,152,134,317,-1,317,134,136,-1,317,136,138,-1,142,145,155,-1,155,145,147,-1,155,147,149,-1,119,121,152,-1,152,121,123,-1,160,158,149,-1,149,158,156,-1,149,156,155,-1,123,125,152,-1,152,125,127,-1,152,127,128,-1,151,164,149,-1,149,164,162,-1,149,162,160,-1,318,310,319,-1,319,310,311,-1,319,311,320,-1,320,311,312,-1,320,312,321,-1,321,312,313,-1,321,313,322,-1,322,313,314,-1,322,314,323,-1,323,314,315,-1,323,315,324,-1,324,315,316,-1,324,316,152,-1,152,316,153,-1,155,154,317,-1,317,154,167,-1,317,167,325,-1,325,167,178,-1,325,178,326,-1,326,178,176,-1,326,176,327,-1,327,176,174,-1,327,174,328,-1,328,174,172,-1,328,172,329,-1,329,172,170,-1,329,170,330,-1,330,170,168,-1,330,168,331,-1,331,168,51,-1,62,332,57,-1,57,332,333,-1,334,335,336,-1,333,332,337,-1,337,332,334,-1,337,334,338,-1,338,334,336,-1,339,340,341,-1,342,343,334,-1,334,343,344,-1,334,344,335,-1,342,345,343,-1,343,345,339,-1,343,339,346,-1,346,339,341,-1,334,347,348,-1,334,348,342,-1,342,348,349,-1,342,349,345,-1,345,349,350,-1,345,350,339,-1,339,350,351,-1,339,351,340,-1,340,351,352,-1,340,352,341,-1,341,352,353,-1,341,353,346,-1,346,353,354,-1,346,354,343,-1,343,354,355,-1,343,355,344,-1,344,355,356,-1,344,356,335,-1,335,356,357,-1,335,357,336,-1,336,357,358,-1,336,358,338,-1,338,358,359,-1,338,359,337,-1,347,360,361,-1,356,355,354,-1,352,351,358,-1,358,351,350,-1,358,350,349,-1,358,357,352,-1,352,357,356,-1,352,356,353,-1,353,356,354,-1,361,359,347,-1,347,359,358,-1,347,358,348,-1,348,358,349,-1,347,334,360,-1,360,334,332,-1,360,332,362,-1,362,332,62,-1,363,287,286,-1,286,364,363,-1,363,364,365,-1,363,365,366,-1,367,368,369,-1,369,368,370,-1,369,370,371,-1,286,372,364,-1,364,372,369,-1,364,369,373,-1,373,369,371,-1,374,375,376,-1,376,375,377,-1,376,377,366,-1,366,377,378,-1,366,378,363,-1,231,189,187,-1,252,194,196,-1,209,211,231,-1,231,211,213,-1,231,213,189,-1,187,185,231,-1,231,185,184,-1,231,184,181,-1,201,379,200,-1,200,379,252,-1,200,252,198,-1,198,252,196,-1,201,203,379,-1,379,203,205,-1,379,205,231,-1,231,205,207,-1,231,207,209,-1,252,253,194,-1,194,253,254,-1,194,254,255,-1,255,256,194,-1,194,256,257,-1,194,257,191,-1,226,225,230,-1,230,225,244,-1,230,244,380,-1,380,244,242,-1,380,242,381,-1,9,382,7,-1,7,382,383,-1,7,383,232,-1,232,383,384,-1,232,384,234,-1,234,384,385,-1,234,385,236,-1,236,385,386,-1,236,386,238,-1,238,386,381,-1,238,381,240,-1,240,381,242,-1,384,383,387,-1,387,388,384,-1,384,388,389,-1,384,389,385,-1,389,390,385,-1,385,390,391,-1,385,391,386,-1,386,391,392,-1,392,393,386,-1,386,393,394,-1,386,394,381,-1,394,395,381,-1,381,395,396,-1,381,396,380,-1,231,230,397,-1,397,230,380,-1,397,380,398,-1,398,380,396,-1,399,1,400,-1,400,1,401,-1,400,401,402,-1,402,401,403,-1,404,5,405,-1,405,5,233,-1,405,233,406,-1,406,233,235,-1,406,235,407,-1,407,235,237,-1,407,237,408,-1,408,237,239,-1,408,239,409,-1,409,239,241,-1,409,241,410,-1,410,241,243,-1,410,243,379,-1,379,243,245,-1,379,245,252,-1,252,245,246,-1,411,400,412,-1,412,400,402,-1,412,402,413,-1,413,402,414,-1,413,414,415,-1,416,417,415,-1,415,417,418,-1,415,418,419,-1,420,421,416,-1,416,421,422,-1,416,422,417,-1,419,423,415,-1,415,423,424,-1,415,424,413,-1,425,412,413,-1,425,413,426,-1,426,413,424,-1,426,424,427,-1,427,424,423,-1,427,423,428,-1,428,423,419,-1,428,419,429,-1,429,419,418,-1,429,418,430,-1,430,418,417,-1,430,417,431,-1,431,417,422,-1,431,422,432,-1,432,422,421,-1,432,421,433,-1,433,421,420,-1,433,420,434,-1,434,420,416,-1,434,416,435,-1,435,416,415,-1,435,415,436,-1,436,415,414,-1,436,414,437,-1,437,414,402,-1,437,402,403,-1,427,428,429,-1,427,429,426,-1,431,432,425,-1,425,432,433,-1,426,429,425,-1,425,429,430,-1,425,430,431,-1,433,434,425,-1,425,434,435,-1,425,435,436,-1,401,438,403,-1,403,438,425,-1,403,425,437,-1,437,425,436,-1,0,438,1,-1,1,438,401,-1,382,9,25,-1,382,25,439,-1,439,25,26,-1,439,26,440,-1,440,26,24,-1,440,24,441,-1,441,24,23,-1,441,23,442,-1,442,23,11,-1,442,11,443,-1,443,11,10,-1,443,10,444,-1,444,10,8,-1,444,8,445,-1,446,289,288,-1,447,448,449,-1,450,451,288,-1,288,451,452,-1,453,454,455,-1,456,457,458,-1,459,460,461,-1,461,460,462,-1,461,462,456,-1,463,464,465,-1,258,466,259,-1,259,466,467,-1,259,467,468,-1,468,469,259,-1,259,469,470,-1,259,470,471,-1,471,470,472,-1,471,472,456,-1,473,457,474,-1,474,457,456,-1,474,456,475,-1,475,456,472,-1,476,477,478,-1,479,480,481,-1,481,480,464,-1,481,464,482,-1,482,464,463,-1,482,463,455,-1,455,463,483,-1,455,483,484,-1,458,485,456,-1,456,485,486,-1,456,486,487,-1,488,461,489,-1,490,491,492,-1,492,491,457,-1,492,457,493,-1,493,457,473,-1,449,494,447,-1,447,494,495,-1,447,495,496,-1,452,497,288,-1,288,497,498,-1,288,498,499,-1,484,500,455,-1,455,500,501,-1,455,501,453,-1,502,273,272,-1,502,272,503,-1,504,505,506,-1,506,505,507,-1,506,507,508,-1,508,507,447,-1,508,447,509,-1,509,447,496,-1,448,510,449,-1,449,510,463,-1,449,463,511,-1,511,463,465,-1,477,512,478,-1,478,512,513,-1,478,513,514,-1,456,515,461,-1,461,515,516,-1,461,516,489,-1,488,489,272,-1,272,489,517,-1,272,517,503,-1,459,461,481,-1,481,461,518,-1,481,518,479,-1,450,288,478,-1,478,288,519,-1,478,519,476,-1,510,520,463,-1,463,520,478,-1,463,478,521,-1,521,478,514,-1,522,523,524,-1,524,523,525,-1,524,525,526,-1,499,527,288,-1,288,527,528,-1,288,528,446,-1,487,529,456,-1,456,529,530,-1,456,530,531,-1,531,532,456,-1,456,532,533,-1,456,533,515,-1,526,534,524,-1,524,534,535,-1,524,535,521,-1,521,535,536,-1,521,536,463,-1,53,72,537,-1,537,72,302,-1,310,318,309,-1,309,318,302,-1,302,303,309,-1,309,303,304,-1,309,304,305,-1,305,306,309,-1,309,306,307,-1,309,307,308,-1,152,317,324,-1,324,317,325,-1,324,325,323,-1,323,325,326,-1,323,326,322,-1,322,326,327,-1,322,327,321,-1,321,327,328,-1,321,328,320,-1,320,328,329,-1,320,329,319,-1,319,329,330,-1,319,330,318,-1,318,330,331,-1,331,51,538,-1,538,51,57,-1,538,57,361,-1,361,57,333,-1,361,333,359,-1,359,333,337,-1,361,360,538,-1,538,360,362,-1,92,539,63,-1,63,539,540,-1,63,540,64,-1,64,540,541,-1,64,541,73,-1,73,541,542,-1,73,542,74,-1,74,542,543,-1,74,543,75,-1,75,543,544,-1,75,544,76,-1,76,544,545,-1,76,545,77,-1,77,545,546,-1,77,546,78,-1,78,546,547,-1,78,547,79,-1,79,547,548,-1,79,548,80,-1,80,548,549,-1,80,549,81,-1,81,549,550,-1,81,550,61,-1,61,550,551,-1,61,551,62,-1,62,551,362,-1,539,92,552,-1,552,92,91,-1,552,91,553,-1,553,91,90,-1,553,90,554,-1,554,90,89,-1,554,89,555,-1,555,89,88,-1,555,88,556,-1,556,88,87,-1,556,87,557,-1,557,87,84,-1,557,84,558,-1,558,84,83,-1,558,83,559,-1,559,83,86,-1,98,560,86,-1,86,560,559,-1,95,561,562,-1,95,562,96,-1,96,562,563,-1,96,563,99,-1,99,563,564,-1,99,564,100,-1,100,564,565,-1,100,565,101,-1,101,565,566,-1,101,566,97,-1,97,566,560,-1,97,560,98,-1,94,567,95,-1,95,567,561,-1,568,569,570,-1,568,570,571,-1,571,570,572,-1,571,572,573,-1,573,572,574,-1,573,574,575,-1,575,574,576,-1,575,576,577,-1,578,579,580,-1,580,579,581,-1,580,581,582,-1,582,581,583,-1,582,583,584,-1,584,583,585,-1,584,585,586,-1,586,585,587,-1,586,587,588,-1,588,587,589,-1,588,589,590,-1,590,589,591,-1,590,591,592,-1,592,591,593,-1,592,593,568,-1,568,593,569,-1,594,595,596,-1,594,596,597,-1,597,596,598,-1,597,598,599,-1,599,598,600,-1,599,600,601,-1,601,600,579,-1,601,579,578,-1,602,603,604,-1,602,604,605,-1,605,604,606,-1,605,606,607,-1,607,606,608,-1,607,608,609,-1,609,608,610,-1,609,610,611,-1,611,610,612,-1,611,612,613,-1,613,612,595,-1,613,595,594,-1,567,94,614,-1,614,94,615,-1,614,615,616,-1,616,615,617,-1,616,617,618,-1,618,617,619,-1,618,619,620,-1,620,619,621,-1,620,621,622,-1,622,621,623,-1,622,623,624,-1,624,623,625,-1,624,625,626,-1,626,625,627,-1,626,627,602,-1,602,627,603,-1,628,365,629,-1,629,365,364,-1,630,631,632,-1,630,632,633,-1,633,632,634,-1,633,634,635,-1,635,634,636,-1,635,636,637,-1,637,636,638,-1,637,638,639,-1,640,641,642,-1,640,642,643,-1,643,642,644,-1,643,644,645,-1,645,644,646,-1,645,646,647,-1,647,646,648,-1,647,648,649,-1,649,648,650,-1,649,650,651,-1,651,650,639,-1,651,639,638,-1,652,653,654,-1,652,654,655,-1,655,654,656,-1,655,656,657,-1,657,656,658,-1,657,658,659,-1,659,658,660,-1,659,660,661,-1,661,660,662,-1,662,660,663,-1,662,663,664,-1,664,663,665,-1,664,665,666,-1,666,665,667,-1,666,667,668,-1,668,667,669,-1,668,669,670,-1,670,669,671,-1,670,671,672,-1,672,671,673,-1,672,673,674,-1,674,673,675,-1,674,675,630,-1,630,675,631,-1,42,676,677,-1,677,676,678,-1,677,678,679,-1,679,678,680,-1,679,680,681,-1,641,640,682,-1,682,640,683,-1,682,683,684,-1,684,683,685,-1,684,685,686,-1,686,685,687,-1,686,687,688,-1,688,687,681,-1,688,681,689,-1,689,681,680,-1,410,379,231,-1,231,397,410,-1,410,397,398,-1,410,398,409,-1,398,396,409,-1,409,396,395,-1,409,395,408,-1,395,394,408,-1,408,394,393,-1,408,393,407,-1,393,392,407,-1,407,392,391,-1,407,391,406,-1,391,390,406,-1,406,390,389,-1,406,389,405,-1,405,389,388,-1,405,388,404,-1,404,388,387,-1,387,383,445,-1,445,383,382,-1,442,443,382,-1,382,443,444,-1,382,444,445,-1,439,440,382,-1,382,440,441,-1,382,441,442,-1,676,42,690,-1,690,42,44,-1,43,691,692,-1,43,692,45,-1,45,692,693,-1,45,693,46,-1,46,693,694,-1,46,694,47,-1,47,694,695,-1,47,695,48,-1,48,695,696,-1,48,696,49,-1,49,696,697,-1,49,697,50,-1,50,697,690,-1,50,690,44,-1,41,698,43,-1,43,698,691,-1,37,699,18,-1,18,699,700,-1,18,700,19,-1,19,700,701,-1,19,701,21,-1,21,701,702,-1,21,702,22,-1,22,702,703,-1,22,703,38,-1,38,703,704,-1,38,704,39,-1,39,704,705,-1,39,705,41,-1,41,705,698,-1,36,706,37,-1,37,706,699,-1,706,36,707,-1,707,36,35,-1,707,35,708,-1,708,35,17,-1,708,17,709,-1,709,17,16,-1,709,16,710,-1,710,16,34,-1,710,34,711,-1,711,34,33,-1,711,33,712,-1,712,33,31,-1,712,31,713,-1,713,31,30,-1,713,30,714,-1,714,30,13,-1,714,13,715,-1,715,13,12,-1,715,12,716,-1,716,12,29,-1,716,29,717,-1,717,29,2,-1,717,2,399,-1,399,2,1,-1,400,411,399,-1,399,411,718,-1,412,425,411,-1,411,425,438,-1,411,438,718,-1,718,438,0,-1,718,0,404,-1,404,0,5,-1,719,445,6,-1,6,445,8,-1,720,455,454,-1,720,454,721,-1,721,454,453,-1,721,453,722,-1,722,453,501,-1,722,501,723,-1,500,724,501,-1,501,724,725,-1,501,725,723,-1,484,483,726,-1,726,727,484,-1,484,727,728,-1,484,728,500,-1,500,728,729,-1,500,729,724,-1,730,726,463,-1,463,726,483,-1,730,463,536,-1,730,536,731,-1,731,536,535,-1,731,535,732,-1,732,535,534,-1,732,534,733,-1,733,534,526,-1,733,526,734,-1,734,526,525,-1,734,525,735,-1,735,525,523,-1,735,523,736,-1,736,523,522,-1,736,522,737,-1,738,82,739,-1,739,82,60,-1,739,60,740,-1,740,60,59,-1,740,59,741,-1,741,59,58,-1,741,58,742,-1,742,58,56,-1,742,56,743,-1,743,56,55,-1,743,55,537,-1,537,55,53,-1,302,318,537,-1,537,318,331,-1,537,331,743,-1,743,331,742,-1,538,362,551,-1,547,739,548,-1,548,739,549,-1,542,541,744,-1,553,554,745,-1,745,554,555,-1,745,555,556,-1,742,331,741,-1,741,331,538,-1,741,538,740,-1,740,538,551,-1,740,551,739,-1,739,551,550,-1,739,550,549,-1,556,557,745,-1,745,557,558,-1,745,558,746,-1,746,558,559,-1,746,559,567,-1,567,559,560,-1,547,546,739,-1,739,546,545,-1,739,545,738,-1,738,545,544,-1,738,544,744,-1,744,544,543,-1,744,543,542,-1,541,540,744,-1,744,540,539,-1,744,539,745,-1,745,539,552,-1,745,552,553,-1,563,562,560,-1,560,562,561,-1,560,561,567,-1,566,565,560,-1,560,565,564,-1,560,564,563,-1,626,747,624,-1,624,747,748,-1,624,748,622,-1,622,748,749,-1,622,749,620,-1,620,749,750,-1,620,750,618,-1,618,750,751,-1,618,751,616,-1,616,751,752,-1,616,752,614,-1,614,752,753,-1,614,753,567,-1,567,753,746,-1,590,592,747,-1,754,755,575,-1,747,592,756,-1,756,592,568,-1,756,568,571,-1,571,573,756,-1,756,573,575,-1,756,575,757,-1,757,575,755,-1,602,605,607,-1,599,601,602,-1,602,601,578,-1,602,578,626,-1,626,578,580,-1,626,580,582,-1,607,609,602,-1,602,609,611,-1,602,611,613,-1,613,594,602,-1,602,594,597,-1,602,597,599,-1,577,758,575,-1,575,758,759,-1,575,759,754,-1,582,584,626,-1,626,584,586,-1,626,586,747,-1,747,586,588,-1,747,588,590,-1,760,756,757,-1,760,757,761,-1,761,757,755,-1,761,755,762,-1,762,755,754,-1,762,754,763,-1,763,754,759,-1,763,759,764,-1,764,759,758,-1,764,758,765,-1,765,758,577,-1,765,577,576,-1,585,583,627,-1,627,583,581,-1,627,581,603,-1,603,581,579,-1,579,600,603,-1,603,600,598,-1,603,598,596,-1,760,574,572,-1,596,595,603,-1,603,595,612,-1,603,612,610,-1,610,608,603,-1,603,608,606,-1,603,606,604,-1,760,761,574,-1,574,761,762,-1,574,762,763,-1,593,766,569,-1,569,766,760,-1,569,760,570,-1,570,760,572,-1,593,591,766,-1,766,591,589,-1,766,589,627,-1,627,589,587,-1,627,587,585,-1,763,764,574,-1,574,764,765,-1,574,765,576,-1,94,93,767,-1,94,767,615,-1,615,767,768,-1,615,768,617,-1,617,768,769,-1,617,769,619,-1,619,769,770,-1,619,770,621,-1,621,770,771,-1,621,771,623,-1,623,771,772,-1,623,772,625,-1,625,772,766,-1,625,766,627,-1,365,628,773,-1,365,773,366,-1,366,773,774,-1,366,774,376,-1,376,774,775,-1,376,775,374,-1,374,775,776,-1,374,776,375,-1,375,776,777,-1,375,777,377,-1,377,777,778,-1,377,778,378,-1,378,778,779,-1,378,779,363,-1,780,781,782,-1,773,628,779,-1,779,628,782,-1,782,628,780,-1,780,628,629,-1,780,629,783,-1,783,629,784,-1,783,784,785,-1,785,786,783,-1,783,786,787,-1,783,787,788,-1,779,778,773,-1,773,778,777,-1,773,777,774,-1,774,777,776,-1,774,776,775,-1,372,780,783,-1,372,783,369,-1,369,783,788,-1,369,788,367,-1,367,788,787,-1,367,787,368,-1,368,787,786,-1,368,786,370,-1,370,786,785,-1,370,785,371,-1,371,785,784,-1,371,784,373,-1,373,784,629,-1,373,629,364,-1,40,42,677,-1,40,677,789,-1,789,677,679,-1,789,679,790,-1,790,679,681,-1,790,681,791,-1,791,681,687,-1,791,687,792,-1,792,687,685,-1,792,685,793,-1,793,685,683,-1,793,683,794,-1,658,656,795,-1,795,656,654,-1,795,654,796,-1,667,665,794,-1,794,665,663,-1,794,663,795,-1,795,663,660,-1,795,660,658,-1,640,649,651,-1,675,683,631,-1,631,683,640,-1,631,640,632,-1,632,640,634,-1,675,673,683,-1,683,673,671,-1,683,671,794,-1,794,671,669,-1,794,669,667,-1,643,645,640,-1,640,645,647,-1,640,647,649,-1,651,638,640,-1,640,638,636,-1,640,636,634,-1,797,654,798,-1,798,654,653,-1,797,799,654,-1,654,799,800,-1,654,800,796,-1,653,652,801,-1,653,801,798,-1,798,801,802,-1,798,802,797,-1,797,802,803,-1,797,803,799,-1,799,803,804,-1,799,804,800,-1,800,804,805,-1,800,805,796,-1,796,805,806,-1,796,806,795,-1,630,641,674,-1,674,641,682,-1,674,682,672,-1,664,666,807,-1,807,666,668,-1,807,668,682,-1,682,668,670,-1,682,670,672,-1,630,633,641,-1,641,633,635,-1,641,635,637,-1,637,639,641,-1,641,639,650,-1,641,650,648,-1,648,646,641,-1,641,646,644,-1,641,644,642,-1,806,655,657,-1,657,659,806,-1,806,659,661,-1,806,661,807,-1,807,661,662,-1,807,662,664,-1,806,805,655,-1,655,805,804,-1,655,804,803,-1,803,802,655,-1,655,802,801,-1,655,801,652,-1,807,682,808,-1,808,682,684,-1,808,684,809,-1,809,684,686,-1,809,686,810,-1,810,686,688,-1,810,688,811,-1,811,688,689,-1,811,689,812,-1,812,689,680,-1,812,680,813,-1,813,680,678,-1,813,678,814,-1,814,678,676,-1,717,399,718,-1,387,445,404,-1,404,445,719,-1,707,708,815,-1,816,718,817,-1,817,718,404,-1,817,404,818,-1,818,404,719,-1,713,714,819,-1,819,714,715,-1,819,715,716,-1,716,717,819,-1,819,717,718,-1,819,718,820,-1,820,718,816,-1,708,709,815,-1,815,709,710,-1,815,710,821,-1,821,710,711,-1,821,711,819,-1,819,711,712,-1,819,712,713,-1,703,702,822,-1,822,702,701,-1,701,700,822,-1,822,700,699,-1,822,699,815,-1,815,699,706,-1,815,706,707,-1,698,705,822,-1,822,705,704,-1,822,704,703,-1,692,691,697,-1,822,814,698,-1,698,814,676,-1,698,676,691,-1,691,676,690,-1,691,690,697,-1,695,694,693,-1,692,697,693,-1,693,697,696,-1,693,696,695,-1,32,821,14,-1,14,821,819,-1,14,819,28,-1,28,819,820,-1,28,820,27,-1,27,820,816,-1,27,816,3,-1,3,816,817,-1,3,817,4,-1,4,817,818,-1,4,818,6,-1,6,818,719,-1,482,823,481,-1,481,823,824,-1,481,824,459,-1,459,824,825,-1,459,825,460,-1,460,825,826,-1,460,826,462,-1,462,826,827,-1,462,827,456,-1,456,827,828,-1,456,828,471,-1,471,828,829,-1,823,482,720,-1,720,482,455,-1,725,720,723,-1,723,720,721,-1,723,721,722,-1,734,735,730,-1,725,724,720,-1,720,724,729,-1,720,729,728,-1,735,736,730,-1,730,736,737,-1,730,737,726,-1,726,737,720,-1,726,720,727,-1,727,720,728,-1,731,732,730,-1,730,732,733,-1,730,733,734,-1,524,830,522,-1,522,830,737,-1,519,831,476,-1,476,831,832,-1,476,832,477,-1,477,832,833,-1,477,833,512,-1,512,833,834,-1,512,834,513,-1,513,834,835,-1,513,835,514,-1,514,835,836,-1,514,836,521,-1,521,836,837,-1,521,837,524,-1,524,837,830,-1,831,519,838,-1,838,519,288,-1,838,288,839,-1,839,288,291,-1,839,291,840,-1,840,291,293,-1,840,293,841,-1,841,293,295,-1,841,295,842,-1,842,295,297,-1,842,297,843,-1,843,297,299,-1,843,299,844,-1,844,299,301,-1,844,301,744,-1,744,301,65,-1,744,65,738,-1,738,65,82,-1,744,745,844,-1,844,745,845,-1,844,845,843,-1,843,845,846,-1,843,846,842,-1,842,846,847,-1,842,847,841,-1,841,847,848,-1,841,848,840,-1,840,848,849,-1,840,849,839,-1,839,849,850,-1,839,850,838,-1,838,850,851,-1,756,760,747,-1,747,760,766,-1,747,766,748,-1,748,766,772,-1,748,772,749,-1,749,772,771,-1,749,771,750,-1,750,771,770,-1,750,770,751,-1,751,770,769,-1,751,769,752,-1,752,769,768,-1,752,768,753,-1,753,768,767,-1,753,767,746,-1,746,767,93,-1,746,93,745,-1,745,93,85,-1,745,85,845,-1,845,85,300,-1,845,300,846,-1,846,300,298,-1,846,298,847,-1,847,298,296,-1,847,296,848,-1,848,296,294,-1,848,294,849,-1,849,294,292,-1,849,292,850,-1,850,292,290,-1,850,290,851,-1,851,290,289,-1,851,289,852,-1,852,289,446,-1,498,853,854,-1,498,854,499,-1,499,854,855,-1,499,855,527,-1,527,855,856,-1,527,856,528,-1,528,856,852,-1,528,852,446,-1,497,857,498,-1,498,857,853,-1,857,497,858,-1,858,497,452,-1,858,452,859,-1,859,452,451,-1,859,451,860,-1,860,451,450,-1,860,450,861,-1,861,450,478,-1,861,478,862,-1,862,478,520,-1,862,520,863,-1,863,520,510,-1,863,510,864,-1,864,510,448,-1,864,448,865,-1,865,448,447,-1,865,447,866,-1,866,447,507,-1,866,507,867,-1,867,507,505,-1,867,505,868,-1,868,505,504,-1,868,504,869,-1,869,504,506,-1,511,870,449,-1,449,870,871,-1,449,871,494,-1,494,871,872,-1,494,872,495,-1,495,872,873,-1,495,873,496,-1,496,873,874,-1,496,874,509,-1,509,874,875,-1,509,875,508,-1,508,875,876,-1,508,876,506,-1,506,876,869,-1,870,511,877,-1,877,511,465,-1,488,878,461,-1,461,878,879,-1,461,879,518,-1,518,879,880,-1,518,880,479,-1,479,880,881,-1,479,881,480,-1,480,881,882,-1,480,882,464,-1,464,882,883,-1,464,883,465,-1,465,883,877,-1,878,488,884,-1,884,488,272,-1,884,272,885,-1,885,272,275,-1,885,275,886,-1,886,275,277,-1,886,277,887,-1,887,277,279,-1,887,279,888,-1,888,279,281,-1,888,281,889,-1,889,281,283,-1,889,283,890,-1,890,283,285,-1,890,285,782,-1,782,285,287,-1,782,287,779,-1,779,287,363,-1,782,781,890,-1,890,781,891,-1,890,891,889,-1,889,891,892,-1,889,892,888,-1,888,892,893,-1,888,893,887,-1,887,893,894,-1,887,894,886,-1,886,894,895,-1,886,895,885,-1,885,895,896,-1,885,896,884,-1,884,896,897,-1,780,372,781,-1,781,372,286,-1,781,286,891,-1,891,286,284,-1,891,284,892,-1,892,284,282,-1,892,282,893,-1,893,282,280,-1,893,280,894,-1,894,280,278,-1,894,278,895,-1,895,278,276,-1,895,276,896,-1,896,276,274,-1,896,274,897,-1,897,274,273,-1,897,273,898,-1,898,273,502,-1,532,899,533,-1,533,899,900,-1,533,900,515,-1,515,900,901,-1,515,901,516,-1,516,901,902,-1,516,902,489,-1,489,902,903,-1,489,903,517,-1,517,903,904,-1,517,904,503,-1,503,904,905,-1,503,905,502,-1,502,905,898,-1,531,906,532,-1,532,906,899,-1,457,907,458,-1,458,907,908,-1,458,908,485,-1,485,908,909,-1,485,909,486,-1,486,909,910,-1,486,910,487,-1,487,910,911,-1,487,911,529,-1,529,911,912,-1,529,912,530,-1,530,912,913,-1,530,913,531,-1,531,913,906,-1,491,914,457,-1,457,914,907,-1,490,915,491,-1,491,915,914,-1,915,490,916,-1,916,490,492,-1,916,492,917,-1,917,492,493,-1,917,493,918,-1,918,493,473,-1,918,473,919,-1,919,473,474,-1,919,474,920,-1,920,474,475,-1,920,475,921,-1,921,475,472,-1,921,472,922,-1,922,472,470,-1,922,470,923,-1,923,470,469,-1,923,469,924,-1,924,469,468,-1,924,468,925,-1,925,468,467,-1,925,467,926,-1,926,467,466,-1,795,806,794,-1,794,806,807,-1,794,807,793,-1,793,807,808,-1,793,808,792,-1,792,808,809,-1,792,809,791,-1,926,466,927,-1,927,466,258,-1,927,258,928,-1,928,258,261,-1,928,261,929,-1,929,261,263,-1,929,263,930,-1,930,263,265,-1,930,265,931,-1,931,265,267,-1,931,267,932,-1,932,267,269,-1,932,269,933,-1,933,269,271,-1,933,271,822,-1,822,271,20,-1,822,20,814,-1,814,20,40,-1,814,40,813,-1,813,40,789,-1,813,789,812,-1,812,789,790,-1,812,790,811,-1,811,790,791,-1,811,791,810,-1,810,791,809,-1,822,815,933,-1,933,815,934,-1,933,934,932,-1,932,934,935,-1,932,935,931,-1,931,935,936,-1,931,936,930,-1,930,936,937,-1,930,937,929,-1,929,937,938,-1,929,938,928,-1,928,938,939,-1,928,939,927,-1,927,939,940,-1,821,32,815,-1,815,32,15,-1,815,15,934,-1,934,15,270,-1,934,270,935,-1,935,270,268,-1,935,268,936,-1,936,268,266,-1,936,266,937,-1,937,266,264,-1,937,264,938,-1,938,264,262,-1,938,262,939,-1,939,262,260,-1,939,260,940,-1,940,260,259,-1,940,259,829,-1,829,259,471,-1,940,922,923,-1,922,940,921,-1,921,940,829,-1,921,829,828,-1,863,864,824,-1,834,833,859,-1,914,915,907,-1,907,915,916,-1,907,916,917,-1,918,919,828,-1,828,919,920,-1,828,920,921,-1,867,868,866,-1,866,868,869,-1,866,869,865,-1,917,918,907,-1,907,918,828,-1,907,828,908,-1,884,897,878,-1,878,897,879,-1,926,927,925,-1,925,927,940,-1,925,940,924,-1,924,940,923,-1,824,859,860,-1,826,825,883,-1,883,825,824,-1,883,824,877,-1,882,881,897,-1,897,881,880,-1,897,880,879,-1,860,861,824,-1,824,861,862,-1,824,862,863,-1,875,874,864,-1,864,874,873,-1,851,852,838,-1,838,852,856,-1,830,824,737,-1,737,824,823,-1,737,823,720,-1,830,837,824,-1,824,837,836,-1,824,836,859,-1,859,836,835,-1,859,835,834,-1,853,857,838,-1,838,857,858,-1,838,858,831,-1,831,858,859,-1,831,859,832,-1,832,859,833,-1,911,910,828,-1,828,910,909,-1,828,909,908,-1,897,898,882,-1,882,898,905,-1,882,905,904,-1,856,855,838,-1,838,855,854,-1,838,854,853,-1,865,869,864,-1,864,869,876,-1,864,876,875,-1,873,872,864,-1,864,872,871,-1,864,871,824,-1,824,871,870,-1,824,870,877,-1,902,901,827,-1,827,901,900,-1,827,900,899,-1,883,882,826,-1,826,882,904,-1,826,904,827,-1,827,904,903,-1,827,903,902,-1,899,906,827,-1,827,906,913,-1,827,913,828,-1,828,913,912,-1,828,912,911,-1,
        ]
    }
}
Shape{
    appearance Appearance {
        material  Material 	{
            diffuseColor 0.0 0.0 0.0
            specularColor 0.0 0.0 0.0
            ambientIntensity 0.2
            transparency 0
            shininess 0.5
        }
    }
    geometry IndexedFaceSet {
        ccw TRUE
        solid FALSE
        coord DEF co Coordinate {
            point [
                -5.6086 2.7023 0.1189, -5.6086 2.6901 0.1189, -5.6086 2.7023 0.115, -5.6086 2.6901 0.115, -5.6511 2.7023 0.1189, -5.6511 2.7023 0.115, -5.6511 2.7969 0.1189, -5.6511 2.7969 0.115, -5.6649 2.7969 0.1189, -5.6649 2.7969 0.115, -5.6649 2.6901 0.1189, -5.6649 2.6901 0.115, -5.5539 2.6883 0.1189, -5.5539 2.6883 0.115, -5.5473 2.6885 0.115, -5.5473 2.6885 0.1189, -5.5413 2.6892 0.115, -5.5413 2.6892 0.1189, -5.5358 2.6903 0.115, -5.5358 2.6903 0.1189, -5.5309 2.6917 0.115, -5.5309 2.6917 0.1189, -5.5265 2.6935 0.115, -5.5265 2.6935 0.1189, -5.5243 2.6945 0.115, -5.5243 2.6945 0.1189, -5.5243 2.7077 0.1189, -5.5243 2.7077 0.115, -5.5283 2.7055 0.115, -5.5283 2.7055 0.1189, -5.5326 2.7038 0.115, -5.5326 2.7038 0.1189, -5.5371 2.7024 0.115, -5.5371 2.7024 0.1189, -5.5418 2.7014 0.115, -5.5418 2.7014 0.1189, -5.5469 2.7008 0.115, -5.5469 2.7008 0.1189, -5.5519 2.7006 0.115, -5.5519 2.7006 0.1189, -5.5565 2.7008 0.115, -5.5565 2.7008 0.1189, -5.5609 2.7015 0.115, -5.5609 2.7015 0.1189, -5.5649 2.7026 0.115, -5.5649 2.7026 0.1189, -5.5686 2.704 0.115, -5.5686 2.704 0.1189, -5.5721 2.7059 0.115, -5.5721 2.7059 0.1189, -5.5753 2.7081 0.115, -5.5753 2.7081 0.1189, -5.5783 2.7108 0.115, -5.5783 2.7108 0.1189, -5.5793 2.7118 0.115, -5.5793 2.7118 0.1189, -5.5819 2.7149 0.115, -5.5819 2.7149 0.1189, -5.5841 2.7183 0.115, -5.5841 2.7183 0.1189, -5.586 2.722 0.115, -5.586 2.722 0.1189, -5.5874 2.726 0.115, -5.5874 2.726 0.1189, -5.5886 2.7303 0.115, -5.5886 2.7303 0.1189, -5.5894 2.7349 0.115, -5.5894 2.7349 0.1189, -5.5897 2.74 0.115, -5.5897 2.74 0.1189, -5.5898 2.7423 0.115, -5.5898 2.7423 0.1189, -5.5895 2.7478 0.115, -5.5895 2.7478 0.1189, -5.5889 2.753 0.115, -5.5889 2.753 0.1189, -5.5878 2.7577 0.115, -5.5878 2.7577 0.1189, -5.5864 2.762 0.115, -5.5864 2.762 0.1189, -5.5845 2.766 0.115, -5.5845 2.766 0.1189, -5.5824 2.7696 0.115, -5.5824 2.7696 0.1189, -5.5798 2.7729 0.115, -5.5798 2.7729 0.1189, -5.5786 2.7744 0.115, -5.5786 2.7744 0.1189, -5.5755 2.7773 0.115, -5.5755 2.7773 0.1189, -5.5722 2.7798 0.115, -5.5722 2.7798 0.1189, -5.5687 2.7819 0.115, -5.5687 2.7819 0.1189, -5.565 2.7835 0.115, -5.565 2.7835 0.1189, -5.5611 2.7848 0.115, -5.5611 2.7848 0.1189, -5.5569 2.7857 0.115, -5.5569 2.7857 0.1189, -5.5524 2.7861 0.115, -5.5524 2.7861 0.1189, -5.5495 2.7862 0.115, -5.5495 2.7862 0.1189, -5.5443 2.786 0.115, -5.5443 2.786 0.1189, -5.5394 2.7853 0.115, -5.5394 2.7853 0.1189, -5.5347 2.7842 0.115, -5.5347 2.7842 0.1189, -5.5302 2.7827 0.115, -5.5302 2.7827 0.1189, -5.5259 2.7807 0.115, -5.5259 2.7807 0.1189, -5.5243 2.7799 0.115, -5.5243 2.7799 0.1189, -5.5243 2.7943 0.1189, -5.5243 2.7943 0.115, -5.5284 2.7958 0.115, -5.5284 2.7958 0.1189, -5.533 2.797 0.115, -5.533 2.797 0.1189, -5.5381 2.7979 0.115, -5.5381 2.7979 0.1189, -5.5438 2.7985 0.115, -5.5438 2.7985 0.1189, -5.5496 2.7987 0.115, -5.5496 2.7987 0.1189, -5.5552 2.7984 0.115, -5.5552 2.7984 0.1189, -5.5605 2.7978 0.115, -5.5605 2.7978 0.1189, -5.5655 2.7967 0.115, -5.5655 2.7967 0.1189, -5.5702 2.7952 0.115, -5.5702 2.7952 0.1189, -5.5746 2.7933 0.115, -5.5746 2.7933 0.1189, -5.5788 2.791 0.115, -5.5788 2.791 0.1189, -5.5827 2.7883 0.115, -5.5827 2.7883 0.1189, -5.5865 2.7852 0.115, -5.5865 2.7852 0.1189, -5.5888 2.7829 0.115, -5.5888 2.7829 0.1189, -5.5921 2.7793 0.115, -5.5921 2.7793 0.1189, -5.595 2.7754 0.115, -5.595 2.7754 0.1189, -5.5974 2.7713 0.115, -5.5974 2.7713 0.1189, -5.5995 2.7669 0.115, -5.5995 2.7669 0.1189, -5.6012 2.7623 0.115, -5.6012 2.7623 0.1189, -5.6026 2.7573 0.115, -5.6026 2.7573 0.1189, -5.6035 2.7521 0.115, -5.6035 2.7521 0.1189, -5.6041 2.7465 0.115, -5.6041 2.7465 0.1189, -5.6042 2.7415 0.115, -5.6042 2.7415 0.1189, -5.604 2.7355 0.115, -5.604 2.7355 0.1189, -5.6033 2.7298 0.115, -5.6033 2.7298 0.1189, -5.6023 2.7246 0.115, -5.6023 2.7246 0.1189, -5.6008 2.7197 0.115, -5.6008 2.7197 0.1189, -5.5989 2.7152 0.115, -5.5989 2.7152 0.1189, -5.5967 2.7111 0.115, -5.5967 2.7111 0.1189, -5.5942 2.7072 0.115, -5.5942 2.7072 0.1189, -5.5914 2.7038 0.115, -5.5914 2.7038 0.1189, -5.5905 2.7029 0.115, -5.5905 2.7029 0.1189, -5.5872 2.6997 0.115, -5.5872 2.6997 0.1189, -5.5837 2.6969 0.115, -5.5837 2.6969 0.1189, -5.5799 2.6945 0.115, -5.5799 2.6945 0.1189, -5.5759 2.6925 0.115, -5.5759 2.6925 0.1189, -5.5716 2.6909 0.115, -5.5716 2.6909 0.1189, -5.5671 2.6897 0.115, -5.5671 2.6897 0.1189, -5.5622 2.6888 0.115, -5.5622 2.6888 0.1189, -5.557 2.6884 0.115, -5.557 2.6884 0.1189, -5.4455 2.7023 0.1189, -5.4455 2.6901 0.1189, -5.4455 2.7023 0.115, -5.4455 2.6901 0.115, -5.4892 2.7023 0.1189, -5.4892 2.7023 0.115, -5.4892 2.7382 0.1189, -5.4892 2.7382 0.115, -5.451 2.7382 0.1189, -5.451 2.7382 0.115, -5.451 2.7504 0.1189, -5.451 2.7504 0.115, -5.4892 2.7504 0.1189, -5.4892 2.7504 0.115, -5.4892 2.7846 0.1189, -5.4892 2.7846 0.115, -5.4479 2.7846 0.1189, -5.4479 2.7846 0.115, -5.4479 2.7969 0.1189, -5.4479 2.7969 0.115, -5.5029 2.7969 0.1189, -5.5029 2.7969 0.115, -5.5029 2.6901 0.1189, -5.5029 2.6901 0.115, -5.3762 2.7057 0.1189, -5.3688 2.6955 0.1189, -5.3724 2.7075 0.1189, -5.3644 2.6978 0.1189, -5.3688 2.7097 0.1189, -5.3602 2.7004 0.1189, -5.3657 2.7122 0.1189, -5.3563 2.7034 0.1189, -5.3643 2.7134 0.1189, -5.3545 2.7051 0.1189, -5.3616 2.7163 0.1189, -5.3511 2.7085 0.1189, -5.3593 2.7195 0.1189, -5.3481 2.7123 0.1189, -5.3573 2.723 0.1189, -5.3455 2.7162 0.1189, -5.3557 2.7268 0.1189, -5.3538 2.7548 0.1189, -5.3404 2.7604 0.1189, -5.3549 2.7592 0.1189, -5.3419 2.7649 0.1189, -5.3563 2.7632 0.1189, -5.3438 2.7691 0.1189, -5.3581 2.7667 0.1189, -5.3461 2.773 0.1189, -5.3602 2.7699 0.1189, -5.3434 2.7204 0.1189, -5.3416 2.7248 0.1189, -5.3545 2.731 0.1189, -5.3402 2.7294 0.1189, -5.3536 2.7355 0.1189, -5.3392 2.7344 0.1189, -5.353 2.7404 0.1189, -5.3386 2.7397 0.1189, -5.3529 2.7445 0.1189, -5.3384 2.7448 0.1189, -5.3531 2.7498 0.1189, -5.3387 2.7503 0.1189, -5.3393 2.7555 0.1189, -5.3487 2.7767 0.1189, -5.3518 2.7801 0.1189, -5.3627 2.7727 0.1189, -5.3545 2.7827 0.1189, -5.3646 2.7745 0.1189, -5.3585 2.7859 0.1189, -5.3679 2.7771 0.1189, -5.3627 2.7887 0.1189, -5.3715 2.7792 0.1189, -5.3671 2.791 0.1189, -5.3754 2.781 0.1189, -5.3717 2.793 0.1189, -5.3795 2.7825 0.1189, -5.3766 2.7945 0.1189, -5.384 2.7836 0.1189, -5.3817 2.7957 0.1189, -5.3889 2.7843 0.1189, -5.3871 2.7965 0.1189, -5.3941 2.7846 0.1189, -5.3929 2.7968 0.1189, -5.3954 2.7846 0.1189, -5.3949 2.7969 0.1189, -5.4116 2.7846 0.1189, -5.4253 2.7969 0.1189, -5.4116 2.7023 0.1189, -5.4253 2.6901 0.1189, -5.3961 2.7023 0.1189, -5.396 2.6901 0.1189, -5.3905 2.7025 0.1189, -5.3899 2.6903 0.1189, -5.3852 2.7032 0.1189, -5.3841 2.691 0.1189, -5.3805 2.7042 0.1189, -5.3786 2.6921 0.1189, -5.3736 2.6936 0.1189, -5.3679 2.7771 0.115, -5.3585 2.7859 0.115, -5.3646 2.7745 0.115, -5.3545 2.7827 0.115, -5.3627 2.7727 0.115, -5.3518 2.7801 0.115, -5.3602 2.7699 0.115, -5.3487 2.7767 0.115, -5.3581 2.7667 0.115, -5.3461 2.773 0.115, -5.3563 2.7632 0.115, -5.3438 2.7691 0.115, -5.3549 2.7592 0.115, -5.3724 2.7075 0.115, -5.3688 2.6955 0.115, -5.3762 2.7057 0.115, -5.3736 2.6936 0.115, -5.3805 2.7042 0.115, -5.3786 2.6921 0.115, -5.3852 2.7032 0.115, -5.3841 2.691 0.115, -5.3905 2.7025 0.115, -5.3899 2.6903 0.115, -5.3961 2.7023 0.115, -5.396 2.6901 0.115, -5.4116 2.7023 0.115, -5.4253 2.6901 0.115, -5.4116 2.7846 0.115, -5.4253 2.7969 0.115, -5.3954 2.7846 0.115, -5.3949 2.7969 0.115, -5.3941 2.7846 0.115, -5.3929 2.7968 0.115, -5.3889 2.7843 0.115, -5.3871 2.7965 0.115, -5.384 2.7836 0.115, -5.3817 2.7957 0.115, -5.3795 2.7825 0.115, -5.3766 2.7945 0.115, -5.3754 2.781 0.115, -5.3717 2.793 0.115, -5.3715 2.7792 0.115, -5.3671 2.791 0.115, -5.3627 2.7887 0.115, -5.3545 2.731 0.115, -5.3416 2.7248 0.115, -5.3557 2.7268 0.115, -5.3434 2.7204 0.115, -5.3573 2.723 0.115, -5.3455 2.7162 0.115, -5.3593 2.7195 0.115, -5.3481 2.7123 0.115, -5.3616 2.7163 0.115, -5.3511 2.7085 0.115, -5.3643 2.7134 0.115, -5.3545 2.7051 0.115, -5.3657 2.7122 0.115, -5.3563 2.7034 0.115, -5.3688 2.7097 0.115, -5.3602 2.7004 0.115, -5.3644 2.6978 0.115, -5.3419 2.7649 0.115, -5.3404 2.7604 0.115, -5.3538 2.7548 0.115, -5.3393 2.7555 0.115, -5.3531 2.7498 0.115, -5.3387 2.7503 0.115, -5.3529 2.7445 0.115, -5.3384 2.7448 0.115, -5.353 2.7404 0.115, -5.3386 2.7397 0.115, -5.3536 2.7355 0.115, -5.3392 2.7344 0.115, -5.3402 2.7294 0.115, -5.3027 2.7314 0.1189, -5.307 2.7193 0.1189, -5.2668 2.7314 0.1189, -5.2626 2.7193 0.1189, -5.2867 2.7757 0.1189, -5.2918 2.7969 0.1189, -5.3325 2.6901 0.1189, -5.3173 2.6901 0.1189, -5.2858 2.7789 0.1189, -5.2849 2.7832 0.1189, -5.2771 2.7969 0.1189, -5.2846 2.7832 0.1189, -5.2837 2.7787 0.1189, -5.2829 2.7757 0.1189, -5.2364 2.6901 0.1189, -5.2517 2.6901 0.1189, -5.307 2.7193 0.115, -5.3027 2.7314 0.115, -5.2626 2.7193 0.115, -5.2668 2.7314 0.115, -5.2829 2.7757 0.115, -5.2771 2.7969 0.115, -5.2364 2.6901 0.115, -5.2517 2.6901 0.115, -5.2837 2.7787 0.115, -5.2846 2.7832 0.115, -5.2918 2.7969 0.115, -5.2849 2.7832 0.115, -5.2858 2.7789 0.115, -5.2867 2.7757 0.115, -5.3325 2.6901 0.115, -5.3173 2.6901 0.115, -5.6075 2.5329 0.1189, -5.6075 2.5207 0.1189, -5.6075 2.5329 0.115, -5.6075 2.5207 0.115, -5.6511 2.5329 0.1189, -5.6511 2.5329 0.115, -5.6511 2.5688 0.1189, -5.6511 2.5688 0.115, -5.6129 2.5688 0.1189, -5.6129 2.5688 0.115, -5.6129 2.581 0.1189, -5.6129 2.581 0.115, -5.6511 2.581 0.1189, -5.6511 2.581 0.115, -5.6511 2.6152 0.1189, -5.6511 2.6152 0.115, -5.6099 2.6152 0.1189, -5.6099 2.6152 0.115, -5.6099 2.6275 0.1189, -5.6099 2.6275 0.115, -5.6649 2.6275 0.1189, -5.6649 2.6275 0.115, -5.6649 2.5207 0.1189, -5.6649 2.5207 0.115, -5.5718 2.555 0.1189, -5.5688 2.5558 0.1189, -5.5468 2.5692 0.1189, -5.5646 2.5566 0.1189, -5.5515 2.5842 0.1189, -5.5444 2.5948 0.1189, -5.5531 2.5854 0.1189, -5.5467 2.5961 0.1189, -5.5549 2.5865 0.1189, -5.5494 2.5971 0.1189, -5.557 2.5872 0.1189, -5.5468 2.551 0.1189, -5.547 2.5481 0.1189, -5.5334 2.5698 0.1189, -5.5786 2.5348 0.1189, -5.5797 2.5363 0.1189, -5.5908 2.528 0.1189, -5.5883 2.5582 0.1189, -5.5788 2.5505 0.1189, -5.5776 2.5519 0.1189, -5.5742 2.5541 0.1189, -5.5694 2.566 0.1189, -5.5736 2.5653 0.1189, -5.5468 2.5207 0.1189, -5.5334 2.5207 0.1189, -5.5468 2.5325 0.1189, -5.5475 2.5454 0.1189, -5.5491 2.5809 0.1189, -5.5386 2.5895 0.1189, -5.5502 2.5826 0.1189, -5.5403 2.5915 0.1189, -5.5422 2.5933 0.1189, -5.5887 2.5577 0.1189, -5.5904 2.5558 0.1189, -5.5798 2.5488 0.1189, -5.5918 2.5536 0.1189, -5.5805 2.5469 0.1189, -5.5775 2.5643 0.1189, -5.5808 2.563 0.1189, -5.5761 2.5531 0.1189, -5.5837 2.5616 0.1189, -5.5862 2.5599 0.1189, -5.5475 2.5763 0.1189, -5.5348 2.5815 0.1189, -5.5482 2.5788 0.1189, -5.5359 2.5845 0.1189, -5.5371 2.5872 0.1189, -5.5772 2.5333 0.1189, -5.5838 2.5219 0.1189, -5.5756 2.5321 0.1189, -5.5813 2.5207 0.1189, -5.5738 2.5312 0.1189, -5.5786 2.5199 0.1189, -5.5718 2.5305 0.1189, -5.5892 2.526 0.1189, -5.5881 2.5249 0.1189, -5.5861 2.5233 0.1189, -5.581 2.5401 0.1189, -5.594 2.5351 0.1189, -5.5805 2.5381 0.1189, -5.5932 2.5325 0.1189, -5.5922 2.5301 0.1189, -5.5336 2.5741 0.1189, -5.5468 2.559 0.1189, -5.5468 2.5517 0.1189, -5.547 2.5735 0.1189, -5.5341 2.578 0.1189, -5.5468 2.5702 0.1189, -5.5929 2.5512 0.1189, -5.5938 2.5487 0.1189, -5.581 2.5448 0.1189, -5.5943 2.5459 0.1189, -5.5811 2.5422 0.1189, -5.5524 2.5979 0.1189, -5.5557 2.5984 0.1189, -5.5595 2.5877 0.1189, -5.5593 2.5987 0.1189, -5.5622 2.5879 0.1189, -5.561 2.5987 0.1189, -5.5636 2.5878 0.1189, -5.5655 2.5986 0.1189, -5.5672 2.5876 0.1189, -5.5698 2.5981 0.1189, -5.5706 2.5869 0.1189, -5.5739 2.5973 0.1189, -5.5741 2.586 0.1189, -5.5777 2.5961 0.1189, -5.5774 2.5847 0.1189, -5.5814 2.5947 0.1189, -5.5807 2.5831 0.1189, -5.5849 2.593 0.1189, -5.584 2.581 0.1189, -5.5872 2.5916 0.1189, -5.5872 2.5786 0.1189, -5.5483 2.5428 0.1189, -5.5494 2.5404 0.1189, -5.5471 2.5325 0.1189, -5.5508 2.5382 0.1189, -5.5478 2.5314 0.1189, -5.5643 2.5301 0.1189, -5.5612 2.5204 0.1189, -5.5616 2.5306 0.1189, -5.5585 2.5215 0.1189, -5.5592 2.5314 0.1189, -5.5561 2.5229 0.1189, -5.557 2.5325 0.1189, -5.5946 2.5428 0.1189, -5.5947 2.5411 0.1189, -5.5945 2.538 0.1189, -5.5538 2.5245 0.1189, -5.5517 2.5265 0.1189, -5.555 2.5338 0.1189, -5.5497 2.5288 0.1189, -5.5531 2.5355 0.1189, -5.5525 2.5361 0.1189, -5.5756 2.5193 0.1189, -5.5724 2.519 0.1189, -5.5695 2.53 0.1189, -5.5705 2.5189 0.1189, -5.567 2.5299 0.1189, -5.5672 2.5191 0.1189, -5.5641 2.5196 0.1189, -5.584 2.581 0.115, -5.5872 2.5786 0.115, -5.5872 2.5916 0.115, -5.5531 2.5854 0.115, -5.5444 2.5948 0.115, -5.5515 2.5842 0.115, -5.5422 2.5933 0.115, -5.5502 2.5826 0.115, -5.5786 2.5348 0.115, -5.5908 2.528 0.115, -5.5797 2.5363 0.115, -5.5922 2.5301 0.115, -5.5805 2.5381 0.115, -5.5776 2.5519 0.115, -5.5788 2.5505 0.115, -5.5883 2.5582 0.115, -5.5475 2.5454 0.115, -5.547 2.5481 0.115, -5.5334 2.5698 0.115, -5.581 2.5401 0.115, -5.5947 2.5411 0.115, -5.5811 2.5422 0.115, -5.5946 2.5428 0.115, -5.581 2.5448 0.115, -5.5798 2.5488 0.115, -5.5904 2.5558 0.115, -5.5887 2.5577 0.115, -5.5403 2.5915 0.115, -5.5386 2.5895 0.115, -5.5491 2.5809 0.115, -5.5371 2.5872 0.115, -5.5482 2.5788 0.115, -5.5595 2.5877 0.115, -5.5557 2.5984 0.115, -5.557 2.5872 0.115, -5.5524 2.5979 0.115, -5.5549 2.5865 0.115, -5.5494 2.5971 0.115, -5.5467 2.5961 0.115, -5.5483 2.5428 0.115, -5.5468 2.5325 0.115, -5.5468 2.5207 0.115, -5.5334 2.5207 0.115, -5.5932 2.5325 0.115, -5.594 2.5351 0.115, -5.5945 2.538 0.115, -5.5772 2.5333 0.115, -5.5881 2.5249 0.115, -5.5892 2.526 0.115, -5.5756 2.5321 0.115, -5.5838 2.5219 0.115, -5.5861 2.5233 0.115, -5.5862 2.5599 0.115, -5.5837 2.5616 0.115, -5.5761 2.5531 0.115, -5.5808 2.563 0.115, -5.5742 2.5541 0.115, -5.5775 2.5643 0.115, -5.5718 2.555 0.115, -5.5736 2.5653 0.115, -5.5688 2.5558 0.115, -5.5694 2.566 0.115, -5.5943 2.5459 0.115, -5.5938 2.5487 0.115, -5.5805 2.5469 0.115, -5.5929 2.5512 0.115, -5.5918 2.5536 0.115, -5.5468 2.559 0.115, -5.5336 2.5741 0.115, -5.5468 2.5517 0.115, -5.5468 2.551 0.115, -5.5359 2.5845 0.115, -5.5348 2.5815 0.115, -5.5475 2.5763 0.115, -5.5341 2.578 0.115, -5.547 2.5735 0.115, -5.5468 2.5702 0.115, -5.5468 2.5692 0.115, -5.5646 2.5566 0.115, -5.5478 2.5314 0.115, -5.5497 2.5288 0.115, -5.555 2.5338 0.115, -5.5517 2.5265 0.115, -5.557 2.5325 0.115, -5.5538 2.5245 0.115, -5.5592 2.5314 0.115, -5.5561 2.5229 0.115, -5.5616 2.5306 0.115, -5.5807 2.5831 0.115, -5.5849 2.593 0.115, -5.5774 2.5847 0.115, -5.5814 2.5947 0.115, -5.5741 2.586 0.115, -5.5777 2.5961 0.115, -5.5706 2.5869 0.115, -5.5739 2.5973 0.115, -5.5672 2.5876 0.115, -5.5698 2.5981 0.115, -5.5636 2.5878 0.115, -5.5655 2.5986 0.115, -5.5622 2.5879 0.115, -5.561 2.5987 0.115, -5.5593 2.5987 0.115, -5.5695 2.53 0.115, -5.5724 2.519 0.115, -5.5718 2.5305 0.115, -5.5756 2.5193 0.115, -5.5738 2.5312 0.115, -5.5786 2.5199 0.115, -5.5813 2.5207 0.115, -5.5585 2.5215 0.115, -5.5612 2.5204 0.115, -5.5643 2.5301 0.115, -5.5641 2.5196 0.115, -5.567 2.5299 0.115, -5.5672 2.5191 0.115, -5.5705 2.5189 0.115, -5.5531 2.5355 0.115, -5.5525 2.5361 0.115, -5.5471 2.5325 0.115, -5.5508 2.5382 0.115, -5.5494 2.5404 0.115, -5.4933 2.5299 0.1189, -5.4933 2.5299 0.115, -5.4967 2.53 0.115, -5.4967 2.53 0.1189, -5.5001 2.5305 0.115, -5.5001 2.5305 0.1189, -5.5033 2.5313 0.115, -5.5033 2.5313 0.1189, -5.5065 2.5324 0.115, -5.5065 2.5324 0.1189, -5.5096 2.5338 0.115, -5.5096 2.5338 0.1189, -5.5127 2.5355 0.115, -5.5127 2.5355 0.1189, -5.5153 2.5372 0.115, -5.5153 2.5372 0.1189, -5.5153 2.5234 0.1189, -5.5153 2.5234 0.115, -5.5121 2.522 0.115, -5.5121 2.522 0.1189, -5.5087 2.5208 0.115, -5.5087 2.5208 0.1189, -5.5051 2.5199 0.115, -5.5051 2.5199 0.1189, -5.5013 2.5193 0.115, -5.5013 2.5193 0.1189, -5.4973 2.519 0.115, -5.4973 2.519 0.1189, -5.4946 2.5189 0.115, -5.4946 2.5189 0.1189, -5.4904 2.5191 0.115, -5.4904 2.5191 0.1189, -5.4864 2.5196 0.115, -5.4864 2.5196 0.1189, -5.4828 2.5203 0.115, -5.4828 2.5203 0.1189, -5.4795 2.5213 0.115, -5.4795 2.5213 0.1189, -5.4765 2.5226 0.115, -5.4765 2.5226 0.1189, -5.4738 2.524 0.115, -5.4738 2.524 0.1189, -5.4724 2.525 0.115, -5.4724 2.525 0.1189, -5.4702 2.5267 0.115, -5.4702 2.5267 0.1189, -5.4684 2.5285 0.115, -5.4684 2.5285 0.1189, -5.4669 2.5305 0.115, -5.4669 2.5305 0.1189, -5.4657 2.5326 0.115, -5.4657 2.5326 0.1189, -5.4648 2.5348 0.115, -5.4648 2.5348 0.1189, -5.4642 2.5371 0.115, -5.4642 2.5371 0.1189, -5.4639 2.5397 0.115, -5.4639 2.5397 0.1189, -5.4638 2.5415 0.115, -5.4638 2.5415 0.1189, -5.464 2.5442 0.115, -5.464 2.5442 0.1189, -5.4644 2.5467 0.115, -5.4644 2.5467 0.1189, -5.4652 2.549 0.115, -5.4652 2.549 0.1189, -5.4662 2.5512 0.115, -5.4662 2.5512 0.1189, -5.4675 2.5531 0.115, -5.4675 2.5531 0.1189, -5.4683 2.5541 0.115, -5.4683 2.5541 0.1189, -5.47 2.5557 0.115, -5.47 2.5557 0.1189, -5.4721 2.5574 0.115, -5.4721 2.5574 0.1189, -5.4749 2.5591 0.115, -5.4749 2.5591 0.1189, -5.4783 2.5609 0.115, -5.4783 2.5609 0.1189, -5.4826 2.5628 0.115, -5.4826 2.5628 0.1189, -5.4855 2.564 0.115, -5.4855 2.564 0.1189, -5.4913 2.5664 0.115, -5.4913 2.5664 0.1189, -5.4949 2.5682 0.115, -5.4949 2.5682 0.1189, -5.4973 2.5696 0.115, -5.4973 2.5696 0.1189, -5.4985 2.5705 0.115, -5.4985 2.5705 0.1189, -5.4996 2.5717 0.115, -5.4996 2.5717 0.1189, -5.5005 2.5731 0.115, -5.5005 2.5731 0.1189, -5.5011 2.5746 0.115, -5.5011 2.5746 0.1189, -5.5014 2.5763 0.115, -5.5014 2.5763 0.1189, -5.5014 2.5776 0.115, -5.5014 2.5776 0.1189, -5.5013 2.5793 0.115, -5.5013 2.5793 0.1189, -5.5008 2.5809 0.115, -5.5008 2.5809 0.1189, -5.5001 2.5823 0.115, -5.5001 2.5823 0.1189, -5.499 2.5836 0.115, -5.499 2.5836 0.1189, -5.4977 2.5848 0.115, -5.4977 2.5848 0.1189, -5.4974 2.585 0.115, -5.4974 2.585 0.1189, -5.4956 2.5861 0.115, -5.4956 2.5861 0.1189, -5.4936 2.5869 0.115, -5.4936 2.5869 0.1189, -5.4914 2.5875 0.115, -5.4914 2.5875 0.1189, -5.4889 2.5878 0.115, -5.4889 2.5878 0.1189, -5.4868 2.5879 0.115, -5.4868 2.5879 0.1189, -5.4833 2.5877 0.115, -5.4833 2.5877 0.1189, -5.4798 2.5872 0.115, -5.4798 2.5872 0.1189, -5.4765 2.5865 0.115, -5.4765 2.5865 0.1189, -5.4734 2.5854 0.115, -5.4734 2.5854 0.1189, -5.4704 2.5841 0.115, -5.4704 2.5841 0.1189, -5.4675 2.5824 0.115, -5.4675 2.5824 0.1189, -5.4675 2.5953 0.1189, -5.4675 2.5953 0.115, -5.4709 2.5966 0.115, -5.4709 2.5966 0.1189, -5.4745 2.5976 0.115, -5.4745 2.5976 0.1189, -5.4782 2.5982 0.115, -5.4782 2.5982 0.1189, -5.4821 2.5986 0.115, -5.4821 2.5986 0.1189, -5.4855 2.5987 0.115, -5.4855 2.5987 0.1189, -5.4894 2.5986 0.115, -5.4894 2.5986 0.1189, -5.4932 2.5981 0.115, -5.4932 2.5981 0.1189, -5.4966 2.5974 0.115, -5.4966 2.5974 0.1189, -5.4998 2.5963 0.115, -5.4998 2.5963 0.1189, -5.5027 2.595 0.115, -5.5027 2.595 0.1189, -5.5054 2.5935 0.115, -5.5054 2.5935 0.1189, -5.5066 2.5927 0.115, -5.5066 2.5927 0.1189, -5.5088 2.5909 0.115, -5.5088 2.5909 0.1189, -5.5107 2.589 0.115, -5.5107 2.589 0.1189, -5.5122 2.587 0.115, -5.5122 2.587 0.1189, -5.5134 2.5849 0.115, -5.5134 2.5849 0.1189, -5.5143 2.5827 0.115, -5.5143 2.5827 0.1189, -5.5149 2.5803 0.115, -5.5149 2.5803 0.1189, -5.5152 2.5778 0.115, -5.5152 2.5778 0.1189, -5.5152 2.5764 0.115, -5.5152 2.5764 0.1189, -5.5151 2.5736 0.115, -5.5151 2.5736 0.1189, -5.5146 2.571 0.115, -5.5146 2.571 0.1189, -5.5138 2.5686 0.115, -5.5138 2.5686 0.1189, -5.5128 2.5665 0.115, -5.5128 2.5665 0.1189, -5.5116 2.5646 0.115, -5.5116 2.5646 0.1189, -5.5114 2.5643 0.115, -5.5114 2.5643 0.1189, -5.5101 2.5628 0.115, -5.5101 2.5628 0.1189, -5.5083 2.5613 0.115, -5.5083 2.5613 0.1189, -5.5058 2.5596 0.115, -5.5058 2.5596 0.1189, -5.5027 2.5578 0.115, -5.5027 2.5578 0.1189, -5.4987 2.5558 0.115, -5.4987 2.5558 0.1189, -5.495 2.5542 0.115, -5.495 2.5542 0.1189, -5.4891 2.5519 0.115, -5.4891 2.5519 0.1189, -5.4852 2.5501 0.115, -5.4852 2.5501 0.1189, -5.4826 2.5486 0.115, -5.4826 2.5486 0.1189, -5.481 2.5474 0.115, -5.481 2.5474 0.1189, -5.4796 2.5461 0.115, -5.4796 2.5461 0.1189, -5.4786 2.5447 0.115, -5.4786 2.5447 0.1189, -5.478 2.5432 0.115, -5.478 2.5432 0.1189, -5.4776 2.5415 0.115, -5.4776 2.5415 0.1189, -5.4775 2.5402 0.115, -5.4775 2.5402 0.1189, -5.4777 2.5382 0.115, -5.4777 2.5382 0.1189, -5.4781 2.5365 0.115, -5.4781 2.5365 0.1189, -5.4789 2.535 0.115, -5.4789 2.535 0.1189, -5.4798 2.5338 0.115, -5.4798 2.5338 0.1189, -5.4811 2.5327 0.115, -5.4811 2.5327 0.1189, -5.4827 2.5318 0.115, -5.4827 2.5318 0.1189, -5.4846 2.531 0.115, -5.4846 2.531 0.1189, -5.4869 2.5304 0.115, -5.4869 2.5304 0.1189, -5.4896 2.53 0.115, -5.4896 2.53 0.1189, -5.3975 2.597 0.1189, -5.3836 2.597 0.1189, -5.3975 2.597 0.115, -5.3836 2.597 0.115, -5.4183 2.5396 0.1189, -5.4183 2.5396 0.115, -5.4194 2.536 0.115, -5.4194 2.536 0.1189, -5.42 2.5334 0.115, -5.42 2.5334 0.1189, -5.4203 2.5334 0.1189, -5.4203 2.5334 0.115, -5.422 2.5397 0.1189, -5.422 2.5397 0.115, -5.4419 2.597 0.1189, -5.4419 2.597 0.115, -5.4568 2.597 0.1189, -5.4568 2.597 0.115, -5.4269 2.5209 0.1189, -5.4269 2.5209 0.115, -5.4328 2.507 0.1189, -5.4328 2.507 0.115, -5.4344 2.5039 0.115, -5.4344 2.5039 0.1189, -5.436 2.5015 0.115, -5.436 2.5015 0.1189, -5.4378 2.4995 0.115, -5.4378 2.4995 0.1189, -5.4398 2.4981 0.115, -5.4398 2.4981 0.1189, -5.4419 2.497 0.115, -5.4419 2.497 0.1189, -5.4442 2.4965 0.115, -5.4442 2.4965 0.1189, -5.4465 2.4963 0.115, -5.4465 2.4963 0.1189, -5.4494 2.4965 0.115, -5.4494 2.4965 0.1189, -5.4523 2.4972 0.115, -5.4523 2.4972 0.1189, -5.4541 2.4978 0.115, -5.4541 2.4978 0.1189, -5.4541 2.4859 0.1189, -5.4541 2.4859 0.115, -5.4509 2.4852 0.115, -5.4509 2.4852 0.1189, -5.4473 2.4849 0.115, -5.4473 2.4849 0.1189, -5.4455 2.4848 0.115, -5.4455 2.4848 0.1189, -5.4422 2.485 0.115, -5.4422 2.485 0.1189, -5.4391 2.4857 0.115, -5.4391 2.4857 0.1189, -5.4361 2.4868 0.115, -5.4361 2.4868 0.1189, -5.4333 2.4883 0.115, -5.4333 2.4883 0.1189, -5.4307 2.4902 0.115, -5.4307 2.4902 0.1189, -5.428 2.4927 0.115, -5.428 2.4927 0.1189, -5.4255 2.4957 0.115, -5.4255 2.4957 0.1189, -5.4231 2.4993 0.115, -5.4231 2.4993 0.1189, -5.4208 2.5035 0.115, -5.4208 2.5035 0.1189, -5.4186 2.5084 0.115, -5.4186 2.5084 0.1189, -5.4183 2.5092 0.115, -5.4183 2.5092 0.1189, -5.3118 2.5329 0.1189, -5.3118 2.5207 0.1189, -5.3118 2.5329 0.115, -5.3118 2.5207 0.115, -5.3555 2.5329 0.1189, -5.3555 2.5329 0.115, -5.3555 2.5688 0.1189, -5.3555 2.5688 0.115, -5.3173 2.5688 0.1189, -5.3173 2.5688 0.115, -5.3173 2.581 0.1189, -5.3173 2.581 0.115, -5.3555 2.581 0.1189, -5.3555 2.581 0.115, -5.3555 2.6152 0.1189, -5.3555 2.6152 0.115, -5.3143 2.6152 0.1189, -5.3143 2.6152 0.115, -5.3143 2.6275 0.1189, -5.3143 2.6275 0.115, -5.3692 2.6275 0.1189, -5.3692 2.6275 0.115, -5.3692 2.5207 0.1189, -5.3692 2.5207 0.115, -5.2425 2.5363 0.1189, -5.2351 2.5261 0.1189, -5.2387 2.5382 0.1189, -5.2307 2.5284 0.1189, -5.2352 2.5403 0.1189, -5.2265 2.5311 0.1189, -5.232 2.5428 0.1189, -5.2226 2.5341 0.1189, -5.2306 2.544 0.1189, -5.2208 2.5357 0.1189, -5.2279 2.547 0.1189, -5.2174 2.5392 0.1189, -5.2256 2.5502 0.1189, -5.2144 2.5429 0.1189, -5.2236 2.5537 0.1189, -5.2119 2.5468 0.1189, -5.222 2.5575 0.1189, -5.2201 2.5854 0.1189, -5.2067 2.591 0.1189, -5.2212 2.5898 0.1189, -5.2082 2.5955 0.1189, -5.2226 2.5938 0.1189, -5.2101 2.5997 0.1189, -5.2244 2.5973 0.1189, -5.2124 2.6036 0.1189, -5.2265 2.6005 0.1189, -5.2097 2.551 0.1189, -5.2079 2.5554 0.1189, -5.2208 2.5616 0.1189, -5.2065 2.5601 0.1189, -5.2199 2.5661 0.1189, -5.2055 2.565 0.1189, -5.2193 2.5711 0.1189, -5.2049 2.5703 0.1189, -5.2192 2.5751 0.1189, -5.2047 2.5755 0.1189, -5.2195 2.5805 0.1189, -5.205 2.581 0.1189, -5.2056 2.5862 0.1189, -5.215 2.6073 0.1189, -5.2181 2.6108 0.1189, -5.229 2.6033 0.1189, -5.2208 2.6134 0.1189, -5.2309 2.6052 0.1189, -5.2248 2.6165 0.1189, -5.2342 2.6077 0.1189, -5.229 2.6193 0.1189, -5.2378 2.6099 0.1189, -5.2334 2.6217 0.1189, -5.2417 2.6117 0.1189, -5.238 2.6236 0.1189, -5.2458 2.6131 0.1189, -5.2429 2.6252 0.1189, -5.2504 2.6142 0.1189, -5.248 2.6263 0.1189, -5.2552 2.6149 0.1189, -5.2535 2.6271 0.1189, -5.2604 2.6152 0.1189, -5.2592 2.6275 0.1189, -5.2617 2.6152 0.1189, -5.2612 2.6275 0.1189, -5.2779 2.6152 0.1189, -5.2917 2.6275 0.1189, -5.2779 2.5329 0.1189, -5.2917 2.5207 0.1189, -5.2624 2.5329 0.1189, -5.2623 2.5207 0.1189, -5.2568 2.5331 0.1189, -5.2562 2.521 0.1189, -5.2515 2.5338 0.1189, -5.2504 2.5216 0.1189, -5.2468 2.5349 0.1189, -5.2449 2.5227 0.1189, -5.2399 2.5242 0.1189, -5.2342 2.6077 0.115, -5.2248 2.6165 0.115, -5.2309 2.6052 0.115, -5.2208 2.6134 0.115, -5.229 2.6033 0.115, -5.2181 2.6108 0.115, -5.2265 2.6005 0.115, -5.215 2.6073 0.115, -5.2244 2.5973 0.115, -5.2124 2.6036 0.115, -5.2226 2.5938 0.115, -5.2101 2.5997 0.115, -5.2212 2.5898 0.115, -5.2387 2.5382 0.115, -5.2351 2.5261 0.115, -5.2425 2.5363 0.115, -5.2399 2.5242 0.115, -5.2468 2.5349 0.115, -5.2449 2.5227 0.115, -5.2515 2.5338 0.115, -5.2504 2.5216 0.115, -5.2568 2.5331 0.115, -5.2562 2.521 0.115, -5.2624 2.5329 0.115, -5.2623 2.5207 0.115, -5.2779 2.5329 0.115, -5.2917 2.5207 0.115, -5.2779 2.6152 0.115, -5.2917 2.6275 0.115, -5.2617 2.6152 0.115, -5.2612 2.6275 0.115, -5.2604 2.6152 0.115, -5.2592 2.6275 0.115, -5.2552 2.6149 0.115, -5.2535 2.6271 0.115, -5.2504 2.6142 0.115, -5.248 2.6263 0.115, -5.2458 2.6131 0.115, -5.2429 2.6252 0.115, -5.2417 2.6117 0.115, -5.238 2.6236 0.115, -5.2378 2.6099 0.115, -5.2334 2.6217 0.115, -5.229 2.6193 0.115, -5.2208 2.5616 0.115, -5.2079 2.5554 0.115, -5.222 2.5575 0.115, -5.2097 2.551 0.115, -5.2236 2.5537 0.115, -5.2119 2.5468 0.115, -5.2256 2.5502 0.115, -5.2144 2.5429 0.115, -5.2279 2.547 0.115, -5.2174 2.5392 0.115, -5.2306 2.544 0.115, -5.2208 2.5357 0.115, -5.232 2.5428 0.115, -5.2226 2.5341 0.115, -5.2352 2.5403 0.115, -5.2265 2.5311 0.115, -5.2307 2.5284 0.115, -5.2082 2.5955 0.115, -5.2067 2.591 0.115, -5.2201 2.5854 0.115, -5.2056 2.5862 0.115, -5.2195 2.5805 0.115, -5.205 2.581 0.115, -5.2192 2.5751 0.115, -5.2047 2.5755 0.115, -5.2193 2.5711 0.115, -5.2049 2.5703 0.115, -5.2199 2.5661 0.115, -5.2055 2.565 0.115, -5.2065 2.5601 0.115, -5.169 2.562 0.1189, -5.1733 2.5499 0.1189, -5.1331 2.562 0.1189, -5.1289 2.5499 0.1189, -5.153 2.6064 0.1189, -5.1582 2.6275 0.1189, -5.1988 2.5207 0.1189, -5.1836 2.5207 0.1189, -5.1521 2.6096 0.1189, -5.1512 2.6139 0.1189, -5.1434 2.6275 0.1189, -5.1509 2.6139 0.1189, -5.1501 2.6093 0.1189, -5.1493 2.6064 0.1189, -5.1028 2.5207 0.1189, -5.118 2.5207 0.1189, -5.1733 2.5499 0.115, -5.169 2.562 0.115, -5.1289 2.5499 0.115, -5.1331 2.562 0.115, -5.1493 2.6064 0.115, -5.1434 2.6275 0.115, -5.1028 2.5207 0.115, -5.118 2.5207 0.115, -5.1501 2.6093 0.115, -5.1509 2.6139 0.115, -5.1582 2.6275 0.115, -5.1512 2.6139 0.115, -5.1521 2.6096 0.115, -5.153 2.6064 0.115, -5.1988 2.5207 0.115, -5.1836 2.5207 0.115, -6.1251 2.4916 0.1189, -6.1168 2.4847 0.1189, -6.1432 2.5727 0.1189, -6.0781 2.7101 0.1189, -6.0727 2.7071 0.1189, -6.0962 2.7625 0.1189, -6.015 2.597 0.1189, -6.0727 2.575 0.1189, -6.0675 2.5746 0.1189, -5.996 2.5462 0.1189, -6.0432 2.5428 0.1189, -5.9966 2.5364 0.1189, -6.0448 2.5355 0.1189, -6.0283 2.7635 0.1189, -6.0154 2.7705 0.1189, -6.0391 2.81 0.1189, -5.8774 2.7245 0.1189, -5.8711 2.7112 0.1189, -5.8275 2.7261 0.1189, -5.8667 2.6971 0.1189, -5.8647 2.6851 0.1189, -6.0962 2.5634 0.1189, -6.1399 2.5805 0.1189, -6.0999 2.5569 0.1189, -6.1019 2.5497 0.1189, -5.8359 2.5709 0.1189, -5.8464 2.5677 0.1189, -5.8352 2.5226 0.1189, -6.144 2.5219 0.1189, -6.1394 2.5108 0.1189, -6.133 2.5007 0.1189, -6.049 2.5632 0.1189, -6.0454 2.5571 0.1189, -6.0434 2.5502 0.1189, -5.8897 2.6099 0.1189, -5.9133 2.6502 0.1189, -5.996 2.5538 0.1189, -6.0798 2.5741 0.1189, -6.068 2.6227 0.1189, -6.0719 2.6228 0.1189, -6.1348 2.7152 0.1189, -6.1445 2.7601 0.1189, -6.1593 2.7552 0.1189, -6.0604 2.5723 0.1189, -6.0541 2.5684 0.1189, -6.0481 2.5288 0.1189, -6.0038 2.5127 0.1189, -5.9992 2.5243 0.1189, -6.0925 2.5235 0.1189, -6.0865 2.5192 0.1189, -6.1062 2.4783 0.1189, -6.0795 2.5166 0.1189, -6.0865 2.5716 0.1189, -6.1158 2.6086 0.1189, -6.0924 2.5674 0.1189, -6.1252 2.6006 0.1189, -6.1334 2.5912 0.1189, -6.084 2.6219 0.1189, -6.0955 2.619 0.1189, -6.1065 2.6143 0.1189, -5.8495 2.5204 0.1189, -5.854 2.5667 0.1189, -5.8943 2.5204 0.1189, -5.8882 2.5667 0.1189, -5.8981 2.5209 0.1189, -6.0229 2.8167 0.1189, -6.0016 2.7756 0.1189, -6.0063 2.8216 0.1189, -6.1542 2.5788 0.1189, -6.1671 2.5303 0.1189, -6.1526 2.5244 0.1189, -6.1464 2.7106 0.1189, -6.1735 2.7484 0.1189, -6.157 2.7042 0.1189, -6.1867 2.7398 0.1189, -6.1665 2.6962 0.1189, -6.0235 2.6055 0.1189, -6.0334 2.6125 0.1189, -6.0445 2.6178 0.1189, -6.0564 2.6213 0.1189, -5.8019 2.6429 0.1189, -5.7617 2.6678 0.1189, -5.806 2.6531 0.1189, -5.7685 2.6805 0.1189, -5.812 2.6623 0.1189, -5.7772 2.6924 0.1189, -5.8195 2.6703 0.1189, -5.7874 2.703 0.1189, -5.8282 2.6766 0.1189, -6.1726 2.5958 0.1189, -6.2047 2.5583 0.1189, -6.164 2.5866 0.1189, -6.1932 2.5472 0.1189, -6.1806 2.5378 0.1189, -6.1293 2.763 0.1189, -6.1226 2.7179 0.1189, -6.1136 2.764 0.1189, -6.1129 2.7185 0.1189, -6.1049 2.7635 0.1189, -6.1011 2.7175 0.1189, -6.0895 2.7147 0.1189, -6.0973 2.529 0.1189, -6.1005 2.5353 0.1189, -6.1021 2.5423 0.1189, -5.8214 2.5267 0.1189, -5.8083 2.5327 0.1189, -5.8262 2.576 0.1189, -5.7961 2.5405 0.1189, -5.8177 2.5828 0.1189, -5.7848 2.5501 0.1189, -5.8142 2.5864 0.1189, -5.7804 2.5545 0.1189, -5.8079 2.5951 0.1189, -6.0546 2.8014 0.1189, -6.0628 2.7959 0.1189, -6.0401 2.7549 0.1189, -6.0748 2.7862 0.1189, -6.0506 2.7447 0.1189, -6.0858 2.7751 0.1189, -6.0596 2.7332 0.1189, -6.067 2.7207 0.1189, -5.8341 2.7413 0.1189, -5.8425 2.7558 0.1189, -5.8854 2.737 0.1189, -5.8528 2.7696 0.1189, -5.8951 2.7481 0.1189, -6.1875 2.6289 0.1189, -6.2327 2.6102 0.1189, -6.1843 2.6169 0.1189, -6.2278 2.5954 0.1189, -6.179 2.6055 0.1189, -6.221 2.5811 0.1189, -6.2124 2.5677 0.1189, -6.0588 2.5193 0.1189, -6.0268 2.4852 0.1189, -6.053 2.5233 0.1189, -6.0183 2.4926 0.1189, -6.0103 2.502 0.1189, -6.0946 2.4737 0.1189, -6.0824 2.471 0.1189, -6.0727 2.5158 0.1189, -6.0719 2.4703 0.1189, -6.0654 2.5167 0.1189, -5.8004 2.615 0.1189, -5.7525 2.62 0.1189, -5.7994 2.6259 0.1189, -5.7523 2.6266 0.1189, -5.7997 2.6321 0.1189, -5.7536 2.6408 0.1189, -5.7567 2.6545 0.1189, -5.7714 2.5658 0.1189, -5.764 2.5781 0.1189, -5.8032 2.6047 0.1189, -5.7583 2.5914 0.1189, -5.7545 2.6054 0.1189, -6.0597 2.4713 0.1189, -6.0481 2.4741 0.1189, -6.0371 2.4788 0.1189, -5.8919 2.5674 0.1189, -5.9104 2.5285 0.1189, -5.9081 2.5262 0.1189, -5.9717 2.8255 0.1189, -5.9709 2.78 0.1189, -5.9664 2.8254 0.1189, -5.9565 2.779 0.1189, -6.1803 2.6774 0.1189, -6.2268 2.6892 0.1189, -6.185 2.6663 0.1189, -6.232 2.6744 0.1189, -6.1878 2.6547 0.1189, -6.2353 2.659 0.1189, -6.1888 2.6426 0.1189, -6.2366 2.6442 0.1189, -6.1888 2.6404 0.1189, -6.2366 2.6411 0.1189, -6.2356 2.6255 0.1189, -5.8586 2.6851 0.1189, -5.8478 2.6841 0.1189, -5.8246 2.7251 0.1189, -5.8377 2.6813 0.1189, -5.8119 2.7198 0.1189, -5.7991 2.7122 0.1189, -5.9163 2.5439 0.1189, -5.9156 2.5384 0.1189, -5.9136 2.5332 0.1189, -5.8896 2.5668 0.1189, -5.9031 2.5228 0.1189, -5.9893 2.8245 0.1189, -5.9871 2.7788 0.1189, -5.9732 2.7799 0.1189, -5.8984 2.5667 0.1189, -5.9037 2.5647 0.1189, -5.9162 2.5462 0.1189, -5.9083 2.5615 0.1189, -5.9121 2.5573 0.1189, -5.9148 2.552 0.1189, -6.1983 2.7302 0.1189, -6.2009 2.7276 0.1189, -6.1738 2.6877 0.1189, -6.2112 2.7159 0.1189, -6.2198 2.7031 0.1189, -5.8928 2.5674 0.1189, -5.865 2.7827 0.1189, -5.8685 2.786 0.1189, -5.9044 2.7565 0.1189, -5.8829 2.7972 0.1189, -5.9163 2.7648 0.1189, -5.8984 2.8067 0.1189, -5.9291 2.7714 0.1189, -5.9147 2.8144 0.1189, -5.9426 2.7761 0.1189, -5.9316 2.8201 0.1189, -5.9489 2.8238 0.1189, -5.9133 2.6502 0.115, -5.8897 2.6099 0.115, -6.015 2.597 0.115, -5.996 2.5538 0.115, -6.0371 2.4788 0.115, -6.1432 2.5727 0.115, -6.0798 2.5741 0.115, -6.0865 2.5716 0.115, -6.0999 2.5569 0.115, -6.1019 2.5497 0.115, -6.1806 2.5378 0.115, -6.1021 2.5423 0.115, -6.1671 2.5303 0.115, -5.996 2.5462 0.115, -5.9966 2.5364 0.115, -6.0268 2.4852 0.115, -6.0183 2.4926 0.115, -6.164 2.5866 0.115, -6.1542 2.5788 0.115, -6.0154 2.7705 0.115, -6.0283 2.7635 0.115, -6.0546 2.8014 0.115, -6.0865 2.5192 0.115, -6.1168 2.4847 0.115, -6.0925 2.5235 0.115, -6.1251 2.4916 0.115, -6.0973 2.529 0.115, -6.0727 2.5158 0.115, -6.0654 2.5167 0.115, -6.0597 2.4713 0.115, -6.0481 2.5288 0.115, -6.0448 2.5355 0.115, -6.0432 2.5428 0.115, -6.0434 2.5502 0.115, -6.067 2.7207 0.115, -6.0727 2.7071 0.115, -6.0962 2.7625 0.115, -6.0781 2.7101 0.115, -6.1464 2.7106 0.115, -6.1593 2.7552 0.115, -6.1348 2.7152 0.115, -6.1445 2.7601 0.115, -6.1226 2.7179 0.115, -6.1293 2.763 0.115, -6.1129 2.7185 0.115, -6.1932 2.5472 0.115, -6.2047 2.5583 0.115, -6.1726 2.5958 0.115, -6.2124 2.5677 0.115, -6.179 2.6055 0.115, -6.221 2.5811 0.115, -6.1843 2.6169 0.115, -6.0924 2.5674 0.115, -6.0962 2.5634 0.115, -5.8854 2.737 0.115, -5.8425 2.7558 0.115, -5.8774 2.7245 0.115, -5.8341 2.7413 0.115, -5.8711 2.7112 0.115, -5.8275 2.7261 0.115, -5.8667 2.6971 0.115, -6.0628 2.7959 0.115, -6.0401 2.7549 0.115, -6.0748 2.7862 0.115, -5.8377 2.6813 0.115, -5.8478 2.6841 0.115, -5.9992 2.5243 0.115, -6.0038 2.5127 0.115, -6.0103 2.502 0.115, -6.0895 2.7147 0.115, -6.1011 2.7175 0.115, -6.1049 2.7635 0.115, -6.1136 2.764 0.115, -6.0858 2.7751 0.115, -6.0506 2.7447 0.115, -6.0596 2.7332 0.115, -5.8032 2.6047 0.115, -5.764 2.5781 0.115, -5.8079 2.5951 0.115, -5.7714 2.5658 0.115, -5.8142 2.5864 0.115, -5.7804 2.5545 0.115, -5.8177 2.5828 0.115, -5.7848 2.5501 0.115, -5.8262 2.576 0.115, -5.806 2.6531 0.115, -5.7617 2.6678 0.115, -5.8019 2.6429 0.115, -5.7567 2.6545 0.115, -5.7997 2.6321 0.115, -5.7536 2.6408 0.115, -5.7994 2.6259 0.115, -5.8586 2.6851 0.115, -5.8647 2.6851 0.115, -6.133 2.5007 0.115, -6.1394 2.5108 0.115, -6.1005 2.5353 0.115, -6.144 2.5219 0.115, -6.1526 2.5244 0.115, -6.0481 2.4741 0.115, -6.0588 2.5193 0.115, -6.053 2.5233 0.115, -6.0727 2.575 0.115, -6.068 2.6227 0.115, -6.0675 2.5746 0.115, -6.0564 2.6213 0.115, -6.0604 2.5723 0.115, -6.0719 2.4703 0.115, -6.0824 2.471 0.115, -6.0795 2.5166 0.115, -6.0946 2.4737 0.115, -6.1062 2.4783 0.115, -6.0445 2.6178 0.115, -6.0334 2.6125 0.115, -6.0541 2.5684 0.115, -6.0235 2.6055 0.115, -6.049 2.5632 0.115, -6.0454 2.5571 0.115, -6.1065 2.6143 0.115, -6.0955 2.619 0.115, -6.185 2.6663 0.115, -6.2268 2.6892 0.115, -6.1803 2.6774 0.115, -6.2198 2.7031 0.115, -6.1738 2.6877 0.115, -6.2278 2.5954 0.115, -6.2327 2.6102 0.115, -6.1875 2.6289 0.115, -6.2356 2.6255 0.115, -6.1888 2.6404 0.115, -6.2366 2.6411 0.115, -6.1888 2.6426 0.115, -6.2366 2.6442 0.115, -6.1878 2.6547 0.115, -6.2353 2.659 0.115, -6.232 2.6744 0.115, -5.9081 2.5262 0.115, -5.9104 2.5285 0.115, -5.8919 2.5674 0.115, -5.9136 2.5332 0.115, -5.7523 2.6266 0.115, -5.7525 2.62 0.115, -5.8004 2.615 0.115, -5.7545 2.6054 0.115, -5.7583 2.5914 0.115, -5.8246 2.7251 0.115, -5.8119 2.7198 0.115, -5.8282 2.6766 0.115, -5.7991 2.7122 0.115, -5.8195 2.6703 0.115, -5.7874 2.703 0.115, -5.812 2.6623 0.115, -5.7772 2.6924 0.115, -5.7685 2.6805 0.115, -6.1334 2.5912 0.115, -6.1252 2.6006 0.115, -6.1158 2.6086 0.115, -6.084 2.6219 0.115, -6.0719 2.6228 0.115, -6.2112 2.7159 0.115, -6.2009 2.7276 0.115, -6.1665 2.6962 0.115, -6.1983 2.7302 0.115, -6.157 2.7042 0.115, -6.1867 2.7398 0.115, -6.1735 2.7484 0.115, -5.7961 2.5405 0.115, -5.8083 2.5327 0.115, -5.8359 2.5709 0.115, -5.8214 2.5267 0.115, -5.8464 2.5677 0.115, -5.8352 2.5226 0.115, -5.854 2.5667 0.115, -5.8495 2.5204 0.115, -5.8882 2.5667 0.115, -5.8943 2.5204 0.115, -5.8896 2.5668 0.115, -5.8981 2.5209 0.115, -5.9031 2.5228 0.115, -5.9156 2.5384 0.115, -5.9163 2.5439 0.115, -5.9162 2.5462 0.115, -6.1399 2.5805 0.115, -5.9148 2.552 0.115, -5.9121 2.5573 0.115, -5.9083 2.5615 0.115, -5.9037 2.5647 0.115, -5.9044 2.7565 0.115, -5.8685 2.786 0.115, -5.8951 2.7481 0.115, -5.865 2.7827 0.115, -5.8528 2.7696 0.115, -6.0391 2.81 0.115, -6.0229 2.8167 0.115, -6.0016 2.7756 0.115, -6.0063 2.8216 0.115, -5.9871 2.7788 0.115, -5.9893 2.8245 0.115, -5.9732 2.7799 0.115, -5.9717 2.8255 0.115, -5.9709 2.78 0.115, -5.9664 2.8254 0.115, -5.9565 2.779 0.115, -5.9489 2.8238 0.115, -5.9426 2.7761 0.115, -5.9316 2.8201 0.115, -5.9291 2.7714 0.115, -5.9147 2.8144 0.115, -5.9163 2.7648 0.115, -5.8984 2.8067 0.115, -5.8829 2.7972 0.115, -5.8984 2.5667 0.115, -5.8928 2.5674 0.115, -5.8928 2.5674 0.115
            ]
        }
        coordIndex [
            0,1,2,-1,2,1,3,-1,4,0,5,-1,5,0,2,-1,6,4,7,-1,7,4,5,-1,8,6,9,-1,9,6,7,-1,10,8,11,-1,11,8,9,-1,1,10,3,-1,3,10,11,-1,6,8,4,-1,4,8,10,-1,4,10,0,-1,0,10,1,-1,2,3,5,-1,5,3,11,-1,5,11,7,-1,7,11,9,-1,12,13,14,-1,12,14,15,-1,15,14,16,-1,15,16,17,-1,17,16,18,-1,17,18,19,-1,19,18,20,-1,19,20,21,-1,21,20,22,-1,21,22,23,-1,23,22,24,-1,23,24,25,-1,26,25,27,-1,27,25,24,-1,26,27,28,-1,26,28,29,-1,29,28,30,-1,29,30,31,-1,31,30,32,-1,31,32,33,-1,33,32,34,-1,33,34,35,-1,35,34,36,-1,35,36,37,-1,37,36,38,-1,37,38,39,-1,39,38,40,-1,39,40,41,-1,41,40,42,-1,41,42,43,-1,43,42,44,-1,43,44,45,-1,45,44,46,-1,45,46,47,-1,47,46,48,-1,47,48,49,-1,49,48,50,-1,49,50,51,-1,51,50,52,-1,51,52,53,-1,53,52,54,-1,53,54,55,-1,55,54,56,-1,55,56,57,-1,57,56,58,-1,57,58,59,-1,59,58,60,-1,59,60,61,-1,61,60,62,-1,61,62,63,-1,63,62,64,-1,63,64,65,-1,65,64,66,-1,65,66,67,-1,67,66,68,-1,67,68,69,-1,69,68,70,-1,69,70,71,-1,71,70,72,-1,71,72,73,-1,73,72,74,-1,73,74,75,-1,75,74,76,-1,75,76,77,-1,77,76,78,-1,77,78,79,-1,79,78,80,-1,79,80,81,-1,81,80,82,-1,81,82,83,-1,83,82,84,-1,83,84,85,-1,85,84,86,-1,85,86,87,-1,87,86,88,-1,87,88,89,-1,89,88,90,-1,89,90,91,-1,91,90,92,-1,91,92,93,-1,93,92,94,-1,93,94,95,-1,95,94,96,-1,95,96,97,-1,97,96,98,-1,97,98,99,-1,99,98,100,-1,99,100,101,-1,101,100,102,-1,101,102,103,-1,103,102,104,-1,103,104,105,-1,105,104,106,-1,105,106,107,-1,107,106,108,-1,107,108,109,-1,109,108,110,-1,109,110,111,-1,111,110,112,-1,111,112,113,-1,113,112,114,-1,113,114,115,-1,116,115,117,-1,117,115,114,-1,116,117,118,-1,116,118,119,-1,119,118,120,-1,119,120,121,-1,121,120,122,-1,121,122,123,-1,123,122,124,-1,123,124,125,-1,125,124,126,-1,125,126,127,-1,127,126,128,-1,127,128,129,-1,129,128,130,-1,129,130,131,-1,131,130,132,-1,131,132,133,-1,133,132,134,-1,133,134,135,-1,135,134,136,-1,135,136,137,-1,137,136,138,-1,137,138,139,-1,139,138,140,-1,139,140,141,-1,141,140,142,-1,141,142,143,-1,143,142,144,-1,143,144,145,-1,145,144,146,-1,145,146,147,-1,147,146,148,-1,147,148,149,-1,149,148,150,-1,149,150,151,-1,151,150,152,-1,151,152,153,-1,153,152,154,-1,153,154,155,-1,155,154,156,-1,155,156,157,-1,157,156,158,-1,157,158,159,-1,159,158,160,-1,159,160,161,-1,161,160,162,-1,161,162,163,-1,163,162,164,-1,163,164,165,-1,165,164,166,-1,165,166,167,-1,167,166,168,-1,167,168,169,-1,169,168,170,-1,169,170,171,-1,171,170,172,-1,171,172,173,-1,173,172,174,-1,173,174,175,-1,175,174,176,-1,175,176,177,-1,177,176,178,-1,177,178,179,-1,179,178,180,-1,179,180,181,-1,181,180,182,-1,181,182,183,-1,183,182,184,-1,183,184,185,-1,185,184,186,-1,185,186,187,-1,187,186,188,-1,187,188,189,-1,189,188,190,-1,189,190,191,-1,191,190,192,-1,191,192,193,-1,193,192,194,-1,193,194,195,-1,195,194,196,-1,195,196,197,-1,197,196,13,-1,197,13,12,-1,113,115,116,-1,57,177,179,-1,57,179,55,-1,55,179,181,-1,55,181,53,-1,53,181,183,-1,53,183,51,-1,51,183,185,-1,51,185,49,-1,49,185,187,-1,49,187,47,-1,33,21,31,-1,31,21,23,-1,31,23,29,-1,29,23,25,-1,29,25,26,-1,187,189,47,-1,47,189,191,-1,47,191,45,-1,45,191,193,-1,45,193,43,-1,43,193,195,-1,43,195,41,-1,41,195,197,-1,41,197,39,-1,39,197,12,-1,39,12,37,-1,37,12,15,-1,37,15,35,-1,35,15,17,-1,35,17,33,-1,33,17,19,-1,33,19,21,-1,89,143,87,-1,87,143,145,-1,87,145,85,-1,85,145,147,-1,85,147,83,-1,83,147,149,-1,83,149,81,-1,81,149,151,-1,81,151,79,-1,79,151,153,-1,79,153,77,-1,77,153,155,-1,77,155,75,-1,113,116,111,-1,111,116,119,-1,111,119,109,-1,109,119,121,-1,109,121,107,-1,107,121,123,-1,107,123,105,-1,105,123,125,-1,105,125,103,-1,103,125,127,-1,103,127,101,-1,101,127,129,-1,101,129,99,-1,99,129,131,-1,99,131,97,-1,97,131,133,-1,97,133,95,-1,95,133,135,-1,95,135,93,-1,93,135,137,-1,93,137,91,-1,91,137,139,-1,91,139,89,-1,89,139,141,-1,89,141,143,-1,177,57,175,-1,175,57,59,-1,175,59,173,-1,173,59,61,-1,173,61,171,-1,171,61,63,-1,171,63,169,-1,169,63,65,-1,169,65,167,-1,167,65,165,-1,165,65,67,-1,165,67,163,-1,155,157,75,-1,75,157,159,-1,75,159,73,-1,73,159,161,-1,73,161,71,-1,71,161,163,-1,71,163,69,-1,69,163,67,-1,28,27,24,-1,28,24,30,-1,44,190,46,-1,46,190,188,-1,46,188,48,-1,48,188,186,-1,48,186,50,-1,50,186,184,-1,50,184,52,-1,52,184,182,-1,52,182,54,-1,114,112,117,-1,117,112,110,-1,117,110,118,-1,118,110,108,-1,182,180,54,-1,54,180,178,-1,54,178,56,-1,56,178,176,-1,56,176,58,-1,58,176,174,-1,58,174,60,-1,60,174,172,-1,60,172,62,-1,24,22,30,-1,30,22,20,-1,30,20,32,-1,32,20,18,-1,32,18,34,-1,34,18,16,-1,34,16,36,-1,36,16,14,-1,36,14,38,-1,38,14,13,-1,38,13,40,-1,40,13,196,-1,40,196,42,-1,42,196,194,-1,42,194,44,-1,44,194,192,-1,44,192,190,-1,82,146,84,-1,84,146,144,-1,84,144,86,-1,86,144,142,-1,86,142,88,-1,88,142,140,-1,88,140,90,-1,90,140,138,-1,90,138,92,-1,92,138,136,-1,92,136,94,-1,94,136,134,-1,94,134,96,-1,96,134,132,-1,96,132,98,-1,98,132,130,-1,98,130,100,-1,100,130,128,-1,100,128,102,-1,102,128,126,-1,102,126,104,-1,104,126,124,-1,104,124,106,-1,106,124,122,-1,106,122,108,-1,108,122,120,-1,108,120,118,-1,162,160,72,-1,72,160,158,-1,72,158,74,-1,74,158,156,-1,74,156,76,-1,76,156,154,-1,76,154,78,-1,78,154,152,-1,78,152,80,-1,80,152,150,-1,80,150,82,-1,82,150,148,-1,82,148,146,-1,172,170,62,-1,62,170,168,-1,62,168,64,-1,64,168,166,-1,64,166,66,-1,66,166,164,-1,66,164,68,-1,68,164,162,-1,68,162,70,-1,70,162,72,-1,198,199,200,-1,200,199,201,-1,202,198,203,-1,203,198,200,-1,204,202,205,-1,205,202,203,-1,206,204,207,-1,207,204,205,-1,208,206,209,-1,209,206,207,-1,210,208,211,-1,211,208,209,-1,212,210,213,-1,213,210,211,-1,214,212,215,-1,215,212,213,-1,216,214,217,-1,217,214,215,-1,218,216,219,-1,219,216,217,-1,220,218,221,-1,221,218,219,-1,199,220,201,-1,201,220,221,-1,220,199,198,-1,198,202,220,-1,220,202,204,-1,220,204,218,-1,214,216,212,-1,212,216,218,-1,212,218,210,-1,210,218,204,-1,210,204,208,-1,208,204,206,-1,219,217,215,-1,215,213,219,-1,219,213,211,-1,219,211,221,-1,200,201,203,-1,203,201,221,-1,203,221,205,-1,205,221,211,-1,205,211,207,-1,207,211,209,-1,222,223,224,-1,224,223,225,-1,224,225,226,-1,226,225,227,-1,226,227,228,-1,228,227,229,-1,228,229,230,-1,230,229,231,-1,230,231,232,-1,232,231,233,-1,232,233,234,-1,234,233,235,-1,234,235,236,-1,236,235,237,-1,236,237,238,-1,239,240,241,-1,241,240,242,-1,241,242,243,-1,243,242,244,-1,243,244,245,-1,245,244,246,-1,245,246,247,-1,237,248,238,-1,238,248,249,-1,238,249,250,-1,250,249,251,-1,250,251,252,-1,252,251,253,-1,252,253,254,-1,254,253,255,-1,254,255,256,-1,256,255,257,-1,256,257,258,-1,258,257,259,-1,258,259,239,-1,239,259,260,-1,239,260,240,-1,246,261,247,-1,247,261,262,-1,247,262,263,-1,263,262,264,-1,263,264,265,-1,265,264,266,-1,265,266,267,-1,267,266,268,-1,267,268,269,-1,269,268,270,-1,269,270,271,-1,271,270,272,-1,271,272,273,-1,273,272,274,-1,273,274,275,-1,275,274,276,-1,275,276,277,-1,277,276,278,-1,277,278,279,-1,279,278,280,-1,279,280,281,-1,281,280,282,-1,281,282,283,-1,283,282,284,-1,283,284,285,-1,285,284,286,-1,285,286,287,-1,287,286,288,-1,287,288,289,-1,289,288,290,-1,289,290,291,-1,291,290,292,-1,291,292,293,-1,293,292,294,-1,293,294,222,-1,222,294,295,-1,222,295,223,-1,296,297,298,-1,298,297,299,-1,298,299,300,-1,300,299,301,-1,300,301,302,-1,302,301,303,-1,302,303,304,-1,304,303,305,-1,304,305,306,-1,306,305,307,-1,306,307,308,-1,309,310,311,-1,311,310,312,-1,311,312,313,-1,313,312,314,-1,313,314,315,-1,315,314,316,-1,315,316,317,-1,317,316,318,-1,317,318,319,-1,319,318,320,-1,319,320,321,-1,321,320,322,-1,321,322,323,-1,323,322,324,-1,323,324,325,-1,325,324,326,-1,325,326,327,-1,327,326,328,-1,327,328,329,-1,329,328,330,-1,329,330,331,-1,331,330,332,-1,331,332,333,-1,333,332,334,-1,333,334,335,-1,335,334,336,-1,335,336,337,-1,337,336,338,-1,337,338,296,-1,296,338,339,-1,296,339,297,-1,340,341,342,-1,342,341,343,-1,342,343,344,-1,344,343,345,-1,344,345,346,-1,346,345,347,-1,346,347,348,-1,348,347,349,-1,348,349,350,-1,350,349,351,-1,350,351,352,-1,352,351,353,-1,352,353,354,-1,354,353,355,-1,354,355,309,-1,309,355,356,-1,309,356,310,-1,307,357,308,-1,308,357,358,-1,308,358,359,-1,359,358,360,-1,359,360,361,-1,361,360,362,-1,361,362,363,-1,363,362,364,-1,363,364,365,-1,365,364,366,-1,365,366,367,-1,367,366,368,-1,367,368,340,-1,340,368,369,-1,340,369,341,-1,288,286,320,-1,320,286,322,-1,288,320,318,-1,288,318,290,-1,290,318,316,-1,290,316,292,-1,292,316,314,-1,292,314,294,-1,294,314,312,-1,294,312,295,-1,295,312,310,-1,295,310,223,-1,223,310,356,-1,223,356,225,-1,225,356,355,-1,225,355,227,-1,227,355,353,-1,227,353,229,-1,229,353,351,-1,229,351,231,-1,231,351,349,-1,231,349,233,-1,233,349,347,-1,233,347,235,-1,235,347,345,-1,235,345,237,-1,237,345,343,-1,237,343,248,-1,248,343,341,-1,248,341,249,-1,249,341,369,-1,249,369,251,-1,251,369,368,-1,251,368,253,-1,253,368,366,-1,253,366,255,-1,255,366,364,-1,255,364,257,-1,257,364,362,-1,257,362,259,-1,259,362,360,-1,259,360,260,-1,260,360,358,-1,260,358,240,-1,240,358,357,-1,240,357,242,-1,242,357,307,-1,242,307,244,-1,244,307,305,-1,244,305,246,-1,246,305,303,-1,246,303,261,-1,261,303,301,-1,261,301,262,-1,262,301,299,-1,262,299,264,-1,264,299,297,-1,264,297,266,-1,266,297,339,-1,266,339,268,-1,268,339,338,-1,268,338,270,-1,270,338,336,-1,270,336,272,-1,272,336,334,-1,272,334,274,-1,274,334,332,-1,274,332,276,-1,276,332,330,-1,276,330,278,-1,278,330,328,-1,278,328,280,-1,280,328,326,-1,280,326,282,-1,284,282,324,-1,324,282,326,-1,286,284,322,-1,322,284,324,-1,281,283,325,-1,325,283,323,-1,283,285,323,-1,323,285,321,-1,285,287,321,-1,321,287,319,-1,230,350,352,-1,230,352,228,-1,228,352,354,-1,228,354,226,-1,226,354,309,-1,226,309,224,-1,224,309,311,-1,224,311,222,-1,222,311,313,-1,222,313,293,-1,293,313,315,-1,293,315,291,-1,291,315,317,-1,291,317,289,-1,289,317,319,-1,289,319,287,-1,256,363,365,-1,256,365,254,-1,254,365,367,-1,254,367,252,-1,252,367,340,-1,252,340,250,-1,250,340,342,-1,250,342,238,-1,238,342,344,-1,238,344,236,-1,236,344,346,-1,236,346,234,-1,234,346,348,-1,234,348,232,-1,232,348,350,-1,232,350,230,-1,265,298,300,-1,265,300,263,-1,263,300,302,-1,263,302,247,-1,247,302,304,-1,247,304,245,-1,245,304,306,-1,245,306,243,-1,243,306,308,-1,243,308,241,-1,241,308,359,-1,241,359,239,-1,239,359,361,-1,239,361,258,-1,258,361,363,-1,258,363,256,-1,281,325,327,-1,281,327,279,-1,279,327,329,-1,279,329,277,-1,277,329,331,-1,277,331,275,-1,275,331,333,-1,275,333,273,-1,273,333,335,-1,273,335,271,-1,271,335,337,-1,271,337,269,-1,269,337,296,-1,269,296,267,-1,267,296,298,-1,267,298,265,-1,370,371,372,-1,372,371,373,-1,374,375,370,-1,370,375,376,-1,370,376,371,-1,371,376,377,-1,374,378,375,-1,375,378,379,-1,375,379,380,-1,380,379,381,-1,380,381,382,-1,382,383,380,-1,380,383,372,-1,380,372,384,-1,384,372,373,-1,384,373,385,-1,386,387,388,-1,388,387,389,-1,390,391,389,-1,389,391,392,-1,389,392,388,-1,388,392,393,-1,390,394,391,-1,391,394,395,-1,391,395,396,-1,396,395,397,-1,396,397,398,-1,398,399,396,-1,396,399,387,-1,396,387,400,-1,400,387,386,-1,400,386,401,-1,380,384,391,-1,391,384,392,-1,375,380,396,-1,396,380,391,-1,376,375,400,-1,400,375,396,-1,377,376,401,-1,401,376,400,-1,371,377,386,-1,386,377,401,-1,373,371,388,-1,388,371,386,-1,385,373,393,-1,393,373,388,-1,384,385,392,-1,392,385,393,-1,370,372,387,-1,387,372,389,-1,372,383,389,-1,389,383,390,-1,381,395,394,-1,381,394,382,-1,382,394,390,-1,382,390,383,-1,381,379,395,-1,395,379,397,-1,374,399,398,-1,374,398,378,-1,378,398,397,-1,378,397,379,-1,374,370,399,-1,399,370,387,-1,402,403,404,-1,404,403,405,-1,406,402,407,-1,407,402,404,-1,408,406,409,-1,409,406,407,-1,410,408,411,-1,411,408,409,-1,412,410,413,-1,413,410,411,-1,414,412,415,-1,415,412,413,-1,416,414,417,-1,417,414,415,-1,418,416,419,-1,419,416,417,-1,420,418,421,-1,421,418,419,-1,422,420,423,-1,423,420,421,-1,424,422,425,-1,425,422,423,-1,403,424,405,-1,405,424,425,-1,424,403,402,-1,402,406,424,-1,424,406,408,-1,424,408,422,-1,418,420,416,-1,416,420,422,-1,416,422,414,-1,414,422,408,-1,414,408,412,-1,412,408,410,-1,423,421,419,-1,419,417,423,-1,423,417,415,-1,423,415,425,-1,404,405,407,-1,407,405,425,-1,407,425,409,-1,409,425,415,-1,409,415,411,-1,411,415,413,-1,426,427,428,-1,428,427,429,-1,430,431,432,-1,432,431,433,-1,432,433,434,-1,434,433,435,-1,434,435,436,-1,437,438,439,-1,440,441,442,-1,443,444,445,-1,426,428,446,-1,446,428,447,-1,446,447,448,-1,449,450,451,-1,451,450,439,-1,451,439,452,-1,452,439,438,-1,453,454,455,-1,455,454,456,-1,455,456,430,-1,430,456,457,-1,430,457,431,-1,443,458,444,-1,444,458,459,-1,444,459,460,-1,460,459,461,-1,460,461,462,-1,448,463,446,-1,446,463,464,-1,446,464,465,-1,465,464,466,-1,465,466,445,-1,445,466,467,-1,445,467,443,-1,468,469,470,-1,470,469,471,-1,470,471,453,-1,453,471,472,-1,453,472,454,-1,473,474,475,-1,475,474,476,-1,475,476,477,-1,477,476,478,-1,477,478,479,-1,442,480,440,-1,440,480,481,-1,440,481,473,-1,473,481,482,-1,473,482,474,-1,483,484,485,-1,485,484,486,-1,485,486,441,-1,441,486,487,-1,441,487,442,-1,488,489,439,-1,439,489,490,-1,439,490,437,-1,491,488,468,-1,468,488,492,-1,468,492,469,-1,429,489,428,-1,428,489,488,-1,428,488,493,-1,493,488,491,-1,461,494,462,-1,462,494,495,-1,462,495,496,-1,496,495,497,-1,496,497,498,-1,435,499,436,-1,436,499,500,-1,436,500,501,-1,501,500,502,-1,501,502,503,-1,503,502,504,-1,503,504,505,-1,505,504,506,-1,505,506,507,-1,507,506,508,-1,507,508,509,-1,509,508,510,-1,509,510,511,-1,511,510,512,-1,511,512,513,-1,513,512,514,-1,513,514,515,-1,515,514,516,-1,515,516,517,-1,517,516,518,-1,517,518,519,-1,452,520,451,-1,451,520,521,-1,451,521,522,-1,522,521,523,-1,522,523,524,-1,525,526,527,-1,527,526,528,-1,527,528,529,-1,529,528,530,-1,529,530,531,-1,497,532,498,-1,498,532,533,-1,498,533,483,-1,483,533,534,-1,483,534,484,-1,530,535,531,-1,531,535,536,-1,531,536,537,-1,537,536,538,-1,537,538,539,-1,539,538,524,-1,539,524,540,-1,540,524,523,-1,478,541,479,-1,479,541,542,-1,479,542,543,-1,543,542,544,-1,543,544,545,-1,545,544,546,-1,545,546,525,-1,525,546,547,-1,525,547,526,-1,548,549,550,-1,551,552,553,-1,553,552,554,-1,553,554,555,-1,556,557,558,-1,558,557,559,-1,558,559,560,-1,561,562,563,-1,564,565,566,-1,567,568,569,-1,569,568,570,-1,569,570,571,-1,572,573,562,-1,562,573,574,-1,562,574,563,-1,554,575,555,-1,555,575,576,-1,555,576,577,-1,577,576,578,-1,577,578,579,-1,580,581,582,-1,582,581,583,-1,582,583,584,-1,584,583,585,-1,584,585,551,-1,551,585,586,-1,551,586,552,-1,587,564,588,-1,588,564,566,-1,588,566,589,-1,589,566,590,-1,559,591,560,-1,560,591,592,-1,560,592,567,-1,567,592,593,-1,567,593,568,-1,594,595,556,-1,556,595,596,-1,556,596,557,-1,597,598,594,-1,594,598,599,-1,594,599,595,-1,563,600,561,-1,561,600,601,-1,561,601,602,-1,602,601,603,-1,602,603,604,-1,604,603,605,-1,604,605,606,-1,606,605,607,-1,606,607,608,-1,608,607,609,-1,570,610,571,-1,571,610,611,-1,571,611,612,-1,612,611,613,-1,612,613,572,-1,572,613,614,-1,572,614,573,-1,615,616,617,-1,617,616,566,-1,617,566,618,-1,618,566,565,-1,578,619,579,-1,579,619,620,-1,579,620,621,-1,621,620,622,-1,621,622,623,-1,623,622,616,-1,623,616,624,-1,624,616,625,-1,625,616,615,-1,625,615,609,-1,609,615,626,-1,609,626,608,-1,627,628,629,-1,629,628,630,-1,629,630,631,-1,631,630,632,-1,631,632,633,-1,633,632,634,-1,633,634,635,-1,548,550,636,-1,636,550,637,-1,636,637,638,-1,638,637,639,-1,638,639,640,-1,640,639,641,-1,640,641,642,-1,642,641,643,-1,642,643,644,-1,644,643,645,-1,644,645,646,-1,646,645,647,-1,646,647,648,-1,648,647,649,-1,648,649,580,-1,580,649,650,-1,580,650,581,-1,651,652,653,-1,653,652,654,-1,653,654,655,-1,655,654,656,-1,655,656,597,-1,597,656,657,-1,597,657,598,-1,634,658,635,-1,635,658,659,-1,635,659,660,-1,660,659,661,-1,660,661,662,-1,662,661,663,-1,662,663,651,-1,651,663,664,-1,651,664,652,-1,629,665,627,-1,627,665,666,-1,627,666,667,-1,667,666,668,-1,667,668,588,-1,588,668,669,-1,588,669,587,-1,504,649,647,-1,504,647,506,-1,506,647,645,-1,506,645,508,-1,508,645,643,-1,508,643,510,-1,510,643,641,-1,510,641,512,-1,512,641,639,-1,512,639,514,-1,514,639,637,-1,514,637,516,-1,516,637,550,-1,516,550,518,-1,519,518,549,-1,549,518,550,-1,519,549,548,-1,519,548,517,-1,517,548,636,-1,517,636,515,-1,515,636,638,-1,515,638,513,-1,513,638,640,-1,513,640,511,-1,511,640,642,-1,511,642,509,-1,509,642,644,-1,509,644,507,-1,507,644,646,-1,507,646,505,-1,505,646,648,-1,505,648,503,-1,503,648,580,-1,503,580,501,-1,501,580,582,-1,501,582,436,-1,436,582,584,-1,436,584,434,-1,434,584,551,-1,434,551,432,-1,432,551,553,-1,432,553,430,-1,430,553,555,-1,430,555,455,-1,455,555,577,-1,455,577,453,-1,453,577,579,-1,453,579,470,-1,470,579,621,-1,470,621,468,-1,468,621,623,-1,468,623,491,-1,491,623,624,-1,491,624,493,-1,493,624,625,-1,493,625,428,-1,447,428,609,-1,609,428,625,-1,447,609,607,-1,447,607,448,-1,448,607,605,-1,448,605,463,-1,463,605,603,-1,463,603,464,-1,464,603,601,-1,464,601,466,-1,466,601,600,-1,466,600,467,-1,467,600,563,-1,467,563,443,-1,443,563,574,-1,443,574,458,-1,458,574,573,-1,458,573,459,-1,459,573,614,-1,459,614,461,-1,461,614,613,-1,461,613,494,-1,494,613,611,-1,494,611,495,-1,495,611,610,-1,495,610,497,-1,497,610,570,-1,497,570,532,-1,532,570,568,-1,532,568,533,-1,533,568,593,-1,533,593,534,-1,534,593,592,-1,534,592,484,-1,484,592,591,-1,484,591,486,-1,486,591,559,-1,486,559,487,-1,487,559,557,-1,487,557,442,-1,442,557,596,-1,442,596,480,-1,480,596,595,-1,480,595,481,-1,481,595,599,-1,481,599,482,-1,482,599,598,-1,482,598,474,-1,474,598,657,-1,474,657,476,-1,476,657,656,-1,476,656,478,-1,478,656,654,-1,478,654,541,-1,541,654,652,-1,541,652,542,-1,542,652,664,-1,542,664,544,-1,544,664,663,-1,544,663,546,-1,546,663,661,-1,546,661,547,-1,547,661,659,-1,547,659,526,-1,526,659,658,-1,526,658,528,-1,528,658,634,-1,528,634,530,-1,530,634,632,-1,530,632,535,-1,535,632,630,-1,535,630,536,-1,536,630,628,-1,536,628,538,-1,538,628,627,-1,538,627,524,-1,524,627,667,-1,524,667,522,-1,451,522,588,-1,588,522,667,-1,449,451,589,-1,589,451,588,-1,450,449,590,-1,590,449,589,-1,439,450,566,-1,566,450,590,-1,439,566,616,-1,439,616,488,-1,488,616,622,-1,488,622,492,-1,492,622,620,-1,492,620,469,-1,469,620,619,-1,469,619,471,-1,471,619,578,-1,471,578,472,-1,472,578,576,-1,472,576,454,-1,454,576,575,-1,454,575,456,-1,456,575,554,-1,456,554,457,-1,457,554,552,-1,457,552,431,-1,431,552,586,-1,431,586,433,-1,433,586,585,-1,433,585,435,-1,435,585,583,-1,435,583,499,-1,499,583,581,-1,499,581,500,-1,500,581,650,-1,500,650,502,-1,502,650,649,-1,502,649,504,-1,445,561,602,-1,445,602,465,-1,465,602,604,-1,465,604,446,-1,446,604,606,-1,446,606,426,-1,426,606,608,-1,426,608,427,-1,427,608,626,-1,427,626,429,-1,498,569,571,-1,498,571,496,-1,496,571,612,-1,496,612,462,-1,462,612,572,-1,462,572,460,-1,460,572,562,-1,460,562,444,-1,444,562,561,-1,444,561,445,-1,473,594,556,-1,473,556,440,-1,440,556,558,-1,440,558,441,-1,441,558,560,-1,441,560,485,-1,485,560,567,-1,485,567,483,-1,483,567,569,-1,483,569,498,-1,545,662,651,-1,545,651,543,-1,543,651,653,-1,543,653,479,-1,479,653,655,-1,479,655,477,-1,477,655,597,-1,477,597,475,-1,475,597,594,-1,475,594,473,-1,540,666,665,-1,540,665,539,-1,539,665,629,-1,539,629,537,-1,537,629,631,-1,537,631,531,-1,531,631,633,-1,531,633,529,-1,529,633,635,-1,529,635,527,-1,527,635,660,-1,527,660,525,-1,525,660,662,-1,525,662,545,-1,490,617,618,-1,490,618,437,-1,437,618,565,-1,437,565,438,-1,438,565,564,-1,438,564,452,-1,452,564,587,-1,452,587,520,-1,520,587,669,-1,520,669,521,-1,521,669,668,-1,521,668,523,-1,523,668,666,-1,523,666,540,-1,490,489,617,-1,617,489,615,-1,489,429,615,-1,615,429,626,-1,670,671,672,-1,670,672,673,-1,673,672,674,-1,673,674,675,-1,675,674,676,-1,675,676,677,-1,677,676,678,-1,677,678,679,-1,679,678,680,-1,679,680,681,-1,681,680,682,-1,681,682,683,-1,683,682,684,-1,683,684,685,-1,686,685,687,-1,687,685,684,-1,686,687,688,-1,686,688,689,-1,689,688,690,-1,689,690,691,-1,691,690,692,-1,691,692,693,-1,693,692,694,-1,693,694,695,-1,695,694,696,-1,695,696,697,-1,697,696,698,-1,697,698,699,-1,699,698,700,-1,699,700,701,-1,701,700,702,-1,701,702,703,-1,703,702,704,-1,703,704,705,-1,705,704,706,-1,705,706,707,-1,707,706,708,-1,707,708,709,-1,709,708,710,-1,709,710,711,-1,711,710,712,-1,711,712,713,-1,713,712,714,-1,713,714,715,-1,715,714,716,-1,715,716,717,-1,717,716,718,-1,717,718,719,-1,719,718,720,-1,719,720,721,-1,721,720,722,-1,721,722,723,-1,723,722,724,-1,723,724,725,-1,725,724,726,-1,725,726,727,-1,727,726,728,-1,727,728,729,-1,729,728,730,-1,729,730,731,-1,731,730,732,-1,731,732,733,-1,733,732,734,-1,733,734,735,-1,735,734,736,-1,735,736,737,-1,737,736,738,-1,737,738,739,-1,739,738,740,-1,739,740,741,-1,741,740,742,-1,741,742,743,-1,743,742,744,-1,743,744,745,-1,745,744,746,-1,745,746,747,-1,747,746,748,-1,747,748,749,-1,749,748,750,-1,749,750,751,-1,751,750,752,-1,751,752,753,-1,753,752,754,-1,753,754,755,-1,755,754,756,-1,755,756,757,-1,757,756,758,-1,757,758,759,-1,759,758,760,-1,759,760,761,-1,761,760,762,-1,761,762,763,-1,763,762,764,-1,763,764,765,-1,765,764,766,-1,765,766,767,-1,767,766,768,-1,767,768,769,-1,769,768,770,-1,769,770,771,-1,771,770,772,-1,771,772,773,-1,773,772,774,-1,773,774,775,-1,775,774,776,-1,775,776,777,-1,777,776,778,-1,777,778,779,-1,779,778,780,-1,779,780,781,-1,781,780,782,-1,781,782,783,-1,783,782,784,-1,783,784,785,-1,785,784,786,-1,785,786,787,-1,787,786,788,-1,787,788,789,-1,789,788,790,-1,789,790,791,-1,791,790,792,-1,791,792,793,-1,793,792,794,-1,793,794,795,-1,795,794,796,-1,795,796,797,-1,797,796,798,-1,797,798,799,-1,799,798,800,-1,799,800,801,-1,801,800,802,-1,801,802,803,-1,803,802,804,-1,803,804,805,-1,806,805,807,-1,807,805,804,-1,806,807,808,-1,806,808,809,-1,809,808,810,-1,809,810,811,-1,811,810,812,-1,811,812,813,-1,813,812,814,-1,813,814,815,-1,815,814,816,-1,815,816,817,-1,817,816,818,-1,817,818,819,-1,819,818,820,-1,819,820,821,-1,821,820,822,-1,821,822,823,-1,823,822,824,-1,823,824,825,-1,825,824,826,-1,825,826,827,-1,827,826,828,-1,827,828,829,-1,829,828,830,-1,829,830,831,-1,831,830,832,-1,831,832,833,-1,833,832,834,-1,833,834,835,-1,835,834,836,-1,835,836,837,-1,837,836,838,-1,837,838,839,-1,839,838,840,-1,839,840,841,-1,841,840,842,-1,841,842,843,-1,843,842,844,-1,843,844,845,-1,845,844,846,-1,845,846,847,-1,847,846,848,-1,847,848,849,-1,849,848,850,-1,849,850,851,-1,851,850,852,-1,851,852,853,-1,853,852,854,-1,853,854,855,-1,855,854,856,-1,855,856,857,-1,857,856,858,-1,857,858,859,-1,859,858,860,-1,859,860,861,-1,861,860,862,-1,861,862,863,-1,863,862,864,-1,863,864,865,-1,865,864,866,-1,865,866,867,-1,867,866,868,-1,867,868,869,-1,869,868,870,-1,869,870,871,-1,871,870,872,-1,871,872,873,-1,873,872,874,-1,873,874,875,-1,875,874,876,-1,875,876,877,-1,877,876,878,-1,877,878,879,-1,879,878,880,-1,879,880,881,-1,881,880,882,-1,881,882,883,-1,883,882,884,-1,883,884,885,-1,885,884,886,-1,885,886,887,-1,887,886,888,-1,887,888,889,-1,889,888,890,-1,889,890,891,-1,891,890,892,-1,891,892,893,-1,893,892,894,-1,893,894,895,-1,895,894,896,-1,895,896,897,-1,897,896,898,-1,897,898,899,-1,899,898,900,-1,899,900,901,-1,901,900,902,-1,901,902,903,-1,903,902,904,-1,903,904,905,-1,905,904,906,-1,905,906,907,-1,907,906,671,-1,907,671,670,-1,683,685,686,-1,803,805,806,-1,713,715,897,-1,897,715,895,-1,777,837,775,-1,775,837,839,-1,775,839,773,-1,715,717,895,-1,895,717,719,-1,895,719,893,-1,779,833,777,-1,777,833,835,-1,777,835,837,-1,713,897,711,-1,711,897,899,-1,711,899,709,-1,709,899,901,-1,709,901,707,-1,707,901,903,-1,707,903,705,-1,855,765,853,-1,853,765,767,-1,737,883,735,-1,735,883,885,-1,839,841,773,-1,773,841,843,-1,773,843,771,-1,843,845,771,-1,771,845,847,-1,771,847,769,-1,769,847,849,-1,769,849,767,-1,767,849,851,-1,767,851,853,-1,855,857,765,-1,765,857,859,-1,765,859,763,-1,763,859,861,-1,763,861,761,-1,761,861,863,-1,761,863,759,-1,759,863,865,-1,759,865,757,-1,889,729,887,-1,887,729,731,-1,887,731,885,-1,885,731,733,-1,885,733,735,-1,719,721,893,-1,893,721,723,-1,893,723,891,-1,891,723,725,-1,891,725,889,-1,889,725,727,-1,889,727,729,-1,737,739,883,-1,883,739,741,-1,883,741,881,-1,881,741,743,-1,881,743,879,-1,879,743,745,-1,879,745,877,-1,877,745,747,-1,877,747,875,-1,705,903,703,-1,703,903,905,-1,703,905,701,-1,701,905,907,-1,701,907,699,-1,699,907,670,-1,699,670,697,-1,697,670,673,-1,697,673,695,-1,695,673,675,-1,695,675,693,-1,693,675,677,-1,693,677,691,-1,691,677,679,-1,691,679,689,-1,689,679,686,-1,686,679,681,-1,686,681,683,-1,747,749,875,-1,875,749,751,-1,875,751,873,-1,873,751,753,-1,873,753,871,-1,871,753,755,-1,871,755,869,-1,869,755,757,-1,869,757,867,-1,867,757,865,-1,803,806,801,-1,801,806,809,-1,801,809,799,-1,799,809,811,-1,799,811,797,-1,797,811,813,-1,797,813,795,-1,795,813,815,-1,795,815,793,-1,793,815,817,-1,793,817,791,-1,791,817,819,-1,791,819,789,-1,789,819,821,-1,789,821,787,-1,787,821,823,-1,787,823,785,-1,785,823,825,-1,785,825,783,-1,783,825,827,-1,783,827,781,-1,781,827,829,-1,781,829,779,-1,779,829,831,-1,779,831,833,-1,894,714,896,-1,896,714,712,-1,896,712,898,-1,898,712,710,-1,898,710,900,-1,776,774,836,-1,856,764,858,-1,858,764,762,-1,892,718,894,-1,894,718,716,-1,894,716,714,-1,886,884,732,-1,732,884,734,-1,734,884,882,-1,734,882,736,-1,856,854,764,-1,764,854,852,-1,764,852,766,-1,766,852,850,-1,766,850,768,-1,880,740,882,-1,882,740,738,-1,882,738,736,-1,770,842,772,-1,772,842,840,-1,772,840,774,-1,774,840,838,-1,774,838,836,-1,890,722,892,-1,892,722,720,-1,892,720,718,-1,850,848,768,-1,768,848,846,-1,768,846,770,-1,770,846,844,-1,770,844,842,-1,710,708,900,-1,900,708,706,-1,900,706,902,-1,902,706,704,-1,902,704,904,-1,904,704,702,-1,904,702,906,-1,906,702,700,-1,906,700,671,-1,671,700,698,-1,671,698,672,-1,672,698,696,-1,672,696,674,-1,674,696,694,-1,674,694,676,-1,732,730,886,-1,886,730,728,-1,886,728,888,-1,888,728,726,-1,888,726,890,-1,890,726,724,-1,890,724,722,-1,694,692,676,-1,676,692,690,-1,676,690,678,-1,678,690,688,-1,678,688,680,-1,680,688,687,-1,680,687,682,-1,682,687,684,-1,872,870,754,-1,754,870,868,-1,754,868,756,-1,756,868,866,-1,756,866,758,-1,758,866,864,-1,758,864,760,-1,760,864,862,-1,760,862,762,-1,762,862,860,-1,762,860,858,-1,836,834,776,-1,776,834,832,-1,776,832,778,-1,778,832,830,-1,778,830,780,-1,780,830,828,-1,780,828,782,-1,782,828,826,-1,782,826,784,-1,784,826,824,-1,784,824,786,-1,786,824,822,-1,786,822,788,-1,788,822,820,-1,788,820,790,-1,790,820,818,-1,790,818,792,-1,792,818,816,-1,792,816,794,-1,794,816,814,-1,794,814,796,-1,796,814,812,-1,796,812,798,-1,798,812,810,-1,798,810,800,-1,800,810,808,-1,800,808,802,-1,802,808,807,-1,802,807,804,-1,754,752,872,-1,872,752,750,-1,872,750,874,-1,874,750,748,-1,874,748,876,-1,876,748,746,-1,876,746,878,-1,878,746,744,-1,878,744,880,-1,880,744,742,-1,880,742,740,-1,908,909,910,-1,910,909,911,-1,912,908,913,-1,913,908,910,-1,912,913,914,-1,912,914,915,-1,915,914,916,-1,915,916,917,-1,918,917,919,-1,919,917,916,-1,920,918,921,-1,921,918,919,-1,922,920,923,-1,923,920,921,-1,924,922,925,-1,925,922,923,-1,926,924,927,-1,927,924,925,-1,928,926,929,-1,929,926,927,-1,928,929,930,-1,928,930,931,-1,931,930,932,-1,931,932,933,-1,933,932,934,-1,933,934,935,-1,935,934,936,-1,935,936,937,-1,937,936,938,-1,937,938,939,-1,939,938,940,-1,939,940,941,-1,941,940,942,-1,941,942,943,-1,943,942,944,-1,943,944,945,-1,945,944,946,-1,945,946,947,-1,947,946,948,-1,947,948,949,-1,950,949,951,-1,951,949,948,-1,950,951,952,-1,950,952,953,-1,953,952,954,-1,953,954,955,-1,955,954,956,-1,955,956,957,-1,957,956,958,-1,957,958,959,-1,959,958,960,-1,959,960,961,-1,961,960,962,-1,961,962,963,-1,963,962,964,-1,963,964,965,-1,965,964,966,-1,965,966,967,-1,967,966,968,-1,967,968,969,-1,969,968,970,-1,969,970,971,-1,971,970,972,-1,971,972,973,-1,973,972,974,-1,973,974,975,-1,975,974,976,-1,975,976,977,-1,977,976,978,-1,977,978,979,-1,909,979,911,-1,911,979,978,-1,915,917,979,-1,909,908,979,-1,979,908,912,-1,979,912,915,-1,922,924,920,-1,920,924,926,-1,920,926,918,-1,933,935,967,-1,967,935,965,-1,965,935,937,-1,965,937,963,-1,963,937,939,-1,963,939,961,-1,961,939,959,-1,959,939,941,-1,959,941,957,-1,957,941,943,-1,957,943,955,-1,967,969,933,-1,933,969,971,-1,933,971,931,-1,931,971,973,-1,931,973,928,-1,955,943,953,-1,953,943,945,-1,953,945,950,-1,950,945,947,-1,950,947,949,-1,973,975,928,-1,928,975,977,-1,928,977,926,-1,926,977,979,-1,926,979,918,-1,918,979,917,-1,940,938,960,-1,927,925,923,-1,910,911,913,-1,913,911,978,-1,960,938,962,-1,962,938,936,-1,962,936,964,-1,960,958,940,-1,940,958,956,-1,940,956,942,-1,942,956,954,-1,942,954,944,-1,944,954,952,-1,944,952,946,-1,946,952,951,-1,946,951,948,-1,964,936,966,-1,966,936,934,-1,966,934,968,-1,968,934,932,-1,968,932,970,-1,970,932,930,-1,970,930,972,-1,972,930,974,-1,974,930,929,-1,974,929,976,-1,919,916,978,-1,978,916,914,-1,978,914,913,-1,923,921,927,-1,927,921,919,-1,927,919,929,-1,929,919,978,-1,929,978,976,-1,980,981,982,-1,982,981,983,-1,984,980,985,-1,985,980,982,-1,986,984,987,-1,987,984,985,-1,988,986,989,-1,989,986,987,-1,990,988,991,-1,991,988,989,-1,992,990,993,-1,993,990,991,-1,994,992,995,-1,995,992,993,-1,996,994,997,-1,997,994,995,-1,998,996,999,-1,999,996,997,-1,1000,998,1001,-1,1001,998,999,-1,1002,1000,1003,-1,1003,1000,1001,-1,981,1002,983,-1,983,1002,1003,-1,1002,981,980,-1,980,984,1002,-1,1002,984,986,-1,1002,986,1000,-1,996,998,994,-1,994,998,1000,-1,994,1000,992,-1,992,1000,986,-1,992,986,990,-1,990,986,988,-1,1001,999,997,-1,997,995,1001,-1,1001,995,993,-1,1001,993,1003,-1,982,983,985,-1,985,983,1003,-1,985,1003,987,-1,987,1003,993,-1,987,993,989,-1,989,993,991,-1,1004,1005,1006,-1,1006,1005,1007,-1,1006,1007,1008,-1,1008,1007,1009,-1,1008,1009,1010,-1,1010,1009,1011,-1,1010,1011,1012,-1,1012,1011,1013,-1,1012,1013,1014,-1,1014,1013,1015,-1,1014,1015,1016,-1,1016,1015,1017,-1,1016,1017,1018,-1,1018,1017,1019,-1,1018,1019,1020,-1,1021,1022,1023,-1,1023,1022,1024,-1,1023,1024,1025,-1,1025,1024,1026,-1,1025,1026,1027,-1,1027,1026,1028,-1,1027,1028,1029,-1,1019,1030,1020,-1,1020,1030,1031,-1,1020,1031,1032,-1,1032,1031,1033,-1,1032,1033,1034,-1,1034,1033,1035,-1,1034,1035,1036,-1,1036,1035,1037,-1,1036,1037,1038,-1,1038,1037,1039,-1,1038,1039,1040,-1,1040,1039,1041,-1,1040,1041,1021,-1,1021,1041,1042,-1,1021,1042,1022,-1,1028,1043,1029,-1,1029,1043,1044,-1,1029,1044,1045,-1,1045,1044,1046,-1,1045,1046,1047,-1,1047,1046,1048,-1,1047,1048,1049,-1,1049,1048,1050,-1,1049,1050,1051,-1,1051,1050,1052,-1,1051,1052,1053,-1,1053,1052,1054,-1,1053,1054,1055,-1,1055,1054,1056,-1,1055,1056,1057,-1,1057,1056,1058,-1,1057,1058,1059,-1,1059,1058,1060,-1,1059,1060,1061,-1,1061,1060,1062,-1,1061,1062,1063,-1,1063,1062,1064,-1,1063,1064,1065,-1,1065,1064,1066,-1,1065,1066,1067,-1,1067,1066,1068,-1,1067,1068,1069,-1,1069,1068,1070,-1,1069,1070,1071,-1,1071,1070,1072,-1,1071,1072,1073,-1,1073,1072,1074,-1,1073,1074,1075,-1,1075,1074,1076,-1,1075,1076,1004,-1,1004,1076,1077,-1,1004,1077,1005,-1,1078,1079,1080,-1,1080,1079,1081,-1,1080,1081,1082,-1,1082,1081,1083,-1,1082,1083,1084,-1,1084,1083,1085,-1,1084,1085,1086,-1,1086,1085,1087,-1,1086,1087,1088,-1,1088,1087,1089,-1,1088,1089,1090,-1,1091,1092,1093,-1,1093,1092,1094,-1,1093,1094,1095,-1,1095,1094,1096,-1,1095,1096,1097,-1,1097,1096,1098,-1,1097,1098,1099,-1,1099,1098,1100,-1,1099,1100,1101,-1,1101,1100,1102,-1,1101,1102,1103,-1,1103,1102,1104,-1,1103,1104,1105,-1,1105,1104,1106,-1,1105,1106,1107,-1,1107,1106,1108,-1,1107,1108,1109,-1,1109,1108,1110,-1,1109,1110,1111,-1,1111,1110,1112,-1,1111,1112,1113,-1,1113,1112,1114,-1,1113,1114,1115,-1,1115,1114,1116,-1,1115,1116,1117,-1,1117,1116,1118,-1,1117,1118,1119,-1,1119,1118,1120,-1,1119,1120,1078,-1,1078,1120,1121,-1,1078,1121,1079,-1,1122,1123,1124,-1,1124,1123,1125,-1,1124,1125,1126,-1,1126,1125,1127,-1,1126,1127,1128,-1,1128,1127,1129,-1,1128,1129,1130,-1,1130,1129,1131,-1,1130,1131,1132,-1,1132,1131,1133,-1,1132,1133,1134,-1,1134,1133,1135,-1,1134,1135,1136,-1,1136,1135,1137,-1,1136,1137,1091,-1,1091,1137,1138,-1,1091,1138,1092,-1,1089,1139,1090,-1,1090,1139,1140,-1,1090,1140,1141,-1,1141,1140,1142,-1,1141,1142,1143,-1,1143,1142,1144,-1,1143,1144,1145,-1,1145,1144,1146,-1,1145,1146,1147,-1,1147,1146,1148,-1,1147,1148,1149,-1,1149,1148,1150,-1,1149,1150,1122,-1,1122,1150,1151,-1,1122,1151,1123,-1,1070,1068,1102,-1,1102,1068,1104,-1,1070,1102,1100,-1,1070,1100,1072,-1,1072,1100,1098,-1,1072,1098,1074,-1,1074,1098,1096,-1,1074,1096,1076,-1,1076,1096,1094,-1,1076,1094,1077,-1,1077,1094,1092,-1,1077,1092,1005,-1,1005,1092,1138,-1,1005,1138,1007,-1,1007,1138,1137,-1,1007,1137,1009,-1,1009,1137,1135,-1,1009,1135,1011,-1,1011,1135,1133,-1,1011,1133,1013,-1,1013,1133,1131,-1,1013,1131,1015,-1,1015,1131,1129,-1,1015,1129,1017,-1,1017,1129,1127,-1,1017,1127,1019,-1,1019,1127,1125,-1,1019,1125,1030,-1,1030,1125,1123,-1,1030,1123,1031,-1,1031,1123,1151,-1,1031,1151,1033,-1,1033,1151,1150,-1,1033,1150,1035,-1,1035,1150,1148,-1,1035,1148,1037,-1,1037,1148,1146,-1,1037,1146,1039,-1,1039,1146,1144,-1,1039,1144,1041,-1,1041,1144,1142,-1,1041,1142,1042,-1,1042,1142,1140,-1,1042,1140,1022,-1,1022,1140,1139,-1,1022,1139,1024,-1,1024,1139,1089,-1,1024,1089,1026,-1,1026,1089,1087,-1,1026,1087,1028,-1,1028,1087,1085,-1,1028,1085,1043,-1,1043,1085,1083,-1,1043,1083,1044,-1,1044,1083,1081,-1,1044,1081,1046,-1,1046,1081,1079,-1,1046,1079,1048,-1,1048,1079,1121,-1,1048,1121,1050,-1,1050,1121,1120,-1,1050,1120,1052,-1,1052,1120,1118,-1,1052,1118,1054,-1,1054,1118,1116,-1,1054,1116,1056,-1,1056,1116,1114,-1,1056,1114,1058,-1,1058,1114,1112,-1,1058,1112,1060,-1,1060,1112,1110,-1,1060,1110,1062,-1,1062,1110,1108,-1,1062,1108,1064,-1,1066,1064,1106,-1,1106,1064,1108,-1,1068,1066,1104,-1,1104,1066,1106,-1,1063,1065,1107,-1,1107,1065,1105,-1,1065,1067,1105,-1,1105,1067,1103,-1,1067,1069,1103,-1,1103,1069,1101,-1,1012,1132,1134,-1,1012,1134,1010,-1,1010,1134,1136,-1,1010,1136,1008,-1,1008,1136,1091,-1,1008,1091,1006,-1,1006,1091,1093,-1,1006,1093,1004,-1,1004,1093,1095,-1,1004,1095,1075,-1,1075,1095,1097,-1,1075,1097,1073,-1,1073,1097,1099,-1,1073,1099,1071,-1,1071,1099,1101,-1,1071,1101,1069,-1,1038,1145,1147,-1,1038,1147,1036,-1,1036,1147,1149,-1,1036,1149,1034,-1,1034,1149,1122,-1,1034,1122,1032,-1,1032,1122,1124,-1,1032,1124,1020,-1,1020,1124,1126,-1,1020,1126,1018,-1,1018,1126,1128,-1,1018,1128,1016,-1,1016,1128,1130,-1,1016,1130,1014,-1,1014,1130,1132,-1,1014,1132,1012,-1,1047,1080,1082,-1,1047,1082,1045,-1,1045,1082,1084,-1,1045,1084,1029,-1,1029,1084,1086,-1,1029,1086,1027,-1,1027,1086,1088,-1,1027,1088,1025,-1,1025,1088,1090,-1,1025,1090,1023,-1,1023,1090,1141,-1,1023,1141,1021,-1,1021,1141,1143,-1,1021,1143,1040,-1,1040,1143,1145,-1,1040,1145,1038,-1,1063,1107,1109,-1,1063,1109,1061,-1,1061,1109,1111,-1,1061,1111,1059,-1,1059,1111,1113,-1,1059,1113,1057,-1,1057,1113,1115,-1,1057,1115,1055,-1,1055,1115,1117,-1,1055,1117,1053,-1,1053,1117,1119,-1,1053,1119,1051,-1,1051,1119,1078,-1,1051,1078,1049,-1,1049,1078,1080,-1,1049,1080,1047,-1,1152,1153,1154,-1,1154,1153,1155,-1,1156,1157,1152,-1,1152,1157,1158,-1,1152,1158,1153,-1,1153,1158,1159,-1,1156,1160,1157,-1,1157,1160,1161,-1,1157,1161,1162,-1,1162,1161,1163,-1,1162,1163,1164,-1,1164,1165,1162,-1,1162,1165,1154,-1,1162,1154,1166,-1,1166,1154,1155,-1,1166,1155,1167,-1,1168,1169,1170,-1,1170,1169,1171,-1,1172,1173,1171,-1,1171,1173,1174,-1,1171,1174,1170,-1,1170,1174,1175,-1,1172,1176,1173,-1,1173,1176,1177,-1,1173,1177,1178,-1,1178,1177,1179,-1,1178,1179,1180,-1,1180,1181,1178,-1,1178,1181,1169,-1,1178,1169,1182,-1,1182,1169,1168,-1,1182,1168,1183,-1,1162,1166,1173,-1,1173,1166,1174,-1,1157,1162,1178,-1,1178,1162,1173,-1,1158,1157,1182,-1,1182,1157,1178,-1,1159,1158,1183,-1,1183,1158,1182,-1,1153,1159,1168,-1,1168,1159,1183,-1,1155,1153,1170,-1,1170,1153,1168,-1,1167,1155,1175,-1,1175,1155,1170,-1,1166,1167,1174,-1,1174,1167,1175,-1,1152,1154,1169,-1,1169,1154,1171,-1,1154,1165,1171,-1,1171,1165,1172,-1,1163,1177,1176,-1,1163,1176,1164,-1,1164,1176,1172,-1,1164,1172,1165,-1,1163,1161,1177,-1,1177,1161,1179,-1,1156,1181,1180,-1,1156,1180,1160,-1,1160,1180,1179,-1,1160,1179,1161,-1,1156,1152,1181,-1,1181,1152,1169,-1,1184,1185,1186,-1,1187,1188,1189,-1,1190,1191,1192,-1,1193,1194,1195,-1,1195,1194,1196,-1,1197,1198,1199,-1,1200,1201,1202,-1,1202,1201,1203,-1,1202,1203,1204,-1,1205,1206,1207,-1,1207,1206,1186,-1,1207,1186,1208,-1,1209,1210,1211,-1,1212,1213,1186,-1,1186,1213,1214,-1,1186,1214,1184,-1,1215,1216,1193,-1,1193,1216,1217,-1,1193,1217,1194,-1,1218,1219,1220,-1,1220,1219,1190,-1,1221,1222,1223,-1,1224,1225,1226,-1,1190,1192,1220,-1,1220,1192,1227,-1,1220,1227,1193,-1,1193,1227,1228,-1,1193,1228,1215,-1,1229,1230,1196,-1,1196,1230,1231,-1,1196,1231,1195,-1,1232,1185,1233,-1,1233,1185,1234,-1,1233,1234,1235,-1,1236,1237,1238,-1,1238,1237,1239,-1,1238,1239,1205,-1,1205,1239,1240,-1,1205,1240,1206,-1,1223,1241,1221,-1,1221,1241,1242,-1,1221,1242,1236,-1,1236,1242,1243,-1,1236,1243,1237,-1,1211,1210,1244,-1,1244,1210,1245,-1,1244,1245,1246,-1,1246,1245,1247,-1,1246,1247,1248,-1,1199,1198,1249,-1,1249,1198,1250,-1,1249,1250,1251,-1,1252,1253,1186,-1,1186,1253,1254,-1,1186,1254,1212,-1,1224,1226,1255,-1,1255,1226,1256,-1,1255,1256,1257,-1,1257,1256,1258,-1,1257,1258,1259,-1,1191,1190,1221,-1,1221,1190,1260,-1,1221,1260,1261,-1,1261,1262,1221,-1,1221,1262,1263,-1,1221,1263,1222,-1,1264,1265,1266,-1,1266,1265,1267,-1,1266,1267,1268,-1,1268,1267,1269,-1,1268,1269,1270,-1,1270,1269,1271,-1,1270,1271,1272,-1,1273,1274,1275,-1,1275,1274,1276,-1,1275,1276,1252,-1,1252,1276,1277,-1,1252,1277,1253,-1,1225,1224,1278,-1,1278,1224,1279,-1,1278,1279,1280,-1,1280,1279,1281,-1,1280,1281,1282,-1,1282,1281,1283,-1,1282,1283,1189,-1,1189,1283,1284,-1,1189,1284,1187,-1,1232,1285,1185,-1,1185,1285,1286,-1,1185,1286,1186,-1,1186,1286,1287,-1,1186,1287,1208,-1,1211,1288,1209,-1,1209,1288,1289,-1,1209,1289,1290,-1,1290,1289,1291,-1,1290,1291,1292,-1,1292,1291,1293,-1,1292,1293,1294,-1,1294,1293,1295,-1,1294,1295,1296,-1,1199,1297,1197,-1,1197,1297,1298,-1,1197,1298,1299,-1,1299,1298,1300,-1,1299,1300,1301,-1,1301,1300,1302,-1,1301,1302,1303,-1,1303,1302,1189,-1,1303,1189,1304,-1,1304,1189,1188,-1,1202,1305,1200,-1,1200,1305,1306,-1,1200,1306,1307,-1,1307,1306,1308,-1,1307,1308,1309,-1,1310,1311,1312,-1,1312,1311,1313,-1,1312,1313,1314,-1,1314,1313,1315,-1,1314,1315,1273,-1,1273,1315,1316,-1,1273,1316,1274,-1,1317,1318,1319,-1,1319,1318,1320,-1,1319,1320,1229,-1,1229,1320,1321,-1,1229,1321,1230,-1,1234,1322,1235,-1,1235,1322,1323,-1,1235,1323,1324,-1,1324,1323,1325,-1,1324,1325,1326,-1,1327,1328,1329,-1,1329,1328,1330,-1,1329,1330,1331,-1,1331,1330,1332,-1,1331,1332,1264,-1,1264,1332,1333,-1,1264,1333,1265,-1,1295,1334,1296,-1,1296,1334,1335,-1,1296,1335,1336,-1,1336,1335,1337,-1,1336,1337,1327,-1,1327,1337,1338,-1,1327,1338,1328,-1,1325,1339,1326,-1,1326,1339,1340,-1,1326,1340,1317,-1,1317,1340,1341,-1,1317,1341,1318,-1,1342,1343,1344,-1,1345,1346,1347,-1,1347,1346,1348,-1,1349,1350,1351,-1,1351,1350,1352,-1,1351,1352,1353,-1,1353,1352,1354,-1,1353,1354,1355,-1,1355,1354,1356,-1,1355,1356,1357,-1,1357,1356,1358,-1,1357,1358,1310,-1,1310,1358,1359,-1,1310,1359,1311,-1,1204,1360,1202,-1,1202,1360,1361,-1,1202,1361,1362,-1,1362,1361,1363,-1,1362,1363,1364,-1,1364,1363,1272,-1,1364,1272,1365,-1,1365,1272,1271,-1,1366,1367,1342,-1,1342,1367,1368,-1,1342,1368,1343,-1,1247,1369,1248,-1,1248,1369,1342,-1,1248,1342,1370,-1,1370,1342,1344,-1,1251,1250,1371,-1,1371,1250,1372,-1,1371,1372,1345,-1,1345,1372,1373,-1,1345,1373,1346,-1,1374,1375,1376,-1,1375,1377,1376,-1,1376,1377,1378,-1,1376,1378,1379,-1,1258,1380,1259,-1,1259,1380,1381,-1,1259,1381,1382,-1,1382,1381,1383,-1,1382,1383,1349,-1,1349,1383,1384,-1,1349,1384,1350,-1,1366,1342,1376,-1,1376,1342,1385,-1,1376,1385,1374,-1,1308,1386,1309,-1,1309,1386,1387,-1,1309,1387,1388,-1,1388,1387,1389,-1,1388,1389,1390,-1,1390,1389,1391,-1,1390,1391,1392,-1,1392,1391,1393,-1,1392,1393,1394,-1,1394,1393,1395,-1,1394,1395,1348,-1,1348,1395,1396,-1,1348,1396,1347,-1,1397,1398,1399,-1,1399,1398,1400,-1,1399,1400,1401,-1,1402,1403,1404,-1,1405,1406,1407,-1,1407,1406,1408,-1,1407,1408,1409,-1,1400,1410,1401,-1,1401,1410,1411,-1,1401,1411,1412,-1,1412,1411,1413,-1,1414,1415,1407,-1,1407,1415,1402,-1,1407,1402,1405,-1,1416,1417,1418,-1,1419,1420,1421,-1,1421,1420,1422,-1,1421,1422,1423,-1,1424,1425,1426,-1,1427,1428,1401,-1,1401,1428,1429,-1,1401,1429,1399,-1,1399,1429,1430,-1,1431,1432,1433,-1,1433,1432,1434,-1,1435,1436,1437,-1,1437,1436,1438,-1,1437,1438,1439,-1,1439,1438,1440,-1,1439,1440,1441,-1,1407,1442,1414,-1,1414,1442,1443,-1,1414,1443,1444,-1,1444,1443,1445,-1,1444,1445,1446,-1,1446,1445,1447,-1,1446,1447,1448,-1,1404,1449,1402,-1,1402,1449,1450,-1,1402,1450,1405,-1,1451,1452,1453,-1,1453,1452,1454,-1,1453,1454,1455,-1,1455,1454,1456,-1,1455,1456,1457,-1,1418,1417,1458,-1,1458,1417,1459,-1,1458,1459,1460,-1,1461,1462,1456,-1,1463,1464,1411,-1,1411,1464,1465,-1,1411,1465,1413,-1,1434,1466,1433,-1,1433,1466,1467,-1,1433,1467,1468,-1,1468,1467,1441,-1,1468,1441,1469,-1,1469,1441,1440,-1,1460,1459,1470,-1,1470,1459,1471,-1,1470,1471,1433,-1,1433,1471,1472,-1,1433,1472,1431,-1,1473,1474,1475,-1,1475,1474,1476,-1,1475,1476,1477,-1,1477,1476,1478,-1,1477,1478,1479,-1,1479,1478,1480,-1,1479,1480,1481,-1,1482,1483,1484,-1,1484,1483,1485,-1,1484,1485,1486,-1,1486,1485,1487,-1,1486,1487,1488,-1,1462,1489,1456,-1,1456,1489,1490,-1,1456,1490,1457,-1,1422,1491,1423,-1,1423,1491,1492,-1,1423,1492,1493,-1,1493,1492,1494,-1,1493,1494,1408,-1,1408,1494,1495,-1,1408,1495,1409,-1,1426,1425,1496,-1,1496,1425,1497,-1,1496,1497,1401,-1,1401,1497,1498,-1,1401,1498,1427,-1,1499,1500,1501,-1,1501,1500,1502,-1,1501,1502,1503,-1,1426,1504,1424,-1,1424,1504,1505,-1,1424,1505,1506,-1,1506,1505,1507,-1,1506,1507,1419,-1,1419,1507,1508,-1,1419,1508,1420,-1,1502,1509,1503,-1,1503,1509,1510,-1,1503,1510,1511,-1,1511,1510,1512,-1,1511,1512,1513,-1,1513,1512,1399,-1,1513,1399,1514,-1,1514,1399,1430,-1,1499,1515,1516,-1,1517,1518,1519,-1,1519,1518,1520,-1,1519,1520,1521,-1,1447,1522,1448,-1,1448,1522,1523,-1,1448,1523,1524,-1,1524,1523,1525,-1,1524,1525,1526,-1,1526,1525,1527,-1,1526,1527,1528,-1,1528,1527,1529,-1,1528,1529,1530,-1,1530,1529,1531,-1,1530,1531,1517,-1,1517,1531,1532,-1,1517,1532,1518,-1,1533,1534,1535,-1,1535,1534,1536,-1,1487,1537,1488,-1,1488,1537,1538,-1,1488,1538,1539,-1,1539,1538,1540,-1,1539,1540,1473,-1,1473,1540,1541,-1,1473,1541,1474,-1,1456,1542,1461,-1,1461,1542,1543,-1,1461,1543,1544,-1,1544,1543,1545,-1,1544,1545,1546,-1,1546,1545,1547,-1,1546,1547,1548,-1,1548,1547,1549,-1,1548,1549,1482,-1,1482,1549,1550,-1,1482,1550,1483,-1,1551,1552,1499,-1,1499,1552,1553,-1,1499,1553,1515,-1,1516,1554,1499,-1,1499,1554,1555,-1,1499,1555,1500,-1,1520,1556,1521,-1,1521,1556,1557,-1,1521,1557,1558,-1,1558,1557,1559,-1,1558,1559,1560,-1,1560,1559,1561,-1,1560,1561,1435,-1,1435,1561,1562,-1,1435,1562,1436,-1,1480,1563,1481,-1,1481,1563,1564,-1,1481,1564,1565,-1,1565,1564,1566,-1,1565,1566,1567,-1,1567,1566,1568,-1,1567,1568,1569,-1,1569,1568,1570,-1,1569,1570,1571,-1,1571,1570,1572,-1,1571,1572,1573,-1,1573,1572,1574,-1,1573,1574,1535,-1,1535,1574,1575,-1,1535,1575,1533,-1,1536,1576,1535,-1,1535,1576,1577,-1,1535,1577,1578,-1,1403,1402,1499,-1,1499,1402,1579,-1,1499,1579,1551,-1,1580,1581,1578,-1,1578,1581,1582,-1,1578,1582,1583,-1,1584,1585,1586,-1,1586,1585,1587,-1,1586,1587,1451,-1,1451,1587,1588,-1,1451,1588,1452,-1,1418,1589,1416,-1,1416,1589,1590,-1,1416,1590,1591,-1,1591,1590,1592,-1,1591,1592,1593,-1,1593,1592,1594,-1,1593,1594,1595,-1,1595,1594,1596,-1,1595,1596,1597,-1,1597,1596,1598,-1,1597,1598,1599,-1,1599,1598,1600,-1,1599,1600,1601,-1,1601,1600,1602,-1,1601,1602,1603,-1,1603,1602,1604,-1,1603,1604,1605,-1,1605,1604,1606,-1,1605,1606,1584,-1,1584,1606,1607,-1,1584,1607,1585,-1,1583,1608,1578,-1,1578,1608,1609,-1,1578,1609,1535,-1,1330,1537,1487,-1,1330,1487,1332,-1,1332,1487,1485,-1,1332,1485,1333,-1,1333,1485,1483,-1,1333,1483,1265,-1,1265,1483,1550,-1,1265,1550,1267,-1,1267,1550,1549,-1,1267,1549,1269,-1,1269,1549,1547,-1,1269,1547,1271,-1,1271,1547,1545,-1,1271,1545,1365,-1,1365,1545,1543,-1,1365,1543,1364,-1,1364,1543,1542,-1,1364,1542,1362,-1,1362,1542,1456,-1,1362,1456,1202,-1,1202,1456,1454,-1,1202,1454,1305,-1,1305,1454,1452,-1,1305,1452,1306,-1,1306,1452,1588,-1,1306,1588,1308,-1,1308,1588,1587,-1,1308,1587,1386,-1,1386,1587,1585,-1,1386,1585,1387,-1,1387,1585,1607,-1,1387,1607,1389,-1,1389,1607,1606,-1,1389,1606,1391,-1,1391,1606,1604,-1,1391,1604,1393,-1,1393,1604,1602,-1,1393,1602,1395,-1,1395,1602,1600,-1,1395,1600,1396,-1,1396,1600,1598,-1,1396,1598,1347,-1,1347,1598,1596,-1,1347,1596,1345,-1,1345,1596,1594,-1,1345,1594,1371,-1,1371,1594,1592,-1,1371,1592,1251,-1,1251,1592,1590,-1,1251,1590,1249,-1,1249,1590,1589,-1,1249,1589,1199,-1,1199,1589,1418,-1,1199,1418,1297,-1,1297,1418,1458,-1,1297,1458,1298,-1,1298,1458,1460,-1,1298,1460,1300,-1,1300,1460,1470,-1,1300,1470,1302,-1,1302,1470,1433,-1,1302,1433,1189,-1,1189,1433,1468,-1,1189,1468,1282,-1,1282,1468,1469,-1,1282,1469,1280,-1,1280,1469,1440,-1,1280,1440,1278,-1,1278,1440,1438,-1,1278,1438,1225,-1,1225,1438,1436,-1,1225,1436,1226,-1,1226,1436,1562,-1,1226,1562,1256,-1,1256,1562,1561,-1,1256,1561,1258,-1,1258,1561,1559,-1,1258,1559,1380,-1,1380,1559,1557,-1,1380,1557,1381,-1,1381,1557,1556,-1,1381,1556,1383,-1,1383,1556,1520,-1,1383,1520,1384,-1,1384,1520,1518,-1,1384,1518,1350,-1,1350,1518,1532,-1,1350,1532,1352,-1,1352,1532,1531,-1,1352,1531,1354,-1,1354,1531,1529,-1,1354,1529,1356,-1,1356,1529,1527,-1,1356,1527,1358,-1,1358,1527,1525,-1,1358,1525,1359,-1,1359,1525,1523,-1,1359,1523,1311,-1,1311,1523,1522,-1,1311,1522,1313,-1,1313,1522,1447,-1,1313,1447,1315,-1,1315,1447,1445,-1,1315,1445,1316,-1,1316,1445,1443,-1,1316,1443,1274,-1,1274,1443,1442,-1,1274,1442,1276,-1,1276,1442,1407,-1,1276,1407,1277,-1,1277,1407,1409,-1,1277,1409,1253,-1,1253,1409,1495,-1,1253,1495,1254,-1,1254,1495,1494,-1,1254,1494,1212,-1,1212,1494,1492,-1,1212,1492,1213,-1,1213,1492,1491,-1,1213,1491,1214,-1,1214,1491,1422,-1,1214,1422,1184,-1,1184,1422,1420,-1,1184,1420,1185,-1,1185,1420,1508,-1,1185,1508,1234,-1,1234,1508,1507,-1,1234,1507,1322,-1,1322,1507,1505,-1,1322,1505,1323,-1,1323,1505,1504,-1,1323,1504,1325,-1,1325,1504,1426,-1,1325,1426,1339,-1,1339,1426,1496,-1,1339,1496,1340,-1,1340,1496,1401,-1,1340,1401,1341,-1,1341,1401,1412,-1,1341,1412,1318,-1,1318,1412,1413,-1,1318,1413,1320,-1,1320,1413,1465,-1,1320,1465,1321,-1,1321,1465,1464,-1,1321,1464,1230,-1,1230,1464,1463,-1,1230,1463,1231,-1,1231,1463,1411,-1,1231,1411,1195,-1,1195,1411,1410,-1,1195,1410,1193,-1,1220,1193,1400,-1,1400,1193,1410,-1,1218,1220,1398,-1,1398,1220,1400,-1,1219,1218,1397,-1,1397,1218,1398,-1,1190,1219,1399,-1,1399,1219,1397,-1,1190,1399,1512,-1,1190,1512,1260,-1,1260,1512,1510,-1,1260,1510,1261,-1,1261,1510,1509,-1,1261,1509,1262,-1,1262,1509,1502,-1,1262,1502,1263,-1,1263,1502,1500,-1,1263,1500,1222,-1,1222,1500,1555,-1,1222,1555,1223,-1,1223,1555,1554,-1,1223,1554,1241,-1,1241,1554,1516,-1,1241,1516,1242,-1,1242,1516,1515,-1,1242,1515,1243,-1,1243,1515,1553,-1,1243,1553,1237,-1,1237,1553,1552,-1,1237,1552,1239,-1,1239,1552,1551,-1,1239,1551,1240,-1,1240,1551,1579,-1,1240,1579,1206,-1,1206,1579,1402,-1,1206,1402,1186,-1,1186,1402,1415,-1,1186,1415,1252,-1,1252,1415,1414,-1,1252,1414,1275,-1,1275,1414,1444,-1,1275,1444,1273,-1,1273,1444,1446,-1,1273,1446,1314,-1,1314,1446,1448,-1,1314,1448,1312,-1,1312,1448,1524,-1,1312,1524,1310,-1,1310,1524,1526,-1,1310,1526,1357,-1,1357,1526,1528,-1,1357,1528,1355,-1,1355,1528,1530,-1,1355,1530,1353,-1,1353,1530,1517,-1,1353,1517,1351,-1,1351,1517,1519,-1,1351,1519,1349,-1,1349,1519,1521,-1,1349,1521,1382,-1,1382,1521,1558,-1,1382,1558,1259,-1,1259,1558,1560,-1,1259,1560,1257,-1,1257,1560,1435,-1,1257,1435,1255,-1,1255,1435,1437,-1,1255,1437,1224,-1,1224,1437,1439,-1,1224,1439,1279,-1,1279,1439,1441,-1,1279,1441,1281,-1,1281,1441,1467,-1,1281,1467,1283,-1,1283,1467,1466,-1,1283,1466,1284,-1,1284,1466,1434,-1,1284,1434,1187,-1,1187,1434,1432,-1,1187,1432,1188,-1,1188,1432,1431,-1,1188,1431,1304,-1,1304,1431,1472,-1,1304,1472,1303,-1,1303,1472,1471,-1,1303,1471,1301,-1,1301,1471,1459,-1,1301,1459,1299,-1,1299,1459,1417,-1,1299,1417,1197,-1,1197,1417,1416,-1,1197,1416,1198,-1,1198,1416,1591,-1,1198,1591,1250,-1,1250,1591,1593,-1,1250,1593,1372,-1,1372,1593,1595,-1,1372,1595,1373,-1,1373,1595,1597,-1,1373,1597,1346,-1,1346,1597,1599,-1,1346,1599,1348,-1,1348,1599,1601,-1,1348,1601,1394,-1,1394,1601,1603,-1,1394,1603,1392,-1,1392,1603,1605,-1,1392,1605,1390,-1,1390,1605,1584,-1,1390,1584,1388,-1,1388,1584,1586,-1,1388,1586,1309,-1,1309,1586,1451,-1,1309,1451,1307,-1,1307,1451,1453,-1,1307,1453,1200,-1,1200,1453,1455,-1,1200,1455,1201,-1,1201,1455,1457,-1,1201,1457,1203,-1,1203,1457,1490,-1,1203,1490,1204,-1,1360,1204,1489,-1,1489,1204,1490,-1,1360,1489,1462,-1,1360,1462,1361,-1,1361,1462,1461,-1,1361,1461,1363,-1,1363,1461,1544,-1,1363,1544,1272,-1,1272,1544,1546,-1,1272,1546,1270,-1,1270,1546,1548,-1,1270,1548,1268,-1,1268,1548,1482,-1,1268,1482,1266,-1,1266,1482,1484,-1,1266,1484,1264,-1,1264,1484,1486,-1,1264,1486,1331,-1,1331,1486,1488,-1,1331,1488,1329,-1,1329,1488,1539,-1,1329,1539,1327,-1,1327,1539,1473,-1,1327,1473,1336,-1,1336,1473,1475,-1,1336,1475,1296,-1,1296,1475,1477,-1,1296,1477,1294,-1,1294,1477,1479,-1,1294,1479,1292,-1,1292,1479,1481,-1,1292,1481,1290,-1,1290,1481,1565,-1,1290,1565,1209,-1,1209,1565,1567,-1,1209,1567,1210,-1,1210,1567,1569,-1,1210,1569,1245,-1,1247,1245,1571,-1,1571,1245,1569,-1,1247,1571,1573,-1,1247,1573,1369,-1,1369,1573,1535,-1,1369,1535,1342,-1,1342,1535,1609,-1,1342,1609,1385,-1,1385,1609,1608,-1,1385,1608,1374,-1,1374,1608,1583,-1,1374,1583,1375,-1,1375,1583,1582,-1,1375,1582,1377,-1,1377,1582,1581,-1,1377,1581,1378,-1,1378,1581,1580,-1,1378,1580,1379,-1,1379,1580,1578,-1,1379,1578,1376,-1,1376,1578,1577,-1,1376,1577,1366,-1,1366,1577,1576,-1,1366,1576,1367,-1,1367,1576,1536,-1,1367,1536,1368,-1,1368,1536,1534,-1,1368,1534,1343,-1,1343,1534,1533,-1,1343,1533,1344,-1,1344,1533,1575,-1,1344,1575,1370,-1,1370,1575,1574,-1,1370,1574,1248,-1,1248,1574,1572,-1,1248,1572,1246,-1,1244,1246,1570,-1,1570,1246,1572,-1,1244,1570,1568,-1,1244,1568,1211,-1,1211,1568,1566,-1,1211,1566,1288,-1,1288,1566,1564,-1,1288,1564,1289,-1,1289,1564,1563,-1,1289,1563,1291,-1,1291,1563,1480,-1,1291,1480,1293,-1,1293,1480,1478,-1,1293,1478,1295,-1,1295,1478,1476,-1,1295,1476,1334,-1,1334,1476,1474,-1,1334,1474,1335,-1,1335,1474,1541,-1,1335,1541,1337,-1,1337,1541,1540,-1,1337,1540,1338,-1,1338,1540,1538,-1,1338,1538,1328,-1,1328,1538,1537,-1,1328,1537,1330,-1,1191,1499,1501,-1,1191,1501,1192,-1,1192,1501,1503,-1,1192,1503,1227,-1,1227,1503,1511,-1,1227,1511,1228,-1,1228,1511,1513,-1,1228,1513,1215,-1,1215,1513,1514,-1,1215,1514,1216,-1,1216,1514,1430,-1,1216,1430,1217,-1,1217,1430,1429,-1,1217,1429,1194,-1,1194,1429,1428,-1,1194,1428,1196,-1,1196,1428,1427,-1,1196,1427,1229,-1,1229,1427,1498,-1,1229,1498,1319,-1,1319,1498,1497,-1,1319,1497,1317,-1,1317,1497,1425,-1,1317,1425,1326,-1,1326,1425,1424,-1,1326,1424,1324,-1,1324,1424,1506,-1,1324,1506,1235,-1,1235,1506,1419,-1,1235,1419,1233,-1,1233,1419,1421,-1,1233,1421,1232,-1,1232,1421,1423,-1,1232,1423,1285,-1,1285,1423,1493,-1,1285,1493,1286,-1,1286,1493,1408,-1,1286,1408,1287,-1,1287,1408,1406,-1,1287,1406,1208,-1,1208,1406,1405,-1,1208,1405,1207,-1,1207,1405,1450,-1,1207,1450,1205,-1,1205,1450,1449,-1,1205,1449,1238,-1,1238,1449,1404,-1,1238,1404,1236,-1,1236,1404,1403,-1,1236,1403,1221,-1,1221,1403,1499,-1,1221,1499,1191,-1,
        ]
    }
}
Shape{
    appearance Appearance {
        material  Material 	{
            diffuseColor 1.0 1.0 0.0
            specularColor 0.5019607843137255 0.5019607843137255 0.0
            ambientIntensity 0.2
            transparency 0
            shininess 0.5
        }
    }
    geometry IndexedFaceSet {
        ccw TRUE
        solid FALSE
        coord DEF co Coordinate {
            point [
                -5.5063 2.2712 -0.1453, -5.5063 2.2629 -0.1413, -5.4669 2.2712 -0.1453, -5.4669 2.2629 -0.1413, -5.4669 2.2364 -0.1306, -5.5063 2.2364 -0.1306, -5.4669 2.2225 -0.1273, -5.5063 2.2225 -0.1273, -5.4669 2.2086 -0.124, -5.5063 2.2086 -0.124, -5.4669 2.1801 -0.1214, -5.5063 2.1801 -0.1214, -5.4669 2.1515 -0.123, -5.5063 2.1515 -0.123, -5.4669 2.1375 -0.1258, -5.5063 2.1375 -0.1258, -5.4669 2.1235 -0.1287, -5.5063 2.1235 -0.1287, -5.4669 2.0966 -0.1384, -5.5063 2.0966 -0.1384, -5.4669 2.0714 -0.1519, -5.5063 2.0714 -0.1519, -5.4669 2.0599 -0.1604, -5.5063 2.0599 -0.1604, -5.4669 2.0484 -0.1689, -5.5063 2.0484 -0.1689, -5.4669 2.0281 -0.1891, -5.5063 2.0281 -0.1891, -5.5063 2.0135 -0.2059, -5.4669 2.0135 -0.2059, -5.5106 2.0716 -0.1523, -5.5106 2.1516 -0.1234, -5.5106 2.2362 -0.1311, -5.526 2.0715 -0.1762, -5.526 2.0612 -0.1838, -5.5255 2.0583 -0.1805, -5.526 2.154 -0.1425, -5.526 2.1414 -0.145, -5.5255 2.1276 -0.1434, -5.526 2.0819 -0.1685, -5.526 2.2543 -0.159, -5.526 2.2304 -0.1494, -5.5255 2.2562 -0.155, -5.5255 2.2317 -0.1452, -5.524 2.2581 -0.1513, -5.524 2.233 -0.1412, -5.5217 2.2597 -0.1479, -5.5217 2.2341 -0.1377, -5.5185 2.2611 -0.1451, -5.5185 2.2351 -0.1347, -5.5148 2.2621 -0.143, -5.5148 2.2358 -0.1325, -5.5106 2.2627 -0.1417, -5.526 2.2179 -0.1464, -5.5255 2.2061 -0.1391, -5.524 2.2068 -0.1349, -5.5217 2.2074 -0.1313, -5.5185 2.2079 -0.1282, -5.5148 2.2083 -0.1259, -5.5106 2.2085 -0.1244, -5.5255 2.1798 -0.1367, -5.524 2.1799 -0.1325, -5.5217 2.18 -0.1288, -5.5185 2.18 -0.1257, -5.5148 2.1801 -0.1233, -5.5106 2.1801 -0.1219, -5.5255 2.1535 -0.1381, -5.524 2.1529 -0.134, -5.5217 2.1525 -0.1303, -5.5185 2.1521 -0.1272, -5.5148 2.1518 -0.1249, -5.526 2.2054 -0.1434, -5.526 2.1797 -0.1411, -5.524 2.1265 -0.1394, -5.5217 2.1255 -0.1358, -5.5185 2.1247 -0.1328, -5.5148 2.124 -0.1305, -5.5106 2.1236 -0.1291, -5.5255 2.1028 -0.1523, -5.524 2.1011 -0.1485, -5.5217 2.0996 -0.1451, -5.5185 2.0983 -0.1423, -5.5148 2.0974 -0.1401, -5.5106 2.0968 -0.1388, -5.5255 2.0796 -0.1648, -5.524 2.0773 -0.1613, -5.5217 2.0753 -0.1581, -5.5185 2.0737 -0.1555, -5.5148 2.0724 -0.1535, -5.526 2.1288 -0.1476, -5.526 2.1046 -0.1563, -5.524 2.0556 -0.1773, -5.5217 2.0532 -0.1745, -5.5185 2.0512 -0.1721, -5.5148 2.0496 -0.1704, -5.5106 2.0487 -0.1693, -5.526 2.0429 -0.202, -5.5255 2.0396 -0.1991, -5.524 2.0365 -0.1964, -5.5217 2.0337 -0.1939, -5.5185 2.0313 -0.1919, -5.5148 2.0296 -0.1903, -5.5106 2.0285 -0.1894, -5.5332 2.315 -0.2336, -5.522 2.3235 -0.2323, -5.5096 2.3288 -0.2315, -5.4472 2.321 -0.2327, -5.4408 2.3158 -0.2335, -5.4767 2.3305 -0.2312, -5.435 2.3097 -0.2345, -5.4256 2.2949 -0.2368, -5.4211 2.2831 -0.2387, -5.4964 2.3305 -0.2312, -5.5521 2.2831 -0.2387, -5.503 2.3301 -0.2313, -5.5496 2.2902 -0.2376, -5.5426 2.3037 -0.2354, -5.469 2.3299 -0.2313, -5.4615 2.3281 -0.2316, -5.4541 2.3251 -0.232, -5.526 2.2568 -0.1602, -5.5255 2.2599 -0.157, -5.524 2.2629 -0.1538, -5.5255 2.26 -0.1569, -5.5217 2.2657 -0.151, -5.524 2.263 -0.1537, -5.5186 2.268 -0.1486, -5.5217 2.2658 -0.1509, -5.5149 2.2697 -0.1468, -5.5185 2.2681 -0.1485, -5.5106 2.2708 -0.1457, -5.5107 2.2708 -0.1457, -5.5148 2.2698 -0.1468, -5.5255 2.2632 -0.1633, -5.5149 2.2838 -0.1733, -5.5128 2.2851 -0.174, -5.5107 2.286 -0.1744, -5.5085 2.2866 -0.1747, -5.5063 2.2868 -0.1748, -5.5186 2.2802 -0.1716, -5.5217 2.2754 -0.1692, -5.5241 2.2696 -0.1664, -5.4669 2.2868 -0.1748, -5.4647 2.2866 -0.1747, -5.4625 2.2708 -0.1457, -5.4625 2.286 -0.1744, -5.4625 2.2708 -0.1457, -5.4584 2.2698 -0.1468, -5.4604 2.2851 -0.174, -5.4583 2.2697 -0.1468, -5.4583 2.2838 -0.1733, -5.4546 2.2681 -0.1485, -5.4546 2.2802 -0.1716, -5.4546 2.268 -0.1486, -5.4515 2.2658 -0.1509, -5.4514 2.2754 -0.1692, -5.4515 2.2657 -0.151, -5.4492 2.263 -0.1537, -5.4491 2.2696 -0.1664, -5.4491 2.2629 -0.1538, -5.4477 2.26 -0.1569, -5.4477 2.2632 -0.1633, -5.4477 2.2599 -0.157, -5.4472 2.2568 -0.1602, -5.4625 2.2627 -0.1417, -5.4584 2.2621 -0.143, -5.4546 2.2611 -0.1451, -5.4515 2.2597 -0.1479, -5.4492 2.2581 -0.1513, -5.4477 2.2562 -0.155, -5.4472 2.2543 -0.159, -5.4964 2.3443 -0.2029, -5.4767 2.3443 -0.2029, -5.4472 2.0715 -0.1762, -5.4472 2.0819 -0.1685, -5.4477 2.0796 -0.1648, -5.4472 2.1414 -0.145, -5.4472 2.154 -0.1425, -5.4477 2.1535 -0.1381, -5.4472 2.2179 -0.1464, -5.4472 2.2304 -0.1494, -5.4477 2.2317 -0.1452, -5.4625 2.0487 -0.1693, -5.4625 2.1236 -0.1291, -5.4625 2.2085 -0.1244, -5.4625 2.0285 -0.1894, -5.4618 2.0286 -0.1895, -5.4584 2.0496 -0.1704, -5.4584 2.0297 -0.1904, -5.4571 2.0301 -0.1908, -5.4546 2.0512 -0.1721, -5.4547 2.0314 -0.192, -5.453 2.0324 -0.1928, -5.4515 2.0532 -0.1745, -5.4516 2.0338 -0.194, -5.4499 2.0355 -0.1955, -5.4492 2.0556 -0.1773, -5.4625 2.2362 -0.1311, -5.4584 2.2358 -0.1325, -5.4546 2.2351 -0.1347, -5.4515 2.2341 -0.1377, -5.4492 2.233 -0.1412, -5.4472 2.2054 -0.1434, -5.4477 2.2061 -0.1391, -5.4492 2.2068 -0.1349, -5.4515 2.2074 -0.1313, -5.4546 2.2079 -0.1282, -5.4584 2.2083 -0.1259, -5.4625 2.1801 -0.1219, -5.4584 2.1801 -0.1233, -5.4546 2.18 -0.1257, -5.4515 2.18 -0.1288, -5.4492 2.1799 -0.1325, -5.4477 2.1798 -0.1367, -5.4472 2.1797 -0.1411, -5.4625 2.1516 -0.1234, -5.4584 2.1518 -0.1249, -5.4546 2.1521 -0.1272, -5.4515 2.1525 -0.1303, -5.4492 2.1529 -0.134, -5.4472 2.1288 -0.1476, -5.4477 2.1276 -0.1434, -5.4492 2.1265 -0.1394, -5.4515 2.1255 -0.1358, -5.4546 2.1247 -0.1328, -5.4584 2.124 -0.1305, -5.4625 2.0968 -0.1388, -5.4584 2.0974 -0.1401, -5.4546 2.0983 -0.1423, -5.4515 2.0996 -0.1451, -5.4492 2.1011 -0.1485, -5.4477 2.1028 -0.1523, -5.4472 2.1046 -0.1563, -5.4625 2.0716 -0.1523, -5.4584 2.0724 -0.1535, -5.4546 2.0737 -0.1555, -5.4515 2.0753 -0.1581, -5.4492 2.0773 -0.1613, -5.4472 2.0612 -0.1838, -5.4477 2.0583 -0.1805, -5.4493 2.0365 -0.1964, -5.4479 2.0391 -0.1986, -5.4478 2.0396 -0.1991, -5.4472 2.0429 -0.202, -5.5106 2.0139 -0.2061, -5.5107 2.0139 -0.2061, -5.5148 2.0152 -0.2068, -5.5149 2.0152 -0.2068, -5.5185 2.0173 -0.208, -5.5186 2.0174 -0.208, -5.5217 2.0201 -0.2095, -5.5217 2.0202 -0.2096, -5.524 2.0235 -0.2114, -5.5241 2.0236 -0.2114, -5.5254 2.0272 -0.2134, -5.5255 2.0273 -0.2135, -5.526 2.0311 -0.2155, -5.4625 2.0139 -0.2061, -5.4618 2.0141 -0.2062, -5.4583 2.0152 -0.2068, -5.4571 2.0159 -0.2072, -5.4546 2.0174 -0.208, -5.453 2.0186 -0.2087, -5.4516 2.0203 -0.2096, -5.4499 2.0223 -0.2107, -5.4492 2.0236 -0.2114, -5.4479 2.0266 -0.213, -5.4478 2.0274 -0.2135, -5.4472 2.0311 -0.2155, -5.4481 2.0247 -0.223, -5.4583 2.0033 -0.2476, -5.4604 2.0019 -0.2491, -5.4625 2.001 -0.2503, -5.4647 2.0004 -0.2509, -5.4658 2.0002 -0.2511, -5.4669 2.0002 -0.2512, -5.4546 2.007 -0.2433, -5.4514 2.012 -0.2376, -5.4491 2.0179 -0.2308, -5.5063 2.0002 -0.2512, -5.5074 2.0002 -0.2511, -5.5085 2.0004 -0.2509, -5.5107 2.001 -0.2503, -5.5128 2.0019 -0.2491, -5.5149 2.0033 -0.2476, -5.5186 2.007 -0.2433, -5.5217 2.012 -0.2376, -5.5236 2.0182 -0.2304, -5.5255 2.0245 -0.2232, -5.5555 2.0429 -0.202, -5.5555 2.0713 -0.1758, -5.5555 2.1046 -0.1563, -5.5555 2.1413 -0.1446, -5.5555 2.1797 -0.1411, -5.5555 2.218 -0.1459, -5.5555 2.2543 -0.159, -5.554 2.3031 -0.1827, -5.5496 2.3143 -0.1882, -5.5426 2.3244 -0.1931, -5.5332 2.3328 -0.1972, -5.522 2.3391 -0.2003, -5.5096 2.343 -0.2022, -5.554 2.2772 -0.2358, -5.5555 2.2654 -0.2301, -5.5555 2.2913 -0.177, -5.5555 2.2284 -0.212, -5.4177 2.2284 -0.212, -5.5555 2.1992 -0.2023, -5.4177 2.1992 -0.2023, -5.5555 2.1684 -0.2004, -5.4177 2.1684 -0.2004, -5.5555 2.1382 -0.2065, -5.4177 2.1382 -0.2065, -5.5555 2.1106 -0.2203, -5.4177 2.1106 -0.2203, -5.5555 2.0875 -0.2407, -5.4177 2.0875 -0.2407, -5.4197 2.2791 -0.2368, -5.4177 2.2654 -0.2301, -5.4615 2.3425 -0.202, -5.4472 2.3372 -0.1994, -5.435 2.3288 -0.1953, -5.4256 2.3178 -0.1899, -5.4197 2.305 -0.1837, -5.4177 2.2913 -0.177, -5.4177 2.2543 -0.159, -5.4177 2.0429 -0.202, -5.4177 2.0713 -0.1758, -5.4177 2.1046 -0.1563, -5.4177 2.1413 -0.1446, -5.4177 2.1797 -0.1411, -5.4177 2.218 -0.1459, -5.5555 1.9801 -0.2743, -5.4177 1.9801 -0.2743, -5.4177 2.0246 -0.3131, -5.5555 2.0246 -0.3131, -5.5555 1.8657 -0.339, -5.4177 1.8657 -0.339, -5.5555 1.898 -0.3304, -5.4177 1.898 -0.3304, -5.5555 1.9284 -0.3165, -5.4177 1.9284 -0.3165, -5.5555 1.956 -0.2976, -5.4177 1.956 -0.2976, -5.5555 1.7713 -0.4156, -5.5555 1.7611 -0.3575, -5.5555 1.8759 -0.3972, -5.5555 1.918 -0.386, -5.5555 1.9575 -0.3679, -5.5555 1.9934 -0.3433, -5.4177 1.9934 -0.3433, -5.4177 1.9575 -0.3679, -5.4177 1.918 -0.386, -5.4177 1.8759 -0.3972, -5.4177 1.7611 -0.3575, -5.4177 1.7713 -0.4156, -5.5752 1.5387 -0.4567, -5.5752 1.5284 -0.3985, -5.5752 1.4028 -0.4206, -5.398 1.4028 -0.4206, -5.398 1.5284 -0.3985, -5.5752 1.3823 -0.4224, -5.398 1.3823 -0.4224, -5.398 1.5387 -0.4567, -5.5752 1.4131 -0.4788, -5.398 1.4131 -0.4788, -5.6834 0.6202 -0.5208, -5.6834 0.638 -0.4972, -5.5653 0.6202 -0.5208, -5.5653 0.638 -0.4972, -5.5653 0.6046 -0.5372, -5.6834 0.6046 -0.5372, -5.5653 0.5855 -0.5496, -5.6834 0.5855 -0.5496, -5.5653 0.5642 -0.5574, -5.6834 0.5642 -0.5574, -5.5653 0.5416 -0.56, -5.6834 0.5416 -0.56, -5.6834 0.3723 -0.56, -5.5653 0.3723 -0.56, -5.5653 0.3723 -0.5009, -5.6834 0.3723 -0.5009, -5.5653 0.5416 -0.5009, -5.6834 0.5416 -0.5009, -5.6834 0.5506 -0.4999, -5.5653 0.5506 -0.4999, -5.6834 0.5592 -0.4968, -5.5653 0.5592 -0.4968, -5.6834 0.5668 -0.4918, -5.5653 0.5668 -0.4918, -5.6834 0.5731 -0.4853, -5.5653 0.5731 -0.4853, -5.5653 0.5909 -0.4616, -5.6834 0.5909 -0.4616, -5.5653 0.6695 -0.4224, -5.6834 0.6695 -0.4224, -5.6834 0.6469 -0.4251, -5.5653 0.6469 -0.4251, -5.6834 0.6256 -0.4328, -5.5653 0.6256 -0.4328, -5.6834 0.6065 -0.4452, -5.5653 0.6065 -0.4452, -5.5752 0.9057 -0.4224, -5.6834 0.9057 -0.4224, -5.5653 0.9057 -0.4224, -5.398 0.9057 -0.4224, -5.6834 0.9057 -0.4815, -5.5752 0.9057 -0.4815, -5.5752 1.3823 -0.4815, -5.398 1.3823 -0.4815, -5.398 0.9057 -0.4815, -5.5653 0.9057 -0.4815, -5.5653 0.6443 -0.4906, -5.5653 0.6519 -0.4856, -5.5653 0.6605 -0.4825, -5.5653 0.6695 -0.4815, -5.6834 0.6443 -0.4906, -5.6834 0.6519 -0.4856, -5.6834 0.6605 -0.4825, -5.6834 0.6695 -0.4815, -4.6401 2.2712 -0.1453, -4.6401 2.2629 -0.1413, -4.6008 2.2712 -0.1453, -4.6008 2.2629 -0.1413, -4.6008 2.2391 -0.1315, -4.6401 2.2391 -0.1315, -4.6008 2.2284 -0.1287, -4.6401 2.2284 -0.1287, -4.6008 2.2142 -0.125, -4.6401 2.2142 -0.125, -4.6008 2.1923 -0.1222, -4.6401 2.1923 -0.1222, -4.6008 2.1887 -0.1217, -4.6401 2.1887 -0.1217, -4.6008 2.1629 -0.1218, -4.6401 2.1629 -0.1218, -4.6008 2.1556 -0.1228, -4.6401 2.1556 -0.1228, -4.6008 2.1374 -0.1253, -4.6401 2.1374 -0.1253, -4.6008 2.1197 -0.1301, -4.6401 2.1197 -0.1301, -4.6008 2.1126 -0.1321, -4.6401 2.1126 -0.1321, -4.6008 2.0888 -0.142, -4.6401 2.0888 -0.142, -4.6008 2.0856 -0.1439, -4.6401 2.0856 -0.1439, -4.6008 2.0666 -0.155, -4.6401 2.0666 -0.155, -4.6008 2.0549 -0.164, -4.6401 2.0549 -0.164, -4.6008 2.0462 -0.1708, -4.6401 2.0462 -0.1708, -4.6008 2.0281 -0.1891, -4.6401 2.0281 -0.1891, -4.6401 2.0135 -0.2059, -4.6008 2.0135 -0.2059, -4.6445 2.0668 -0.1554, -4.6445 2.1375 -0.1258, -4.6445 2.2141 -0.1254, -4.6598 2.0671 -0.1794, -4.6598 2.0593 -0.1855, -4.6593 2.0564 -0.1822, -4.6598 2.1254 -0.1489, -4.6598 2.119 -0.1507, -4.6593 2.1175 -0.1465, -4.6598 2.1907 -0.1418, -4.6598 2.1875 -0.1414, -4.6593 2.1877 -0.137, -4.6598 2.2105 -0.1443, -4.6598 2.1413 -0.1446, -4.6598 2.0776 -0.1713, -4.6598 2.2329 -0.1502, -4.6598 2.2233 -0.1477, -4.6593 2.2343 -0.146, -4.6593 2.2113 -0.14, -4.6579 2.2356 -0.1421, -4.6579 2.2121 -0.1359, -4.6555 2.2368 -0.1385, -4.6555 2.2128 -0.1322, -4.6524 2.2377 -0.1356, -4.6524 2.2134 -0.1292, -4.6487 2.2385 -0.1334, -4.6487 2.2138 -0.1269, -4.6445 2.239 -0.132, -4.6598 2.1643 -0.1415, -4.6598 2.1577 -0.1424, -4.6593 2.164 -0.1371, -4.6593 2.1405 -0.1403, -4.6579 2.1637 -0.1329, -4.6579 2.1396 -0.1362, -4.6555 2.1634 -0.1292, -4.6555 2.1389 -0.1326, -4.6524 2.1632 -0.1261, -4.6524 2.1383 -0.1295, -4.6487 2.1631 -0.1238, -4.6487 2.1378 -0.1272, -4.6445 2.163 -0.1223, -4.6598 2.0976 -0.1596, -4.6598 2.0947 -0.1613, -4.6593 2.0956 -0.1557, -4.6593 2.0751 -0.1677, -4.6579 2.0938 -0.152, -4.6579 2.0728 -0.1642, -4.6555 2.0921 -0.1487, -4.6555 2.0707 -0.1611, -4.6524 2.0907 -0.1459, -4.6524 2.069 -0.1586, -4.6487 2.0897 -0.1438, -4.6487 2.0677 -0.1566, -4.6445 2.089 -0.1425, -4.6598 2.2543 -0.159, -4.6593 2.2562 -0.155, -4.6579 2.2581 -0.1513, -4.6555 2.2597 -0.1479, -4.6524 2.2611 -0.1451, -4.6487 2.2621 -0.143, -4.6445 2.2627 -0.1417, -4.6445 2.1886 -0.1222, -4.6487 2.1885 -0.1237, -4.6524 2.1884 -0.126, -4.6555 2.1882 -0.1291, -4.6579 2.188 -0.1328, -4.6445 2.1127 -0.1325, -4.6487 2.1132 -0.1339, -4.6524 2.114 -0.1361, -4.6555 2.115 -0.1391, -4.6579 2.1162 -0.1426, -4.6445 2.0465 -0.1711, -4.6487 2.0475 -0.1722, -4.6524 2.0491 -0.174, -4.6555 2.0511 -0.1763, -4.6579 2.0536 -0.1791, -4.6598 2.0429 -0.202, -4.6593 2.0396 -0.1991, -4.6579 2.0365 -0.1964, -4.6555 2.0337 -0.1939, -4.6524 2.0313 -0.1919, -4.6487 2.0296 -0.1903, -4.6445 2.0285 -0.1894, -4.6671 2.315 -0.2336, -4.6559 2.3235 -0.2323, -4.6434 2.3288 -0.2315, -4.5811 2.321 -0.2327, -4.5746 2.3158 -0.2335, -4.6106 2.3305 -0.2312, -4.5688 2.3097 -0.2345, -4.5595 2.2949 -0.2368, -4.5549 2.2831 -0.2387, -4.6303 2.3305 -0.2312, -4.686 2.2831 -0.2387, -4.6369 2.3301 -0.2313, -4.6835 2.2902 -0.2376, -4.6765 2.3037 -0.2354, -4.6029 2.3299 -0.2313, -4.5953 2.3281 -0.2316, -4.588 2.3251 -0.232, -4.6598 2.2568 -0.1602, -4.6593 2.2599 -0.157, -4.6579 2.2629 -0.1538, -4.6593 2.26 -0.1569, -4.6556 2.2657 -0.151, -4.6579 2.263 -0.1537, -4.6525 2.268 -0.1486, -4.6555 2.2658 -0.1509, -4.6487 2.2697 -0.1468, -4.6524 2.2681 -0.1485, -4.6445 2.2708 -0.1457, -4.6445 2.2708 -0.1457, -4.6487 2.2698 -0.1468, -4.6594 2.2632 -0.1633, -4.6487 2.2838 -0.1733, -4.6467 2.2851 -0.174, -4.6445 2.286 -0.1744, -4.6423 2.2866 -0.1747, -4.6401 2.2868 -0.1748, -4.6525 2.2802 -0.1716, -4.6556 2.2754 -0.1692, -4.6579 2.2696 -0.1664, -4.6008 2.2868 -0.1748, -4.5985 2.2866 -0.1747, -4.5964 2.2708 -0.1457, -4.5964 2.286 -0.1744, -4.5964 2.2708 -0.1457, -4.5922 2.2698 -0.1468, -4.5942 2.2851 -0.174, -4.5922 2.2697 -0.1468, -4.5922 2.2838 -0.1733, -4.5885 2.2681 -0.1485, -4.5884 2.2802 -0.1716, -4.5884 2.268 -0.1486, -4.5854 2.2658 -0.1509, -4.5853 2.2754 -0.1692, -4.5853 2.2657 -0.151, -4.583 2.263 -0.1537, -4.583 2.2696 -0.1664, -4.583 2.2629 -0.1538, -4.5816 2.26 -0.1569, -4.5815 2.2632 -0.1633, -4.5815 2.2599 -0.157, -4.5811 2.2568 -0.1602, -4.5964 2.2627 -0.1417, -4.5922 2.2621 -0.143, -4.5885 2.2611 -0.1451, -4.5854 2.2597 -0.1479, -4.583 2.2581 -0.1513, -4.5816 2.2562 -0.155, -4.5811 2.2543 -0.159, -4.6303 2.3443 -0.2029, -4.6106 2.3443 -0.2029, -4.5811 2.0947 -0.1613, -4.5811 2.0976 -0.1596, -4.5816 2.0956 -0.1557, -4.5811 2.1254 -0.1489, -4.5811 2.1413 -0.1446, -4.5816 2.1405 -0.1403, -4.5811 2.1907 -0.1418, -4.5811 2.2105 -0.1443, -4.5816 2.2113 -0.14, -4.5964 2.1127 -0.1325, -4.5964 2.1886 -0.1222, -4.5964 2.0465 -0.1711, -4.5964 2.0285 -0.1894, -4.5957 2.0286 -0.1895, -4.5922 2.0475 -0.1722, -4.5923 2.0297 -0.1904, -4.5909 2.0301 -0.1908, -4.5885 2.0491 -0.174, -4.5886 2.0314 -0.192, -4.5868 2.0324 -0.1928, -4.5854 2.0511 -0.1763, -4.5964 2.089 -0.1425, -4.5964 2.0668 -0.1554, -4.5922 2.0897 -0.1438, -4.5922 2.0677 -0.1566, -4.5885 2.0907 -0.1459, -4.5885 2.069 -0.1586, -4.5854 2.0921 -0.1487, -4.5854 2.0707 -0.1611, -4.583 2.0938 -0.152, -4.583 2.0728 -0.1642, -4.583 2.0536 -0.1791, -4.5964 2.239 -0.132, -4.5964 2.2141 -0.1254, -4.5922 2.2385 -0.1334, -4.5922 2.2138 -0.1269, -4.5885 2.2377 -0.1356, -4.5885 2.2134 -0.1292, -4.5854 2.2368 -0.1385, -4.5854 2.2128 -0.1322, -4.583 2.2356 -0.1421, -4.583 2.2121 -0.1359, -4.5816 2.2343 -0.146, -4.5964 2.163 -0.1223, -4.5964 2.1375 -0.1258, -4.5922 2.1631 -0.1238, -4.5922 2.1378 -0.1272, -4.5885 2.1632 -0.1261, -4.5885 2.1383 -0.1295, -4.5854 2.1634 -0.1292, -4.5854 2.1389 -0.1326, -4.583 2.1637 -0.1329, -4.583 2.1396 -0.1362, -4.5816 2.164 -0.1371, -4.5855 2.0338 -0.194, -4.5837 2.0355 -0.1955, -4.5831 2.0365 -0.1964, -4.5817 2.0391 -0.1986, -4.5816 2.0751 -0.1677, -4.5816 2.0564 -0.1822, -4.5816 2.0396 -0.1991, -4.5811 2.2329 -0.1502, -4.5811 2.2233 -0.1477, -4.5811 2.1875 -0.1414, -4.5816 2.1877 -0.137, -4.583 2.188 -0.1328, -4.5854 2.1882 -0.1291, -4.5885 2.1884 -0.126, -4.5922 2.1885 -0.1237, -4.5811 2.1643 -0.1415, -4.5811 2.1577 -0.1424, -4.5811 2.119 -0.1507, -4.5816 2.1175 -0.1465, -4.583 2.1162 -0.1426, -4.5854 2.115 -0.1391, -4.5885 2.114 -0.1361, -4.5922 2.1132 -0.1339, -4.5811 2.0776 -0.1713, -4.5811 2.0671 -0.1794, -4.5811 2.0593 -0.1855, -4.5811 2.0429 -0.202, -4.6445 2.0139 -0.2061, -4.6445 2.0139 -0.2061, -4.6487 2.0152 -0.2068, -4.6487 2.0152 -0.2068, -4.6524 2.0173 -0.208, -4.6525 2.0174 -0.208, -4.6555 2.0201 -0.2095, -4.6556 2.0202 -0.2096, -4.6579 2.0235 -0.2114, -4.6579 2.0236 -0.2114, -4.6593 2.0272 -0.2134, -4.6594 2.0273 -0.2135, -4.6598 2.0311 -0.2155, -4.5964 2.0139 -0.2061, -4.5957 2.0141 -0.2062, -4.5922 2.0152 -0.2068, -4.591 2.0159 -0.2072, -4.5884 2.0174 -0.208, -4.5868 2.0186 -0.2087, -4.5854 2.0203 -0.2096, -4.5837 2.0223 -0.2107, -4.5831 2.0236 -0.2114, -4.5817 2.0266 -0.213, -4.5816 2.0274 -0.2135, -4.5811 2.0311 -0.2155, -4.5815 2.0245 -0.2232, -4.5922 2.0033 -0.2476, -4.5942 2.0019 -0.2491, -4.5964 2.001 -0.2503, -4.5985 2.0004 -0.2509, -4.5996 2.0002 -0.2511, -4.6008 2.0002 -0.2512, -4.5884 2.007 -0.2433, -4.5853 2.012 -0.2376, -4.583 2.0179 -0.2308, -4.6401 2.0002 -0.2512, -4.6412 2.0002 -0.2511, -4.6423 2.0004 -0.2509, -4.6445 2.001 -0.2503, -4.6467 2.0019 -0.2491, -4.6487 2.0033 -0.2476, -4.6525 2.007 -0.2433, -4.6556 2.012 -0.2376, -4.6579 2.0179 -0.2308, -4.6594 2.0245 -0.2232, -4.6893 2.0429 -0.202, -4.6893 2.0669 -0.1791, -4.6893 2.0946 -0.1612, -4.6893 2.1253 -0.1486, -4.6893 2.1577 -0.142, -4.6893 2.1908 -0.1416, -4.6893 2.2234 -0.1473, -4.6893 2.2543 -0.159, -4.6879 2.3031 -0.1827, -4.6835 2.3143 -0.1882, -4.6765 2.3244 -0.1931, -4.6671 2.3328 -0.1972, -4.6559 2.3391 -0.2003, -4.6434 2.343 -0.2022, -4.6879 2.2772 -0.2358, -4.6893 2.2654 -0.2301, -4.6893 2.2913 -0.177, -4.6893 2.2284 -0.212, -4.5515 2.2284 -0.212, -4.6893 2.2042 -0.2033, -4.5515 2.2042 -0.2033, -4.6893 2.1787 -0.2001, -4.5515 2.1787 -0.2001, -4.6893 2.1531 -0.2025, -4.5515 2.1531 -0.2025, -4.6893 2.1286 -0.2103, -4.5515 2.1286 -0.2103, -4.6893 2.1064 -0.2233, -4.5515 2.1064 -0.2233, -4.6893 2.0875 -0.2407, -4.5515 2.0875 -0.2407, -4.5536 2.2791 -0.2368, -4.5515 2.2654 -0.2301, -4.5953 2.3425 -0.202, -4.5811 2.3372 -0.1994, -4.5688 2.3288 -0.1953, -4.5595 2.3178 -0.1899, -4.5536 2.305 -0.1837, -4.5515 2.2913 -0.177, -4.5515 2.2543 -0.159, -4.5515 2.0429 -0.202, -4.5515 2.0669 -0.1791, -4.5515 2.0946 -0.1612, -4.5515 2.1253 -0.1486, -4.5515 2.1577 -0.142, -4.5515 2.1908 -0.1416, -4.5515 2.2234 -0.1473, -4.6893 1.9801 -0.2743, -4.5515 1.9801 -0.2743, -4.5515 2.0246 -0.3131, -4.6893 2.0246 -0.3131, -4.6893 1.8657 -0.339, -4.5515 1.8657 -0.339, -4.6893 1.898 -0.3304, -4.5515 1.898 -0.3304, -4.6893 1.9284 -0.3165, -4.5515 1.9284 -0.3165, -4.6893 1.956 -0.2976, -4.5515 1.956 -0.2976, -4.6893 1.7713 -0.4156, -4.6893 1.7611 -0.3575, -4.6893 1.8759 -0.3972, -4.6893 1.918 -0.386, -4.6893 1.9575 -0.3679, -4.6893 1.9934 -0.3433, -4.5515 1.9934 -0.3433, -4.5515 1.9575 -0.3679, -4.5515 1.918 -0.386, -4.5515 1.8759 -0.3972, -4.5515 1.7611 -0.3575, -4.5515 1.7713 -0.4156, -4.709 1.5387 -0.4567, -4.709 1.5284 -0.3985, -4.709 1.4028 -0.4206, -4.5319 1.4028 -0.4206, -4.5319 1.5284 -0.3985, -4.709 1.3823 -0.4224, -4.5319 1.3823 -0.4224, -4.5319 1.5387 -0.4567, -4.709 1.4131 -0.4788, -4.5319 1.4131 -0.4788, -4.5614 0.9057 -0.4224, -4.5319 0.9057 -0.4224, -4.709 0.9057 -0.4224, -4.6795 0.9057 -0.4224, -4.6795 0.766 -0.4224, -4.5614 0.766 -0.4224, -4.6795 0.9057 -0.4815, -4.709 0.9057 -0.4815, -4.709 1.3823 -0.4815, -4.5319 1.3823 -0.4815, -4.5319 0.9057 -0.4815, -4.5614 0.9057 -0.4815, -4.5614 0.766 -0.4815, -4.6795 0.766 -0.4815, -4.6795 0.766 -0.4815
            ]
        }
        coordIndex [
            0,1,2,-1,2,1,3,-1,3,1,4,-1,4,1,5,-1,4,5,6,-1,6,5,7,-1,6,7,8,-1,8,7,9,-1,8,9,10,-1,10,9,11,-1,10,11,12,-1,12,11,13,-1,12,13,14,-1,14,13,15,-1,14,15,16,-1,16,15,17,-1,16,17,18,-1,18,17,19,-1,18,19,20,-1,20,19,21,-1,20,21,22,-1,22,21,23,-1,22,23,24,-1,24,23,25,-1,24,25,26,-1,26,25,27,-1,27,28,26,-1,26,28,29,-1,23,21,30,-1,15,13,31,-1,7,5,32,-1,33,34,35,-1,36,37,38,-1,33,35,39,-1,40,41,42,-1,42,41,43,-1,42,43,44,-1,44,43,45,-1,44,45,46,-1,46,45,47,-1,46,47,48,-1,48,47,49,-1,48,49,50,-1,50,49,51,-1,50,51,52,-1,52,51,32,-1,52,32,1,-1,1,32,5,-1,41,53,43,-1,43,53,54,-1,43,54,45,-1,45,54,55,-1,45,55,47,-1,47,55,56,-1,47,56,49,-1,49,56,57,-1,49,57,51,-1,51,57,58,-1,51,58,32,-1,32,58,59,-1,32,59,7,-1,7,59,9,-1,54,60,55,-1,55,60,61,-1,55,61,56,-1,56,61,62,-1,56,62,57,-1,57,62,63,-1,57,63,58,-1,58,63,64,-1,58,64,59,-1,59,64,65,-1,59,65,9,-1,9,65,11,-1,60,66,61,-1,61,66,67,-1,61,67,62,-1,62,67,68,-1,62,68,63,-1,63,68,69,-1,63,69,64,-1,64,69,70,-1,64,70,65,-1,65,70,31,-1,65,31,11,-1,11,31,13,-1,53,71,54,-1,54,71,72,-1,54,72,60,-1,60,72,36,-1,60,36,66,-1,66,36,38,-1,66,38,67,-1,67,38,73,-1,67,73,68,-1,68,73,74,-1,68,74,69,-1,69,74,75,-1,69,75,70,-1,70,75,76,-1,70,76,31,-1,31,76,77,-1,31,77,15,-1,15,77,17,-1,38,78,73,-1,73,78,79,-1,73,79,74,-1,74,79,80,-1,74,80,75,-1,75,80,81,-1,75,81,76,-1,76,81,82,-1,76,82,77,-1,77,82,83,-1,77,83,17,-1,17,83,19,-1,78,84,79,-1,79,84,85,-1,79,85,80,-1,80,85,86,-1,80,86,81,-1,81,86,87,-1,81,87,82,-1,82,87,88,-1,82,88,83,-1,83,88,30,-1,83,30,19,-1,19,30,21,-1,37,89,38,-1,38,89,90,-1,38,90,78,-1,78,90,39,-1,78,39,84,-1,84,39,35,-1,84,35,85,-1,85,35,91,-1,85,91,86,-1,86,91,92,-1,86,92,87,-1,87,92,93,-1,87,93,88,-1,88,93,94,-1,88,94,30,-1,30,94,95,-1,30,95,23,-1,23,95,25,-1,34,96,35,-1,35,96,97,-1,35,97,91,-1,91,97,98,-1,91,98,92,-1,92,98,99,-1,92,99,93,-1,93,99,100,-1,93,100,94,-1,94,100,101,-1,94,101,95,-1,95,101,102,-1,95,102,25,-1,25,102,27,-1,103,104,105,-1,106,107,108,-1,108,107,109,-1,109,110,108,-1,108,110,111,-1,108,111,112,-1,112,111,113,-1,112,113,114,-1,114,113,115,-1,114,115,105,-1,105,115,116,-1,105,116,103,-1,117,118,108,-1,108,118,119,-1,108,119,106,-1,120,40,121,-1,121,40,42,-1,44,122,42,-1,42,122,123,-1,42,123,121,-1,46,124,44,-1,44,124,125,-1,44,125,122,-1,48,126,46,-1,46,126,127,-1,46,127,124,-1,50,128,48,-1,48,128,129,-1,48,129,126,-1,130,131,50,-1,50,131,132,-1,50,132,128,-1,50,52,130,-1,130,52,1,-1,130,1,0,-1,121,133,120,-1,134,128,135,-1,135,128,132,-1,135,132,136,-1,136,132,131,-1,136,131,137,-1,137,131,130,-1,137,130,138,-1,138,130,0,-1,139,140,124,-1,124,127,139,-1,139,127,126,-1,139,126,134,-1,134,126,129,-1,134,129,128,-1,133,121,141,-1,121,123,141,-1,141,123,122,-1,141,122,140,-1,140,122,125,-1,140,125,124,-1,2,142,0,-1,0,142,138,-1,142,2,143,-1,143,2,144,-1,143,144,145,-1,144,146,145,-1,145,146,147,-1,145,147,148,-1,148,147,149,-1,148,149,150,-1,150,149,151,-1,150,151,152,-1,151,153,152,-1,152,153,154,-1,152,154,155,-1,154,156,155,-1,155,156,157,-1,155,157,158,-1,157,159,158,-1,158,159,160,-1,158,160,161,-1,161,160,162,-1,161,162,163,-1,3,164,2,-1,2,164,144,-1,144,164,146,-1,146,164,165,-1,146,165,147,-1,147,165,149,-1,149,165,166,-1,149,166,151,-1,151,166,153,-1,153,166,167,-1,153,167,154,-1,154,167,156,-1,156,167,168,-1,156,168,157,-1,157,168,159,-1,159,168,169,-1,159,169,160,-1,160,169,162,-1,162,169,170,-1,162,170,163,-1,171,172,112,-1,112,172,108,-1,173,174,175,-1,176,177,178,-1,179,180,181,-1,182,24,26,-1,24,182,22,-1,14,16,183,-1,6,8,184,-1,26,185,182,-1,182,185,186,-1,182,186,187,-1,186,188,187,-1,187,188,189,-1,187,189,190,-1,189,191,190,-1,190,191,192,-1,190,192,193,-1,192,194,193,-1,193,194,195,-1,193,195,196,-1,3,4,164,-1,164,4,197,-1,164,197,165,-1,165,197,198,-1,165,198,166,-1,166,198,199,-1,166,199,167,-1,167,199,200,-1,167,200,168,-1,168,200,201,-1,168,201,169,-1,169,201,181,-1,169,181,170,-1,170,181,180,-1,202,179,203,-1,203,179,181,-1,203,181,204,-1,204,181,201,-1,204,201,205,-1,205,201,200,-1,205,200,206,-1,206,200,199,-1,206,199,207,-1,207,199,198,-1,207,198,184,-1,184,198,197,-1,184,197,6,-1,6,197,4,-1,8,10,184,-1,184,10,208,-1,184,208,207,-1,207,208,209,-1,207,209,206,-1,206,209,210,-1,206,210,205,-1,205,210,211,-1,205,211,204,-1,204,211,212,-1,204,212,203,-1,203,212,213,-1,203,213,202,-1,202,213,214,-1,10,12,208,-1,208,12,215,-1,208,215,209,-1,209,215,216,-1,209,216,210,-1,210,216,217,-1,210,217,211,-1,211,217,218,-1,211,218,212,-1,212,218,219,-1,212,219,213,-1,213,219,178,-1,213,178,214,-1,214,178,177,-1,220,176,221,-1,221,176,178,-1,221,178,222,-1,222,178,219,-1,222,219,223,-1,223,219,218,-1,223,218,224,-1,224,218,217,-1,224,217,225,-1,225,217,216,-1,225,216,183,-1,183,216,215,-1,183,215,14,-1,14,215,12,-1,16,18,183,-1,183,18,226,-1,183,226,225,-1,225,226,227,-1,225,227,224,-1,224,227,228,-1,224,228,223,-1,223,228,229,-1,223,229,222,-1,222,229,230,-1,222,230,221,-1,221,230,231,-1,221,231,220,-1,220,231,232,-1,18,20,226,-1,226,20,233,-1,226,233,227,-1,227,233,234,-1,227,234,228,-1,228,234,235,-1,228,235,229,-1,229,235,236,-1,229,236,230,-1,230,236,237,-1,230,237,231,-1,231,237,175,-1,231,175,232,-1,232,175,174,-1,238,173,239,-1,239,173,175,-1,239,175,196,-1,196,175,237,-1,196,237,193,-1,193,237,236,-1,193,236,190,-1,190,236,235,-1,190,235,187,-1,187,235,234,-1,187,234,182,-1,182,234,233,-1,182,233,22,-1,22,233,20,-1,195,240,196,-1,196,240,241,-1,196,241,239,-1,239,241,242,-1,239,242,238,-1,238,242,243,-1,27,102,28,-1,28,102,244,-1,244,102,245,-1,245,102,101,-1,245,101,246,-1,246,101,247,-1,247,101,100,-1,247,100,248,-1,248,100,249,-1,249,100,99,-1,249,99,250,-1,250,99,251,-1,251,99,98,-1,251,98,252,-1,252,98,253,-1,253,98,97,-1,253,97,254,-1,254,97,255,-1,255,97,96,-1,255,96,256,-1,26,29,185,-1,185,29,257,-1,185,257,186,-1,186,257,258,-1,186,258,188,-1,188,258,259,-1,188,259,189,-1,189,259,260,-1,189,260,191,-1,191,260,261,-1,191,261,192,-1,192,261,262,-1,192,262,194,-1,194,262,263,-1,194,263,195,-1,195,263,264,-1,195,264,240,-1,240,264,265,-1,240,265,241,-1,241,265,266,-1,241,266,242,-1,242,266,267,-1,242,267,243,-1,243,267,268,-1,267,269,268,-1,270,259,271,-1,271,259,258,-1,271,258,272,-1,272,258,257,-1,272,257,273,-1,273,257,29,-1,273,29,274,-1,274,29,275,-1,276,277,263,-1,263,262,276,-1,276,262,261,-1,276,261,270,-1,270,261,260,-1,270,260,259,-1,269,267,278,-1,267,266,278,-1,278,266,265,-1,278,265,277,-1,277,265,264,-1,277,264,263,-1,28,279,29,-1,29,279,275,-1,279,28,280,-1,280,28,244,-1,280,244,281,-1,281,244,282,-1,244,245,282,-1,282,245,246,-1,282,246,283,-1,283,246,284,-1,246,247,284,-1,284,247,248,-1,284,248,285,-1,248,249,285,-1,285,249,250,-1,285,250,286,-1,250,251,286,-1,286,251,252,-1,286,252,287,-1,252,253,287,-1,287,253,254,-1,287,254,288,-1,288,254,255,-1,288,255,256,-1,96,34,289,-1,289,34,290,-1,34,33,290,-1,290,33,39,-1,290,39,291,-1,39,90,291,-1,291,90,89,-1,291,89,292,-1,89,37,292,-1,292,37,36,-1,292,36,293,-1,36,72,293,-1,293,72,71,-1,293,71,294,-1,40,295,41,-1,41,295,294,-1,41,294,53,-1,53,294,71,-1,115,113,296,-1,296,297,115,-1,115,297,298,-1,115,298,116,-1,116,298,299,-1,116,299,103,-1,103,299,300,-1,103,300,104,-1,104,300,301,-1,104,301,105,-1,171,112,301,-1,301,112,114,-1,301,114,105,-1,113,302,296,-1,296,302,303,-1,296,303,304,-1,305,306,307,-1,307,306,308,-1,307,308,309,-1,309,308,310,-1,309,310,311,-1,311,310,312,-1,311,312,313,-1,313,312,314,-1,313,314,315,-1,315,314,316,-1,113,111,302,-1,302,111,317,-1,302,317,303,-1,303,317,318,-1,303,318,305,-1,305,318,306,-1,108,172,117,-1,117,172,319,-1,117,319,118,-1,118,319,119,-1,119,319,320,-1,119,320,106,-1,106,320,107,-1,107,320,321,-1,107,321,109,-1,109,321,322,-1,109,322,110,-1,110,322,111,-1,111,322,323,-1,111,323,317,-1,317,323,324,-1,317,324,318,-1,325,324,158,-1,158,161,325,-1,325,161,163,-1,325,163,170,-1,40,120,295,-1,295,120,133,-1,295,133,304,-1,142,143,320,-1,320,143,145,-1,320,145,321,-1,321,145,148,-1,321,148,322,-1,322,148,150,-1,322,150,323,-1,323,150,152,-1,323,152,324,-1,324,152,155,-1,324,155,158,-1,138,301,137,-1,137,301,300,-1,137,300,136,-1,136,300,299,-1,136,299,135,-1,135,299,298,-1,135,298,134,-1,134,298,297,-1,134,297,139,-1,139,297,296,-1,139,296,140,-1,140,296,304,-1,140,304,141,-1,141,304,133,-1,320,319,142,-1,142,319,172,-1,142,172,138,-1,138,172,171,-1,138,171,301,-1,243,326,238,-1,238,326,327,-1,238,327,173,-1,173,327,174,-1,174,327,328,-1,174,328,232,-1,232,328,220,-1,220,328,329,-1,220,329,176,-1,176,329,177,-1,177,329,330,-1,177,330,214,-1,214,330,202,-1,202,330,331,-1,202,331,179,-1,179,331,180,-1,180,331,325,-1,180,325,170,-1,256,96,289,-1,281,282,332,-1,276,270,333,-1,281,332,280,-1,276,333,277,-1,270,271,333,-1,333,271,272,-1,333,272,273,-1,282,283,332,-1,332,283,284,-1,332,284,285,-1,285,286,332,-1,332,286,287,-1,332,287,289,-1,289,287,288,-1,289,288,256,-1,243,268,326,-1,326,268,269,-1,326,269,333,-1,333,269,278,-1,333,278,277,-1,273,274,333,-1,333,274,275,-1,333,275,332,-1,332,275,279,-1,332,279,280,-1,316,334,315,-1,315,334,335,-1,336,337,338,-1,338,337,339,-1,338,339,340,-1,340,339,341,-1,340,341,342,-1,342,341,343,-1,342,343,332,-1,332,343,333,-1,304,303,295,-1,295,303,305,-1,295,305,294,-1,294,305,307,-1,294,307,293,-1,293,307,309,-1,293,309,292,-1,292,309,311,-1,344,345,346,-1,346,345,336,-1,346,336,347,-1,347,336,338,-1,347,338,348,-1,348,338,340,-1,348,340,349,-1,349,340,342,-1,349,342,335,-1,335,342,332,-1,335,332,315,-1,315,332,289,-1,315,289,313,-1,313,289,290,-1,313,290,311,-1,311,290,291,-1,311,291,292,-1,335,334,350,-1,335,350,349,-1,349,350,351,-1,349,351,348,-1,348,351,352,-1,348,352,347,-1,347,352,353,-1,347,353,346,-1,318,324,306,-1,306,324,325,-1,306,325,308,-1,308,325,331,-1,308,331,310,-1,354,355,337,-1,337,355,353,-1,337,353,339,-1,339,353,352,-1,339,352,341,-1,341,352,351,-1,341,351,343,-1,343,351,350,-1,343,350,333,-1,333,350,334,-1,333,334,326,-1,326,334,316,-1,326,316,327,-1,327,316,314,-1,327,314,328,-1,328,314,312,-1,328,312,329,-1,329,312,310,-1,329,310,330,-1,330,310,331,-1,356,357,344,-1,344,357,345,-1,358,359,357,-1,357,359,360,-1,357,360,345,-1,345,360,354,-1,345,354,336,-1,336,354,337,-1,361,362,358,-1,358,362,359,-1,346,353,344,-1,344,353,355,-1,344,355,356,-1,356,355,363,-1,356,363,364,-1,364,363,365,-1,355,354,363,-1,363,354,360,-1,366,367,368,-1,368,367,369,-1,366,368,370,-1,366,370,371,-1,371,370,372,-1,371,372,373,-1,373,372,374,-1,373,374,375,-1,375,374,376,-1,375,376,377,-1,378,377,379,-1,379,377,376,-1,380,381,379,-1,379,381,378,-1,380,382,381,-1,381,382,383,-1,383,382,384,-1,384,382,385,-1,384,385,386,-1,386,385,387,-1,386,387,388,-1,388,387,389,-1,388,389,390,-1,390,389,391,-1,391,392,390,-1,390,392,393,-1,394,395,396,-1,394,396,397,-1,397,396,398,-1,397,398,399,-1,399,398,400,-1,399,400,401,-1,401,400,393,-1,401,393,392,-1,402,403,395,-1,404,405,362,-1,395,394,402,-1,402,394,404,-1,402,404,361,-1,361,404,362,-1,406,403,407,-1,407,403,402,-1,357,356,358,-1,358,356,364,-1,358,364,361,-1,361,364,408,-1,361,408,402,-1,402,408,407,-1,365,409,364,-1,364,409,408,-1,405,410,362,-1,362,410,409,-1,362,409,359,-1,359,409,365,-1,359,365,360,-1,360,365,363,-1,410,405,411,-1,411,405,404,-1,380,379,382,-1,382,379,376,-1,382,376,385,-1,385,376,374,-1,385,374,387,-1,387,374,372,-1,387,372,389,-1,389,372,370,-1,389,370,391,-1,391,370,368,-1,391,368,392,-1,392,368,369,-1,392,369,401,-1,401,369,412,-1,401,412,399,-1,399,412,413,-1,399,413,397,-1,397,413,414,-1,397,414,394,-1,394,414,415,-1,394,415,404,-1,404,415,411,-1,369,367,412,-1,412,367,416,-1,412,416,413,-1,413,416,417,-1,413,417,414,-1,414,417,418,-1,414,418,415,-1,415,418,419,-1,378,381,377,-1,377,381,383,-1,377,383,375,-1,375,383,384,-1,375,384,373,-1,373,384,386,-1,373,386,371,-1,371,386,388,-1,371,388,366,-1,366,388,390,-1,366,390,367,-1,367,390,393,-1,367,393,416,-1,416,393,400,-1,416,400,417,-1,417,400,398,-1,417,398,418,-1,418,398,396,-1,418,396,419,-1,419,396,395,-1,419,395,406,-1,406,395,403,-1,419,406,415,-1,415,406,407,-1,415,407,411,-1,411,407,408,-1,411,408,410,-1,410,408,409,-1,420,421,422,-1,422,421,423,-1,423,421,424,-1,424,421,425,-1,424,425,426,-1,426,425,427,-1,426,427,428,-1,428,427,429,-1,428,429,430,-1,430,429,431,-1,430,431,432,-1,432,431,433,-1,432,433,434,-1,434,433,435,-1,434,435,436,-1,436,435,437,-1,436,437,438,-1,438,437,439,-1,438,439,440,-1,440,439,441,-1,440,441,442,-1,442,441,443,-1,442,443,444,-1,444,443,445,-1,444,445,446,-1,446,445,447,-1,446,447,448,-1,448,447,449,-1,448,449,450,-1,450,449,451,-1,450,451,452,-1,452,451,453,-1,452,453,454,-1,454,453,455,-1,455,456,454,-1,454,456,457,-1,451,449,458,-1,441,439,459,-1,431,429,460,-1,461,462,463,-1,464,465,466,-1,467,468,469,-1,467,469,470,-1,464,466,471,-1,461,463,472,-1,473,474,475,-1,475,474,476,-1,475,476,477,-1,477,476,478,-1,477,478,479,-1,479,478,480,-1,479,480,481,-1,481,480,482,-1,481,482,483,-1,483,482,484,-1,483,484,485,-1,485,484,460,-1,486,487,488,-1,488,487,489,-1,488,489,490,-1,490,489,491,-1,490,491,492,-1,492,491,493,-1,492,493,494,-1,494,493,495,-1,494,495,496,-1,496,495,497,-1,496,497,498,-1,498,497,459,-1,499,500,501,-1,501,500,502,-1,501,502,503,-1,503,502,504,-1,503,504,505,-1,505,504,506,-1,505,506,507,-1,507,506,508,-1,507,508,509,-1,509,508,510,-1,509,510,511,-1,511,510,458,-1,512,473,513,-1,513,473,475,-1,513,475,514,-1,514,475,477,-1,514,477,515,-1,515,477,479,-1,515,479,516,-1,516,479,481,-1,516,481,517,-1,517,481,483,-1,517,483,518,-1,518,483,485,-1,518,485,421,-1,421,485,425,-1,460,429,485,-1,485,429,427,-1,485,427,425,-1,433,431,519,-1,519,431,460,-1,519,460,520,-1,520,460,484,-1,520,484,521,-1,521,484,482,-1,521,482,522,-1,522,482,480,-1,522,480,523,-1,523,480,478,-1,523,478,469,-1,469,478,476,-1,469,476,470,-1,470,476,474,-1,468,486,469,-1,469,486,488,-1,469,488,523,-1,523,488,490,-1,523,490,522,-1,522,490,492,-1,522,492,521,-1,521,492,494,-1,521,494,520,-1,520,494,496,-1,520,496,519,-1,519,496,498,-1,519,498,433,-1,433,498,435,-1,459,439,498,-1,498,439,437,-1,498,437,435,-1,443,441,524,-1,524,441,459,-1,524,459,525,-1,525,459,497,-1,525,497,526,-1,526,497,495,-1,526,495,527,-1,527,495,493,-1,527,493,528,-1,528,493,491,-1,528,491,466,-1,466,491,489,-1,466,489,471,-1,471,489,487,-1,465,499,466,-1,466,499,501,-1,466,501,528,-1,528,501,503,-1,528,503,527,-1,527,503,505,-1,527,505,526,-1,526,505,507,-1,526,507,525,-1,525,507,509,-1,525,509,524,-1,524,509,511,-1,524,511,443,-1,443,511,445,-1,458,449,511,-1,511,449,447,-1,511,447,445,-1,453,451,529,-1,529,451,458,-1,529,458,530,-1,530,458,510,-1,530,510,531,-1,531,510,508,-1,531,508,532,-1,532,508,506,-1,532,506,533,-1,533,506,504,-1,533,504,463,-1,463,504,502,-1,463,502,472,-1,472,502,500,-1,462,534,463,-1,463,534,535,-1,463,535,533,-1,533,535,536,-1,533,536,532,-1,532,536,537,-1,532,537,531,-1,531,537,538,-1,531,538,530,-1,530,538,539,-1,530,539,529,-1,529,539,540,-1,529,540,453,-1,453,540,455,-1,541,542,543,-1,544,545,546,-1,546,545,547,-1,547,548,546,-1,546,548,549,-1,546,549,550,-1,550,549,551,-1,550,551,552,-1,552,551,553,-1,552,553,543,-1,543,553,554,-1,543,554,541,-1,555,556,546,-1,546,556,557,-1,546,557,544,-1,558,512,559,-1,559,512,513,-1,514,560,513,-1,513,560,561,-1,513,561,559,-1,515,562,514,-1,514,562,563,-1,514,563,560,-1,516,564,515,-1,515,564,565,-1,515,565,562,-1,517,566,516,-1,516,566,567,-1,516,567,564,-1,568,569,517,-1,517,569,570,-1,517,570,566,-1,517,518,568,-1,568,518,421,-1,568,421,420,-1,559,571,558,-1,572,566,573,-1,573,566,570,-1,573,570,574,-1,574,570,569,-1,574,569,575,-1,575,569,568,-1,575,568,576,-1,576,568,420,-1,577,578,562,-1,562,565,577,-1,577,565,564,-1,577,564,572,-1,572,564,567,-1,572,567,566,-1,571,559,579,-1,559,561,579,-1,579,561,560,-1,579,560,578,-1,578,560,563,-1,578,563,562,-1,422,580,420,-1,420,580,576,-1,580,422,581,-1,581,422,582,-1,581,582,583,-1,582,584,583,-1,583,584,585,-1,583,585,586,-1,586,585,587,-1,586,587,588,-1,588,587,589,-1,588,589,590,-1,589,591,590,-1,590,591,592,-1,590,592,593,-1,592,594,593,-1,593,594,595,-1,593,595,596,-1,595,597,596,-1,596,597,598,-1,596,598,599,-1,599,598,600,-1,599,600,601,-1,423,602,422,-1,422,602,582,-1,582,602,584,-1,584,602,603,-1,584,603,585,-1,585,603,587,-1,587,603,604,-1,587,604,589,-1,589,604,591,-1,591,604,605,-1,591,605,592,-1,592,605,594,-1,594,605,606,-1,594,606,595,-1,595,606,597,-1,597,606,607,-1,597,607,598,-1,598,607,600,-1,600,607,608,-1,600,608,601,-1,609,610,550,-1,550,610,546,-1,611,612,613,-1,614,615,616,-1,617,618,619,-1,440,442,620,-1,430,432,621,-1,430,621,428,-1,440,620,438,-1,448,450,622,-1,622,450,452,-1,622,452,454,-1,454,623,622,-1,622,623,624,-1,622,624,625,-1,624,626,625,-1,625,626,627,-1,625,627,628,-1,627,629,628,-1,628,629,630,-1,628,630,631,-1,444,446,632,-1,632,446,633,-1,632,633,634,-1,634,633,635,-1,634,635,636,-1,636,635,637,-1,636,637,638,-1,638,637,639,-1,638,639,640,-1,640,639,641,-1,640,641,613,-1,446,448,633,-1,633,448,622,-1,633,622,635,-1,635,622,625,-1,635,625,637,-1,637,625,628,-1,637,628,639,-1,639,628,631,-1,639,631,641,-1,641,631,642,-1,424,426,643,-1,643,426,644,-1,643,644,645,-1,645,644,646,-1,645,646,647,-1,647,646,648,-1,647,648,649,-1,649,648,650,-1,649,650,651,-1,651,650,652,-1,651,652,653,-1,653,652,619,-1,434,436,654,-1,654,436,655,-1,654,655,656,-1,656,655,657,-1,656,657,658,-1,658,657,659,-1,658,659,660,-1,660,659,661,-1,660,661,662,-1,662,661,663,-1,662,663,664,-1,664,663,616,-1,630,665,631,-1,631,665,666,-1,631,666,642,-1,642,666,667,-1,642,667,668,-1,613,641,669,-1,669,641,642,-1,669,642,670,-1,670,642,668,-1,670,668,671,-1,423,424,602,-1,602,424,643,-1,602,643,603,-1,603,643,645,-1,603,645,604,-1,604,645,647,-1,604,647,605,-1,605,647,649,-1,605,649,606,-1,606,649,651,-1,606,651,607,-1,607,651,653,-1,607,653,608,-1,608,653,672,-1,619,618,653,-1,653,618,673,-1,653,673,672,-1,674,617,675,-1,675,617,619,-1,675,619,676,-1,676,619,652,-1,676,652,677,-1,677,652,650,-1,677,650,678,-1,678,650,648,-1,678,648,679,-1,679,648,646,-1,679,646,621,-1,621,646,644,-1,621,644,428,-1,428,644,426,-1,432,434,621,-1,621,434,654,-1,621,654,679,-1,679,654,656,-1,679,656,678,-1,678,656,658,-1,678,658,677,-1,677,658,660,-1,677,660,676,-1,676,660,662,-1,676,662,675,-1,675,662,664,-1,675,664,674,-1,674,664,680,-1,616,615,664,-1,664,615,681,-1,664,681,680,-1,682,614,683,-1,683,614,616,-1,683,616,684,-1,684,616,663,-1,684,663,685,-1,685,663,661,-1,685,661,686,-1,686,661,659,-1,686,659,687,-1,687,659,657,-1,687,657,620,-1,620,657,655,-1,620,655,438,-1,438,655,436,-1,442,444,620,-1,620,444,632,-1,620,632,687,-1,687,632,634,-1,687,634,686,-1,686,634,636,-1,686,636,685,-1,685,636,638,-1,685,638,684,-1,684,638,640,-1,684,640,683,-1,683,640,613,-1,683,613,682,-1,682,613,612,-1,611,613,688,-1,688,613,669,-1,688,669,689,-1,689,669,670,-1,689,670,690,-1,690,670,671,-1,690,671,691,-1,455,540,456,-1,456,540,692,-1,692,540,693,-1,693,540,539,-1,693,539,694,-1,694,539,695,-1,695,539,538,-1,695,538,696,-1,696,538,697,-1,697,538,537,-1,697,537,698,-1,698,537,699,-1,699,537,536,-1,699,536,700,-1,700,536,701,-1,701,536,535,-1,701,535,702,-1,702,535,703,-1,703,535,534,-1,703,534,704,-1,454,457,623,-1,623,457,705,-1,623,705,624,-1,624,705,706,-1,624,706,626,-1,626,706,707,-1,626,707,627,-1,627,707,708,-1,627,708,629,-1,629,708,709,-1,629,709,630,-1,630,709,710,-1,630,710,665,-1,665,710,711,-1,665,711,666,-1,666,711,712,-1,666,712,667,-1,667,712,713,-1,667,713,668,-1,668,713,714,-1,668,714,671,-1,671,714,715,-1,671,715,691,-1,691,715,716,-1,715,717,716,-1,718,707,719,-1,719,707,706,-1,719,706,720,-1,720,706,705,-1,720,705,721,-1,721,705,457,-1,721,457,722,-1,722,457,723,-1,724,725,711,-1,711,710,724,-1,724,710,709,-1,724,709,718,-1,718,709,708,-1,718,708,707,-1,717,715,726,-1,715,714,726,-1,726,714,713,-1,726,713,725,-1,725,713,712,-1,725,712,711,-1,456,727,457,-1,457,727,723,-1,727,456,728,-1,728,456,692,-1,728,692,729,-1,729,692,730,-1,692,693,730,-1,730,693,694,-1,730,694,731,-1,731,694,732,-1,694,695,732,-1,732,695,696,-1,732,696,733,-1,696,697,733,-1,733,697,698,-1,733,698,734,-1,698,699,734,-1,734,699,700,-1,734,700,735,-1,700,701,735,-1,735,701,702,-1,735,702,736,-1,736,702,703,-1,736,703,704,-1,534,462,737,-1,737,462,738,-1,500,739,472,-1,472,739,738,-1,472,738,461,-1,461,738,462,-1,500,499,739,-1,739,499,465,-1,739,465,740,-1,487,741,471,-1,471,741,740,-1,471,740,464,-1,464,740,465,-1,487,486,741,-1,741,486,468,-1,741,468,742,-1,468,467,742,-1,742,467,470,-1,742,470,743,-1,512,744,473,-1,473,744,743,-1,473,743,474,-1,474,743,470,-1,553,551,745,-1,745,746,553,-1,553,746,747,-1,553,747,554,-1,554,747,748,-1,554,748,541,-1,541,748,749,-1,541,749,542,-1,542,749,750,-1,542,750,543,-1,609,550,750,-1,750,550,552,-1,750,552,543,-1,551,751,745,-1,745,751,752,-1,745,752,753,-1,754,755,756,-1,756,755,757,-1,756,757,758,-1,758,757,759,-1,758,759,760,-1,760,759,761,-1,760,761,762,-1,762,761,763,-1,762,763,764,-1,764,763,765,-1,764,765,766,-1,766,765,767,-1,551,549,751,-1,751,549,768,-1,751,768,752,-1,752,768,769,-1,752,769,754,-1,754,769,755,-1,546,610,555,-1,555,610,770,-1,555,770,556,-1,556,770,557,-1,557,770,771,-1,557,771,544,-1,544,771,545,-1,545,771,772,-1,545,772,547,-1,547,772,773,-1,547,773,548,-1,548,773,549,-1,549,773,774,-1,549,774,768,-1,768,774,775,-1,768,775,769,-1,776,775,596,-1,596,599,776,-1,776,599,601,-1,776,601,608,-1,512,558,744,-1,744,558,571,-1,744,571,753,-1,580,581,771,-1,771,581,583,-1,771,583,772,-1,772,583,586,-1,772,586,773,-1,773,586,588,-1,773,588,774,-1,774,588,590,-1,774,590,775,-1,775,590,593,-1,775,593,596,-1,576,750,575,-1,575,750,749,-1,575,749,574,-1,574,749,748,-1,574,748,573,-1,573,748,747,-1,573,747,572,-1,572,747,746,-1,572,746,577,-1,577,746,745,-1,577,745,578,-1,578,745,753,-1,578,753,579,-1,579,753,571,-1,771,770,580,-1,580,770,610,-1,580,610,576,-1,576,610,609,-1,576,609,750,-1,691,777,690,-1,690,777,778,-1,690,778,689,-1,689,778,688,-1,688,778,779,-1,688,779,611,-1,611,779,612,-1,612,779,780,-1,612,780,682,-1,781,615,780,-1,780,615,614,-1,780,614,682,-1,617,674,782,-1,782,674,680,-1,782,680,781,-1,781,680,681,-1,781,681,615,-1,617,782,618,-1,618,782,783,-1,618,783,673,-1,673,783,672,-1,672,783,776,-1,672,776,608,-1,704,534,737,-1,729,730,784,-1,724,718,785,-1,729,784,728,-1,730,731,784,-1,784,731,732,-1,784,732,733,-1,724,785,725,-1,718,719,785,-1,785,719,720,-1,785,720,721,-1,733,734,784,-1,784,734,735,-1,784,735,737,-1,737,735,736,-1,737,736,704,-1,691,716,777,-1,777,716,717,-1,777,717,785,-1,785,717,726,-1,785,726,725,-1,721,722,785,-1,785,722,723,-1,785,723,784,-1,784,723,727,-1,784,727,728,-1,767,786,766,-1,766,786,787,-1,788,789,790,-1,790,789,791,-1,790,791,792,-1,792,791,793,-1,792,793,794,-1,794,793,795,-1,794,795,784,-1,784,795,785,-1,753,752,744,-1,744,752,754,-1,744,754,743,-1,743,754,756,-1,743,756,742,-1,742,756,758,-1,742,758,741,-1,741,758,760,-1,796,797,798,-1,798,797,788,-1,798,788,799,-1,799,788,790,-1,799,790,800,-1,800,790,792,-1,800,792,801,-1,801,792,794,-1,801,794,787,-1,787,794,784,-1,787,784,766,-1,766,784,737,-1,766,737,764,-1,764,737,738,-1,764,738,762,-1,762,738,739,-1,762,739,760,-1,760,739,740,-1,760,740,741,-1,787,786,802,-1,787,802,801,-1,801,802,803,-1,801,803,800,-1,800,803,804,-1,800,804,799,-1,799,804,805,-1,799,805,798,-1,769,775,755,-1,755,775,776,-1,755,776,757,-1,757,776,783,-1,757,783,759,-1,806,807,789,-1,789,807,805,-1,789,805,791,-1,791,805,804,-1,791,804,793,-1,793,804,803,-1,793,803,795,-1,795,803,802,-1,795,802,785,-1,785,802,786,-1,785,786,777,-1,777,786,767,-1,777,767,778,-1,778,767,765,-1,778,765,779,-1,779,765,763,-1,779,763,780,-1,780,763,761,-1,780,761,781,-1,781,761,759,-1,781,759,782,-1,782,759,783,-1,808,809,796,-1,796,809,797,-1,810,811,809,-1,809,811,812,-1,809,812,797,-1,797,812,806,-1,797,806,788,-1,788,806,789,-1,813,814,810,-1,810,814,811,-1,798,805,796,-1,796,805,807,-1,796,807,808,-1,808,807,815,-1,808,815,816,-1,816,815,817,-1,807,806,815,-1,815,806,812,-1,818,819,814,-1,813,820,821,-1,822,823,821,-1,821,823,818,-1,821,818,813,-1,813,818,814,-1,824,821,825,-1,825,821,820,-1,809,808,810,-1,810,808,816,-1,810,816,813,-1,813,816,826,-1,813,826,820,-1,820,826,825,-1,817,827,816,-1,816,827,826,-1,819,828,814,-1,814,828,827,-1,814,827,811,-1,811,827,817,-1,811,817,812,-1,812,817,815,-1,828,819,829,-1,829,819,818,-1,829,818,830,-1,830,818,823,-1,821,824,822,-1,822,824,831,-1,824,825,826,-1,827,828,829,-1,830,831,829,-1,829,831,824,-1,829,824,827,-1,827,824,826,-1,
        ]
    }
}
Shape{
    appearance Appearance {
        material  Material 	{
            diffuseColor 0.25098039215686274 0.25098039215686274 0.25098039215686274
            specularColor 0.12549019607843137 0.12549019607843137 0.12549019607843137
            ambientIntensity 0.2
            transparency 0
            shininess 0.5
        }
    }
    geometry IndexedFaceSet {
        ccw TRUE
        solid FALSE
        coord DEF co Coordinate {
            point [
                -4.6795 0.766 -0.4224, -4.6795 0.766 -0.4815, -4.5614 0.766 -0.4224, -4.5614 0.766 -0.4815, -4.5614 0.766 -0.4815
            ]
        }
        coordIndex [
            0,1,2,-1,2,1,3,-1,
        ]
    }
}
Shape{
    appearance Appearance {
        material  Material 	{
            diffuseColor 1.0 1.0 0.0
            specularColor 0.5019607843137255 0.5019607843137255 0.0
            ambientIntensity 0.2
            transparency 0
            shininess 0.5
        }
    }
    geometry IndexedFaceSet {
        ccw TRUE
        solid FALSE
        coord DEF co Coordinate {
            point [
                -4.2071 2.2712 -0.1453, -4.2071 2.2629 -0.1413, -4.1677 2.2712 -0.1453, -4.1677 2.2629 -0.1413, -4.1677 2.2391 -0.1315, -4.2071 2.2391 -0.1315, -4.1677 2.2284 -0.1287, -4.2071 2.2284 -0.1287, -4.1677 2.2142 -0.125, -4.2071 2.2142 -0.125, -4.1677 2.1923 -0.1222, -4.2071 2.1923 -0.1222, -4.1677 2.1887 -0.1217, -4.2071 2.1887 -0.1217, -4.1677 2.1629 -0.1218, -4.2071 2.1629 -0.1218, -4.1677 2.1556 -0.1228, -4.2071 2.1556 -0.1228, -4.1677 2.1374 -0.1253, -4.2071 2.1374 -0.1253, -4.1677 2.1197 -0.1301, -4.2071 2.1197 -0.1301, -4.1677 2.1126 -0.1321, -4.2071 2.1126 -0.1321, -4.1677 2.0888 -0.142, -4.2071 2.0888 -0.142, -4.1677 2.0856 -0.1439, -4.2071 2.0856 -0.1439, -4.1677 2.0666 -0.155, -4.2071 2.0666 -0.155, -4.1677 2.0549 -0.164, -4.2071 2.0549 -0.164, -4.1677 2.0462 -0.1708, -4.2071 2.0462 -0.1708, -4.1677 2.0281 -0.1891, -4.2071 2.0281 -0.1891, -4.2071 2.0135 -0.2059, -4.1677 2.0135 -0.2059, -4.2114 2.0668 -0.1554, -4.2114 2.1375 -0.1258, -4.2114 2.2141 -0.1254, -4.2267 2.0671 -0.1794, -4.2267 2.0593 -0.1855, -4.2262 2.0564 -0.1822, -4.2267 2.1254 -0.1489, -4.2267 2.119 -0.1507, -4.2262 2.1175 -0.1465, -4.2267 2.1907 -0.1418, -4.2267 2.1875 -0.1414, -4.2262 2.1877 -0.137, -4.2267 2.2105 -0.1443, -4.2267 2.1413 -0.1446, -4.2267 2.0776 -0.1713, -4.2267 2.2329 -0.1502, -4.2267 2.2233 -0.1477, -4.2262 2.2343 -0.146, -4.2262 2.2113 -0.14, -4.2248 2.2356 -0.1421, -4.2248 2.2121 -0.1359, -4.2224 2.2368 -0.1385, -4.2224 2.2128 -0.1322, -4.2193 2.2377 -0.1356, -4.2193 2.2134 -0.1292, -4.2156 2.2385 -0.1334, -4.2156 2.2138 -0.1269, -4.2114 2.239 -0.132, -4.2267 2.1643 -0.1415, -4.2267 2.1577 -0.1424, -4.2262 2.164 -0.1371, -4.2262 2.1405 -0.1403, -4.2248 2.1637 -0.1329, -4.2248 2.1396 -0.1362, -4.2224 2.1634 -0.1292, -4.2224 2.1389 -0.1326, -4.2193 2.1632 -0.1261, -4.2193 2.1383 -0.1295, -4.2156 2.1631 -0.1238, -4.2156 2.1378 -0.1272, -4.2114 2.163 -0.1223, -4.2267 2.0976 -0.1596, -4.2267 2.0947 -0.1613, -4.2262 2.0956 -0.1557, -4.2262 2.0751 -0.1677, -4.2248 2.0938 -0.152, -4.2248 2.0728 -0.1642, -4.2224 2.0921 -0.1487, -4.2224 2.0707 -0.1611, -4.2193 2.0907 -0.1459, -4.2193 2.069 -0.1586, -4.2156 2.0897 -0.1438, -4.2156 2.0677 -0.1566, -4.2114 2.089 -0.1425, -4.2267 2.2543 -0.159, -4.2262 2.2562 -0.155, -4.2248 2.2581 -0.1513, -4.2224 2.2597 -0.1479, -4.2193 2.2611 -0.1451, -4.2156 2.2621 -0.143, -4.2114 2.2627 -0.1417, -4.2114 2.1886 -0.1222, -4.2156 2.1885 -0.1237, -4.2193 2.1884 -0.126, -4.2224 2.1882 -0.1291, -4.2248 2.188 -0.1328, -4.2114 2.1127 -0.1325, -4.2156 2.1132 -0.1339, -4.2193 2.114 -0.1361, -4.2224 2.115 -0.1391, -4.2248 2.1162 -0.1426, -4.2114 2.0465 -0.1711, -4.2156 2.0475 -0.1722, -4.2193 2.0491 -0.174, -4.2224 2.0511 -0.1763, -4.2248 2.0536 -0.1791, -4.2267 2.0429 -0.202, -4.2262 2.0396 -0.1991, -4.2248 2.0365 -0.1964, -4.2224 2.0337 -0.1939, -4.2193 2.0313 -0.1919, -4.2156 2.0296 -0.1903, -4.2114 2.0285 -0.1894, -4.234 2.315 -0.2336, -4.2228 2.3235 -0.2323, -4.2104 2.3288 -0.2315, -4.148 2.321 -0.2327, -4.1416 2.3158 -0.2335, -4.1775 2.3305 -0.2312, -4.1358 2.3097 -0.2345, -4.1264 2.2949 -0.2368, -4.1219 2.2831 -0.2387, -4.1972 2.3305 -0.2312, -4.2529 2.2831 -0.2387, -4.2038 2.3301 -0.2313, -4.2504 2.2902 -0.2376, -4.2434 2.3037 -0.2354, -4.1698 2.3299 -0.2313, -4.1622 2.3281 -0.2316, -4.1549 2.3251 -0.232, -4.2267 2.2568 -0.1602, -4.2263 2.2599 -0.157, -4.2248 2.2629 -0.1538, -4.2262 2.26 -0.1569, -4.2225 2.2657 -0.151, -4.2248 2.263 -0.1537, -4.2194 2.268 -0.1486, -4.2224 2.2658 -0.1509, -4.2156 2.2697 -0.1468, -4.2193 2.2681 -0.1485, -4.2114 2.2708 -0.1457, -4.2115 2.2708 -0.1457, -4.2156 2.2698 -0.1468, -4.2263 2.2632 -0.1633, -4.2156 2.2838 -0.1733, -4.2136 2.2851 -0.174, -4.2115 2.286 -0.1744, -4.2093 2.2866 -0.1747, -4.2071 2.2868 -0.1748, -4.2194 2.2802 -0.1716, -4.2225 2.2754 -0.1692, -4.2248 2.2696 -0.1664, -4.1677 2.2868 -0.1748, -4.1655 2.2866 -0.1747, -4.1633 2.2708 -0.1457, -4.1633 2.286 -0.1744, -4.1633 2.2708 -0.1457, -4.1591 2.2698 -0.1468, -4.1611 2.2851 -0.174, -4.1591 2.2697 -0.1468, -4.1591 2.2838 -0.1733, -4.1554 2.2681 -0.1485, -4.1554 2.2802 -0.1716, -4.1554 2.268 -0.1486, -4.1523 2.2658 -0.1509, -4.1522 2.2754 -0.1692, -4.1522 2.2657 -0.151, -4.15 2.263 -0.1537, -4.1499 2.2696 -0.1664, -4.1499 2.2629 -0.1538, -4.1485 2.26 -0.1569, -4.1485 2.2632 -0.1633, -4.1485 2.2599 -0.157, -4.148 2.2568 -0.1602, -4.1633 2.2627 -0.1417, -4.1591 2.2621 -0.143, -4.1554 2.2611 -0.1451, -4.1523 2.2597 -0.1479, -4.15 2.2581 -0.1513, -4.1485 2.2562 -0.155, -4.148 2.2543 -0.159, -4.1972 2.3443 -0.2029, -4.1775 2.3443 -0.2029, -4.148 2.0947 -0.1613, -4.148 2.0976 -0.1596, -4.1485 2.0956 -0.1557, -4.148 2.1254 -0.1489, -4.148 2.1413 -0.1446, -4.1485 2.1405 -0.1403, -4.148 2.1907 -0.1418, -4.148 2.2105 -0.1443, -4.1485 2.2113 -0.14, -4.1633 2.1127 -0.1325, -4.1633 2.1886 -0.1222, -4.1633 2.0465 -0.1711, -4.1633 2.0285 -0.1894, -4.1626 2.0286 -0.1895, -4.1591 2.0475 -0.1722, -4.1592 2.0297 -0.1904, -4.1578 2.0301 -0.1908, -4.1554 2.0491 -0.174, -4.1555 2.0314 -0.192, -4.1538 2.0324 -0.1928, -4.1523 2.0511 -0.1763, -4.1633 2.089 -0.1425, -4.1633 2.0668 -0.1554, -4.1591 2.0897 -0.1438, -4.1591 2.0677 -0.1566, -4.1554 2.0907 -0.1459, -4.1554 2.069 -0.1586, -4.1523 2.0921 -0.1487, -4.1523 2.0707 -0.1611, -4.15 2.0938 -0.152, -4.15 2.0728 -0.1642, -4.15 2.0536 -0.1791, -4.1633 2.239 -0.132, -4.1633 2.2141 -0.1254, -4.1591 2.2385 -0.1334, -4.1591 2.2138 -0.1269, -4.1554 2.2377 -0.1356, -4.1554 2.2134 -0.1292, -4.1523 2.2368 -0.1385, -4.1523 2.2128 -0.1322, -4.15 2.2356 -0.1421, -4.15 2.2121 -0.1359, -4.1485 2.2343 -0.146, -4.1633 2.163 -0.1223, -4.1633 2.1375 -0.1258, -4.1591 2.1631 -0.1238, -4.1591 2.1378 -0.1272, -4.1554 2.1632 -0.1261, -4.1554 2.1383 -0.1295, -4.1523 2.1634 -0.1292, -4.1523 2.1389 -0.1326, -4.15 2.1637 -0.1329, -4.15 2.1396 -0.1362, -4.1485 2.164 -0.1371, -4.1524 2.0338 -0.194, -4.1506 2.0355 -0.1955, -4.1501 2.0365 -0.1964, -4.1487 2.0391 -0.1986, -4.1485 2.0751 -0.1677, -4.1485 2.0564 -0.1822, -4.1486 2.0396 -0.1991, -4.148 2.2329 -0.1502, -4.148 2.2233 -0.1477, -4.148 2.1875 -0.1414, -4.1485 2.1877 -0.137, -4.15 2.188 -0.1328, -4.1523 2.1882 -0.1291, -4.1554 2.1884 -0.126, -4.1591 2.1885 -0.1237, -4.148 2.1643 -0.1415, -4.148 2.1577 -0.1424, -4.148 2.119 -0.1507, -4.1485 2.1175 -0.1465, -4.15 2.1162 -0.1426, -4.1523 2.115 -0.1391, -4.1554 2.114 -0.1361, -4.1591 2.1132 -0.1339, -4.148 2.0776 -0.1713, -4.148 2.0671 -0.1794, -4.148 2.0593 -0.1855, -4.148 2.0429 -0.202, -4.2114 2.0139 -0.2061, -4.2115 2.0139 -0.2061, -4.2156 2.0152 -0.2068, -4.2156 2.0152 -0.2068, -4.2193 2.0173 -0.208, -4.2194 2.0174 -0.208, -4.2224 2.0201 -0.2095, -4.2225 2.0202 -0.2096, -4.2248 2.0235 -0.2114, -4.2248 2.0236 -0.2114, -4.2262 2.0272 -0.2134, -4.2263 2.0273 -0.2135, -4.2267 2.0311 -0.2155, -4.1633 2.0139 -0.2061, -4.1626 2.0141 -0.2062, -4.1591 2.0152 -0.2068, -4.1579 2.0159 -0.2072, -4.1554 2.0174 -0.208, -4.1538 2.0186 -0.2087, -4.1524 2.0203 -0.2096, -4.1506 2.0223 -0.2107, -4.15 2.0236 -0.2114, -4.1487 2.0266 -0.213, -4.1486 2.0274 -0.2135, -4.148 2.0311 -0.2155, -4.1485 2.0245 -0.2232, -4.1591 2.0033 -0.2476, -4.1611 2.0019 -0.2491, -4.1633 2.001 -0.2503, -4.1655 2.0004 -0.2509, -4.1666 2.0002 -0.2511, -4.1677 2.0002 -0.2512, -4.1554 2.007 -0.2433, -4.1522 2.012 -0.2376, -4.1499 2.0179 -0.2308, -4.2071 2.0002 -0.2512, -4.2082 2.0002 -0.2511, -4.2093 2.0004 -0.2509, -4.2115 2.001 -0.2503, -4.2136 2.0019 -0.2491, -4.2156 2.0033 -0.2476, -4.2194 2.007 -0.2433, -4.2225 2.012 -0.2376, -4.2248 2.0179 -0.2308, -4.2263 2.0245 -0.2232, -4.2563 2.0429 -0.202, -4.2563 2.0669 -0.1791, -4.2563 2.0946 -0.1612, -4.2563 2.1253 -0.1486, -4.2563 2.1577 -0.142, -4.2563 2.1908 -0.1416, -4.2563 2.2234 -0.1473, -4.2563 2.2543 -0.159, -4.2548 2.3031 -0.1827, -4.2504 2.3143 -0.1882, -4.2434 2.3244 -0.1931, -4.234 2.3328 -0.1972, -4.2228 2.3391 -0.2003, -4.2104 2.343 -0.2022, -4.2548 2.2772 -0.2358, -4.2563 2.2654 -0.2301, -4.2563 2.2913 -0.177, -4.2563 2.2284 -0.212, -4.1185 2.2284 -0.212, -4.2563 2.2042 -0.2033, -4.1185 2.2042 -0.2033, -4.2563 2.1787 -0.2001, -4.1185 2.1787 -0.2001, -4.2563 2.1531 -0.2025, -4.1185 2.1531 -0.2025, -4.2563 2.1286 -0.2103, -4.1185 2.1286 -0.2103, -4.2563 2.1064 -0.2233, -4.1185 2.1064 -0.2233, -4.2563 2.0875 -0.2407, -4.1185 2.0875 -0.2407, -4.1205 2.2791 -0.2368, -4.1185 2.2654 -0.2301, -4.1622 2.3425 -0.202, -4.148 2.3372 -0.1994, -4.1358 2.3288 -0.1953, -4.1264 2.3178 -0.1899, -4.1205 2.305 -0.1837, -4.1185 2.2913 -0.177, -4.1185 2.2543 -0.159, -4.1185 2.0429 -0.202, -4.1185 2.0669 -0.1791, -4.1185 2.0946 -0.1612, -4.1185 2.1253 -0.1486, -4.1185 2.1577 -0.142, -4.1185 2.1908 -0.1416, -4.1185 2.2234 -0.1473, -4.2563 1.9801 -0.2743, -4.1185 1.9801 -0.2743, -4.1185 2.0246 -0.3131, -4.2563 2.0246 -0.3131, -4.2563 1.8657 -0.339, -4.1185 1.8657 -0.339, -4.2563 1.898 -0.3304, -4.1185 1.898 -0.3304, -4.2563 1.9284 -0.3165, -4.1185 1.9284 -0.3165, -4.2563 1.956 -0.2976, -4.1185 1.956 -0.2976, -4.2563 1.7713 -0.4156, -4.2563 1.7611 -0.3575, -4.2563 1.8759 -0.3972, -4.2563 1.918 -0.386, -4.2563 1.9575 -0.3679, -4.2563 1.9934 -0.3433, -4.1185 1.9934 -0.3433, -4.1185 1.9575 -0.3679, -4.1185 1.918 -0.386, -4.1185 1.8759 -0.3972, -4.1185 1.7611 -0.3575, -4.1185 1.7713 -0.4156, -4.276 1.5387 -0.4567, -4.276 1.5284 -0.3985, -4.276 1.4028 -0.4206, -4.0988 1.4028 -0.4206, -4.0988 1.5284 -0.3985, -4.276 1.3823 -0.4224, -4.0988 1.3823 -0.4224, -4.0988 1.5387 -0.4567, -4.276 1.4131 -0.4788, -4.0988 1.4131 -0.4788, -4.1283 0.9057 -0.4224, -4.0988 0.9057 -0.4224, -4.276 0.9057 -0.4224, -4.2464 0.9057 -0.4224, -4.2464 0.766 -0.4224, -4.1283 0.766 -0.4224, -4.2464 0.9057 -0.4815, -4.276 0.9057 -0.4815, -4.276 1.3823 -0.4815, -4.0988 1.3823 -0.4815, -4.0988 0.9057 -0.4815, -4.1283 0.9057 -0.4815, -4.1283 0.766 -0.4815, -4.2464 0.766 -0.4815, -4.2464 0.766 -0.4815
            ]
        }
        coordIndex [
            0,1,2,-1,2,1,3,-1,3,1,4,-1,4,1,5,-1,4,5,6,-1,6,5,7,-1,6,7,8,-1,8,7,9,-1,8,9,10,-1,10,9,11,-1,10,11,12,-1,12,11,13,-1,12,13,14,-1,14,13,15,-1,14,15,16,-1,16,15,17,-1,16,17,18,-1,18,17,19,-1,18,19,20,-1,20,19,21,-1,20,21,22,-1,22,21,23,-1,22,23,24,-1,24,23,25,-1,24,25,26,-1,26,25,27,-1,26,27,28,-1,28,27,29,-1,28,29,30,-1,30,29,31,-1,30,31,32,-1,32,31,33,-1,32,33,34,-1,34,33,35,-1,35,36,34,-1,34,36,37,-1,31,29,38,-1,21,19,39,-1,11,9,40,-1,41,42,43,-1,44,45,46,-1,47,48,49,-1,47,49,50,-1,44,46,51,-1,41,43,52,-1,53,54,55,-1,55,54,56,-1,55,56,57,-1,57,56,58,-1,57,58,59,-1,59,58,60,-1,59,60,61,-1,61,60,62,-1,61,62,63,-1,63,62,64,-1,63,64,65,-1,65,64,40,-1,66,67,68,-1,68,67,69,-1,68,69,70,-1,70,69,71,-1,70,71,72,-1,72,71,73,-1,72,73,74,-1,74,73,75,-1,74,75,76,-1,76,75,77,-1,76,77,78,-1,78,77,39,-1,79,80,81,-1,81,80,82,-1,81,82,83,-1,83,82,84,-1,83,84,85,-1,85,84,86,-1,85,86,87,-1,87,86,88,-1,87,88,89,-1,89,88,90,-1,89,90,91,-1,91,90,38,-1,92,53,93,-1,93,53,55,-1,93,55,94,-1,94,55,57,-1,94,57,95,-1,95,57,59,-1,95,59,96,-1,96,59,61,-1,96,61,97,-1,97,61,63,-1,97,63,98,-1,98,63,65,-1,98,65,1,-1,1,65,5,-1,40,9,65,-1,65,9,7,-1,65,7,5,-1,13,11,99,-1,99,11,40,-1,99,40,100,-1,100,40,64,-1,100,64,101,-1,101,64,62,-1,101,62,102,-1,102,62,60,-1,102,60,103,-1,103,60,58,-1,103,58,49,-1,49,58,56,-1,49,56,50,-1,50,56,54,-1,48,66,49,-1,49,66,68,-1,49,68,103,-1,103,68,70,-1,103,70,102,-1,102,70,72,-1,102,72,101,-1,101,72,74,-1,101,74,100,-1,100,74,76,-1,100,76,99,-1,99,76,78,-1,99,78,13,-1,13,78,15,-1,39,19,78,-1,78,19,17,-1,78,17,15,-1,23,21,104,-1,104,21,39,-1,104,39,105,-1,105,39,77,-1,105,77,106,-1,106,77,75,-1,106,75,107,-1,107,75,73,-1,107,73,108,-1,108,73,71,-1,108,71,46,-1,46,71,69,-1,46,69,51,-1,51,69,67,-1,45,79,46,-1,46,79,81,-1,46,81,108,-1,108,81,83,-1,108,83,107,-1,107,83,85,-1,107,85,106,-1,106,85,87,-1,106,87,105,-1,105,87,89,-1,105,89,104,-1,104,89,91,-1,104,91,23,-1,23,91,25,-1,38,29,91,-1,91,29,27,-1,91,27,25,-1,33,31,109,-1,109,31,38,-1,109,38,110,-1,110,38,90,-1,110,90,111,-1,111,90,88,-1,111,88,112,-1,112,88,86,-1,112,86,113,-1,113,86,84,-1,113,84,43,-1,43,84,82,-1,43,82,52,-1,52,82,80,-1,42,114,43,-1,43,114,115,-1,43,115,113,-1,113,115,116,-1,113,116,112,-1,112,116,117,-1,112,117,111,-1,111,117,118,-1,111,118,110,-1,110,118,119,-1,110,119,109,-1,109,119,120,-1,109,120,33,-1,33,120,35,-1,121,122,123,-1,124,125,126,-1,126,125,127,-1,127,128,126,-1,126,128,129,-1,126,129,130,-1,130,129,131,-1,130,131,132,-1,132,131,133,-1,132,133,123,-1,123,133,134,-1,123,134,121,-1,135,136,126,-1,126,136,137,-1,126,137,124,-1,138,92,139,-1,139,92,93,-1,94,140,93,-1,93,140,141,-1,93,141,139,-1,95,142,94,-1,94,142,143,-1,94,143,140,-1,96,144,95,-1,95,144,145,-1,95,145,142,-1,97,146,96,-1,96,146,147,-1,96,147,144,-1,148,149,97,-1,97,149,150,-1,97,150,146,-1,97,98,148,-1,148,98,1,-1,148,1,0,-1,139,151,138,-1,152,146,153,-1,153,146,150,-1,153,150,154,-1,154,150,149,-1,154,149,155,-1,155,149,148,-1,155,148,156,-1,156,148,0,-1,157,158,142,-1,142,145,157,-1,157,145,144,-1,157,144,152,-1,152,144,147,-1,152,147,146,-1,151,139,159,-1,139,141,159,-1,159,141,140,-1,159,140,158,-1,158,140,143,-1,158,143,142,-1,2,160,0,-1,0,160,156,-1,160,2,161,-1,161,2,162,-1,161,162,163,-1,162,164,163,-1,163,164,165,-1,163,165,166,-1,166,165,167,-1,166,167,168,-1,168,167,169,-1,168,169,170,-1,169,171,170,-1,170,171,172,-1,170,172,173,-1,172,174,173,-1,173,174,175,-1,173,175,176,-1,175,177,176,-1,176,177,178,-1,176,178,179,-1,179,178,180,-1,179,180,181,-1,3,182,2,-1,2,182,162,-1,162,182,164,-1,164,182,183,-1,164,183,165,-1,165,183,167,-1,167,183,184,-1,167,184,169,-1,169,184,171,-1,171,184,185,-1,171,185,172,-1,172,185,174,-1,174,185,186,-1,174,186,175,-1,175,186,177,-1,177,186,187,-1,177,187,178,-1,178,187,180,-1,180,187,188,-1,180,188,181,-1,189,190,130,-1,130,190,126,-1,191,192,193,-1,194,195,196,-1,197,198,199,-1,20,22,200,-1,10,12,201,-1,10,201,8,-1,20,200,18,-1,28,30,202,-1,202,30,32,-1,202,32,34,-1,34,203,202,-1,202,203,204,-1,202,204,205,-1,204,206,205,-1,205,206,207,-1,205,207,208,-1,207,209,208,-1,208,209,210,-1,208,210,211,-1,24,26,212,-1,212,26,213,-1,212,213,214,-1,214,213,215,-1,214,215,216,-1,216,215,217,-1,216,217,218,-1,218,217,219,-1,218,219,220,-1,220,219,221,-1,220,221,193,-1,26,28,213,-1,213,28,202,-1,213,202,215,-1,215,202,205,-1,215,205,217,-1,217,205,208,-1,217,208,219,-1,219,208,211,-1,219,211,221,-1,221,211,222,-1,4,6,223,-1,223,6,224,-1,223,224,225,-1,225,224,226,-1,225,226,227,-1,227,226,228,-1,227,228,229,-1,229,228,230,-1,229,230,231,-1,231,230,232,-1,231,232,233,-1,233,232,199,-1,14,16,234,-1,234,16,235,-1,234,235,236,-1,236,235,237,-1,236,237,238,-1,238,237,239,-1,238,239,240,-1,240,239,241,-1,240,241,242,-1,242,241,243,-1,242,243,244,-1,244,243,196,-1,210,245,211,-1,211,245,246,-1,211,246,222,-1,222,246,247,-1,222,247,248,-1,193,221,249,-1,249,221,222,-1,249,222,250,-1,250,222,248,-1,250,248,251,-1,3,4,182,-1,182,4,223,-1,182,223,183,-1,183,223,225,-1,183,225,184,-1,184,225,227,-1,184,227,185,-1,185,227,229,-1,185,229,186,-1,186,229,231,-1,186,231,187,-1,187,231,233,-1,187,233,188,-1,188,233,252,-1,199,198,233,-1,233,198,253,-1,233,253,252,-1,254,197,255,-1,255,197,199,-1,255,199,256,-1,256,199,232,-1,256,232,257,-1,257,232,230,-1,257,230,258,-1,258,230,228,-1,258,228,259,-1,259,228,226,-1,259,226,201,-1,201,226,224,-1,201,224,8,-1,8,224,6,-1,12,14,201,-1,201,14,234,-1,201,234,259,-1,259,234,236,-1,259,236,258,-1,258,236,238,-1,258,238,257,-1,257,238,240,-1,257,240,256,-1,256,240,242,-1,256,242,255,-1,255,242,244,-1,255,244,254,-1,254,244,260,-1,196,195,244,-1,244,195,261,-1,244,261,260,-1,262,194,263,-1,263,194,196,-1,263,196,264,-1,264,196,243,-1,264,243,265,-1,265,243,241,-1,265,241,266,-1,266,241,239,-1,266,239,267,-1,267,239,237,-1,267,237,200,-1,200,237,235,-1,200,235,18,-1,18,235,16,-1,22,24,200,-1,200,24,212,-1,200,212,267,-1,267,212,214,-1,267,214,266,-1,266,214,216,-1,266,216,265,-1,265,216,218,-1,265,218,264,-1,264,218,220,-1,264,220,263,-1,263,220,193,-1,263,193,262,-1,262,193,192,-1,191,193,268,-1,268,193,249,-1,268,249,269,-1,269,249,250,-1,269,250,270,-1,270,250,251,-1,270,251,271,-1,35,120,36,-1,36,120,272,-1,272,120,273,-1,273,120,119,-1,273,119,274,-1,274,119,275,-1,275,119,118,-1,275,118,276,-1,276,118,277,-1,277,118,117,-1,277,117,278,-1,278,117,279,-1,279,117,116,-1,279,116,280,-1,280,116,281,-1,281,116,115,-1,281,115,282,-1,282,115,283,-1,283,115,114,-1,283,114,284,-1,34,37,203,-1,203,37,285,-1,203,285,204,-1,204,285,286,-1,204,286,206,-1,206,286,287,-1,206,287,207,-1,207,287,288,-1,207,288,209,-1,209,288,289,-1,209,289,210,-1,210,289,290,-1,210,290,245,-1,245,290,291,-1,245,291,246,-1,246,291,292,-1,246,292,247,-1,247,292,293,-1,247,293,248,-1,248,293,294,-1,248,294,251,-1,251,294,295,-1,251,295,271,-1,271,295,296,-1,295,297,296,-1,298,287,299,-1,299,287,286,-1,299,286,300,-1,300,286,285,-1,300,285,301,-1,301,285,37,-1,301,37,302,-1,302,37,303,-1,304,305,291,-1,291,290,304,-1,304,290,289,-1,304,289,298,-1,298,289,288,-1,298,288,287,-1,297,295,306,-1,295,294,306,-1,306,294,293,-1,306,293,305,-1,305,293,292,-1,305,292,291,-1,36,307,37,-1,37,307,303,-1,307,36,308,-1,308,36,272,-1,308,272,309,-1,309,272,310,-1,272,273,310,-1,310,273,274,-1,310,274,311,-1,311,274,312,-1,274,275,312,-1,312,275,276,-1,312,276,313,-1,276,277,313,-1,313,277,278,-1,313,278,314,-1,278,279,314,-1,314,279,280,-1,314,280,315,-1,280,281,315,-1,315,281,282,-1,315,282,316,-1,316,282,283,-1,316,283,284,-1,114,42,317,-1,317,42,318,-1,80,319,52,-1,52,319,318,-1,52,318,41,-1,41,318,42,-1,80,79,319,-1,319,79,45,-1,319,45,320,-1,67,321,51,-1,51,321,320,-1,51,320,44,-1,44,320,45,-1,67,66,321,-1,321,66,48,-1,321,48,322,-1,48,47,322,-1,322,47,50,-1,322,50,323,-1,92,324,53,-1,53,324,323,-1,53,323,54,-1,54,323,50,-1,133,131,325,-1,325,326,133,-1,133,326,327,-1,133,327,134,-1,134,327,328,-1,134,328,121,-1,121,328,329,-1,121,329,122,-1,122,329,330,-1,122,330,123,-1,189,130,330,-1,330,130,132,-1,330,132,123,-1,131,331,325,-1,325,331,332,-1,325,332,333,-1,334,335,336,-1,336,335,337,-1,336,337,338,-1,338,337,339,-1,338,339,340,-1,340,339,341,-1,340,341,342,-1,342,341,343,-1,342,343,344,-1,344,343,345,-1,344,345,346,-1,346,345,347,-1,131,129,331,-1,331,129,348,-1,331,348,332,-1,332,348,349,-1,332,349,334,-1,334,349,335,-1,126,190,135,-1,135,190,350,-1,135,350,136,-1,136,350,137,-1,137,350,351,-1,137,351,124,-1,124,351,125,-1,125,351,352,-1,125,352,127,-1,127,352,353,-1,127,353,128,-1,128,353,129,-1,129,353,354,-1,129,354,348,-1,348,354,355,-1,348,355,349,-1,356,355,176,-1,176,179,356,-1,356,179,181,-1,356,181,188,-1,92,138,324,-1,324,138,151,-1,324,151,333,-1,160,161,351,-1,351,161,163,-1,351,163,352,-1,352,163,166,-1,352,166,353,-1,353,166,168,-1,353,168,354,-1,354,168,170,-1,354,170,355,-1,355,170,173,-1,355,173,176,-1,156,330,155,-1,155,330,329,-1,155,329,154,-1,154,329,328,-1,154,328,153,-1,153,328,327,-1,153,327,152,-1,152,327,326,-1,152,326,157,-1,157,326,325,-1,157,325,158,-1,158,325,333,-1,158,333,159,-1,159,333,151,-1,351,350,160,-1,160,350,190,-1,160,190,156,-1,156,190,189,-1,156,189,330,-1,271,357,270,-1,270,357,358,-1,270,358,269,-1,269,358,268,-1,268,358,359,-1,268,359,191,-1,191,359,192,-1,192,359,360,-1,192,360,262,-1,361,195,360,-1,360,195,194,-1,360,194,262,-1,197,254,362,-1,362,254,260,-1,362,260,361,-1,361,260,261,-1,361,261,195,-1,197,362,198,-1,198,362,363,-1,198,363,253,-1,253,363,252,-1,252,363,356,-1,252,356,188,-1,284,114,317,-1,309,310,364,-1,304,298,365,-1,309,364,308,-1,310,311,364,-1,364,311,312,-1,364,312,313,-1,304,365,305,-1,298,299,365,-1,365,299,300,-1,365,300,301,-1,313,314,364,-1,364,314,315,-1,364,315,317,-1,317,315,316,-1,317,316,284,-1,271,296,357,-1,357,296,297,-1,357,297,365,-1,365,297,306,-1,365,306,305,-1,301,302,365,-1,365,302,303,-1,365,303,364,-1,364,303,307,-1,364,307,308,-1,347,366,346,-1,346,366,367,-1,368,369,370,-1,370,369,371,-1,370,371,372,-1,372,371,373,-1,372,373,374,-1,374,373,375,-1,374,375,364,-1,364,375,365,-1,333,332,324,-1,324,332,334,-1,324,334,323,-1,323,334,336,-1,323,336,322,-1,322,336,338,-1,322,338,321,-1,321,338,340,-1,376,377,378,-1,378,377,368,-1,378,368,379,-1,379,368,370,-1,379,370,380,-1,380,370,372,-1,380,372,381,-1,381,372,374,-1,381,374,367,-1,367,374,364,-1,367,364,346,-1,346,364,317,-1,346,317,344,-1,344,317,318,-1,344,318,342,-1,342,318,319,-1,342,319,340,-1,340,319,320,-1,340,320,321,-1,367,366,382,-1,367,382,381,-1,381,382,383,-1,381,383,380,-1,380,383,384,-1,380,384,379,-1,379,384,385,-1,379,385,378,-1,349,355,335,-1,335,355,356,-1,335,356,337,-1,337,356,363,-1,337,363,339,-1,386,387,369,-1,369,387,385,-1,369,385,371,-1,371,385,384,-1,371,384,373,-1,373,384,383,-1,373,383,375,-1,375,383,382,-1,375,382,365,-1,365,382,366,-1,365,366,357,-1,357,366,347,-1,357,347,358,-1,358,347,345,-1,358,345,359,-1,359,345,343,-1,359,343,360,-1,360,343,341,-1,360,341,361,-1,361,341,339,-1,361,339,362,-1,362,339,363,-1,388,389,376,-1,376,389,377,-1,390,391,389,-1,389,391,392,-1,389,392,377,-1,377,392,386,-1,377,386,368,-1,368,386,369,-1,393,394,390,-1,390,394,391,-1,378,385,376,-1,376,385,387,-1,376,387,388,-1,388,387,395,-1,388,395,396,-1,396,395,397,-1,387,386,395,-1,395,386,392,-1,398,399,394,-1,393,400,401,-1,402,403,401,-1,401,403,398,-1,401,398,393,-1,393,398,394,-1,404,401,405,-1,405,401,400,-1,389,388,390,-1,390,388,396,-1,390,396,393,-1,393,396,406,-1,393,406,400,-1,400,406,405,-1,397,407,396,-1,396,407,406,-1,399,408,394,-1,394,408,407,-1,394,407,391,-1,391,407,397,-1,391,397,392,-1,392,397,395,-1,408,399,409,-1,409,399,398,-1,409,398,410,-1,410,398,403,-1,401,404,402,-1,402,404,411,-1,404,405,406,-1,407,408,409,-1,410,411,409,-1,409,411,404,-1,409,404,407,-1,407,404,406,-1,
        ]
    }
}
Shape{
    appearance Appearance {
        material  Material 	{
            diffuseColor 0.25098039215686274 0.25098039215686274 0.25098039215686274
            specularColor 0.12549019607843137 0.12549019607843137 0.12549019607843137
            ambientIntensity 0.2
            transparency 0
            shininess 0.5
        }
    }
    geometry IndexedFaceSet {
        ccw TRUE
        solid FALSE
        coord DEF co Coordinate {
            point [
                -4.2464 0.766 -0.4224, -4.2464 0.766 -0.4815, -4.1283 0.766 -0.4224, -4.1283 0.766 -0.4815, -4.1283 0.766 -0.4815
            ]
        }
        coordIndex [
            0,1,2,-1,2,1,3,-1,
        ]
    }
}
Shape{
    appearance Appearance {
        material  Material 	{
            diffuseColor 1.0 1.0 0.0
            specularColor 0.5019607843137255 0.5019607843137255 0.0
            ambientIntensity 0.2
            transparency 0
            shininess 0.5
        }
    }
    geometry IndexedFaceSet {
        ccw TRUE
        solid FALSE
        coord DEF co Coordinate {
            point [
                -7.27 2.6291 -0.1556, -7.2707 2.6282 -0.1553, -7.2686 2.6282 -0.1543, -7.2643 2.6335 -0.1585, -7.2643 2.6336 -0.1587, -7.2654 2.6311 -0.1558, -7.2651 2.6332 -0.1581, -7.266 2.6327 -0.1576, -7.2669 2.6322 -0.157, -7.267 2.6321 -0.1569, -7.2676 2.6313 -0.1565, -7.2628 2.6299 -0.154, -7.2635 2.6318 -0.1559, -7.2636 2.6321 -0.1563, -7.2648 2.6281 -0.1528, -7.2662 2.6282 -0.1531, -7.2666 2.6282 -0.1533, -7.2625 2.6289 -0.153, -7.2622 2.6277 -0.1521, -7.2685 2.6282 -0.1542, -7.2691 2.6302 -0.1559, -7.2677 2.6315 -0.1566, -7.2678 2.6314 -0.1565, -7.2685 2.6307 -0.1562, -7.2102 2.6321 -0.157, -7.2108 2.6326 -0.1573, -7.2117 2.6311 -0.1558, -7.2128 2.6336 -0.1587, -7.2129 2.6335 -0.1585, -7.212 2.6332 -0.1581, -7.2111 2.6327 -0.1575, -7.2071 2.6291 -0.1556, -7.2078 2.6298 -0.1558, -7.209 2.6298 -0.1553, -7.2078 2.6299 -0.1559, -7.2086 2.6308 -0.1561, -7.2087 2.6309 -0.1562, -7.2095 2.6313 -0.1565, -7.2093 2.6314 -0.1565, -7.2094 2.6314 -0.1566, -7.2064 2.6282 -0.1553, -7.2085 2.6283 -0.1543, -7.2086 2.6283 -0.1542, -7.21 2.6283 -0.1535, -7.2106 2.6282 -0.1533, -7.2143 2.6299 -0.1539, -7.2123 2.628 -0.1528, -7.2149 2.6277 -0.1521, -7.2135 2.632 -0.1564, -7.2139 2.6309 -0.1549, -7.214 2.6307 -0.1546, -7.2074 2.4379 -0.1474, -7.2068 2.4387 -0.1472, -7.2086 2.4388 -0.1463, -7.2084 2.4367 -0.1477, -7.2116 2.4389 -0.1449, -7.2089 2.4364 -0.1479, -7.2123 2.4391 -0.1448, -7.2132 2.4392 -0.1445, -7.2105 2.4349 -0.1487, -7.2143 2.4374 -0.1458, -7.2113 2.4345 -0.1492, -7.2138 2.4358 -0.1471, -7.2121 2.434 -0.1497, -7.2135 2.4351 -0.148, -7.2129 2.4335 -0.1502, -7.2149 2.4395 -0.1441, -7.2104 2.435 -0.1486, -7.2097 2.4357 -0.1483, -7.2096 2.4357 -0.1483, -7.2628 2.4373 -0.1458, -7.2622 2.4395 -0.1441, -7.2639 2.4393 -0.1446, -7.2659 2.4344 -0.1491, -7.2642 2.4335 -0.1502, -7.2636 2.4352 -0.1481, -7.2662 2.4346 -0.1489, -7.2674 2.4357 -0.1483, -7.263 2.4368 -0.1461, -7.2685 2.4388 -0.1462, -7.2703 2.4387 -0.1472, -7.2697 2.4379 -0.1474, -7.2648 2.4391 -0.1448, -7.2675 2.4357 -0.1483, -7.2668 2.4388 -0.1454, -7.269 2.4371 -0.1476, -7.2683 2.4364 -0.1478, -7.2722 2.6341 -0.1639, -7.2716 2.6338 -0.1626, -7.2712 2.6351 -0.1648, -7.2719 2.628 -0.1564, -7.2651 2.6341 -0.1599, -7.2656 2.6347 -0.1612, -7.2672 2.6344 -0.1608, -7.2722 2.628 -0.1567, -7.2715 2.629 -0.1567, -7.2707 2.6299 -0.1568, -7.2698 2.6308 -0.157, -7.2742 2.6286 -0.1594, -7.2748 2.6274 -0.1597, -7.2745 2.6275 -0.1593, -7.2743 2.6298 -0.1607, -7.2731 2.6311 -0.1604, -7.2752 2.6297 -0.1622, -7.274 2.6311 -0.1618, -7.2748 2.6321 -0.1646, -7.2755 2.6313 -0.1649, -7.2748 2.6312 -0.1633, -7.2761 2.6304 -0.1653, -7.276 2.6296 -0.1639, -7.276 2.6271 -0.1615, -7.2752 2.6284 -0.161, -7.2765 2.6268 -0.1629, -7.2762 2.6282 -0.1627, -7.2767 2.6267 -0.1633, -7.2776 2.6268 -0.1669, -7.2772 2.6271 -0.1649, -7.2774 2.6277 -0.1665, -7.2769 2.628 -0.1645, -7.2771 2.6286 -0.1661, -7.2765 2.6288 -0.1642, -7.2766 2.6296 -0.1657, -7.2775 2.6262 -0.1656, -7.2776 2.626 -0.1668, -7.2777 2.6259 -0.1673, -7.2774 2.6263 -0.1653, -7.2658 2.6349 -0.1616, -7.2679 2.6352 -0.1625, -7.2688 2.6339 -0.1605, -7.2659 2.6354 -0.1627, -7.2661 2.6362 -0.1643, -7.2683 2.636 -0.1644, -7.2704 2.6354 -0.1647, -7.274 2.6328 -0.1643, -7.2733 2.6326 -0.1629, -7.2726 2.6324 -0.1616, -7.2687 2.6359 -0.1645, -7.2698 2.6346 -0.1625, -7.2703 2.6331 -0.1604, -7.2718 2.6322 -0.1603, -7.2689 2.6317 -0.1573, -7.2736 2.6277 -0.158, -7.2729 2.6288 -0.1579, -7.272 2.6299 -0.1579, -7.271 2.6309 -0.158, -7.2699 2.6318 -0.1582, -7.2687 2.6326 -0.1585, -7.2721 2.631 -0.1592, -7.2732 2.6298 -0.1592, -7.2779 2.6255 -0.1694, -7.2778 2.6265 -0.1689, -7.2776 2.6279 -0.1683, -7.2774 2.6284 -0.168, -7.277 2.6294 -0.1675, -7.2768 2.6301 -0.1672, -7.2759 2.6313 -0.1666, -7.2753 2.6322 -0.1662, -7.2744 2.633 -0.1658, -7.2735 2.6339 -0.1654, -7.2725 2.6344 -0.1652, -7.2156 2.6725 -0.2419, -7.1755 2.6335 -0.2439, -7.2221 2.6738 -0.2418, -7.173 2.6263 -0.2442, -7.2287 2.6743 -0.2418, -7.2852 2.6586 -0.2426, -7.274 2.6672 -0.2422, -7.2615 2.6725 -0.2419, -7.2031 2.6672 -0.2422, -7.1919 2.6586 -0.2426, -7.1825 2.6472 -0.2432, -7.2484 2.6743 -0.2418, -7.3041 2.6263 -0.2442, -7.255 2.6738 -0.2418, -7.3016 2.6335 -0.2439, -7.2946 2.6472 -0.2432, -7.2484 2.691 -0.2151, -7.2287 2.691 -0.2151, -7.306 2.6521 -0.1907, -7.3016 2.6627 -0.1974, -7.2946 2.6722 -0.2033, -7.2852 2.6801 -0.2083, -7.274 2.6861 -0.212, -7.2615 2.6898 -0.2143, -7.306 2.6208 -0.2408, -7.3074 2.6096 -0.2338, -7.3074 2.641 -0.1837, -7.2115 2.6347 -0.1612, -7.2113 2.6351 -0.1619, -7.2661 2.6472 -0.1876, -7.211 2.6362 -0.1643, -7.211 2.6472 -0.1876, -7.212 2.6341 -0.16, -7.2622 2.6213 -0.1481, -7.2149 2.6213 -0.1481, -7.2006 2.6268 -0.1627, -7.2004 2.6267 -0.1633, -7.201 2.6282 -0.1627, -7.2084 2.6359 -0.1645, -7.2088 2.636 -0.1644, -7.2099 2.6344 -0.1608, -7.2083 2.6339 -0.1605, -7.2023 2.6274 -0.1597, -7.2012 2.6271 -0.1612, -7.2019 2.6284 -0.161, -7.2019 2.6297 -0.1622, -7.2011 2.6296 -0.1639, -7.2023 2.6312 -0.1633, -7.2049 2.628 -0.1567, -7.2056 2.629 -0.1567, -7.2053 2.628 -0.1563, -7.2012 2.6313 -0.1666, -7.2018 2.6322 -0.1662, -7.2023 2.6321 -0.1646, -7.2005 2.6296 -0.1657, -7.2001 2.6294 -0.1675, -7.201 2.6304 -0.1653, -7.2004 2.6301 -0.1672, -7.2016 2.6313 -0.1649, -7.1997 2.6277 -0.1665, -7.2002 2.628 -0.1645, -7.1995 2.6268 -0.1669, -7.1999 2.6271 -0.1649, -7.1994 2.6259 -0.1673, -7.1992 2.6255 -0.1694, -7.1993 2.6265 -0.1689, -7.1995 2.6279 -0.1683, -7.2006 2.6288 -0.1642, -7.2 2.6286 -0.1661, -7.1997 2.6284 -0.168, -7.1997 2.6263 -0.1651, -7.1997 2.6263 -0.1653, -7.1995 2.6261 -0.1666, -7.2072 2.6318 -0.1582, -7.2073 2.6308 -0.157, -7.2061 2.6309 -0.158, -7.2064 2.6299 -0.1568, -7.2045 2.6324 -0.1616, -7.2053 2.6322 -0.1603, -7.204 2.6311 -0.1604, -7.205 2.631 -0.1592, -7.2039 2.6298 -0.1592, -7.2051 2.6299 -0.1579, -7.2042 2.6288 -0.1579, -7.2036 2.6277 -0.1579, -7.2026 2.6275 -0.1593, -7.2029 2.6286 -0.1594, -7.2028 2.6298 -0.1607, -7.2031 2.6311 -0.1618, -7.2038 2.6326 -0.1629, -7.2031 2.6328 -0.1643, -7.2027 2.633 -0.1658, -7.2084 2.6326 -0.1585, -7.2036 2.6339 -0.1654, -7.2046 2.6344 -0.1652, -7.205 2.6341 -0.1639, -7.2059 2.6351 -0.1648, -7.2055 2.6338 -0.1626, -7.2067 2.6354 -0.1647, -7.2073 2.6346 -0.1625, -7.2068 2.6331 -0.1604, -7.2149 2.6059 -0.1395, -7.2622 2.6059 -0.1395, -7.2149 2.5868 -0.1318, -7.2622 2.5868 -0.1318, -7.2149 2.5804 -0.1292, -7.2622 2.5804 -0.1292, -7.2149 2.5535 -0.123, -7.2622 2.5535 -0.123, -7.2149 2.5499 -0.1228, -7.2622 2.5499 -0.1228, -7.2149 2.526 -0.121, -7.2622 2.526 -0.121, -7.2149 2.5119 -0.1222, -7.2622 2.5119 -0.1222, -7.2149 2.4986 -0.1233, -7.2622 2.4986 -0.1233, -7.2149 2.4746 -0.1292, -7.2622 2.4746 -0.1292, -7.2149 2.4718 -0.1299, -7.2622 2.4718 -0.1299, -7.2149 2.4464 -0.1405, -7.2622 2.4464 -0.1405, -7.2777 2.4404 -0.16, -7.2776 2.4402 -0.1591, -7.2777 2.4523 -0.1522, -7.2754 2.4394 -0.1527, -7.2745 2.4393 -0.1514, -7.2746 2.4491 -0.1459, -7.2766 2.6018 -0.148, -7.2766 2.6162 -0.1562, -7.2777 2.6143 -0.1592, -7.2719 2.6045 -0.1425, -7.2719 2.6195 -0.151, -7.2746 2.618 -0.1533, -7.2685 2.6053 -0.1407, -7.2685 2.6205 -0.1493, -7.2686 2.6205 -0.1493, -7.2648 2.6058 -0.1397, -7.2648 2.6211 -0.1483, -7.2648 2.6211 -0.1483, -7.2648 2.5535 -0.1232, -7.2648 2.5803 -0.1294, -7.2648 2.526 -0.1213, -7.2648 2.4986 -0.1236, -7.2648 2.4465 -0.1407, -7.2648 2.4719 -0.1301, -7.2685 2.447 -0.1417, -7.2723 2.439 -0.1489, -7.2718 2.4389 -0.1485, -7.2719 2.4479 -0.1435, -7.274 2.4392 -0.1507, -7.2733 2.4391 -0.1498, -7.277 2.4399 -0.1563, -7.2765 2.4397 -0.1551, -7.2766 2.4506 -0.1489, -7.2762 2.4396 -0.1544, -7.2774 2.4401 -0.1581, -7.2772 2.4399 -0.1569, -7.2779 2.4535 -0.1545, -7.2779 2.4405 -0.1612, -7.2779 2.4406 -0.1619, -7.2777 2.4759 -0.1423, -7.2779 2.4767 -0.1448, -7.2777 2.5007 -0.1363, -7.2779 2.5011 -0.1389, -7.2777 2.5261 -0.1341, -7.2779 2.5261 -0.1368, -7.2777 2.5516 -0.136, -7.2779 2.5512 -0.1386, -7.2777 2.5764 -0.1417, -7.2779 2.5756 -0.1442, -7.2777 2.6001 -0.1513, -7.2779 2.5989 -0.1536, -7.2777 2.6142 -0.1593, -7.2779 2.6129 -0.1615, -7.2766 2.4747 -0.1388, -7.2766 2.5001 -0.1326, -7.2766 2.5261 -0.1304, -7.2766 2.5521 -0.1323, -7.2766 2.5776 -0.1382, -7.2746 2.4737 -0.1356, -7.2746 2.4995 -0.1293, -7.2746 2.5261 -0.1271, -7.2746 2.5526 -0.129, -7.2746 2.5786 -0.135, -7.2746 2.6032 -0.145, -7.2746 2.618 -0.1533, -7.2719 2.4728 -0.133, -7.2719 2.4991 -0.1266, -7.2719 2.5261 -0.1244, -7.2719 2.553 -0.1263, -7.2719 2.5794 -0.1324, -7.2685 2.4722 -0.1312, -7.2685 2.4988 -0.1247, -7.2685 2.526 -0.1224, -7.2685 2.5533 -0.1243, -7.2685 2.58 -0.1305, -7.2779 2.6286 -0.176, -7.2773 2.6327 -0.1785, -7.2768 2.6367 -0.181, -7.2753 2.6402 -0.1833, -7.2735 2.6432 -0.1851, -7.2712 2.6454 -0.1865, -7.27 2.6462 -0.187, -7.2687 2.6468 -0.1873, -7.2674 2.6471 -0.1876, -7.3074 2.6108 -0.1648, -7.3074 2.5794 -0.2148, -7.3074 2.5812 -0.1503, -7.3074 2.556 -0.2041, -7.3074 2.5493 -0.1423, -7.3074 2.5307 -0.1998, -7.3074 2.5164 -0.1411, -7.3074 2.5117 -0.201, -7.3074 2.484 -0.1467, -7.3074 2.4831 -0.147, -7.1711 2.6208 -0.2408, -7.1697 2.6096 -0.2338, -7.1697 2.5794 -0.2148, -7.2156 2.6898 -0.2143, -7.2031 2.6861 -0.212, -7.1919 2.6801 -0.2083, -7.1825 2.6722 -0.2033, -7.1755 2.6627 -0.1974, -7.1711 2.6521 -0.1907, -7.1697 2.641 -0.1837, -7.1992 2.6108 -0.1648, -7.1697 2.6108 -0.1648, -7.1992 2.6286 -0.176, -7.1998 2.6327 -0.1785, -7.2779 2.6108 -0.1648, -7.2097 2.6471 -0.1876, -7.2084 2.6468 -0.1873, -7.2071 2.6462 -0.187, -7.2059 2.6454 -0.1865, -7.2036 2.6432 -0.1851, -7.2018 2.6402 -0.1833, -7.2004 2.6367 -0.181, -7.2123 2.6211 -0.1483, -7.2086 2.6205 -0.1492, -7.2053 2.6195 -0.1509, -7.2025 2.618 -0.1533, -7.2005 2.6163 -0.1561, -7.1994 2.6143 -0.1592, -7.1992 2.6129 -0.1615, -7.2086 2.447 -0.1417, -7.1994 2.6001 -0.1513, -7.2123 2.6058 -0.1397, -7.1992 2.5989 -0.1536, -7.1994 2.5764 -0.1417, -7.1992 2.5756 -0.1442, -7.1994 2.5516 -0.136, -7.1992 2.5512 -0.1386, -7.1994 2.5261 -0.1341, -7.1992 2.5261 -0.1368, -7.1994 2.5007 -0.1363, -7.1992 2.5011 -0.1389, -7.1994 2.4759 -0.1423, -7.1992 2.4767 -0.1448, -7.1994 2.4523 -0.1522, -7.1992 2.4535 -0.1545, -7.1994 2.4404 -0.16, -7.1992 2.4406 -0.1619, -7.2002 2.4399 -0.1563, -7.1998 2.44 -0.1573, -7.1997 2.4401 -0.1581, -7.1995 2.4402 -0.1591, -7.2018 2.4394 -0.1525, -7.2013 2.4395 -0.1532, -7.2005 2.4506 -0.1489, -7.2009 2.4396 -0.1544, -7.2006 2.4397 -0.155, -7.2048 2.439 -0.1489, -7.2035 2.4391 -0.1501, -7.2025 2.4491 -0.1459, -7.2031 2.4392 -0.1507, -7.2026 2.4393 -0.1514, -7.2053 2.4479 -0.1435, -7.2053 2.4389 -0.1485, -7.2123 2.4465 -0.1407, -7.2123 2.4719 -0.1301, -7.2123 2.4986 -0.1236, -7.2123 2.526 -0.1213, -7.2123 2.5535 -0.1232, -7.2123 2.5803 -0.1294, -7.2086 2.4722 -0.1312, -7.2086 2.4988 -0.1247, -7.2086 2.526 -0.1224, -7.2086 2.5533 -0.1243, -7.2086 2.58 -0.1305, -7.2086 2.6053 -0.1407, -7.2053 2.4728 -0.133, -7.2053 2.4991 -0.1266, -7.2053 2.5261 -0.1244, -7.2053 2.553 -0.1263, -7.2053 2.5794 -0.1324, -7.2053 2.6045 -0.1425, -7.2025 2.4737 -0.1356, -7.2025 2.4995 -0.1293, -7.2025 2.5261 -0.1271, -7.2025 2.5526 -0.129, -7.2025 2.5786 -0.135, -7.2025 2.6032 -0.145, -7.2005 2.4747 -0.1388, -7.2005 2.5001 -0.1326, -7.2005 2.5261 -0.1304, -7.2005 2.5521 -0.1323, -7.2005 2.5776 -0.1382, -7.2005 2.6018 -0.148, -7.2043 2.4342 -0.1539, -7.205 2.4345 -0.1527, -7.2045 2.4333 -0.155, -7.2115 2.4322 -0.1528, -7.2115 2.432 -0.1531, -7.2098 2.4323 -0.1528, -7.2054 2.438 -0.1488, -7.2036 2.4326 -0.1575, -7.2027 2.4333 -0.1579, -7.2031 2.4336 -0.1565, -7.2059 2.4313 -0.1567, -7.2046 2.432 -0.1572, -7.2054 2.4328 -0.1548, -7.2037 2.4325 -0.1574, -7.2036 2.4339 -0.1552, -7.2065 2.4335 -0.1526, -7.2081 2.4328 -0.1526, -7.2072 2.4319 -0.1546, -7.2082 2.4353 -0.1492, -7.2081 2.4343 -0.1505, -7.2094 2.4336 -0.1508, -7.2015 2.4382 -0.1538, -7.2025 2.4381 -0.1521, -7.2038 2.438 -0.1504, -7.1993 2.4397 -0.1614, -7.1994 2.4395 -0.1595, -7.1995 2.4383 -0.1606, -7.1996 2.4386 -0.1591, -7.1997 2.4378 -0.1603, -7.2 2.4377 -0.1586, -7.2001 2.4368 -0.1598, -7.1998 2.4393 -0.1577, -7.2007 2.4383 -0.1555, -7.2001 2.4384 -0.1573, -7.2004 2.4368 -0.1581, -7.2004 2.4361 -0.1594, -7.2018 2.4341 -0.1583, -7.2012 2.435 -0.1588, -7.2016 2.4351 -0.1573, -7.2009 2.4359 -0.1577, -7.2021 2.4353 -0.1558, -7.2009 2.4368 -0.1565, -7.2028 2.4354 -0.1543, -7.2016 2.4368 -0.1549, -7.2037 2.4356 -0.1529, -7.2025 2.4369 -0.1533, -7.2046 2.4358 -0.1516, -7.2035 2.4369 -0.1518, -7.2058 2.436 -0.1502, -7.2048 2.437 -0.1503, -7.2063 2.437 -0.1489, -7.211 2.4303 -0.1562, -7.2088 2.4305 -0.1563, -7.2085 2.4305 -0.1563, -7.2067 2.431 -0.1566, -7.2072 2.4361 -0.149, -7.2069 2.4351 -0.1503, -7.2059 2.4348 -0.1515, -7.2774 2.4378 -0.1603, -7.277 2.4368 -0.1598, -7.2767 2.4368 -0.1581, -7.2762 2.4359 -0.1577, -7.2733 2.438 -0.1504, -7.2717 2.438 -0.1488, -7.2768 2.4361 -0.1594, -7.2759 2.435 -0.1588, -7.2755 2.4351 -0.1573, -7.2753 2.4342 -0.1583, -7.274 2.4336 -0.1565, -7.2744 2.4333 -0.1579, -7.2735 2.4326 -0.1575, -7.2777 2.4395 -0.1595, -7.2778 2.4397 -0.1614, -7.2775 2.4386 -0.1591, -7.2776 2.4383 -0.1606, -7.2771 2.4377 -0.1586, -7.277 2.4384 -0.1573, -7.2762 2.4368 -0.1565, -7.275 2.4353 -0.1558, -7.2773 2.4393 -0.1577, -7.2764 2.4383 -0.1555, -7.2689 2.4353 -0.1492, -7.2699 2.4361 -0.149, -7.2702 2.4351 -0.1503, -7.2713 2.436 -0.1502, -7.2712 2.4348 -0.1515, -7.2725 2.4358 -0.1516, -7.2721 2.4345 -0.1527, -7.2735 2.4356 -0.1529, -7.2728 2.4342 -0.1539, -7.2756 2.4382 -0.1538, -7.2746 2.4381 -0.1521, -7.2746 2.4369 -0.1533, -7.2736 2.4369 -0.1518, -7.2724 2.437 -0.1503, -7.2708 2.437 -0.1489, -7.2673 2.4323 -0.1528, -7.2683 2.4305 -0.1563, -7.2661 2.4303 -0.1562, -7.2659 2.4315 -0.1539, -7.2656 2.432 -0.1531, -7.2664 2.4332 -0.1511, -7.2652 2.4328 -0.1517, -7.2651 2.4328 -0.1516, -7.2704 2.431 -0.1566, -7.2699 2.4319 -0.1546, -7.2712 2.4313 -0.1568, -7.2717 2.4328 -0.1548, -7.2725 2.432 -0.1572, -7.2735 2.4325 -0.1574, -7.2735 2.4339 -0.1552, -7.2726 2.4333 -0.155, -7.2706 2.4335 -0.1526, -7.2669 2.434 -0.1499, -7.2677 2.4336 -0.1508, -7.269 2.4328 -0.1526, -7.2687 2.4305 -0.1563, -7.2743 2.4354 -0.1543, -7.2755 2.4368 -0.1549, -7.269 2.4343 -0.1505, -7.2679 2.4346 -0.1495, -7.1697 2.556 -0.2041, -7.1697 2.5307 -0.1998, -7.1697 2.5051 -0.2023, -7.3168 2.481 -0.2112, -7.3133 2.4867 -0.2085, -7.1697 2.481 -0.2112, -7.3089 2.4984 -0.204, -7.3082 2.5052 -0.2025, -7.2779 2.5164 -0.1411, -7.2779 2.5493 -0.1423, -7.2779 2.5812 -0.1503, -7.2779 2.4376 -0.1674, -7.2779 2.4534 -0.159, -7.2779 2.484 -0.1467, -7.3168 2.4534 -0.159, -7.3133 2.459 -0.1562, -7.3089 2.4705 -0.1512, -7.3665 2.457 -0.2239, -7.3665 2.4294 -0.1717, -7.3534 2.4583 -0.2232, -7.3534 2.4307 -0.171, -7.3409 2.4622 -0.2212, -7.3409 2.4346 -0.169, -7.3297 2.4684 -0.2179, -7.3297 2.4408 -0.1657, -7.3203 2.4767 -0.2135, -7.3203 2.449 -0.1613, -7.2287 2.3076 -0.2362, -7.2878 2.3076 -0.2362, -7.2287 2.3352 -0.2884, -7.2878 2.3352 -0.2884, -7.2156 2.3365 -0.2877, -7.2156 2.3089 -0.2355, -7.2031 2.3404 -0.2857, -7.2031 2.3128 -0.2335, -7.1919 2.3466 -0.2824, -7.1919 2.319 -0.2302, -7.1825 2.3549 -0.278, -7.1825 2.3273 -0.2258, -7.1755 2.3648 -0.2728, -7.1755 2.3372 -0.2206, -7.1711 2.3758 -0.2669, -7.1711 2.3482 -0.2147, -7.1697 2.3874 -0.2608, -7.1697 2.3598 -0.2086, -7.1697 2.4534 -0.159, -7.1697 2.484 -0.1467, -7.1697 2.5164 -0.1411, -7.1697 2.5493 -0.1423, -7.1697 2.5812 -0.1503, -7.1992 2.4534 -0.159, -7.1992 2.484 -0.1467, -7.1992 2.5164 -0.1411, -7.1992 2.5493 -0.1423, -7.1992 2.5812 -0.1503, -7.1992 2.4376 -0.1674, -7.1998 2.4334 -0.1696, -7.2004 2.4292 -0.1718, -7.2018 2.4256 -0.1737, -7.2037 2.4226 -0.1753, -7.2059 2.4203 -0.1765, -7.2072 2.4195 -0.177, -7.2085 2.4189 -0.1773, -7.2097 2.4186 -0.1775, -7.211 2.4185 -0.1775, -7.2661 2.4185 -0.1775, -7.2674 2.4186 -0.1774, -7.2687 2.419 -0.1773, -7.27 2.4196 -0.1769, -7.2712 2.4204 -0.1765, -7.2735 2.4227 -0.1753, -7.2753 2.4257 -0.1737, -7.2768 2.4293 -0.1718, -7.2773 2.4334 -0.1696, -7.4256 2.4294 -0.1717, -7.4256 2.457 -0.2239, -7.303 2.3335 -0.2894, -7.303 2.3058 -0.2372, -7.3173 2.3282 -0.2921, -7.3173 2.3006 -0.2399, -7.3295 2.32 -0.2965, -7.3295 2.2923 -0.2443, -7.3348 2.3146 -0.2993, -7.3348 2.287 -0.2471, -7.3389 2.3091 -0.3022, -7.3385 2.2812 -0.25, -7.3423 2.3029 -0.3052, -7.3423 2.2752 -0.2529, -7.3448 2.2962 -0.3083, -7.3448 2.2685 -0.2559, -7.3463 2.2892 -0.3113, -7.3463 2.2615 -0.2588, -7.3468 2.282 -0.3141, -7.3468 2.2541 -0.2615, -7.4846 2.3146 -0.2993, -7.4387 2.4557 -0.2246, -7.4512 2.4519 -0.2267, -7.4846 2.4048 -0.2516, -7.4831 2.4164 -0.2454, -7.4788 2.4275 -0.2396, -7.4717 2.4374 -0.2343, -7.4624 2.4456 -0.23, -7.3468 2.2733 -0.3173, -7.3468 2.2298 -0.3288, -7.4846 2.2733 -0.3173, -7.4846 2.2298 -0.3288, -7.4846 1.713 -0.4236, -7.3468 1.7711 -0.413, -7.4649 1.5 -0.4627, -7.2869 1.5 -0.4627, -7.4649 1.4137 -0.4786, -7.2714 1.4137 -0.4786, -7.4512 2.4242 -0.1745, -7.4624 2.418 -0.1778, -7.4717 2.4097 -0.1821, -7.4788 2.3998 -0.1874, -7.4846 2.287 -0.2471, -7.4846 2.3772 -0.1994, -7.4831 2.3888 -0.1932, -7.4387 2.4281 -0.1724, -7.2869 1.4893 -0.4047, -7.3468 1.7604 -0.3549, -7.3468 2.2191 -0.2707, -7.3468 2.2539 -0.2615, -7.4846 2.2539 -0.2615, -7.4846 2.2191 -0.2707, -7.4846 1.7023 -0.3656, -7.2714 1.403 -0.4205, -7.4649 1.3817 -0.4815, -7.2691 1.3978 -0.4808, -7.2667 1.3817 -0.4815, -7.4649 1.403 -0.4205, -7.4649 1.4893 -0.4047, -7.2667 1.3817 -0.4224, -7.2484 0.9057 -0.4815, -7.2976 0.9057 -0.4815, -7.2484 1.2778 -0.4815, -7.4649 0.9057 -0.4815, -7.4157 0.9057 -0.4815, -7.4157 0.766 -0.4815, -7.2976 0.766 -0.4815, -7.4649 1.3817 -0.4224, -7.4649 0.9057 -0.4224, -7.4157 0.9057 -0.4224, -7.4157 0.766 -0.4224, -7.2976 0.9057 -0.4224, -7.2976 0.766 -0.4224, -7.2484 0.9057 -0.4224, -7.2484 1.2778 -0.4224, -7.2484 1.2778 -0.4224
            ]
        }
        coordIndex [
            0,1,2,-1,3,4,5,-1,5,4,6,-1,5,6,7,-1,7,8,5,-1,5,8,9,-1,5,9,10,-1,11,12,5,-1,5,12,13,-1,5,13,3,-1,14,5,15,-1,15,5,16,-1,11,5,17,-1,17,5,14,-1,17,14,18,-1,16,5,19,-1,19,5,10,-1,19,10,2,-1,0,2,20,-1,9,21,10,-1,10,21,22,-1,10,22,2,-1,2,22,23,-1,2,23,20,-1,24,25,26,-1,27,28,29,-1,29,28,26,-1,29,26,30,-1,30,26,25,-1,31,32,33,-1,33,32,34,-1,34,35,33,-1,33,35,36,-1,33,36,37,-1,37,36,38,-1,37,38,39,-1,40,31,41,-1,41,31,33,-1,41,33,42,-1,42,33,43,-1,39,24,37,-1,37,24,26,-1,37,26,33,-1,33,26,44,-1,33,44,43,-1,44,45,46,-1,46,45,47,-1,28,48,26,-1,26,48,49,-1,26,49,44,-1,44,49,50,-1,44,50,45,-1,51,52,53,-1,51,53,54,-1,54,53,55,-1,54,55,56,-1,56,55,57,-1,56,57,58,-1,59,60,61,-1,61,60,62,-1,61,62,63,-1,63,62,64,-1,63,64,65,-1,58,66,60,-1,59,67,60,-1,60,67,68,-1,60,68,58,-1,58,68,69,-1,58,69,56,-1,70,71,72,-1,73,74,75,-1,73,75,76,-1,76,75,77,-1,77,75,78,-1,77,78,70,-1,79,80,81,-1,70,72,77,-1,77,72,82,-1,77,82,83,-1,79,81,84,-1,84,81,85,-1,84,85,82,-1,82,85,86,-1,82,86,83,-1,27,4,28,-1,28,4,3,-1,28,3,48,-1,45,50,12,-1,3,13,48,-1,48,13,12,-1,48,12,49,-1,49,12,50,-1,18,47,17,-1,17,47,45,-1,17,45,11,-1,11,45,12,-1,87,88,89,-1,90,1,0,-1,91,92,93,-1,91,93,4,-1,94,90,95,-1,95,90,0,-1,95,0,96,-1,96,0,20,-1,96,20,97,-1,98,99,100,-1,101,102,103,-1,103,102,104,-1,105,106,107,-1,107,106,108,-1,107,108,109,-1,110,111,112,-1,112,111,113,-1,112,113,114,-1,111,101,113,-1,113,101,103,-1,113,103,109,-1,109,103,104,-1,109,104,107,-1,115,116,117,-1,117,116,118,-1,117,118,119,-1,119,118,120,-1,119,120,121,-1,122,116,123,-1,123,116,115,-1,123,115,124,-1,108,121,109,-1,109,121,120,-1,109,120,113,-1,113,120,118,-1,113,118,114,-1,114,118,116,-1,114,116,125,-1,125,116,122,-1,92,126,93,-1,93,126,127,-1,93,127,128,-1,126,129,127,-1,127,129,130,-1,127,130,131,-1,89,88,132,-1,87,133,88,-1,88,133,134,-1,88,134,135,-1,136,132,137,-1,137,132,88,-1,137,88,138,-1,138,88,135,-1,138,135,139,-1,20,23,97,-1,97,23,22,-1,97,22,140,-1,140,22,21,-1,140,21,9,-1,141,94,142,-1,142,94,95,-1,142,95,143,-1,143,95,96,-1,143,96,144,-1,144,96,97,-1,144,97,145,-1,145,97,140,-1,145,140,146,-1,146,140,9,-1,9,8,146,-1,146,8,7,-1,146,7,128,-1,128,7,93,-1,93,7,6,-1,93,6,4,-1,133,105,134,-1,134,105,107,-1,134,107,135,-1,135,107,104,-1,135,104,139,-1,139,104,102,-1,139,102,147,-1,147,102,101,-1,147,101,148,-1,148,101,111,-1,148,111,98,-1,98,111,110,-1,98,110,99,-1,149,124,150,-1,150,124,115,-1,150,115,151,-1,151,115,117,-1,151,117,152,-1,152,117,119,-1,152,119,153,-1,153,119,121,-1,153,121,154,-1,154,121,108,-1,154,108,155,-1,155,108,106,-1,155,106,156,-1,156,106,105,-1,156,105,157,-1,157,105,133,-1,157,133,158,-1,158,133,87,-1,158,87,159,-1,159,87,89,-1,131,136,127,-1,127,136,137,-1,127,137,128,-1,128,137,138,-1,128,138,146,-1,146,138,139,-1,146,139,145,-1,145,139,147,-1,145,147,144,-1,144,147,148,-1,144,148,143,-1,143,148,98,-1,143,98,142,-1,142,98,100,-1,142,100,141,-1,160,161,162,-1,162,161,163,-1,162,163,164,-1,165,166,167,-1,168,169,160,-1,160,169,170,-1,160,170,161,-1,164,163,171,-1,171,163,172,-1,171,172,173,-1,173,172,174,-1,173,174,167,-1,167,174,175,-1,167,175,165,-1,176,177,171,-1,171,177,164,-1,174,172,178,-1,178,179,174,-1,174,179,180,-1,174,180,175,-1,175,180,181,-1,175,181,165,-1,165,181,182,-1,165,182,166,-1,166,182,183,-1,166,183,167,-1,176,171,183,-1,183,171,173,-1,183,173,167,-1,172,184,178,-1,178,184,185,-1,178,185,186,-1,187,188,189,-1,189,188,190,-1,189,190,191,-1,189,130,187,-1,187,130,129,-1,187,129,126,-1,91,4,27,-1,126,92,187,-1,187,92,91,-1,187,91,192,-1,192,91,27,-1,18,193,47,-1,47,193,194,-1,195,196,197,-1,198,199,200,-1,29,30,201,-1,202,203,204,-1,205,206,207,-1,208,209,210,-1,210,209,31,-1,210,31,40,-1,200,187,192,-1,211,212,213,-1,214,215,216,-1,216,215,217,-1,216,217,218,-1,218,217,211,-1,219,220,221,-1,221,220,222,-1,223,224,221,-1,221,224,225,-1,221,225,219,-1,219,225,226,-1,211,213,218,-1,218,213,207,-1,218,207,216,-1,216,207,206,-1,216,206,214,-1,196,222,197,-1,197,222,220,-1,197,220,227,-1,227,220,219,-1,227,219,228,-1,228,219,226,-1,228,226,229,-1,196,230,222,-1,222,230,231,-1,222,231,221,-1,221,231,232,-1,221,232,223,-1,233,234,235,-1,235,234,236,-1,237,238,239,-1,239,238,240,-1,239,240,241,-1,241,240,242,-1,241,242,243,-1,243,242,209,-1,243,209,244,-1,244,209,208,-1,245,202,246,-1,246,202,204,-1,246,204,247,-1,247,204,205,-1,247,205,248,-1,248,205,207,-1,248,207,249,-1,249,207,213,-1,249,213,250,-1,250,213,212,-1,250,212,251,-1,244,245,243,-1,243,245,246,-1,243,246,241,-1,241,246,247,-1,241,247,239,-1,239,247,248,-1,239,248,237,-1,237,248,249,-1,32,236,34,-1,34,236,234,-1,34,234,35,-1,35,234,233,-1,35,233,36,-1,36,233,38,-1,39,252,24,-1,24,252,201,-1,24,201,25,-1,25,201,30,-1,199,190,200,-1,200,190,188,-1,200,188,187,-1,253,254,255,-1,255,254,256,-1,255,256,257,-1,256,258,259,-1,259,258,198,-1,259,198,201,-1,201,198,200,-1,201,200,29,-1,29,200,192,-1,29,192,27,-1,203,195,204,-1,204,195,197,-1,204,197,205,-1,205,197,227,-1,205,227,206,-1,206,227,228,-1,206,228,214,-1,214,228,229,-1,214,229,215,-1,256,259,257,-1,257,259,201,-1,257,201,260,-1,260,201,252,-1,260,252,233,-1,233,252,39,-1,233,39,38,-1,251,253,250,-1,250,253,255,-1,250,255,249,-1,249,255,257,-1,249,257,237,-1,237,257,260,-1,237,260,238,-1,238,260,233,-1,238,233,240,-1,240,233,235,-1,240,235,242,-1,242,235,236,-1,242,236,209,-1,209,236,32,-1,209,32,31,-1,194,193,261,-1,261,193,262,-1,261,262,263,-1,263,262,264,-1,263,264,265,-1,265,264,266,-1,265,266,267,-1,267,266,268,-1,267,268,269,-1,269,268,270,-1,269,270,271,-1,271,270,272,-1,271,272,273,-1,273,272,274,-1,273,274,275,-1,275,274,276,-1,275,276,277,-1,277,276,278,-1,277,278,279,-1,279,278,280,-1,279,280,281,-1,281,280,282,-1,281,282,66,-1,66,282,71,-1,283,284,285,-1,286,287,288,-1,289,290,291,-1,292,293,294,-1,295,296,297,-1,298,299,300,-1,270,268,301,-1,301,268,266,-1,301,266,302,-1,302,266,264,-1,302,264,298,-1,298,264,262,-1,298,262,299,-1,299,262,193,-1,270,301,272,-1,272,301,303,-1,272,303,274,-1,274,303,304,-1,274,304,276,-1,84,82,305,-1,305,82,72,-1,276,304,278,-1,278,304,306,-1,278,306,280,-1,280,306,305,-1,280,305,282,-1,282,305,72,-1,282,72,71,-1,80,79,307,-1,307,79,84,-1,308,309,310,-1,310,309,80,-1,287,311,288,-1,288,311,312,-1,288,312,308,-1,313,314,315,-1,315,314,316,-1,315,316,286,-1,284,317,285,-1,285,317,318,-1,285,318,313,-1,283,319,320,-1,320,319,321,-1,283,285,319,-1,319,285,322,-1,319,322,323,-1,323,322,324,-1,323,324,325,-1,325,324,326,-1,325,326,327,-1,327,326,328,-1,327,328,329,-1,329,328,330,-1,329,330,331,-1,331,330,332,-1,331,332,333,-1,333,332,334,-1,333,334,335,-1,313,315,285,-1,285,315,336,-1,285,336,322,-1,322,336,337,-1,322,337,324,-1,324,337,338,-1,324,338,326,-1,326,338,339,-1,326,339,328,-1,328,339,340,-1,328,340,330,-1,330,340,289,-1,330,289,332,-1,332,289,291,-1,332,291,334,-1,286,288,315,-1,315,288,341,-1,315,341,336,-1,336,341,342,-1,336,342,337,-1,337,342,343,-1,337,343,338,-1,338,343,344,-1,338,344,339,-1,339,344,345,-1,339,345,340,-1,340,345,346,-1,340,346,289,-1,289,346,347,-1,289,347,290,-1,308,310,288,-1,288,310,348,-1,288,348,341,-1,341,348,349,-1,341,349,342,-1,342,349,350,-1,342,350,343,-1,343,350,351,-1,343,351,344,-1,344,351,352,-1,344,352,345,-1,345,352,292,-1,345,292,346,-1,346,292,294,-1,346,294,347,-1,80,307,310,-1,310,307,353,-1,310,353,348,-1,348,353,354,-1,348,354,349,-1,349,354,355,-1,349,355,350,-1,350,355,356,-1,350,356,351,-1,351,356,357,-1,351,357,352,-1,352,357,295,-1,352,295,292,-1,292,295,297,-1,292,297,293,-1,84,305,307,-1,307,305,306,-1,307,306,353,-1,353,306,304,-1,353,304,354,-1,354,304,303,-1,354,303,355,-1,355,303,301,-1,355,301,356,-1,356,301,302,-1,356,302,357,-1,357,302,298,-1,357,298,295,-1,295,298,300,-1,295,300,296,-1,149,335,124,-1,124,335,334,-1,290,112,291,-1,291,112,114,-1,114,125,291,-1,291,125,122,-1,291,122,334,-1,334,122,123,-1,334,123,124,-1,347,99,290,-1,290,99,110,-1,290,110,112,-1,1,90,293,-1,293,90,94,-1,293,94,294,-1,294,94,141,-1,294,141,347,-1,347,141,100,-1,347,100,99,-1,1,293,2,-1,2,293,297,-1,2,297,19,-1,19,297,16,-1,16,297,296,-1,16,296,15,-1,15,296,14,-1,14,296,300,-1,14,300,18,-1,18,300,299,-1,18,299,193,-1,358,149,359,-1,359,149,150,-1,150,151,359,-1,359,151,152,-1,359,152,360,-1,152,153,360,-1,360,153,154,-1,360,154,361,-1,154,155,361,-1,361,155,156,-1,361,156,362,-1,362,156,157,-1,157,158,362,-1,362,158,159,-1,362,159,363,-1,363,159,89,-1,363,89,364,-1,364,89,132,-1,364,132,365,-1,132,136,365,-1,365,136,131,-1,365,131,366,-1,366,131,130,-1,366,130,189,-1,186,185,367,-1,367,185,368,-1,367,368,369,-1,369,368,370,-1,369,370,371,-1,371,370,372,-1,371,372,373,-1,373,372,374,-1,373,374,375,-1,375,374,376,-1,172,163,184,-1,184,163,377,-1,184,377,185,-1,185,377,378,-1,185,378,368,-1,368,378,379,-1,164,177,162,-1,162,177,380,-1,162,380,160,-1,160,380,381,-1,160,381,168,-1,168,381,382,-1,168,382,169,-1,169,382,383,-1,169,383,170,-1,170,383,384,-1,170,384,161,-1,161,384,163,-1,163,384,385,-1,163,385,377,-1,377,385,386,-1,377,386,378,-1,387,388,389,-1,389,388,386,-1,389,386,390,-1,367,391,186,-1,186,391,358,-1,358,359,186,-1,186,359,360,-1,186,360,178,-1,178,360,361,-1,178,361,179,-1,179,361,362,-1,179,362,180,-1,191,392,381,-1,381,392,382,-1,382,392,393,-1,382,393,383,-1,183,182,189,-1,393,394,383,-1,383,394,395,-1,383,395,384,-1,384,395,396,-1,384,396,385,-1,385,396,397,-1,385,397,386,-1,386,397,398,-1,386,398,390,-1,362,363,180,-1,180,363,364,-1,180,364,181,-1,181,364,365,-1,181,365,182,-1,182,365,366,-1,182,366,189,-1,381,380,191,-1,191,380,177,-1,191,177,189,-1,189,177,176,-1,189,176,183,-1,191,190,392,-1,392,190,199,-1,392,199,393,-1,393,199,198,-1,393,198,394,-1,394,198,258,-1,394,258,395,-1,395,258,256,-1,395,256,396,-1,396,256,254,-1,254,253,396,-1,396,253,251,-1,396,251,397,-1,251,212,397,-1,397,212,211,-1,397,211,398,-1,229,390,215,-1,215,390,398,-1,215,398,217,-1,217,398,211,-1,224,389,225,-1,225,389,390,-1,225,390,226,-1,226,390,229,-1,47,194,46,-1,46,194,399,-1,46,399,44,-1,44,399,400,-1,44,400,43,-1,43,400,42,-1,42,400,41,-1,41,400,401,-1,41,401,40,-1,245,244,402,-1,402,244,208,-1,402,208,401,-1,401,208,210,-1,401,210,40,-1,245,402,202,-1,202,402,403,-1,202,403,203,-1,404,232,231,-1,231,230,404,-1,404,230,196,-1,404,196,403,-1,403,196,195,-1,403,195,203,-1,232,404,223,-1,223,404,405,-1,223,405,224,-1,55,53,406,-1,405,404,407,-1,194,261,399,-1,399,261,408,-1,405,407,409,-1,409,407,410,-1,409,410,411,-1,411,410,412,-1,411,412,413,-1,413,412,414,-1,413,414,415,-1,415,414,416,-1,415,416,417,-1,417,416,418,-1,417,418,419,-1,419,418,420,-1,419,420,421,-1,421,420,422,-1,421,422,423,-1,424,425,420,-1,425,426,420,-1,420,426,427,-1,420,427,422,-1,428,429,430,-1,429,431,430,-1,430,431,432,-1,430,432,424,-1,433,434,435,-1,434,436,435,-1,435,436,437,-1,435,437,428,-1,53,52,438,-1,438,52,439,-1,438,439,433,-1,440,57,55,-1,281,66,58,-1,277,279,441,-1,441,279,281,-1,441,281,440,-1,440,281,58,-1,440,58,57,-1,277,441,275,-1,275,441,442,-1,275,442,273,-1,273,442,443,-1,273,443,271,-1,271,443,269,-1,269,443,444,-1,269,444,267,-1,267,444,445,-1,267,445,265,-1,408,261,445,-1,445,261,263,-1,445,263,265,-1,55,406,440,-1,440,406,446,-1,440,446,441,-1,441,446,447,-1,441,447,442,-1,442,447,448,-1,442,448,443,-1,443,448,449,-1,443,449,444,-1,444,449,450,-1,444,450,445,-1,445,450,451,-1,445,451,408,-1,408,451,400,-1,408,400,399,-1,53,438,406,-1,406,438,452,-1,406,452,446,-1,446,452,453,-1,446,453,447,-1,447,453,454,-1,447,454,448,-1,448,454,455,-1,448,455,449,-1,449,455,456,-1,449,456,450,-1,450,456,457,-1,450,457,451,-1,451,457,401,-1,451,401,400,-1,433,435,438,-1,438,435,458,-1,438,458,452,-1,452,458,459,-1,452,459,453,-1,453,459,460,-1,453,460,454,-1,454,460,461,-1,454,461,455,-1,455,461,462,-1,455,462,456,-1,456,462,463,-1,456,463,457,-1,457,463,402,-1,457,402,401,-1,428,430,435,-1,435,430,464,-1,435,464,458,-1,458,464,465,-1,458,465,459,-1,459,465,466,-1,459,466,460,-1,460,466,467,-1,460,467,461,-1,461,467,468,-1,461,468,462,-1,462,468,469,-1,462,469,463,-1,463,469,403,-1,463,403,402,-1,424,420,430,-1,430,420,418,-1,430,418,464,-1,464,418,416,-1,464,416,465,-1,465,416,414,-1,465,414,466,-1,466,414,412,-1,466,412,467,-1,467,412,410,-1,467,410,468,-1,468,410,407,-1,468,407,469,-1,469,407,404,-1,469,404,403,-1,470,471,472,-1,473,474,475,-1,476,433,439,-1,473,475,65,-1,477,478,479,-1,480,481,482,-1,482,481,483,-1,477,479,472,-1,472,479,484,-1,472,484,470,-1,485,486,482,-1,482,486,487,-1,482,487,480,-1,56,69,488,-1,488,69,68,-1,488,68,489,-1,485,489,486,-1,486,489,490,-1,486,490,475,-1,475,490,63,-1,475,63,65,-1,68,67,489,-1,489,67,59,-1,489,59,490,-1,490,59,61,-1,490,61,63,-1,491,431,429,-1,491,429,492,-1,429,428,492,-1,492,428,437,-1,492,437,493,-1,493,437,436,-1,493,436,434,-1,423,422,494,-1,494,422,495,-1,494,495,496,-1,496,495,497,-1,496,497,498,-1,498,497,499,-1,498,499,500,-1,427,426,501,-1,501,426,425,-1,501,425,424,-1,431,491,432,-1,432,491,502,-1,432,502,424,-1,424,502,503,-1,424,503,501,-1,422,427,495,-1,495,427,501,-1,495,501,497,-1,497,501,503,-1,497,503,499,-1,499,503,504,-1,499,504,500,-1,500,504,505,-1,506,507,508,-1,508,507,509,-1,508,509,510,-1,510,509,511,-1,510,511,512,-1,512,511,513,-1,512,513,514,-1,514,513,515,-1,514,515,516,-1,516,515,517,-1,516,517,518,-1,518,517,519,-1,518,519,520,-1,520,519,476,-1,520,476,51,-1,51,476,439,-1,51,439,52,-1,507,505,509,-1,509,505,504,-1,509,504,511,-1,511,504,503,-1,511,503,513,-1,513,503,502,-1,513,502,515,-1,515,502,491,-1,515,491,517,-1,517,491,492,-1,517,492,519,-1,519,492,493,-1,519,493,476,-1,476,493,434,-1,476,434,433,-1,474,521,475,-1,475,521,522,-1,475,522,486,-1,486,522,523,-1,486,523,487,-1,487,523,524,-1,487,524,480,-1,54,56,525,-1,525,56,488,-1,525,488,526,-1,526,488,489,-1,526,489,527,-1,527,489,485,-1,527,485,471,-1,471,485,482,-1,471,482,472,-1,472,482,483,-1,472,483,477,-1,51,54,520,-1,520,54,525,-1,520,525,518,-1,518,525,526,-1,518,526,516,-1,516,526,527,-1,516,527,514,-1,514,527,471,-1,514,471,512,-1,512,471,470,-1,512,470,510,-1,510,470,484,-1,510,484,508,-1,508,484,479,-1,508,479,506,-1,506,479,478,-1,60,66,71,-1,71,70,60,-1,60,70,78,-1,60,78,62,-1,62,78,75,-1,62,75,64,-1,64,75,74,-1,64,74,65,-1,528,529,530,-1,530,529,531,-1,532,533,308,-1,308,533,309,-1,309,533,81,-1,309,81,80,-1,534,535,536,-1,536,535,537,-1,536,537,538,-1,538,537,539,-1,538,539,540,-1,541,542,543,-1,543,542,544,-1,543,544,545,-1,541,543,546,-1,546,543,545,-1,546,545,547,-1,544,528,545,-1,545,528,530,-1,545,530,547,-1,547,530,531,-1,547,531,548,-1,318,317,549,-1,318,549,313,-1,313,549,550,-1,313,550,314,-1,317,284,541,-1,541,284,283,-1,541,283,542,-1,542,283,320,-1,542,320,321,-1,83,86,551,-1,551,86,552,-1,551,552,553,-1,553,552,554,-1,553,554,555,-1,555,554,556,-1,555,556,557,-1,557,556,558,-1,557,558,559,-1,316,560,286,-1,286,560,561,-1,560,562,561,-1,561,562,563,-1,561,563,532,-1,563,564,532,-1,532,564,565,-1,532,565,533,-1,533,565,85,-1,533,85,81,-1,308,312,532,-1,532,312,311,-1,532,311,561,-1,561,311,287,-1,561,287,286,-1,86,85,552,-1,552,85,565,-1,552,565,554,-1,554,565,564,-1,554,564,556,-1,556,564,563,-1,556,563,558,-1,558,563,562,-1,566,567,568,-1,568,569,566,-1,566,569,570,-1,566,570,571,-1,571,570,572,-1,571,572,573,-1,574,575,576,-1,576,575,577,-1,576,577,578,-1,578,577,579,-1,529,534,531,-1,531,534,536,-1,531,536,548,-1,548,536,538,-1,548,538,580,-1,580,538,540,-1,580,540,581,-1,540,579,581,-1,581,579,577,-1,581,577,582,-1,582,577,575,-1,583,584,571,-1,571,584,585,-1,571,585,566,-1,566,585,586,-1,566,586,567,-1,559,558,587,-1,587,558,562,-1,587,562,588,-1,588,562,560,-1,588,560,550,-1,550,560,316,-1,550,316,314,-1,573,74,571,-1,571,74,73,-1,571,73,583,-1,583,73,76,-1,574,586,575,-1,575,586,585,-1,575,585,582,-1,582,585,584,-1,582,584,589,-1,589,584,583,-1,589,583,590,-1,590,583,76,-1,590,76,77,-1,317,541,549,-1,549,541,546,-1,549,546,550,-1,550,546,547,-1,550,547,588,-1,588,547,548,-1,588,548,587,-1,587,548,580,-1,587,580,559,-1,559,580,581,-1,559,581,557,-1,557,581,582,-1,557,582,555,-1,555,582,589,-1,555,589,553,-1,553,589,590,-1,553,590,551,-1,551,590,77,-1,551,77,83,-1,368,379,370,-1,370,379,591,-1,370,591,372,-1,372,591,592,-1,372,592,374,-1,374,592,593,-1,594,595,596,-1,596,595,597,-1,596,597,593,-1,593,597,598,-1,593,598,374,-1,149,358,335,-1,335,358,391,-1,599,327,600,-1,600,327,329,-1,600,329,601,-1,601,329,331,-1,601,331,391,-1,391,331,333,-1,391,333,335,-1,602,321,603,-1,603,321,319,-1,603,319,604,-1,604,319,323,-1,604,323,599,-1,599,323,325,-1,599,325,327,-1,605,603,606,-1,606,603,607,-1,607,603,376,-1,376,603,604,-1,376,604,375,-1,375,604,599,-1,375,599,373,-1,373,599,600,-1,373,600,371,-1,371,600,601,-1,371,601,369,-1,369,601,391,-1,369,391,367,-1,607,597,595,-1,597,607,598,-1,598,607,376,-1,598,376,374,-1,608,609,610,-1,610,609,611,-1,610,611,612,-1,612,611,613,-1,612,613,614,-1,614,613,615,-1,614,615,616,-1,616,615,617,-1,616,617,594,-1,594,617,605,-1,594,605,595,-1,595,605,606,-1,595,606,607,-1,618,619,620,-1,620,619,621,-1,618,620,622,-1,618,622,623,-1,623,622,624,-1,623,624,625,-1,625,624,626,-1,625,626,627,-1,627,626,628,-1,627,628,629,-1,629,628,630,-1,629,630,631,-1,631,630,632,-1,631,632,633,-1,633,632,634,-1,633,634,635,-1,635,634,636,-1,636,634,596,-1,636,596,637,-1,637,596,593,-1,637,593,638,-1,638,593,592,-1,638,592,639,-1,639,592,591,-1,378,386,379,-1,379,386,388,-1,379,388,591,-1,591,388,640,-1,591,640,639,-1,641,636,637,-1,641,637,642,-1,642,637,638,-1,642,638,643,-1,643,638,639,-1,643,639,644,-1,644,639,640,-1,644,640,645,-1,645,640,388,-1,645,388,387,-1,387,389,224,-1,423,646,421,-1,421,646,641,-1,421,641,419,-1,419,641,642,-1,419,642,417,-1,417,642,643,-1,224,405,387,-1,387,405,409,-1,387,409,645,-1,645,409,411,-1,645,411,644,-1,644,411,413,-1,644,413,643,-1,643,413,415,-1,643,415,417,-1,646,423,647,-1,647,423,494,-1,494,496,647,-1,647,496,498,-1,647,498,648,-1,498,500,648,-1,648,500,505,-1,648,505,649,-1,505,507,649,-1,649,507,506,-1,649,506,650,-1,650,506,478,-1,650,478,477,-1,477,483,650,-1,650,483,481,-1,650,481,651,-1,651,481,480,-1,651,480,652,-1,652,480,524,-1,652,524,653,-1,524,523,653,-1,653,523,522,-1,653,522,654,-1,654,522,521,-1,654,521,655,-1,521,573,655,-1,655,573,572,-1,655,572,570,-1,65,74,473,-1,473,74,573,-1,473,573,474,-1,474,573,521,-1,570,569,655,-1,655,569,568,-1,655,568,656,-1,656,568,657,-1,657,568,567,-1,657,567,658,-1,658,567,586,-1,658,586,659,-1,659,586,574,-1,659,574,660,-1,660,574,576,-1,660,576,661,-1,661,576,578,-1,661,578,579,-1,579,540,661,-1,661,540,539,-1,661,539,662,-1,539,537,662,-1,662,537,535,-1,662,535,663,-1,528,664,529,-1,529,664,663,-1,529,663,534,-1,534,663,535,-1,321,602,542,-1,542,602,664,-1,542,664,544,-1,544,664,528,-1,665,609,666,-1,666,609,608,-1,621,619,667,-1,667,619,668,-1,667,668,669,-1,669,668,670,-1,669,670,671,-1,671,670,672,-1,671,672,673,-1,673,672,674,-1,673,674,675,-1,675,674,676,-1,675,676,677,-1,677,676,678,-1,677,678,679,-1,679,678,680,-1,679,680,681,-1,681,680,682,-1,681,682,683,-1,683,682,684,-1,666,608,669,-1,669,608,610,-1,669,610,667,-1,667,610,612,-1,667,612,621,-1,621,612,614,-1,621,614,620,-1,671,673,685,-1,626,624,614,-1,614,624,622,-1,614,622,620,-1,594,596,616,-1,616,596,634,-1,666,669,686,-1,686,669,671,-1,686,671,687,-1,634,632,616,-1,616,632,630,-1,616,630,614,-1,614,630,628,-1,614,628,626,-1,685,688,671,-1,671,688,689,-1,671,689,690,-1,690,691,671,-1,671,691,692,-1,671,692,687,-1,693,694,695,-1,695,694,696,-1,677,685,675,-1,675,685,673,-1,677,679,685,-1,685,679,681,-1,685,681,695,-1,695,681,683,-1,695,683,693,-1,696,694,697,-1,697,694,698,-1,697,698,699,-1,699,698,700,-1,699,700,701,-1,701,700,702,-1,618,623,615,-1,617,615,663,-1,611,670,613,-1,613,670,668,-1,613,668,615,-1,615,668,619,-1,615,619,618,-1,636,641,646,-1,663,615,662,-1,703,704,672,-1,672,704,705,-1,672,705,706,-1,707,674,708,-1,708,674,672,-1,708,672,709,-1,709,672,706,-1,611,609,670,-1,670,609,665,-1,670,665,672,-1,672,665,710,-1,672,710,703,-1,646,647,636,-1,636,647,648,-1,636,648,635,-1,635,648,649,-1,635,649,650,-1,656,657,623,-1,623,657,658,-1,603,605,602,-1,602,605,617,-1,602,617,664,-1,664,617,663,-1,658,659,623,-1,623,659,660,-1,623,660,615,-1,615,660,661,-1,615,661,662,-1,653,654,629,-1,656,623,655,-1,655,623,625,-1,655,625,654,-1,654,625,627,-1,654,627,629,-1,650,651,635,-1,635,651,652,-1,635,652,633,-1,633,652,653,-1,633,653,631,-1,631,653,629,-1,665,666,686,-1,665,686,710,-1,710,686,687,-1,710,687,703,-1,703,687,692,-1,703,692,704,-1,704,692,691,-1,704,691,705,-1,705,691,690,-1,705,690,706,-1,706,690,689,-1,706,689,709,-1,709,689,688,-1,709,688,708,-1,700,698,711,-1,711,698,712,-1,712,698,713,-1,713,698,694,-1,713,694,714,-1,714,694,693,-1,714,693,684,-1,684,693,683,-1,714,684,707,-1,707,684,682,-1,707,682,680,-1,680,678,707,-1,707,678,676,-1,707,676,674,-1,707,715,714,-1,714,715,716,-1,714,716,713,-1,708,688,707,-1,707,688,685,-1,707,685,715,-1,715,685,695,-1,715,695,716,-1,716,695,696,-1,716,696,717,-1,717,696,697,-1,711,718,700,-1,700,718,702,-1,701,702,719,-1,719,702,720,-1,719,720,721,-1,722,718,723,-1,723,718,711,-1,723,711,717,-1,717,711,712,-1,717,712,716,-1,716,712,713,-1,697,699,717,-1,717,699,723,-1,702,718,720,-1,720,718,724,-1,720,724,721,-1,725,726,727,-1,727,726,719,-1,727,719,721,-1,728,719,729,-1,729,719,726,-1,729,726,730,-1,730,726,731,-1,722,732,718,-1,718,732,724,-1,723,699,722,-1,722,699,701,-1,722,701,732,-1,732,701,719,-1,732,719,733,-1,733,719,728,-1,729,734,728,-1,728,734,733,-1,734,729,735,-1,735,729,730,-1,726,736,731,-1,731,736,737,-1,725,738,726,-1,726,738,736,-1,727,739,725,-1,725,739,738,-1,721,724,727,-1,727,724,739,-1,736,738,739,-1,732,733,734,-1,735,737,734,-1,734,737,736,-1,734,736,732,-1,732,736,739,-1,732,739,724,-1,
        ]
    }
}
Shape{
    appearance Appearance {
        material  Material 	{
            diffuseColor 0.25098039215686274 0.25098039215686274 0.25098039215686274
            specularColor 0.12549019607843137 0.12549019607843137 0.12549019607843137
            ambientIntensity 0.2
            transparency 0
            shininess 0.5
        }
    }
    geometry IndexedFaceSet {
        ccw TRUE
        solid FALSE
        coord DEF co Coordinate {
            point [
                -7.2976 0.766 -0.4815, -7.2976 0.766 -0.4224, -7.4157 0.766 -0.4815, -7.4157 0.766 -0.4224, -7.4157 0.766 -0.4224
            ]
        }
        coordIndex [
            0,1,2,-1,2,1,3,-1,
        ]
    }
}
Shape{
    appearance Appearance {
        material  Material 	{
            diffuseColor 1.0 1.0 0.0
            specularColor 0.5019607843137255 0.5019607843137255 0.0
            ambientIntensity 0.2
            transparency 0
            shininess 0.5
        }
    }
    geometry IndexedFaceSet {
        ccw TRUE
        solid FALSE
        coord DEF co Coordinate {
            point [
                -7.1805 2.1164 -0.137, -7.1805 2.1259 -0.1415, -7.2198 2.1164 -0.137, -7.2198 2.1259 -0.1415, -7.2395 2.1119 -0.1567, -7.2395 2.108 -0.1548, -7.2391 2.1098 -0.151, -7.2391 2.1149 -0.1534, -7.2376 2.1116 -0.1472, -7.2376 2.1179 -0.1502, -7.2353 2.1132 -0.1438, -7.2353 2.1206 -0.1473, -7.2322 2.1146 -0.1409, -7.2322 2.1228 -0.1448, -7.2284 2.1156 -0.1388, -7.2284 2.1245 -0.143, -7.2242 2.1162 -0.1375, -7.2242 2.1255 -0.1419, -7.2198 2.1435 -0.1716, -7.222 2.1433 -0.1716, -7.2242 2.1427 -0.1713, -7.2264 2.1417 -0.1708, -7.2386 2.1185 -0.1598, -7.2376 2.1254 -0.1631, -7.2353 2.1315 -0.1659, -7.2322 2.1365 -0.1683, -7.2284 2.1403 -0.1701, -7.1805 2.1435 -0.1716, -7.1782 2.1433 -0.1716, -7.1761 2.1255 -0.1419, -7.1608 2.1119 -0.1567, -7.1617 2.1185 -0.1598, -7.1612 2.1149 -0.1534, -7.1627 2.1254 -0.1631, -7.1627 2.1179 -0.1502, -7.165 2.1315 -0.1659, -7.165 2.1206 -0.1473, -7.1681 2.1365 -0.1683, -7.1681 2.1228 -0.1448, -7.1719 2.1403 -0.1701, -7.1719 2.1245 -0.143, -7.1739 2.1417 -0.1708, -7.1761 2.1427 -0.1713, -7.1612 2.1098 -0.151, -7.1608 2.108 -0.1548, -7.1627 2.1116 -0.1472, -7.165 2.1132 -0.1438, -7.1681 2.1146 -0.1409, -7.1719 2.1156 -0.1388, -7.1761 2.1162 -0.1375, -7.1772 2.171 -0.2207, -7.1371 2.1326 -0.2272, -7.1837 2.1723 -0.2205, -7.1346 2.1254 -0.2284, -7.1903 2.1728 -0.2204, -7.2468 2.1573 -0.2231, -7.2356 2.1658 -0.2216, -7.2231 2.171 -0.2207, -7.1647 2.1658 -0.2216, -7.1535 2.1573 -0.2231, -7.1441 2.146 -0.225, -7.21 2.1728 -0.2204, -7.2657 2.1254 -0.2284, -7.2166 2.1723 -0.2205, -7.2632 2.1326 -0.2272, -7.2562 2.146 -0.225, -7.1903 2.1863 -0.192, -7.21 2.1863 -0.192, -7.2198 1.9205 -0.1526, -7.1805 1.9205 -0.1526, -7.2198 1.9416 -0.14, -7.1805 1.9418 -0.1399, -7.2198 1.9505 -0.1361, -7.1805 1.9505 -0.1361, -7.2198 1.9653 -0.1296, -7.1805 1.9656 -0.1295, -7.2198 1.9827 -0.1246, -7.1805 1.9827 -0.1246, -7.2198 1.9902 -0.1225, -7.1805 1.9907 -0.1224, -7.2198 2.0158 -0.1187, -7.1805 2.0164 -0.1186, -7.1805 2.0934 -0.1278, -7.2198 2.0924 -0.1275, -7.1805 2.0842 -0.1255, -7.2198 2.0842 -0.1254, -7.1805 2.0682 -0.1214, -7.2198 2.0673 -0.1212, -7.1805 2.0506 -0.1192, -7.2198 2.0506 -0.1193, -7.1805 2.0424 -0.1183, -7.2198 2.0416 -0.1182, -7.2198 2.0164 -0.1186, -7.2242 1.9655 -0.1301, -7.2242 2.0416 -0.1187, -7.2242 2.0672 -0.1217, -7.2395 2.0178 -0.1383, -7.2395 2.0174 -0.1383, -7.2391 2.017 -0.1341, -7.2395 1.9347 -0.1658, -7.239 1.9321 -0.1634, -7.2391 1.9487 -0.1537, -7.2242 1.9419 -0.1404, -7.2262 1.9213 -0.1533, -7.2244 1.9209 -0.153, -7.2242 1.9209 -0.153, -7.2284 1.9221 -0.1541, -7.2284 1.9425 -0.1417, -7.2304 1.9228 -0.1547, -7.2322 1.9436 -0.1438, -7.2319 1.9236 -0.1555, -7.2353 1.9451 -0.1466, -7.2352 1.9261 -0.1578, -7.2321 1.9238 -0.1557, -7.2384 1.9304 -0.1618, -7.2375 1.929 -0.1605, -7.2376 1.9468 -0.15, -7.2363 1.9272 -0.1588, -7.2353 1.9262 -0.1578, -7.2389 1.9317 -0.163, -7.2395 1.9353 -0.1664, -7.2395 1.9507 -0.1574, -7.2395 1.9584 -0.1541, -7.2395 1.972 -0.1481, -7.2395 2.0407 -0.1379, -7.2395 2.0638 -0.1405, -7.2395 2.0486 -0.1388, -7.2391 2.0409 -0.1337, -7.2395 2.0864 -0.1462, -7.2395 2.079 -0.1444, -7.2391 2.0877 -0.1422, -7.2391 2.0645 -0.1364, -7.2376 2.0889 -0.1382, -7.2376 2.0653 -0.1323, -7.2353 2.0901 -0.1346, -7.2353 2.066 -0.1286, -7.2322 2.0911 -0.1316, -7.2322 2.0665 -0.1255, -7.2284 2.0918 -0.1294, -7.2284 2.067 -0.1231, -7.2242 2.0922 -0.128, -7.2395 1.9944 -0.1417, -7.2395 1.9874 -0.1437, -7.2391 1.9935 -0.1376, -7.2391 1.9706 -0.1442, -7.2376 1.9926 -0.1335, -7.2376 1.9692 -0.1402, -7.2353 1.9918 -0.1298, -7.2353 1.9679 -0.1367, -7.2322 1.9911 -0.1267, -7.2322 1.9668 -0.1337, -7.2284 1.9906 -0.1244, -7.2284 1.966 -0.1315, -7.2242 1.9903 -0.123, -7.2284 2.0415 -0.1202, -7.2322 2.0414 -0.1226, -7.2353 2.0413 -0.1257, -7.2376 2.0411 -0.1295, -7.2242 2.0158 -0.1192, -7.2284 2.0159 -0.1206, -7.2322 2.0161 -0.123, -7.2353 2.0164 -0.1261, -7.2376 2.0167 -0.1299, -7.1608 1.9874 -0.1437, -7.1608 1.9948 -0.1416, -7.1612 1.9939 -0.1375, -7.1761 2.0933 -0.1283, -7.1608 2.0873 -0.1465, -7.1612 2.0886 -0.1425, -7.1608 2.079 -0.1444, -7.1608 2.0646 -0.1407, -7.1612 2.0654 -0.1365, -7.1608 2.0486 -0.1388, -7.1612 2.0416 -0.1337, -7.1608 2.0414 -0.1379, -7.1612 2.0176 -0.134, -7.1608 2.018 -0.1382, -7.1608 2.0178 -0.1383, -7.1616 1.9312 -0.1625, -7.1614 1.9321 -0.1634, -7.1612 1.9489 -0.1536, -7.1608 1.9347 -0.1658, -7.1608 1.9723 -0.148, -7.1612 1.9708 -0.1441, -7.1608 1.9584 -0.1541, -7.1608 1.9508 -0.1574, -7.1608 1.9353 -0.1664, -7.1645 1.9267 -0.1583, -7.1628 1.929 -0.1605, -7.1627 1.9469 -0.1499, -7.1622 1.9298 -0.1612, -7.1658 1.9254 -0.1572, -7.165 1.9262 -0.1578, -7.165 1.9452 -0.1465, -7.1693 1.9231 -0.155, -7.1682 1.9238 -0.1557, -7.1681 1.9438 -0.1437, -7.1754 1.921 -0.1531, -7.1719 1.9221 -0.154, -7.1719 1.9427 -0.1416, -7.1711 1.9223 -0.1542, -7.1761 1.942 -0.1403, -7.1761 1.9209 -0.153, -7.1774 1.9207 -0.1528, -7.1761 2.0681 -0.1218, -7.1761 2.0424 -0.1188, -7.1761 2.0164 -0.1191, -7.1761 1.9908 -0.1229, -7.1761 1.9658 -0.13, -7.1719 1.9663 -0.1314, -7.1719 1.9911 -0.1243, -7.1719 2.0165 -0.1206, -7.1719 2.0423 -0.1202, -7.1719 2.0679 -0.1233, -7.1719 2.0928 -0.1297, -7.1681 1.9671 -0.1336, -7.1681 1.9916 -0.1266, -7.1681 2.0167 -0.1229, -7.1681 2.0422 -0.1226, -7.1681 2.0674 -0.1256, -7.1681 2.0921 -0.1319, -7.165 1.9682 -0.1366, -7.165 1.9922 -0.1297, -7.165 2.017 -0.1261, -7.165 2.042 -0.1257, -7.165 2.0669 -0.1287, -7.165 2.0911 -0.1349, -7.1627 1.9694 -0.1401, -7.1627 1.993 -0.1334, -7.1627 2.0173 -0.1298, -7.1627 2.0418 -0.1295, -7.1627 2.0662 -0.1324, -7.1627 2.0899 -0.1385, -7.2676 2.1448 -0.1723, -7.2632 2.1561 -0.1776, -7.2562 2.1662 -0.1824, -7.2468 2.1747 -0.1865, -7.2356 2.181 -0.1895, -7.2231 2.185 -0.1913, -7.2676 2.1195 -0.2256, -7.269 2.1076 -0.22, -7.269 2.133 -0.1667, -7.1313 2.133 -0.1667, -7.1313 2.108 -0.1548, -7.1647 2.181 -0.1895, -7.1772 2.185 -0.1913, -7.1535 2.1747 -0.1865, -7.1441 2.1662 -0.1824, -7.1371 2.1561 -0.1776, -7.1327 2.1448 -0.1723, -7.269 2.108 -0.1548, -7.1313 2.1076 -0.22, -7.1313 2.0827 -0.2081, -7.269 2.0827 -0.2081, -7.1327 2.1195 -0.2256, -7.2198 1.8978 -0.1922, -7.1805 1.8978 -0.1922, -7.2394 1.9314 -0.169, -7.239 1.9321 -0.1634, -7.2388 1.9274 -0.1717, -7.2376 1.9193 -0.1774, -7.2353 1.9121 -0.1823, -7.2375 1.929 -0.1605, -7.2322 1.9061 -0.1865, -7.2284 1.9016 -0.1896, -7.2264 1.9 -0.1907, -7.2242 1.8988 -0.1915, -7.222 1.8981 -0.192, -7.269 2.0791 -0.144, -7.269 2.0487 -0.1385, -7.269 2.0178 -0.1382, -7.269 1.9873 -0.1434, -7.269 1.9583 -0.1538, -7.269 1.9314 -0.169, -7.1313 1.9583 -0.1538, -7.1313 1.9314 -0.169, -7.1609 1.9314 -0.169, -7.1313 1.9873 -0.1434, -7.1313 2.0178 -0.1382, -7.1313 2.0487 -0.1385, -7.1313 2.0791 -0.144, -7.1614 1.9321 -0.1634, -7.1627 1.9193 -0.1774, -7.1615 1.9274 -0.1717, -7.1628 1.929 -0.1605, -7.165 1.9121 -0.1823, -7.1681 1.9061 -0.1865, -7.1719 1.9016 -0.1896, -7.1782 1.8981 -0.192, -7.1761 1.8988 -0.1915, -7.1739 1.9 -0.1907, -7.269 2.0594 -0.1999, -7.269 2.0349 -0.1968, -7.269 2.0103 -0.1987, -7.269 1.9371 -0.2368, -7.269 1.9035 -0.1882, -7.269 1.9649 -0.2176, -7.269 1.9866 -0.2058, -7.1313 1.9649 -0.2176, -7.1313 1.9866 -0.2058, -7.1313 2.0103 -0.1987, -7.1313 2.0349 -0.1968, -7.1313 2.0594 -0.1999, -7.1313 1.8719 -0.2818, -7.1313 1.8384 -0.2332, -7.2392 1.8108 -0.324, -7.2392 1.7772 -0.2754, -7.1092 1.7772 -0.2754, -7.1092 1.8108 -0.324, -7.2349 1.7605 -0.2859, -7.2353 1.7917 -0.3361, -7.2344 1.7583 -0.287, -7.2344 1.7871 -0.3385, -7.2327 1.7517 -0.2905, -7.2327 1.7789 -0.3429, -7.2305 1.7428 -0.2951, -7.2314 1.7722 -0.3465, -7.2295 1.7384 -0.2969, -7.2295 1.7622 -0.3509, -7.2262 1.7247 -0.3026, -7.2275 1.7518 -0.3554, -7.2262 1.7245 -0.3027, -7.2262 1.745 -0.3579, -7.2246 1.7176 -0.3049, -7.2246 1.7363 -0.3609, -7.2219 1.7056 -0.3087, -7.2236 1.7309 -0.3628, -7.2197 1.6962 -0.3111, -7.2197 1.7095 -0.3686, -7.0993 1.7517 -0.2905, -7.1018 1.7583 -0.287, -7.1026 1.7605 -0.2859, -7.0959 1.7428 -0.2951, -7.0943 1.7384 -0.2969, -7.0794 1.6962 -0.3111, -7.0827 1.7056 -0.3087, -7.0869 1.7176 -0.3049, -7.2262 1.7245 -0.3027, -7.0893 1.7245 -0.3027, -7.0894 1.7247 -0.3026, -7.0913 1.7518 -0.3554, -7.0894 1.745 -0.3579, -7.0869 1.7363 -0.3609, -7.0854 1.7309 -0.3628, -7.0794 1.7095 -0.3686, -7.0993 1.7789 -0.3429, -7.0972 1.7722 -0.3465, -7.0943 1.7622 -0.3509, -7.1032 1.7917 -0.3361, -7.2353 1.7917 -0.3361, -7.1018 1.7871 -0.3385, -7.1032 1.7917 -0.3361, -7.15 1.3465 -0.3918, -7.15 1.3597 -0.4494, -7.15 1.227 -0.4194, -6.9728 1.227 -0.4194, -6.9728 1.3465 -0.3918, -7.1401 0.9057 -0.4815, -7.15 0.9057 -0.4815, -7.15 1.2005 -0.4815, -6.9728 1.2005 -0.4815, -6.9728 0.9057 -0.4815, -7.022 0.9057 -0.4815, -7.022 0.766 -0.4815, -7.1401 0.766 -0.4815, -7.15 1.2403 -0.4769, -6.9728 1.2403 -0.4769, -6.9728 1.2205 -0.4803, -7.15 1.2205 -0.4803, -6.9728 1.3597 -0.4494, -7.15 1.2005 -0.4224, -6.9728 1.2005 -0.4224, -7.15 0.9057 -0.4224, -7.1401 0.9057 -0.4224, -7.1401 0.766 -0.4224, -7.022 0.9057 -0.4224, -7.022 0.766 -0.4224, -6.9728 0.9057 -0.4224, -6.9728 0.9057 -0.4224
            ]
        }
        coordIndex [
            0,1,2,-1,2,1,3,-1,4,5,6,-1,4,6,7,-1,7,6,8,-1,7,8,9,-1,9,8,10,-1,9,10,11,-1,11,10,12,-1,11,12,13,-1,13,12,14,-1,13,14,15,-1,15,14,16,-1,15,16,17,-1,17,16,2,-1,17,2,3,-1,3,18,19,-1,3,19,17,-1,19,20,17,-1,17,20,21,-1,17,21,15,-1,4,7,22,-1,22,7,9,-1,22,9,23,-1,23,9,11,-1,23,11,24,-1,24,11,13,-1,24,13,25,-1,25,13,15,-1,25,15,26,-1,26,15,21,-1,18,3,27,-1,27,3,1,-1,27,1,28,-1,28,1,29,-1,30,31,32,-1,32,31,33,-1,32,33,34,-1,34,33,35,-1,34,35,36,-1,36,35,37,-1,36,37,38,-1,38,37,39,-1,38,39,40,-1,40,39,41,-1,40,41,29,-1,29,41,42,-1,29,42,28,-1,43,44,30,-1,30,32,43,-1,43,32,34,-1,43,34,45,-1,45,34,36,-1,45,36,46,-1,46,36,38,-1,46,38,47,-1,47,38,40,-1,47,40,48,-1,48,40,29,-1,48,29,49,-1,49,29,1,-1,49,1,0,-1,50,51,52,-1,52,51,53,-1,52,53,54,-1,55,56,57,-1,58,59,50,-1,50,59,60,-1,50,60,51,-1,54,53,61,-1,61,53,62,-1,61,62,63,-1,63,62,64,-1,63,64,57,-1,57,64,65,-1,57,65,55,-1,54,61,66,-1,66,61,67,-1,68,69,70,-1,70,69,71,-1,70,71,72,-1,72,71,73,-1,72,73,74,-1,74,73,75,-1,74,75,76,-1,76,75,77,-1,76,77,78,-1,78,77,79,-1,78,79,80,-1,80,79,81,-1,0,2,82,-1,82,2,83,-1,82,83,84,-1,84,83,85,-1,84,85,86,-1,86,85,87,-1,86,87,88,-1,88,87,89,-1,88,89,90,-1,90,89,91,-1,90,91,81,-1,81,91,92,-1,81,92,80,-1,72,74,93,-1,92,91,94,-1,89,87,95,-1,96,97,98,-1,99,100,101,-1,68,70,102,-1,103,104,102,-1,102,104,105,-1,102,105,68,-1,103,102,106,-1,106,102,107,-1,106,107,108,-1,108,107,109,-1,108,109,110,-1,111,112,109,-1,109,112,113,-1,109,113,110,-1,114,115,116,-1,116,115,117,-1,116,117,111,-1,111,117,118,-1,111,118,112,-1,101,100,116,-1,116,100,119,-1,116,119,114,-1,120,99,121,-1,121,99,101,-1,121,101,122,-1,122,101,123,-1,96,98,124,-1,125,126,127,-1,128,129,130,-1,130,129,131,-1,130,131,132,-1,132,131,133,-1,132,133,134,-1,134,133,135,-1,134,135,136,-1,136,135,137,-1,136,137,138,-1,138,137,139,-1,138,139,140,-1,140,139,95,-1,141,142,143,-1,143,142,144,-1,143,144,145,-1,145,144,146,-1,145,146,147,-1,147,146,148,-1,147,148,149,-1,149,148,150,-1,149,150,151,-1,151,150,152,-1,151,152,153,-1,153,152,93,-1,5,128,6,-1,6,128,130,-1,6,130,8,-1,8,130,132,-1,8,132,10,-1,10,132,134,-1,10,134,12,-1,12,134,136,-1,12,136,14,-1,14,136,138,-1,14,138,16,-1,16,138,140,-1,16,140,2,-1,2,140,83,-1,95,87,140,-1,140,87,85,-1,140,85,83,-1,91,89,94,-1,94,89,95,-1,94,95,154,-1,154,95,139,-1,154,139,155,-1,155,139,137,-1,155,137,156,-1,156,137,135,-1,156,135,157,-1,157,135,133,-1,157,133,127,-1,127,133,131,-1,127,131,125,-1,125,131,129,-1,80,92,158,-1,158,92,94,-1,158,94,159,-1,159,94,154,-1,159,154,160,-1,160,154,155,-1,160,155,161,-1,161,155,156,-1,161,156,162,-1,162,156,157,-1,162,157,98,-1,98,157,127,-1,98,127,124,-1,124,127,126,-1,97,141,98,-1,98,141,143,-1,98,143,162,-1,162,143,145,-1,162,145,161,-1,161,145,147,-1,161,147,160,-1,160,147,149,-1,160,149,159,-1,159,149,151,-1,159,151,158,-1,158,151,153,-1,158,153,80,-1,80,153,78,-1,93,74,153,-1,153,74,76,-1,153,76,78,-1,70,72,102,-1,102,72,93,-1,102,93,107,-1,107,93,152,-1,107,152,109,-1,109,152,150,-1,109,150,111,-1,111,150,148,-1,111,148,116,-1,116,148,146,-1,116,146,101,-1,101,146,144,-1,101,144,123,-1,123,144,142,-1,163,164,165,-1,166,49,0,-1,44,43,167,-1,167,43,168,-1,167,168,169,-1,169,168,170,-1,170,168,171,-1,170,171,172,-1,172,171,173,-1,172,173,174,-1,174,173,175,-1,174,175,176,-1,165,164,175,-1,175,164,177,-1,175,177,176,-1,178,179,180,-1,180,179,181,-1,163,165,182,-1,182,165,183,-1,182,183,184,-1,184,183,180,-1,184,180,185,-1,185,180,181,-1,185,181,186,-1,187,188,189,-1,189,188,190,-1,189,190,178,-1,191,192,193,-1,193,192,187,-1,194,195,196,-1,196,195,191,-1,197,198,199,-1,199,198,200,-1,199,200,194,-1,201,202,197,-1,202,201,203,-1,203,201,71,-1,203,71,69,-1,0,82,166,-1,166,82,84,-1,166,84,204,-1,204,84,86,-1,204,86,205,-1,205,86,88,-1,88,90,205,-1,205,90,81,-1,205,81,206,-1,206,81,79,-1,206,79,207,-1,207,79,77,-1,207,77,208,-1,208,77,75,-1,208,75,201,-1,201,75,73,-1,201,73,71,-1,197,199,201,-1,201,199,209,-1,201,209,208,-1,208,209,210,-1,208,210,207,-1,207,210,211,-1,207,211,206,-1,206,211,212,-1,206,212,205,-1,205,212,213,-1,205,213,204,-1,204,213,214,-1,204,214,166,-1,166,214,48,-1,166,48,49,-1,194,196,199,-1,199,196,215,-1,199,215,209,-1,209,215,216,-1,209,216,210,-1,210,216,217,-1,210,217,211,-1,211,217,218,-1,211,218,212,-1,212,218,219,-1,212,219,213,-1,213,219,220,-1,213,220,214,-1,214,220,47,-1,214,47,48,-1,191,193,196,-1,196,193,221,-1,196,221,215,-1,215,221,222,-1,215,222,216,-1,216,222,223,-1,216,223,217,-1,217,223,224,-1,217,224,218,-1,218,224,225,-1,218,225,219,-1,219,225,226,-1,219,226,220,-1,220,226,46,-1,220,46,47,-1,187,189,193,-1,193,189,227,-1,193,227,221,-1,221,227,228,-1,221,228,222,-1,222,228,229,-1,222,229,223,-1,223,229,230,-1,223,230,224,-1,224,230,231,-1,224,231,225,-1,225,231,232,-1,225,232,226,-1,226,232,45,-1,226,45,46,-1,178,180,189,-1,189,180,183,-1,189,183,227,-1,227,183,165,-1,227,165,228,-1,228,165,175,-1,228,175,229,-1,229,175,173,-1,229,173,230,-1,230,173,171,-1,230,171,231,-1,231,171,168,-1,231,168,232,-1,232,168,43,-1,232,43,45,-1,64,62,233,-1,233,234,64,-1,64,234,235,-1,64,235,65,-1,65,235,236,-1,65,236,55,-1,55,236,237,-1,55,237,56,-1,56,237,238,-1,56,238,57,-1,67,61,238,-1,238,61,63,-1,238,63,57,-1,62,239,233,-1,233,239,240,-1,233,240,241,-1,242,31,243,-1,243,31,30,-1,243,30,44,-1,244,245,27,-1,27,28,244,-1,244,28,42,-1,244,42,246,-1,246,42,41,-1,246,41,247,-1,247,41,39,-1,247,39,248,-1,248,39,37,-1,248,37,249,-1,249,37,35,-1,249,35,242,-1,242,35,33,-1,242,33,31,-1,5,4,250,-1,250,4,22,-1,250,22,241,-1,241,22,23,-1,241,23,233,-1,233,23,24,-1,233,24,234,-1,234,24,25,-1,234,25,235,-1,235,25,26,-1,235,26,236,-1,236,26,21,-1,236,21,237,-1,21,20,237,-1,237,20,19,-1,237,19,238,-1,238,19,18,-1,238,18,67,-1,67,18,27,-1,67,27,66,-1,66,27,245,-1,251,252,253,-1,253,240,251,-1,251,240,239,-1,251,239,254,-1,254,239,62,-1,254,62,53,-1,54,66,52,-1,52,66,245,-1,52,245,50,-1,50,245,244,-1,50,244,58,-1,58,244,246,-1,58,246,59,-1,59,246,247,-1,59,247,60,-1,60,247,248,-1,60,248,51,-1,51,248,53,-1,53,248,249,-1,53,249,254,-1,254,249,242,-1,254,242,251,-1,68,255,69,-1,69,255,256,-1,99,120,257,-1,99,257,258,-1,258,257,259,-1,258,259,119,-1,119,259,260,-1,119,260,114,-1,261,117,260,-1,260,117,262,-1,260,262,114,-1,263,112,261,-1,261,112,118,-1,261,118,117,-1,106,108,264,-1,264,108,110,-1,264,110,263,-1,263,110,113,-1,263,113,112,-1,106,264,103,-1,103,264,265,-1,103,265,266,-1,255,68,267,-1,267,68,105,-1,267,105,266,-1,266,105,104,-1,266,104,103,-1,5,250,128,-1,128,250,268,-1,128,268,129,-1,129,268,125,-1,125,268,269,-1,125,269,126,-1,126,269,124,-1,124,269,270,-1,124,270,96,-1,96,270,97,-1,97,270,271,-1,97,271,141,-1,272,123,271,-1,271,123,142,-1,271,142,141,-1,257,120,273,-1,273,120,121,-1,273,121,272,-1,272,121,122,-1,272,122,123,-1,274,185,275,-1,275,185,186,-1,275,186,276,-1,277,182,274,-1,274,182,184,-1,274,184,185,-1,278,164,277,-1,277,164,163,-1,277,163,182,-1,172,174,279,-1,279,174,176,-1,279,176,278,-1,278,176,177,-1,278,177,164,-1,172,279,170,-1,170,279,280,-1,170,280,169,-1,169,280,167,-1,167,280,243,-1,167,243,44,-1,281,276,181,-1,181,276,186,-1,178,282,281,-1,281,282,283,-1,281,283,276,-1,178,190,282,-1,282,190,284,-1,282,284,285,-1,284,187,285,-1,285,187,192,-1,285,192,286,-1,192,191,286,-1,286,191,195,-1,286,195,287,-1,287,195,194,-1,69,256,203,-1,203,256,288,-1,203,288,202,-1,202,288,289,-1,202,289,197,-1,197,289,290,-1,197,290,198,-1,198,290,287,-1,198,287,200,-1,200,287,194,-1,241,240,250,-1,250,240,253,-1,250,253,268,-1,268,253,291,-1,268,291,269,-1,269,291,292,-1,269,292,270,-1,270,292,293,-1,294,295,296,-1,296,295,273,-1,296,273,297,-1,297,273,272,-1,297,272,293,-1,293,272,271,-1,293,271,270,-1,298,296,299,-1,299,296,297,-1,299,297,300,-1,300,297,293,-1,300,293,301,-1,301,293,292,-1,301,292,302,-1,302,292,291,-1,302,291,252,-1,252,291,253,-1,251,242,252,-1,252,242,243,-1,252,243,302,-1,302,243,280,-1,302,280,301,-1,280,279,301,-1,301,279,278,-1,301,278,300,-1,300,278,277,-1,300,277,299,-1,299,277,274,-1,299,274,298,-1,298,274,275,-1,298,275,303,-1,303,275,304,-1,294,305,295,-1,295,305,306,-1,306,307,304,-1,255,267,306,-1,286,287,304,-1,304,287,290,-1,290,289,304,-1,304,289,288,-1,304,288,306,-1,306,288,256,-1,306,256,255,-1,267,266,306,-1,306,266,265,-1,306,265,295,-1,265,264,295,-1,295,264,263,-1,295,263,261,-1,276,283,275,-1,275,283,282,-1,275,282,304,-1,304,282,285,-1,304,285,286,-1,257,273,259,-1,259,273,295,-1,259,295,260,-1,260,295,261,-1,303,308,305,-1,303,305,298,-1,298,305,294,-1,298,294,296,-1,304,307,303,-1,303,307,308,-1,306,305,309,-1,309,305,310,-1,309,310,311,-1,311,310,312,-1,311,312,313,-1,313,312,314,-1,313,314,315,-1,315,314,316,-1,315,316,317,-1,317,316,318,-1,317,318,319,-1,319,318,320,-1,319,320,321,-1,321,320,322,-1,321,322,323,-1,323,322,324,-1,323,324,325,-1,325,324,326,-1,325,326,327,-1,327,326,328,-1,329,330,313,-1,313,330,331,-1,313,331,311,-1,311,331,307,-1,311,307,309,-1,309,307,306,-1,313,315,329,-1,329,315,317,-1,329,317,332,-1,332,317,319,-1,332,319,333,-1,325,327,334,-1,335,336,337,-1,337,336,338,-1,337,338,319,-1,319,338,339,-1,319,339,333,-1,335,337,334,-1,334,337,323,-1,334,323,325,-1,340,341,322,-1,322,341,324,-1,324,341,326,-1,326,341,342,-1,326,342,328,-1,328,342,343,-1,328,343,344,-1,318,345,320,-1,320,345,346,-1,320,346,322,-1,322,346,347,-1,322,347,340,-1,308,348,314,-1,314,312,308,-1,308,312,349,-1,308,349,305,-1,318,316,345,-1,345,316,314,-1,345,314,350,-1,350,314,348,-1,334,344,335,-1,335,344,343,-1,335,343,336,-1,336,343,342,-1,336,342,338,-1,338,342,341,-1,338,341,339,-1,339,341,340,-1,339,340,333,-1,333,340,347,-1,333,347,332,-1,332,347,346,-1,332,346,329,-1,329,346,345,-1,329,345,330,-1,330,345,350,-1,330,350,331,-1,331,350,351,-1,331,351,307,-1,307,351,308,-1,327,328,352,-1,352,328,353,-1,354,355,352,-1,352,355,356,-1,352,356,327,-1,327,356,334,-1,357,358,359,-1,360,361,362,-1,363,364,362,-1,362,364,357,-1,362,357,360,-1,360,357,359,-1,365,366,367,-1,365,367,368,-1,368,367,360,-1,368,360,359,-1,328,344,353,-1,353,344,369,-1,353,369,365,-1,365,369,366,-1,344,334,369,-1,369,334,356,-1,370,371,354,-1,354,371,355,-1,354,352,353,-1,358,372,359,-1,359,372,370,-1,359,370,368,-1,368,370,354,-1,368,354,365,-1,365,354,353,-1,357,373,358,-1,358,373,372,-1,373,357,374,-1,374,357,364,-1,362,375,363,-1,363,375,376,-1,361,377,362,-1,362,377,375,-1,371,377,361,-1,369,356,366,-1,366,356,355,-1,366,355,367,-1,367,355,371,-1,367,371,360,-1,360,371,361,-1,370,372,371,-1,371,372,373,-1,377,371,375,-1,375,371,373,-1,375,373,376,-1,376,373,374,-1,
        ]
    }
}
Shape{
    appearance Appearance {
        material  Material 	{
            diffuseColor 0.25098039215686274 0.25098039215686274 0.25098039215686274
            specularColor 0.12549019607843137 0.12549019607843137 0.12549019607843137
            ambientIntensity 0.2
            transparency 0
            shininess 0.5
        }
    }
    geometry IndexedFaceSet {
        ccw TRUE
        solid FALSE
        coord DEF co Coordinate {
            point [
                -7.022 0.766 -0.4815, -7.022 0.766 -0.4224, -7.1401 0.766 -0.4815, -7.1401 0.766 -0.4224, -7.1401 0.766 -0.4224
            ]
        }
        coordIndex [
            0,1,2,-1,2,1,3,-1,
        ]
    }
}
Shape{
    appearance Appearance {
        material  Material 	{
            diffuseColor 1.0 1.0 0.0
            specularColor 0.5019607843137255 0.5019607843137255 0.0
            ambientIntensity 0.2
            transparency 0
            shininess 0.5
        }
    }
    geometry IndexedFaceSet {
        ccw TRUE
        solid FALSE
        coord DEF co Coordinate {
            point [
                -5.0732 2.2712 -0.1453, -5.0732 2.2629 -0.1413, -5.0338 2.2712 -0.1453, -5.0338 2.2629 -0.1413, -5.0338 2.2391 -0.1315, -5.0732 2.2391 -0.1315, -5.0338 2.2284 -0.1287, -5.0732 2.2284 -0.1287, -5.0338 2.2142 -0.125, -5.0732 2.2142 -0.125, -5.0338 2.1923 -0.1222, -5.0732 2.1923 -0.1222, -5.0338 2.1887 -0.1217, -5.0732 2.1887 -0.1217, -5.0338 2.1629 -0.1218, -5.0732 2.1629 -0.1218, -5.0338 2.1556 -0.1228, -5.0732 2.1556 -0.1228, -5.0338 2.1374 -0.1253, -5.0732 2.1374 -0.1253, -5.0338 2.1197 -0.1301, -5.0732 2.1197 -0.1301, -5.0338 2.1126 -0.1321, -5.0732 2.1126 -0.1321, -5.0338 2.0888 -0.142, -5.0732 2.0888 -0.142, -5.0338 2.0856 -0.1439, -5.0732 2.0856 -0.1439, -5.0338 2.0666 -0.155, -5.0732 2.0666 -0.155, -5.0338 2.0549 -0.164, -5.0732 2.0549 -0.164, -5.0338 2.0462 -0.1708, -5.0732 2.0462 -0.1708, -5.0338 2.0281 -0.1891, -5.0732 2.0281 -0.1891, -5.0732 2.0135 -0.2059, -5.0338 2.0135 -0.2059, -5.0776 2.0668 -0.1554, -5.0776 2.1375 -0.1258, -5.0776 2.2141 -0.1254, -5.0929 2.0671 -0.1794, -5.0929 2.0593 -0.1855, -5.0924 2.0564 -0.1822, -5.0929 2.1254 -0.1489, -5.0929 2.119 -0.1507, -5.0924 2.1175 -0.1465, -5.0929 2.1907 -0.1418, -5.0929 2.1875 -0.1414, -5.0924 2.1877 -0.137, -5.0929 2.2105 -0.1443, -5.0929 2.1413 -0.1446, -5.0929 2.0776 -0.1713, -5.0929 2.2329 -0.1502, -5.0929 2.2233 -0.1477, -5.0924 2.2343 -0.146, -5.0924 2.2113 -0.14, -5.0909 2.2356 -0.1421, -5.0909 2.2121 -0.1359, -5.0886 2.2368 -0.1385, -5.0886 2.2128 -0.1322, -5.0855 2.2377 -0.1356, -5.0855 2.2134 -0.1292, -5.0817 2.2385 -0.1334, -5.0817 2.2138 -0.1269, -5.0776 2.239 -0.132, -5.0929 2.1643 -0.1415, -5.0929 2.1577 -0.1424, -5.0924 2.164 -0.1371, -5.0924 2.1405 -0.1403, -5.0909 2.1637 -0.1329, -5.0909 2.1396 -0.1362, -5.0886 2.1634 -0.1292, -5.0886 2.1389 -0.1326, -5.0855 2.1632 -0.1261, -5.0855 2.1383 -0.1295, -5.0817 2.1631 -0.1238, -5.0817 2.1378 -0.1272, -5.0776 2.163 -0.1223, -5.0929 2.0976 -0.1596, -5.0929 2.0947 -0.1613, -5.0924 2.0956 -0.1557, -5.0924 2.0751 -0.1677, -5.0909 2.0938 -0.152, -5.0909 2.0728 -0.1642, -5.0886 2.0921 -0.1487, -5.0886 2.0707 -0.1611, -5.0855 2.0907 -0.1459, -5.0855 2.069 -0.1586, -5.0817 2.0897 -0.1438, -5.0817 2.0677 -0.1566, -5.0776 2.089 -0.1425, -5.0929 2.2543 -0.159, -5.0924 2.2562 -0.155, -5.0909 2.2581 -0.1513, -5.0886 2.2597 -0.1479, -5.0855 2.2611 -0.1451, -5.0817 2.2621 -0.143, -5.0776 2.2627 -0.1417, -5.0776 2.1886 -0.1222, -5.0817 2.1885 -0.1237, -5.0855 2.1884 -0.126, -5.0886 2.1882 -0.1291, -5.0909 2.188 -0.1328, -5.0776 2.1127 -0.1325, -5.0817 2.1132 -0.1339, -5.0855 2.114 -0.1361, -5.0886 2.115 -0.1391, -5.0909 2.1162 -0.1426, -5.0776 2.0465 -0.1711, -5.0817 2.0475 -0.1722, -5.0855 2.0491 -0.174, -5.0886 2.0511 -0.1763, -5.0909 2.0536 -0.1791, -5.0929 2.0429 -0.202, -5.0924 2.0396 -0.1991, -5.0909 2.0365 -0.1964, -5.0886 2.0337 -0.1939, -5.0855 2.0313 -0.1919, -5.0817 2.0296 -0.1903, -5.0776 2.0285 -0.1894, -5.1002 2.315 -0.2336, -5.089 2.3235 -0.2323, -5.0765 2.3288 -0.2315, -5.0141 2.321 -0.2327, -5.0077 2.3158 -0.2335, -5.0437 2.3305 -0.2312, -5.0019 2.3097 -0.2345, -4.9925 2.2949 -0.2368, -4.988 2.2831 -0.2387, -5.0634 2.3305 -0.2312, -5.119 2.2831 -0.2387, -5.07 2.3301 -0.2313, -5.1166 2.2902 -0.2376, -5.1095 2.3037 -0.2354, -5.036 2.3299 -0.2313, -5.0284 2.3281 -0.2316, -5.0211 2.3251 -0.232, -5.0929 2.2568 -0.1602, -5.0924 2.2599 -0.157, -5.091 2.2629 -0.1538, -5.0924 2.26 -0.1569, -5.0886 2.2657 -0.151, -5.0909 2.263 -0.1537, -5.0855 2.268 -0.1486, -5.0886 2.2658 -0.1509, -5.0818 2.2697 -0.1468, -5.0855 2.2681 -0.1485, -5.0776 2.2708 -0.1457, -5.0776 2.2708 -0.1457, -5.0817 2.2698 -0.1468, -5.0924 2.2632 -0.1633, -5.0818 2.2838 -0.1733, -5.0797 2.2851 -0.174, -5.0776 2.286 -0.1744, -5.0754 2.2866 -0.1747, -5.0732 2.2868 -0.1748, -5.0855 2.2802 -0.1716, -5.0887 2.2754 -0.1692, -5.091 2.2696 -0.1664, -5.0338 2.2868 -0.1748, -5.0316 2.2866 -0.1747, -5.0294 2.2708 -0.1457, -5.0294 2.286 -0.1744, -5.0294 2.2708 -0.1457, -5.0253 2.2698 -0.1468, -5.0273 2.2851 -0.174, -5.0252 2.2697 -0.1468, -5.0252 2.2838 -0.1733, -5.0216 2.2681 -0.1485, -5.0215 2.2802 -0.1716, -5.0215 2.268 -0.1486, -5.0184 2.2658 -0.1509, -5.0184 2.2754 -0.1692, -5.0184 2.2657 -0.151, -5.0161 2.263 -0.1537, -5.016 2.2696 -0.1664, -5.016 2.2629 -0.1538, -5.0146 2.26 -0.1569, -5.0146 2.2632 -0.1633, -5.0146 2.2599 -0.157, -5.0141 2.2568 -0.1602, -5.0294 2.2627 -0.1417, -5.0253 2.2621 -0.143, -5.0216 2.2611 -0.1451, -5.0184 2.2597 -0.1479, -5.0161 2.2581 -0.1513, -5.0146 2.2562 -0.155, -5.0141 2.2543 -0.159, -5.0634 2.3443 -0.2029, -5.0437 2.3443 -0.2029, -5.0141 2.0947 -0.1613, -5.0141 2.0976 -0.1596, -5.0146 2.0956 -0.1557, -5.0141 2.1254 -0.1489, -5.0141 2.1413 -0.1446, -5.0146 2.1405 -0.1403, -5.0141 2.1907 -0.1418, -5.0141 2.2105 -0.1443, -5.0146 2.2113 -0.14, -5.0294 2.1127 -0.1325, -5.0294 2.1886 -0.1222, -5.0294 2.0465 -0.1711, -5.0295 2.0285 -0.1894, -5.0287 2.0286 -0.1895, -5.0253 2.0475 -0.1722, -5.0253 2.0297 -0.1904, -5.024 2.0301 -0.1908, -5.0216 2.0491 -0.174, -5.0217 2.0314 -0.192, -5.0199 2.0324 -0.1928, -5.0184 2.0511 -0.1763, -5.0294 2.089 -0.1425, -5.0294 2.0668 -0.1554, -5.0253 2.0897 -0.1438, -5.0253 2.0677 -0.1566, -5.0216 2.0907 -0.1459, -5.0216 2.069 -0.1586, -5.0184 2.0921 -0.1487, -5.0184 2.0707 -0.1611, -5.0161 2.0938 -0.152, -5.0161 2.0728 -0.1642, -5.0161 2.0536 -0.1791, -5.0294 2.239 -0.132, -5.0294 2.2141 -0.1254, -5.0253 2.2385 -0.1334, -5.0253 2.2138 -0.1269, -5.0216 2.2377 -0.1356, -5.0216 2.2134 -0.1292, -5.0184 2.2368 -0.1385, -5.0184 2.2128 -0.1322, -5.0161 2.2356 -0.1421, -5.0161 2.2121 -0.1359, -5.0146 2.2343 -0.146, -5.0294 2.163 -0.1223, -5.0294 2.1375 -0.1258, -5.0253 2.1631 -0.1238, -5.0253 2.1378 -0.1272, -5.0216 2.1632 -0.1261, -5.0216 2.1383 -0.1295, -5.0184 2.1634 -0.1292, -5.0184 2.1389 -0.1326, -5.0161 2.1637 -0.1329, -5.0161 2.1396 -0.1362, -5.0146 2.164 -0.1371, -5.0186 2.0338 -0.194, -5.0168 2.0355 -0.1955, -5.0162 2.0365 -0.1964, -5.0148 2.0391 -0.1986, -5.0146 2.0751 -0.1677, -5.0146 2.0564 -0.1822, -5.0147 2.0396 -0.1991, -5.0141 2.2329 -0.1502, -5.0141 2.2233 -0.1477, -5.0141 2.1875 -0.1414, -5.0146 2.1877 -0.137, -5.0161 2.188 -0.1328, -5.0184 2.1882 -0.1291, -5.0216 2.1884 -0.126, -5.0253 2.1885 -0.1237, -5.0141 2.1643 -0.1415, -5.0141 2.1577 -0.1424, -5.0141 2.119 -0.1507, -5.0146 2.1175 -0.1465, -5.0161 2.1162 -0.1426, -5.0184 2.115 -0.1391, -5.0216 2.114 -0.1361, -5.0253 2.1132 -0.1339, -5.0141 2.0776 -0.1713, -5.0141 2.0671 -0.1794, -5.0141 2.0593 -0.1855, -5.0141 2.0429 -0.202, -5.0776 2.0139 -0.2061, -5.0776 2.0139 -0.2061, -5.0817 2.0152 -0.2068, -5.0818 2.0152 -0.2068, -5.0855 2.0173 -0.208, -5.0855 2.0174 -0.208, -5.0886 2.0201 -0.2095, -5.0887 2.0202 -0.2096, -5.0909 2.0235 -0.2114, -5.091 2.0236 -0.2114, -5.0924 2.0272 -0.2134, -5.0924 2.0273 -0.2135, -5.0929 2.0311 -0.2155, -5.0294 2.0139 -0.2061, -5.0288 2.0141 -0.2062, -5.0252 2.0152 -0.2068, -5.024 2.0159 -0.2072, -5.0215 2.0174 -0.208, -5.0199 2.0186 -0.2087, -5.0185 2.0203 -0.2096, -5.0168 2.0223 -0.2107, -5.0162 2.0236 -0.2114, -5.0148 2.0266 -0.213, -5.0147 2.0274 -0.2135, -5.0141 2.0311 -0.2155, -5.0146 2.0245 -0.2232, -5.0252 2.0033 -0.2476, -5.0273 2.0019 -0.2491, -5.0294 2.001 -0.2503, -5.0316 2.0004 -0.2509, -5.0327 2.0002 -0.2511, -5.0338 2.0002 -0.2512, -5.0215 2.007 -0.2433, -5.0184 2.012 -0.2376, -5.016 2.0179 -0.2308, -5.0732 2.0002 -0.2512, -5.0743 2.0002 -0.2511, -5.0754 2.0004 -0.2509, -5.0776 2.001 -0.2503, -5.0797 2.0019 -0.2491, -5.0818 2.0033 -0.2476, -5.0855 2.007 -0.2433, -5.0887 2.012 -0.2376, -5.091 2.0179 -0.2308, -5.0924 2.0245 -0.2232, -5.1224 2.0429 -0.202, -5.1224 2.0669 -0.1791, -5.1224 2.0946 -0.1612, -5.1224 2.1253 -0.1486, -5.1224 2.1577 -0.142, -5.1224 2.1908 -0.1416, -5.1224 2.2234 -0.1473, -5.1224 2.2543 -0.159, -5.1209 2.3031 -0.1827, -5.1166 2.3143 -0.1882, -5.1095 2.3244 -0.1931, -5.1002 2.3328 -0.1972, -5.089 2.3391 -0.2003, -5.0765 2.343 -0.2022, -5.1209 2.2772 -0.2358, -5.1224 2.2654 -0.2301, -5.1224 2.2913 -0.177, -5.1224 2.2284 -0.212, -4.9846 2.2284 -0.212, -5.1224 2.1992 -0.2023, -4.9846 2.1992 -0.2023, -5.1224 2.1684 -0.2004, -4.9846 2.1684 -0.2004, -5.1224 2.1382 -0.2065, -4.9846 2.1382 -0.2065, -5.1224 2.1106 -0.2203, -4.9846 2.1106 -0.2203, -5.1224 2.0875 -0.2407, -4.9846 2.0875 -0.2407, -4.9866 2.2791 -0.2368, -4.9846 2.2654 -0.2301, -5.0284 2.3425 -0.202, -5.0141 2.3372 -0.1994, -5.0019 2.3288 -0.1953, -4.9925 2.3178 -0.1899, -4.9866 2.305 -0.1837, -4.9846 2.2913 -0.177, -4.9846 2.2543 -0.159, -4.9846 2.0429 -0.202, -4.9846 2.0669 -0.1791, -4.9846 2.0946 -0.1612, -4.9846 2.1253 -0.1486, -4.9846 2.1577 -0.142, -4.9846 2.1908 -0.1416, -4.9846 2.2234 -0.1473, -5.1224 1.9801 -0.2743, -4.9846 1.9801 -0.2743, -4.9846 2.0246 -0.3131, -5.1224 2.0246 -0.3131, -5.1224 1.8657 -0.339, -4.9846 1.8657 -0.339, -5.1224 1.898 -0.3304, -4.9846 1.898 -0.3304, -5.1224 1.9284 -0.3165, -4.9846 1.9284 -0.3165, -5.1224 1.956 -0.2976, -4.9846 1.956 -0.2976, -5.1224 1.7713 -0.4156, -5.1224 1.7611 -0.3575, -5.1224 1.8759 -0.3972, -5.1224 1.918 -0.386, -5.1224 1.9575 -0.3679, -5.1224 1.9934 -0.3433, -4.9846 1.9934 -0.3433, -4.9846 1.9575 -0.3679, -4.9846 1.918 -0.386, -4.9846 1.8759 -0.3972, -4.9846 1.7611 -0.3575, -4.9846 1.7713 -0.4156, -5.1421 1.5387 -0.4567, -5.1421 1.5284 -0.3985, -5.1421 1.4028 -0.4206, -4.9649 1.4028 -0.4206, -4.9649 1.5284 -0.3985, -5.1421 1.3823 -0.4224, -4.9649 1.3823 -0.4224, -4.9649 1.5387 -0.4567, -5.1421 1.4131 -0.4788, -4.9649 1.4131 -0.4788, -4.9649 1.0809 -0.4224, -5.1421 1.0809 -0.4224, -5.1421 1.3823 -0.4815, -5.1421 1.0809 -0.4815, -4.9649 1.3823 -0.4815, -4.9649 1.0809 -0.4815, -6.8055 2.2712 -0.1453, -6.8055 2.2629 -0.1413, -6.7661 2.2712 -0.1453, -6.7661 2.2629 -0.1413, -6.8055 2.0281 -0.1891, -6.7661 2.0281 -0.1891, -6.7661 2.0596 -0.16, -6.8055 2.0596 -0.16, -6.7661 2.0966 -0.1384, -6.8055 2.0966 -0.1384, -6.7661 2.1374 -0.1253, -6.8055 2.1374 -0.1253, -6.7661 2.1801 -0.1214, -6.8055 2.1801 -0.1214, -6.7661 2.2226 -0.1268, -6.8055 2.2226 -0.1268, -6.8055 2.0135 -0.2059, -6.7661 2.0135 -0.2059, -6.8252 2.2543 -0.159, -6.8252 2.218 -0.1459, -6.8247 2.2562 -0.155, -6.8247 2.219 -0.1417, -6.8232 2.2581 -0.1513, -6.8232 2.22 -0.1376, -6.8209 2.2597 -0.1479, -6.8209 2.2209 -0.134, -6.8178 2.2611 -0.1451, -6.8178 2.2216 -0.131, -6.814 2.2621 -0.143, -6.814 2.2221 -0.1287, -6.8099 2.2627 -0.1417, -6.8099 2.2225 -0.1273, -6.8252 2.1797 -0.1411, -6.8247 2.1798 -0.1367, -6.8232 2.1799 -0.1325, -6.8209 2.18 -0.1288, -6.8178 2.18 -0.1257, -6.814 2.1801 -0.1233, -6.8099 2.1801 -0.1219, -6.8252 2.1413 -0.1446, -6.8247 2.1405 -0.1403, -6.8232 2.1396 -0.1362, -6.8209 2.1389 -0.1326, -6.8178 2.1383 -0.1295, -6.814 2.1378 -0.1272, -6.8099 2.1375 -0.1258, -6.8252 2.1046 -0.1563, -6.8247 2.1028 -0.1523, -6.8232 2.1011 -0.1485, -6.8209 2.0996 -0.1451, -6.8178 2.0983 -0.1423, -6.814 2.0974 -0.1401, -6.8099 2.0968 -0.1388, -6.8252 2.0713 -0.1758, -6.8247 2.0687 -0.1723, -6.8232 2.0662 -0.1689, -6.8209 2.064 -0.1659, -6.8178 2.0621 -0.1634, -6.814 2.0607 -0.1615, -6.8099 2.0599 -0.1604, -6.8252 2.0429 -0.202, -6.8247 2.0396 -0.1991, -6.8232 2.0365 -0.1964, -6.8209 2.0337 -0.1939, -6.8178 2.0313 -0.1919, -6.814 2.0296 -0.1903, -6.8099 2.0285 -0.1894, -6.8325 2.315 -0.2336, -6.8213 2.3235 -0.2323, -6.8088 2.3288 -0.2315, -6.7464 2.321 -0.2327, -6.74 2.3158 -0.2335, -6.776 2.3305 -0.2312, -6.7342 2.3097 -0.2345, -6.7248 2.2949 -0.2368, -6.7203 2.2831 -0.2387, -6.7956 2.3305 -0.2312, -6.8513 2.2831 -0.2387, -6.8023 2.3301 -0.2313, -6.8488 2.2902 -0.2376, -6.8418 2.3037 -0.2354, -6.7682 2.3299 -0.2313, -6.7607 2.3281 -0.2316, -6.7534 2.3251 -0.232, -6.8252 2.2568 -0.1602, -6.8247 2.2599 -0.157, -6.8233 2.2629 -0.1538, -6.8247 2.26 -0.1569, -6.8209 2.2657 -0.151, -6.8232 2.263 -0.1537, -6.8178 2.268 -0.1486, -6.8209 2.2658 -0.1509, -6.8141 2.2697 -0.1468, -6.8178 2.2681 -0.1485, -6.8099 2.2708 -0.1457, -6.8099 2.2708 -0.1457, -6.814 2.2698 -0.1468, -6.8247 2.2632 -0.1633, -6.8141 2.2838 -0.1733, -6.812 2.2851 -0.174, -6.8099 2.286 -0.1744, -6.8077 2.2866 -0.1747, -6.8055 2.2868 -0.1748, -6.8178 2.2802 -0.1716, -6.8209 2.2754 -0.1692, -6.8233 2.2696 -0.1664, -6.7661 2.2868 -0.1748, -6.7639 2.2866 -0.1747, -6.7617 2.2708 -0.1457, -6.7617 2.286 -0.1744, -6.7617 2.2708 -0.1457, -6.7576 2.2698 -0.1468, -6.7596 2.2851 -0.174, -6.7575 2.2697 -0.1468, -6.7575 2.2838 -0.1733, -6.7538 2.2681 -0.1485, -6.7538 2.2802 -0.1716, -6.7538 2.268 -0.1486, -6.7507 2.2658 -0.1509, -6.7507 2.2754 -0.1692, -6.7507 2.2657 -0.151, -6.7484 2.263 -0.1537, -6.7483 2.2696 -0.1664, -6.7483 2.2629 -0.1538, -6.7469 2.26 -0.1569, -6.7469 2.2632 -0.1633, -6.7469 2.2599 -0.157, -6.7464 2.2568 -0.1602, -6.7617 2.2627 -0.1417, -6.7576 2.2621 -0.143, -6.7538 2.2611 -0.1451, -6.7507 2.2597 -0.1479, -6.7484 2.2581 -0.1513, -6.7469 2.2562 -0.155, -6.7464 2.2543 -0.159, -6.7956 2.3443 -0.2029, -6.776 2.3443 -0.2029, -6.7469 2.219 -0.1417, -6.7484 2.22 -0.1376, -6.7507 2.064 -0.1659, -6.7509 2.0338 -0.194, -6.7491 2.0355 -0.1955, -6.7507 2.2209 -0.134, -6.7538 2.2216 -0.131, -6.7576 2.0607 -0.1615, -6.7563 2.0301 -0.1908, -6.7539 2.0314 -0.192, -6.7576 2.2221 -0.1287, -6.7617 2.2225 -0.1273, -6.7617 2.1801 -0.1219, -6.7617 2.1375 -0.1258, -6.7617 2.0968 -0.1388, -6.7617 2.0599 -0.1604, -6.7617 2.0285 -0.1894, -6.761 2.0286 -0.1895, -6.7576 2.1801 -0.1233, -6.7576 2.1378 -0.1272, -6.7576 2.0974 -0.1401, -6.7538 2.18 -0.1257, -6.7538 2.1383 -0.1295, -6.7538 2.0983 -0.1423, -6.7538 2.0621 -0.1634, -6.7522 2.0324 -0.1928, -6.7507 2.18 -0.1288, -6.7507 2.1389 -0.1326, -6.7507 2.0996 -0.1451, -6.7484 2.1799 -0.1325, -6.7484 2.1396 -0.1362, -6.7484 2.1011 -0.1485, -6.7484 2.0662 -0.1689, -6.7471 2.0391 -0.1986, -6.7469 2.1798 -0.1367, -6.7469 2.1405 -0.1403, -6.7469 2.1028 -0.1523, -6.7469 2.0687 -0.1723, -6.747 2.0396 -0.1991, -6.7464 2.218 -0.1459, -6.7464 2.1797 -0.1411, -6.7464 2.1413 -0.1446, -6.7464 2.1046 -0.1563, -6.7464 2.0713 -0.1758, -6.7464 2.0429 -0.202, -6.8099 2.0139 -0.2061, -6.8099 2.0139 -0.2061, -6.814 2.0152 -0.2068, -6.8141 2.0152 -0.2068, -6.8177 2.0173 -0.208, -6.8178 2.0174 -0.208, -6.8209 2.0201 -0.2095, -6.8209 2.0202 -0.2096, -6.8232 2.0235 -0.2114, -6.8233 2.0236 -0.2114, -6.8247 2.0272 -0.2134, -6.8247 2.0273 -0.2135, -6.8252 2.0311 -0.2155, -6.7464 2.0311 -0.2155, -6.747 2.0274 -0.2135, -6.7471 2.0266 -0.213, -6.7485 2.0236 -0.2114, -6.7575 2.0152 -0.2068, -6.7563 2.0159 -0.2072, -6.7538 2.0174 -0.208, -6.7522 2.0186 -0.2087, -6.7508 2.0203 -0.2096, -6.7491 2.0223 -0.2107, -6.7617 2.0139 -0.2061, -6.761 2.0141 -0.2062, -6.7474 2.0247 -0.223, -6.7575 2.0033 -0.2476, -6.7596 2.0019 -0.2491, -6.7617 2.001 -0.2503, -6.7639 2.0004 -0.2509, -6.765 2.0002 -0.2511, -6.7661 2.0002 -0.2512, -6.7538 2.007 -0.2433, -6.7507 2.012 -0.2376, -6.7483 2.0179 -0.2308, -6.8055 2.0002 -0.2512, -6.8066 2.0002 -0.2511, -6.8077 2.0004 -0.2509, -6.8099 2.001 -0.2503, -6.812 2.0019 -0.2491, -6.8141 2.0033 -0.2476, -6.8178 2.007 -0.2433, -6.8209 2.012 -0.2376, -6.8228 2.0182 -0.2304, -6.8247 2.0245 -0.2232, -6.8547 2.0429 -0.202, -6.8547 2.0713 -0.1758, -6.8547 2.1046 -0.1563, -6.8547 2.1413 -0.1446, -6.8547 2.1797 -0.1411, -6.8547 2.218 -0.1459, -6.8547 2.2543 -0.159, -6.8532 2.3031 -0.1827, -6.8488 2.3143 -0.1882, -6.8418 2.3244 -0.1931, -6.8325 2.3328 -0.1972, -6.8213 2.3391 -0.2003, -6.8088 2.343 -0.2022, -6.8532 2.2772 -0.2358, -6.8547 2.2654 -0.2301, -6.8547 2.2913 -0.177, -6.8547 2.2284 -0.212, -6.7169 2.2284 -0.212, -6.8547 2.1992 -0.2023, -6.7169 2.1992 -0.2023, -6.8547 2.1684 -0.2004, -6.7169 2.1684 -0.2004, -6.8547 2.1382 -0.2065, -6.7169 2.1382 -0.2065, -6.8547 2.1106 -0.2203, -6.7169 2.1106 -0.2203, -6.8547 2.0875 -0.2407, -6.7169 2.0875 -0.2407, -6.7189 2.2791 -0.2368, -6.7169 2.2654 -0.2301, -6.7607 2.3425 -0.202, -6.7464 2.3372 -0.1994, -6.7342 2.3288 -0.1953, -6.7248 2.3178 -0.1899, -6.7189 2.305 -0.1837, -6.7169 2.2913 -0.177, -6.7169 2.2543 -0.159, -6.7169 2.0429 -0.202, -6.7169 2.0713 -0.1758, -6.7169 2.1046 -0.1563, -6.7169 2.1413 -0.1446, -6.7169 2.1797 -0.1411, -6.7169 2.218 -0.1459, -6.8547 1.9801 -0.2743, -6.7169 1.9801 -0.2743, -6.7169 2.0246 -0.3131, -6.8547 2.0246 -0.3131, -6.8547 1.8657 -0.339, -6.7169 1.8657 -0.339, -6.8547 1.9084 -0.3264, -6.7169 1.9084 -0.3264, -6.8547 1.9472 -0.3044, -6.7169 1.9472 -0.3044, -6.8547 1.7713 -0.4156, -6.8547 1.7611 -0.3575, -6.8547 1.8759 -0.3972, -6.8547 1.9315 -0.3807, -6.8547 1.9819 -0.3522, -6.7169 1.9819 -0.3522, -6.7169 1.9315 -0.3807, -6.7169 1.8759 -0.3972, -6.7169 1.7611 -0.3575, -6.7169 1.7713 -0.4156, -6.8744 1.5387 -0.4567, -6.8744 1.5284 -0.3985, -6.8744 1.4028 -0.4206, -6.6972 1.4028 -0.4206, -6.6972 1.5284 -0.3985, -6.8744 1.3823 -0.4224, -6.6972 1.3823 -0.4224, -6.6972 1.5387 -0.4567, -6.8744 1.4131 -0.4788, -6.6972 1.4131 -0.4788, -6.6972 1.0809 -0.4224, -6.8744 1.0809 -0.4224, -6.8744 1.3823 -0.4815, -6.8744 1.0809 -0.4815, -6.6972 1.3823 -0.4815, -6.6972 1.0809 -0.4815, -6.6972 1.0809 -0.4815
            ]
        }
        coordIndex [
            0,1,2,-1,2,1,3,-1,3,1,4,-1,4,1,5,-1,4,5,6,-1,6,5,7,-1,6,7,8,-1,8,7,9,-1,8,9,10,-1,10,9,11,-1,10,11,12,-1,12,11,13,-1,12,13,14,-1,14,13,15,-1,14,15,16,-1,16,15,17,-1,16,17,18,-1,18,17,19,-1,18,19,20,-1,20,19,21,-1,20,21,22,-1,22,21,23,-1,22,23,24,-1,24,23,25,-1,24,25,26,-1,26,25,27,-1,26,27,28,-1,28,27,29,-1,28,29,30,-1,30,29,31,-1,30,31,32,-1,32,31,33,-1,32,33,34,-1,34,33,35,-1,35,36,34,-1,34,36,37,-1,31,29,38,-1,21,19,39,-1,11,9,40,-1,41,42,43,-1,44,45,46,-1,47,48,49,-1,47,49,50,-1,44,46,51,-1,41,43,52,-1,53,54,55,-1,55,54,56,-1,55,56,57,-1,57,56,58,-1,57,58,59,-1,59,58,60,-1,59,60,61,-1,61,60,62,-1,61,62,63,-1,63,62,64,-1,63,64,65,-1,65,64,40,-1,66,67,68,-1,68,67,69,-1,68,69,70,-1,70,69,71,-1,70,71,72,-1,72,71,73,-1,72,73,74,-1,74,73,75,-1,74,75,76,-1,76,75,77,-1,76,77,78,-1,78,77,39,-1,79,80,81,-1,81,80,82,-1,81,82,83,-1,83,82,84,-1,83,84,85,-1,85,84,86,-1,85,86,87,-1,87,86,88,-1,87,88,89,-1,89,88,90,-1,89,90,91,-1,91,90,38,-1,92,53,93,-1,93,53,55,-1,93,55,94,-1,94,55,57,-1,94,57,95,-1,95,57,59,-1,95,59,96,-1,96,59,61,-1,96,61,97,-1,97,61,63,-1,97,63,98,-1,98,63,65,-1,98,65,1,-1,1,65,5,-1,40,9,65,-1,65,9,7,-1,65,7,5,-1,13,11,99,-1,99,11,40,-1,99,40,100,-1,100,40,64,-1,100,64,101,-1,101,64,62,-1,101,62,102,-1,102,62,60,-1,102,60,103,-1,103,60,58,-1,103,58,49,-1,49,58,56,-1,49,56,50,-1,50,56,54,-1,48,66,49,-1,49,66,68,-1,49,68,103,-1,103,68,70,-1,103,70,102,-1,102,70,72,-1,102,72,101,-1,101,72,74,-1,101,74,100,-1,100,74,76,-1,100,76,99,-1,99,76,78,-1,99,78,13,-1,13,78,15,-1,39,19,78,-1,78,19,17,-1,78,17,15,-1,23,21,104,-1,104,21,39,-1,104,39,105,-1,105,39,77,-1,105,77,106,-1,106,77,75,-1,106,75,107,-1,107,75,73,-1,107,73,108,-1,108,73,71,-1,108,71,46,-1,46,71,69,-1,46,69,51,-1,51,69,67,-1,45,79,46,-1,46,79,81,-1,46,81,108,-1,108,81,83,-1,108,83,107,-1,107,83,85,-1,107,85,106,-1,106,85,87,-1,106,87,105,-1,105,87,89,-1,105,89,104,-1,104,89,91,-1,104,91,23,-1,23,91,25,-1,38,29,91,-1,91,29,27,-1,91,27,25,-1,33,31,109,-1,109,31,38,-1,109,38,110,-1,110,38,90,-1,110,90,111,-1,111,90,88,-1,111,88,112,-1,112,88,86,-1,112,86,113,-1,113,86,84,-1,113,84,43,-1,43,84,82,-1,43,82,52,-1,52,82,80,-1,42,114,43,-1,43,114,115,-1,43,115,113,-1,113,115,116,-1,113,116,112,-1,112,116,117,-1,112,117,111,-1,111,117,118,-1,111,118,110,-1,110,118,119,-1,110,119,109,-1,109,119,120,-1,109,120,33,-1,33,120,35,-1,121,122,123,-1,124,125,126,-1,126,125,127,-1,127,128,126,-1,126,128,129,-1,126,129,130,-1,130,129,131,-1,130,131,132,-1,132,131,133,-1,132,133,123,-1,123,133,134,-1,123,134,121,-1,135,136,126,-1,126,136,137,-1,126,137,124,-1,138,92,139,-1,139,92,93,-1,94,140,93,-1,93,140,141,-1,93,141,139,-1,95,142,94,-1,94,142,143,-1,94,143,140,-1,96,144,95,-1,95,144,145,-1,95,145,142,-1,97,146,96,-1,96,146,147,-1,96,147,144,-1,148,149,97,-1,97,149,150,-1,97,150,146,-1,97,98,148,-1,148,98,1,-1,148,1,0,-1,139,151,138,-1,152,146,153,-1,153,146,150,-1,153,150,154,-1,154,150,149,-1,154,149,155,-1,155,149,148,-1,155,148,156,-1,156,148,0,-1,157,158,142,-1,142,145,157,-1,157,145,144,-1,157,144,152,-1,152,144,147,-1,152,147,146,-1,151,139,159,-1,139,141,159,-1,159,141,140,-1,159,140,158,-1,158,140,143,-1,158,143,142,-1,2,160,0,-1,0,160,156,-1,160,2,161,-1,161,2,162,-1,161,162,163,-1,162,164,163,-1,163,164,165,-1,163,165,166,-1,166,165,167,-1,166,167,168,-1,168,167,169,-1,168,169,170,-1,169,171,170,-1,170,171,172,-1,170,172,173,-1,172,174,173,-1,173,174,175,-1,173,175,176,-1,175,177,176,-1,176,177,178,-1,176,178,179,-1,179,178,180,-1,179,180,181,-1,3,182,2,-1,2,182,162,-1,162,182,164,-1,164,182,183,-1,164,183,165,-1,165,183,167,-1,167,183,184,-1,167,184,169,-1,169,184,171,-1,171,184,185,-1,171,185,172,-1,172,185,174,-1,174,185,186,-1,174,186,175,-1,175,186,177,-1,177,186,187,-1,177,187,178,-1,178,187,180,-1,180,187,188,-1,180,188,181,-1,189,190,130,-1,130,190,126,-1,191,192,193,-1,194,195,196,-1,197,198,199,-1,20,22,200,-1,10,12,201,-1,10,201,8,-1,20,200,18,-1,28,30,202,-1,202,30,32,-1,202,32,34,-1,34,203,202,-1,202,203,204,-1,202,204,205,-1,204,206,205,-1,205,206,207,-1,205,207,208,-1,207,209,208,-1,208,209,210,-1,208,210,211,-1,24,26,212,-1,212,26,213,-1,212,213,214,-1,214,213,215,-1,214,215,216,-1,216,215,217,-1,216,217,218,-1,218,217,219,-1,218,219,220,-1,220,219,221,-1,220,221,193,-1,26,28,213,-1,213,28,202,-1,213,202,215,-1,215,202,205,-1,215,205,217,-1,217,205,208,-1,217,208,219,-1,219,208,211,-1,219,211,221,-1,221,211,222,-1,4,6,223,-1,223,6,224,-1,223,224,225,-1,225,224,226,-1,225,226,227,-1,227,226,228,-1,227,228,229,-1,229,228,230,-1,229,230,231,-1,231,230,232,-1,231,232,233,-1,233,232,199,-1,14,16,234,-1,234,16,235,-1,234,235,236,-1,236,235,237,-1,236,237,238,-1,238,237,239,-1,238,239,240,-1,240,239,241,-1,240,241,242,-1,242,241,243,-1,242,243,244,-1,244,243,196,-1,210,245,211,-1,211,245,246,-1,211,246,222,-1,222,246,247,-1,222,247,248,-1,193,221,249,-1,249,221,222,-1,249,222,250,-1,250,222,248,-1,250,248,251,-1,3,4,182,-1,182,4,223,-1,182,223,183,-1,183,223,225,-1,183,225,184,-1,184,225,227,-1,184,227,185,-1,185,227,229,-1,185,229,186,-1,186,229,231,-1,186,231,187,-1,187,231,233,-1,187,233,188,-1,188,233,252,-1,199,198,233,-1,233,198,253,-1,233,253,252,-1,254,197,255,-1,255,197,199,-1,255,199,256,-1,256,199,232,-1,256,232,257,-1,257,232,230,-1,257,230,258,-1,258,230,228,-1,258,228,259,-1,259,228,226,-1,259,226,201,-1,201,226,224,-1,201,224,8,-1,8,224,6,-1,12,14,201,-1,201,14,234,-1,201,234,259,-1,259,234,236,-1,259,236,258,-1,258,236,238,-1,258,238,257,-1,257,238,240,-1,257,240,256,-1,256,240,242,-1,256,242,255,-1,255,242,244,-1,255,244,254,-1,254,244,260,-1,196,195,244,-1,244,195,261,-1,244,261,260,-1,262,194,263,-1,263,194,196,-1,263,196,264,-1,264,196,243,-1,264,243,265,-1,265,243,241,-1,265,241,266,-1,266,241,239,-1,266,239,267,-1,267,239,237,-1,267,237,200,-1,200,237,235,-1,200,235,18,-1,18,235,16,-1,22,24,200,-1,200,24,212,-1,200,212,267,-1,267,212,214,-1,267,214,266,-1,266,214,216,-1,266,216,265,-1,265,216,218,-1,265,218,264,-1,264,218,220,-1,264,220,263,-1,263,220,193,-1,263,193,262,-1,262,193,192,-1,191,193,268,-1,268,193,249,-1,268,249,269,-1,269,249,250,-1,269,250,270,-1,270,250,251,-1,270,251,271,-1,35,120,36,-1,36,120,272,-1,272,120,273,-1,273,120,119,-1,273,119,274,-1,274,119,275,-1,275,119,118,-1,275,118,276,-1,276,118,277,-1,277,118,117,-1,277,117,278,-1,278,117,279,-1,279,117,116,-1,279,116,280,-1,280,116,281,-1,281,116,115,-1,281,115,282,-1,282,115,283,-1,283,115,114,-1,283,114,284,-1,34,37,203,-1,203,37,285,-1,203,285,204,-1,204,285,286,-1,204,286,206,-1,206,286,287,-1,206,287,207,-1,207,287,288,-1,207,288,209,-1,209,288,289,-1,209,289,210,-1,210,289,290,-1,210,290,245,-1,245,290,291,-1,245,291,246,-1,246,291,292,-1,246,292,247,-1,247,292,293,-1,247,293,248,-1,248,293,294,-1,248,294,251,-1,251,294,295,-1,251,295,271,-1,271,295,296,-1,295,297,296,-1,298,287,299,-1,299,287,286,-1,299,286,300,-1,300,286,285,-1,300,285,301,-1,301,285,37,-1,301,37,302,-1,302,37,303,-1,304,305,291,-1,291,290,304,-1,304,290,289,-1,304,289,298,-1,298,289,288,-1,298,288,287,-1,297,295,306,-1,295,294,306,-1,306,294,293,-1,306,293,305,-1,305,293,292,-1,305,292,291,-1,36,307,37,-1,37,307,303,-1,307,36,308,-1,308,36,272,-1,308,272,309,-1,309,272,310,-1,272,273,310,-1,310,273,274,-1,310,274,311,-1,311,274,312,-1,274,275,312,-1,312,275,276,-1,312,276,313,-1,276,277,313,-1,313,277,278,-1,313,278,314,-1,278,279,314,-1,314,279,280,-1,314,280,315,-1,280,281,315,-1,315,281,282,-1,315,282,316,-1,316,282,283,-1,316,283,284,-1,114,42,317,-1,317,42,318,-1,80,319,52,-1,52,319,318,-1,52,318,41,-1,41,318,42,-1,80,79,319,-1,319,79,45,-1,319,45,320,-1,67,321,51,-1,51,321,320,-1,51,320,44,-1,44,320,45,-1,67,66,321,-1,321,66,48,-1,321,48,322,-1,48,47,322,-1,322,47,50,-1,322,50,323,-1,92,324,53,-1,53,324,323,-1,53,323,54,-1,54,323,50,-1,133,131,325,-1,325,326,133,-1,133,326,327,-1,133,327,134,-1,134,327,328,-1,134,328,121,-1,121,328,329,-1,121,329,122,-1,122,329,330,-1,122,330,123,-1,189,130,330,-1,330,130,132,-1,330,132,123,-1,131,331,325,-1,325,331,332,-1,325,332,333,-1,334,335,336,-1,336,335,337,-1,336,337,338,-1,338,337,339,-1,338,339,340,-1,340,339,341,-1,340,341,342,-1,342,341,343,-1,342,343,344,-1,344,343,345,-1,131,129,331,-1,331,129,346,-1,331,346,332,-1,332,346,347,-1,332,347,334,-1,334,347,335,-1,126,190,135,-1,135,190,348,-1,135,348,136,-1,136,348,137,-1,137,348,349,-1,137,349,124,-1,124,349,125,-1,125,349,350,-1,125,350,127,-1,127,350,351,-1,127,351,128,-1,128,351,129,-1,129,351,352,-1,129,352,346,-1,346,352,353,-1,346,353,347,-1,354,353,176,-1,176,179,354,-1,354,179,181,-1,354,181,188,-1,92,138,324,-1,324,138,151,-1,324,151,333,-1,160,161,349,-1,349,161,163,-1,349,163,350,-1,350,163,166,-1,350,166,351,-1,351,166,168,-1,351,168,352,-1,352,168,170,-1,352,170,353,-1,353,170,173,-1,353,173,176,-1,156,330,155,-1,155,330,329,-1,155,329,154,-1,154,329,328,-1,154,328,153,-1,153,328,327,-1,153,327,152,-1,152,327,326,-1,152,326,157,-1,157,326,325,-1,157,325,158,-1,158,325,333,-1,158,333,159,-1,159,333,151,-1,349,348,160,-1,160,348,190,-1,160,190,156,-1,156,190,189,-1,156,189,330,-1,271,355,270,-1,270,355,356,-1,270,356,269,-1,269,356,268,-1,268,356,357,-1,268,357,191,-1,191,357,192,-1,192,357,358,-1,192,358,262,-1,359,195,358,-1,358,195,194,-1,358,194,262,-1,197,254,360,-1,360,254,260,-1,360,260,359,-1,359,260,261,-1,359,261,195,-1,197,360,198,-1,198,360,361,-1,198,361,253,-1,253,361,252,-1,252,361,354,-1,252,354,188,-1,284,114,317,-1,309,310,362,-1,304,298,363,-1,309,362,308,-1,310,311,362,-1,362,311,312,-1,362,312,313,-1,304,363,305,-1,298,299,363,-1,363,299,300,-1,363,300,301,-1,313,314,362,-1,362,314,315,-1,362,315,317,-1,317,315,316,-1,317,316,284,-1,271,296,355,-1,355,296,297,-1,355,297,363,-1,363,297,306,-1,363,306,305,-1,301,302,363,-1,363,302,303,-1,363,303,362,-1,362,303,307,-1,362,307,308,-1,345,364,344,-1,344,364,365,-1,366,367,368,-1,368,367,369,-1,368,369,370,-1,370,369,371,-1,370,371,372,-1,372,371,373,-1,372,373,362,-1,362,373,363,-1,342,319,340,-1,340,319,320,-1,340,320,338,-1,333,332,324,-1,324,332,334,-1,324,334,323,-1,323,334,336,-1,323,336,322,-1,322,336,338,-1,322,338,321,-1,321,338,320,-1,374,375,376,-1,376,375,366,-1,376,366,377,-1,377,366,368,-1,377,368,378,-1,378,368,370,-1,378,370,379,-1,379,370,372,-1,379,372,365,-1,365,372,362,-1,365,362,344,-1,344,362,317,-1,344,317,342,-1,342,317,318,-1,342,318,319,-1,365,364,380,-1,365,380,379,-1,379,380,381,-1,379,381,378,-1,378,381,382,-1,378,382,377,-1,377,382,383,-1,377,383,376,-1,347,353,335,-1,335,353,354,-1,335,354,337,-1,354,361,337,-1,337,361,360,-1,337,360,339,-1,339,360,359,-1,339,359,341,-1,384,385,367,-1,367,385,383,-1,367,383,369,-1,369,383,382,-1,369,382,371,-1,371,382,381,-1,371,381,373,-1,373,381,380,-1,373,380,363,-1,363,380,364,-1,363,364,355,-1,355,364,345,-1,355,345,356,-1,356,345,343,-1,356,343,357,-1,357,343,341,-1,357,341,358,-1,358,341,359,-1,386,387,374,-1,374,387,375,-1,388,389,387,-1,387,389,390,-1,387,390,375,-1,375,390,384,-1,375,384,366,-1,366,384,367,-1,391,392,388,-1,388,392,389,-1,376,383,374,-1,374,383,385,-1,374,385,386,-1,386,385,393,-1,386,393,394,-1,394,393,395,-1,385,384,393,-1,393,384,390,-1,392,391,396,-1,396,391,397,-1,387,386,388,-1,388,386,394,-1,388,394,391,-1,391,394,398,-1,391,398,397,-1,397,398,399,-1,395,400,394,-1,394,400,398,-1,396,401,392,-1,392,401,400,-1,392,400,389,-1,389,400,395,-1,389,395,390,-1,390,395,393,-1,398,400,399,-1,399,400,401,-1,402,403,404,-1,404,403,405,-1,406,407,408,-1,406,408,409,-1,409,408,410,-1,409,410,411,-1,411,410,412,-1,411,412,413,-1,413,412,414,-1,413,414,415,-1,415,414,416,-1,415,416,417,-1,417,416,405,-1,417,405,403,-1,406,418,407,-1,407,418,419,-1,420,421,422,-1,422,421,423,-1,422,423,424,-1,424,423,425,-1,424,425,426,-1,426,425,427,-1,426,427,428,-1,428,427,429,-1,428,429,430,-1,430,429,431,-1,430,431,432,-1,432,431,433,-1,432,433,403,-1,403,433,417,-1,421,434,423,-1,423,434,435,-1,423,435,425,-1,425,435,436,-1,425,436,427,-1,427,436,437,-1,427,437,429,-1,429,437,438,-1,429,438,431,-1,431,438,439,-1,431,439,433,-1,433,439,440,-1,433,440,417,-1,417,440,415,-1,434,441,435,-1,435,441,442,-1,435,442,436,-1,436,442,443,-1,436,443,437,-1,437,443,444,-1,437,444,438,-1,438,444,445,-1,438,445,439,-1,439,445,446,-1,439,446,440,-1,440,446,447,-1,440,447,415,-1,415,447,413,-1,441,448,442,-1,442,448,449,-1,442,449,443,-1,443,449,450,-1,443,450,444,-1,444,450,451,-1,444,451,445,-1,445,451,452,-1,445,452,446,-1,446,452,453,-1,446,453,447,-1,447,453,454,-1,447,454,413,-1,413,454,411,-1,448,455,449,-1,449,455,456,-1,449,456,450,-1,450,456,457,-1,450,457,451,-1,451,457,458,-1,451,458,452,-1,452,458,459,-1,452,459,453,-1,453,459,460,-1,453,460,454,-1,454,460,461,-1,454,461,411,-1,411,461,409,-1,455,462,456,-1,456,462,463,-1,456,463,457,-1,457,463,464,-1,457,464,458,-1,458,464,465,-1,458,465,459,-1,459,465,466,-1,459,466,460,-1,460,466,467,-1,460,467,461,-1,461,467,468,-1,461,468,409,-1,409,468,406,-1,469,470,471,-1,472,473,474,-1,474,473,475,-1,475,476,474,-1,474,476,477,-1,474,477,478,-1,478,477,479,-1,478,479,480,-1,480,479,481,-1,480,481,471,-1,471,481,482,-1,471,482,469,-1,483,484,474,-1,474,484,485,-1,474,485,472,-1,486,420,487,-1,487,420,422,-1,424,488,422,-1,422,488,489,-1,422,489,487,-1,426,490,424,-1,424,490,491,-1,424,491,488,-1,428,492,426,-1,426,492,493,-1,426,493,490,-1,430,494,428,-1,428,494,495,-1,428,495,492,-1,496,497,430,-1,430,497,498,-1,430,498,494,-1,430,432,496,-1,496,432,403,-1,496,403,402,-1,487,499,486,-1,500,494,501,-1,501,494,498,-1,501,498,502,-1,502,498,497,-1,502,497,503,-1,503,497,496,-1,503,496,504,-1,504,496,402,-1,505,506,490,-1,490,493,505,-1,505,493,492,-1,505,492,500,-1,500,492,495,-1,500,495,494,-1,499,487,507,-1,487,489,507,-1,507,489,488,-1,507,488,506,-1,506,488,491,-1,506,491,490,-1,404,508,402,-1,402,508,504,-1,508,404,509,-1,509,404,510,-1,509,510,511,-1,510,512,511,-1,511,512,513,-1,511,513,514,-1,514,513,515,-1,514,515,516,-1,516,515,517,-1,516,517,518,-1,517,519,518,-1,518,519,520,-1,518,520,521,-1,520,522,521,-1,521,522,523,-1,521,523,524,-1,523,525,524,-1,524,525,526,-1,524,526,527,-1,527,526,528,-1,527,528,529,-1,405,530,404,-1,404,530,510,-1,510,530,512,-1,512,530,531,-1,512,531,513,-1,513,531,515,-1,515,531,532,-1,515,532,517,-1,517,532,519,-1,519,532,533,-1,519,533,520,-1,520,533,522,-1,522,533,534,-1,522,534,523,-1,523,534,525,-1,525,534,535,-1,525,535,526,-1,526,535,528,-1,528,535,536,-1,528,536,529,-1,537,538,478,-1,478,538,474,-1,536,535,539,-1,535,534,540,-1,541,542,543,-1,534,533,544,-1,533,532,545,-1,546,547,548,-1,532,531,549,-1,531,530,550,-1,530,405,416,-1,530,416,550,-1,550,416,414,-1,550,414,551,-1,551,414,412,-1,551,412,552,-1,552,412,410,-1,552,410,553,-1,553,410,408,-1,553,408,554,-1,408,407,554,-1,554,407,555,-1,554,555,556,-1,531,550,549,-1,549,550,551,-1,549,551,557,-1,557,551,552,-1,557,552,558,-1,558,552,553,-1,558,553,559,-1,559,553,554,-1,559,554,546,-1,546,554,556,-1,546,556,547,-1,532,549,545,-1,545,549,557,-1,545,557,560,-1,560,557,558,-1,560,558,561,-1,561,558,559,-1,561,559,562,-1,562,559,546,-1,562,546,563,-1,563,546,548,-1,563,548,564,-1,533,545,544,-1,544,545,560,-1,544,560,565,-1,565,560,561,-1,565,561,566,-1,566,561,562,-1,566,562,567,-1,567,562,563,-1,567,563,541,-1,541,563,564,-1,541,564,542,-1,534,544,540,-1,540,544,565,-1,540,565,568,-1,568,565,566,-1,568,566,569,-1,569,566,567,-1,569,567,570,-1,570,567,541,-1,570,541,571,-1,571,541,543,-1,571,543,572,-1,535,540,539,-1,539,540,568,-1,539,568,573,-1,573,568,569,-1,573,569,574,-1,574,569,570,-1,574,570,575,-1,575,570,571,-1,575,571,576,-1,576,571,572,-1,576,572,577,-1,536,539,578,-1,578,539,573,-1,578,573,579,-1,579,573,574,-1,579,574,580,-1,580,574,575,-1,580,575,581,-1,581,575,576,-1,581,576,582,-1,582,576,577,-1,582,577,583,-1,406,468,418,-1,418,468,584,-1,584,468,585,-1,585,468,467,-1,585,467,586,-1,586,467,587,-1,587,467,466,-1,587,466,588,-1,588,466,589,-1,589,466,465,-1,589,465,590,-1,590,465,591,-1,591,465,464,-1,591,464,592,-1,592,464,593,-1,593,464,463,-1,593,463,594,-1,594,463,595,-1,595,463,462,-1,595,462,596,-1,597,583,598,-1,598,583,577,-1,598,577,599,-1,599,577,572,-1,599,572,600,-1,600,572,543,-1,556,601,547,-1,547,601,602,-1,547,602,548,-1,548,602,603,-1,548,603,564,-1,564,603,604,-1,564,604,542,-1,542,604,605,-1,542,605,543,-1,543,605,606,-1,543,606,600,-1,407,419,555,-1,555,419,607,-1,555,607,556,-1,556,607,608,-1,556,608,601,-1,598,609,597,-1,610,601,611,-1,611,601,608,-1,611,608,612,-1,612,608,607,-1,612,607,613,-1,613,607,419,-1,613,419,614,-1,614,419,615,-1,616,617,605,-1,605,604,616,-1,616,604,603,-1,616,603,610,-1,610,603,602,-1,610,602,601,-1,609,598,618,-1,598,599,618,-1,618,599,600,-1,618,600,617,-1,617,600,606,-1,617,606,605,-1,418,619,419,-1,419,619,615,-1,619,418,620,-1,620,418,584,-1,620,584,621,-1,621,584,622,-1,584,585,622,-1,622,585,586,-1,622,586,623,-1,623,586,624,-1,586,587,624,-1,624,587,588,-1,624,588,625,-1,588,589,625,-1,625,589,590,-1,625,590,626,-1,590,591,626,-1,626,591,592,-1,626,592,627,-1,592,593,627,-1,627,593,594,-1,627,594,628,-1,628,594,595,-1,628,595,596,-1,629,462,455,-1,629,455,630,-1,630,455,448,-1,630,448,631,-1,631,448,441,-1,631,441,632,-1,632,441,434,-1,632,434,633,-1,633,434,421,-1,633,421,634,-1,634,421,420,-1,634,420,635,-1,481,479,636,-1,636,637,481,-1,481,637,638,-1,481,638,482,-1,482,638,639,-1,482,639,469,-1,469,639,640,-1,469,640,470,-1,470,640,641,-1,470,641,471,-1,537,478,641,-1,641,478,480,-1,641,480,471,-1,479,642,636,-1,636,642,643,-1,636,643,644,-1,645,646,647,-1,647,646,648,-1,647,648,649,-1,649,648,650,-1,649,650,651,-1,651,650,652,-1,651,652,653,-1,653,652,654,-1,653,654,655,-1,655,654,656,-1,479,477,642,-1,642,477,657,-1,642,657,643,-1,643,657,658,-1,643,658,645,-1,645,658,646,-1,474,538,483,-1,483,538,659,-1,483,659,484,-1,484,659,485,-1,485,659,660,-1,485,660,472,-1,472,660,473,-1,473,660,661,-1,473,661,475,-1,475,661,662,-1,475,662,476,-1,476,662,477,-1,477,662,663,-1,477,663,657,-1,657,663,664,-1,657,664,658,-1,665,664,524,-1,524,527,665,-1,665,527,529,-1,665,529,536,-1,420,486,635,-1,635,486,499,-1,635,499,644,-1,508,509,660,-1,660,509,511,-1,660,511,661,-1,661,511,514,-1,661,514,662,-1,662,514,516,-1,662,516,663,-1,663,516,518,-1,663,518,664,-1,664,518,521,-1,664,521,524,-1,504,641,503,-1,503,641,640,-1,503,640,502,-1,502,640,639,-1,502,639,501,-1,501,639,638,-1,501,638,500,-1,500,638,637,-1,500,637,505,-1,505,637,636,-1,505,636,506,-1,506,636,644,-1,506,644,507,-1,507,644,499,-1,660,659,508,-1,508,659,538,-1,508,538,504,-1,504,538,537,-1,504,537,641,-1,583,666,667,-1,583,667,582,-1,582,667,668,-1,582,668,581,-1,581,668,669,-1,581,669,580,-1,580,669,670,-1,580,670,579,-1,579,670,671,-1,579,671,578,-1,578,671,665,-1,578,665,536,-1,596,462,629,-1,621,622,672,-1,616,610,673,-1,621,672,620,-1,616,673,617,-1,610,611,673,-1,673,611,612,-1,673,612,613,-1,622,623,672,-1,672,623,624,-1,672,624,625,-1,625,626,672,-1,672,626,627,-1,672,627,629,-1,629,627,628,-1,629,628,596,-1,583,597,666,-1,666,597,609,-1,666,609,673,-1,673,609,618,-1,673,618,617,-1,613,614,673,-1,673,614,615,-1,673,615,672,-1,672,615,619,-1,672,619,620,-1,656,674,655,-1,655,674,675,-1,676,677,678,-1,678,677,679,-1,678,679,680,-1,680,679,681,-1,680,681,672,-1,672,681,673,-1,644,643,635,-1,635,643,645,-1,635,645,634,-1,634,645,647,-1,634,647,633,-1,633,647,649,-1,633,649,632,-1,632,649,651,-1,682,683,684,-1,684,683,676,-1,684,676,685,-1,685,676,678,-1,685,678,686,-1,686,678,680,-1,686,680,675,-1,675,680,672,-1,675,672,655,-1,655,672,629,-1,655,629,653,-1,653,629,630,-1,653,630,651,-1,651,630,631,-1,651,631,632,-1,675,674,687,-1,675,687,686,-1,686,687,688,-1,686,688,685,-1,685,688,689,-1,685,689,684,-1,658,664,646,-1,646,664,665,-1,646,665,648,-1,648,665,671,-1,648,671,650,-1,690,691,677,-1,677,691,689,-1,677,689,679,-1,679,689,688,-1,679,688,681,-1,681,688,687,-1,681,687,673,-1,673,687,674,-1,673,674,666,-1,666,674,656,-1,666,656,667,-1,667,656,654,-1,667,654,668,-1,668,654,652,-1,668,652,669,-1,669,652,650,-1,669,650,670,-1,670,650,671,-1,692,693,682,-1,682,693,683,-1,694,695,693,-1,693,695,696,-1,693,696,683,-1,683,696,690,-1,683,690,676,-1,676,690,677,-1,697,698,694,-1,694,698,695,-1,684,689,682,-1,682,689,691,-1,682,691,692,-1,692,691,699,-1,692,699,700,-1,700,699,701,-1,691,690,699,-1,699,690,696,-1,698,697,702,-1,702,697,703,-1,693,692,694,-1,694,692,700,-1,694,700,697,-1,697,700,704,-1,697,704,703,-1,703,704,705,-1,701,706,700,-1,700,706,704,-1,702,707,698,-1,698,707,706,-1,698,706,695,-1,695,706,701,-1,695,701,696,-1,696,701,699,-1,704,706,705,-1,705,706,707,-1,
        ]
    }
}
Shape{
    appearance Appearance {
        material  Material 	{
            diffuseColor 0.25098039215686274 0.25098039215686274 0.25098039215686274
            specularColor 0.12549019607843137 0.12549019607843137 0.12549019607843137
            ambientIntensity 0.2
            transparency 0
            shininess 0.5
        }
    }
    geometry IndexedFaceSet {
        ccw TRUE
        solid FALSE
        coord DEF co Coordinate {
            point [
                -3.7051 2.1636 -0.259, -3.7051 2.1636 -0.4756, -3.7051 2.4392 -0.259, -3.7051 2.4392 -0.4756, -3.6263 0.766 -0.4756, -3.6263 1.9611 -0.4756, -3.5673 0.766 -0.4165, -3.5673 1.8093 -0.4165, -3.5673 1.8093 -0.259, -3.5673 2.4392 -0.259, -3.5673 2.4392 -0.4165, -3.6263 2.4392 -0.4756, -3.6263 3.1282 -0.4756, -3.5673 3.1282 -0.4165, -7.8389 1.8093 -0.259, -7.8389 2.4392 -0.259, -7.7012 2.1636 -0.259, -7.7012 2.4392 -0.259, -3.8626 3.1282 -0.4756, -3.8626 0.766 -0.4756, -3.4886 1.2187 -0.2, -3.5673 1.2187 -0.2, -3.4886 1.2975 -0.1606, -3.5673 1.2975 -0.1606, -3.5673 0.9825 -0.2, -3.5673 0.9825 -0.2787, -3.5673 3.1282 0.0323, -3.5673 1.2975 0.0323, -3.5673 0.9235 -0.2787, -3.5673 0.766 -0.2787, -7.8389 0.766 -0.2787, -7.8389 0.9235 -0.2787, -7.8389 0.766 -0.4165, -7.8389 0.9825 -0.2787, -7.8389 1.8093 -0.4165, -7.8389 0.9825 -0.2, -7.8389 3.1282 -0.4165, -7.8389 2.4392 -0.4165, -7.8389 3.1282 0.0323, -7.8389 1.2975 0.0323, -7.8389 1.2975 -0.1606, -7.8389 1.2187 -0.2, -7.9177 1.2975 -0.1606, -7.9177 1.2187 -0.2, -7.7012 2.4392 -0.4756, -7.7012 2.1636 -0.4756, -7.7799 2.4392 -0.4756, -7.7799 3.1282 -0.4756, -7.7799 0.766 -0.4756, -7.7799 1.9611 -0.4756, -3.8626 3.1282 -0.5425, -3.8626 0.766 -0.512, -3.8626 0.9235 -0.5425, -3.8626 0.766 -0.5425, -3.4886 1.2975 0.1189, -3.4886 0.9825 0.1189, -3.4886 0.9825 -0.2, -3.6854 0.9825 0.1189, -3.7641 1.1006 0.1189, -3.7641 1.2975 0.1189, -3.7641 1.2975 0.0323, -3.7641 3.1282 0.0323, -7.9177 1.2975 0.1189, -7.6421 1.2975 0.0323, -7.6421 1.2975 0.1189, -7.6421 3.1282 0.0323, -7.6421 1.1006 0.1189, -7.9177 0.9825 0.1189, -7.6815 0.9825 0.1189, -7.9177 0.9825 -0.2, -7.5437 1.0809 -0.4756, -7.5437 1.0809 -0.5425, -7.5437 0.9235 -0.5425, -7.5437 0.766 -0.5425, -7.5437 0.766 -0.512, -7.5437 0.766 -0.4756, -7.5833 1.0809 -0.4756, -7.5584 0.766 -0.4756, -7.5833 2.892 -0.4756, -7.5437 2.892 -0.4756, -7.5437 3.1282 -0.4756, -7.5437 3.1282 -0.5425, -7.5437 2.892 -0.5425, -6.084 2.5639 -0.5425, -6.087 2.5376 -0.5425, -6.1362 3.1282 -0.5425, -4.837 0.9235 -0.5425, -4.4039 0.9235 -0.5425, -4.4039 0.766 -0.5425, -6.52 1.0809 -0.5425, -6.1854 1.0809 -0.5425, -6.1362 0.9235 -0.5425, -6.1854 2.5376 -0.5425, -6.1894 2.5682 -0.5425, -6.2012 2.5967 -0.5425, -6.22 2.6211 -0.5425, -6.2445 2.6399 -0.5425, -6.2729 2.6517 -0.5425, -6.702 2.8574 -0.5425, -6.7265 2.8761 -0.5425, -7.0319 3.1282 -0.5425, -6.7549 2.8879 -0.5425, -6.3035 2.6557 -0.5425, -6.4019 2.6557 -0.5425, -6.4325 2.6517 -0.5425, -6.461 2.6399 -0.5425, -6.6531 2.8084 -0.5425, -7.0319 2.892 -0.5425, -6.7855 2.892 -0.5425, -6.4855 2.6211 -0.5425, -6.5042 2.5967 -0.5425, -6.6185 2.7249 -0.5425, -6.6207 2.748 -0.5425, -6.6275 2.7701 -0.5425, -6.6384 2.7905 -0.5425, -7.0319 0.9235 -0.5425, -7.0319 1.0809 -0.5425, -6.6185 1.0809 -0.5425, -4.3547 2.5376 -0.5425, -4.3547 1.0809 -0.5425, -4.2672 2.6517 -0.5425, -4.2956 2.6399 -0.5425, -4.4039 3.1282 -0.5425, -4.3201 2.6211 -0.5425, -4.3389 2.5967 -0.5425, -4.3507 2.5682 -0.5425, -3.953 2.5889 -0.5425, -3.9671 2.6113 -0.5425, -3.9858 2.63 -0.5425, -4.0082 2.644 -0.5425, -3.9413 1.0809 -0.5425, -3.9413 2.5376 -0.5425, -3.9443 2.5639 -0.5425, -4.0331 2.6528 -0.5425, -4.0594 2.6557 -0.5425, -4.2366 2.6557 -0.5425, -4.4976 2.63 -0.5425, -4.52 2.644 -0.5425, -4.5449 2.6528 -0.5425, -4.5712 2.6557 -0.5425, -4.837 3.1282 -0.5425, -4.6697 2.6557 -0.5425, -4.7002 2.6517 -0.5425, -4.7287 2.6399 -0.5425, -4.7532 2.6211 -0.5425, -4.7719 2.5967 -0.5425, -4.4531 2.5376 -0.5425, -4.4561 2.5639 -0.5425, -4.4648 2.5889 -0.5425, -4.4789 2.6113 -0.5425, -4.7837 2.5682 -0.5425, -4.7878 2.5376 -0.5425, -4.7878 1.0809 -0.5425, -4.4531 1.0809 -0.5425, -5.2208 2.5376 -0.5425, -5.2208 1.0809 -0.5425, -5.27 0.9235 -0.5425, -4.8979 2.5889 -0.5425, -4.912 2.6113 -0.5425, -4.9307 2.63 -0.5425, -4.9531 2.644 -0.5425, -5.1951 2.6113 -0.5425, -5.2091 2.5889 -0.5425, -5.27 3.1282 -0.5425, -5.2179 2.5639 -0.5425, -5.129 2.6528 -0.5425, -5.154 2.644 -0.5425, -5.1764 2.63 -0.5425, -4.8862 1.0809 -0.5425, -4.8862 2.5376 -0.5425, -4.8892 2.5639 -0.5425, -4.978 2.6528 -0.5425, -5.0043 2.6557 -0.5425, -5.1027 2.6557 -0.5425, -4.837 0.766 -0.5425, -5.2012 0.766 -0.5425, -5.27 0.766 -0.5425, -5.7235 0.9235 -0.5425, -5.3233 2.5682 -0.5425, -5.3351 2.5967 -0.5425, -5.3539 2.6211 -0.5425, -5.3783 2.6399 -0.5425, -5.7235 3.1282 -0.5425, -5.5621 2.6528 -0.5425, -5.587 2.644 -0.5425, -5.6094 2.63 -0.5425, -5.6281 2.6113 -0.5425, -5.6422 2.5889 -0.5425, -5.3193 2.5376 -0.5425, -5.4068 2.6517 -0.5425, -5.4374 2.6557 -0.5425, -5.5358 2.6557 -0.5425, -5.6509 2.5639 -0.5425, -5.6539 2.5376 -0.5425, -5.6539 1.0809 -0.5425, -5.3193 1.0809 -0.5425, -6.087 1.0809 -0.5425, -5.7931 1.0809 -0.5425, -5.7931 2.6269 -0.5425, -5.8163 2.6426 -0.5425, -5.9951 2.6528 -0.5425, -6.0201 2.644 -0.5425, -6.0425 2.63 -0.5425, -6.0612 2.6113 -0.5425, -6.0753 2.5889 -0.5425, -5.8426 2.6524 -0.5425, -5.8704 2.6557 -0.5425, -5.9689 2.6557 -0.5425, -6.1362 0.766 -0.5425, -5.8508 0.766 -0.5425, -5.7235 0.766 -0.5425, -6.5693 0.766 -0.5425, -6.52 2.5376 -0.5425, -6.516 2.5682 -0.5425, -7.0023 0.766 -0.5425, -7.0319 0.766 -0.5425, -3.6854 0.9825 -0.2787, -3.7543 1.0859 -0.2787, -3.7641 1.1006 -0.2787, -3.7641 2.7739 -0.2787, -3.7641 3.1282 -0.2787, -4.4039 3.1282 -0.2787, -6.5693 3.1282 -0.2787, -7.6421 3.1282 -0.2787, -6.1362 3.1282 -0.2787, -5.7235 3.1282 -0.2787, -5.27 3.1282 -0.2787, -4.837 3.1282 -0.2787, -7.6421 1.1006 -0.2787, -7.6421 2.7739 -0.2787, -7.6815 0.9825 -0.2787, -6.087 1.0809 -0.2787, -5.7931 1.0809 -0.2787, -6.087 2.5376 -0.2787, -6.084 2.5639 -0.2787, -6.0753 2.5889 -0.2787, -6.0612 2.6113 -0.2787, -6.0425 2.63 -0.2787, -6.0201 2.644 -0.2787, -5.9951 2.6528 -0.2787, -5.9689 2.6557 -0.2787, -5.8704 2.6557 -0.2787, -5.8426 2.6524 -0.2787, -5.8163 2.6426 -0.2787, -5.7931 2.6269 -0.2787, -4.3547 2.5376 -0.2787, -4.3507 2.5682 -0.2787, -4.3389 2.5967 -0.2787, -4.3201 2.6211 -0.2787, -4.2956 2.6399 -0.2787, -4.2672 2.6517 -0.2787, -4.2366 2.6557 -0.2787, -4.0594 2.6557 -0.2787, -4.0331 2.6528 -0.2787, -4.0082 2.644 -0.2787, -3.9858 2.63 -0.2787, -3.9671 2.6113 -0.2787, -3.953 2.5889 -0.2787, -3.9443 2.5639 -0.2787, -3.9413 2.5376 -0.2787, -3.9413 1.0809 -0.2787, -4.3547 1.0809 -0.2787, -4.8862 1.0809 -0.2787, -4.8862 2.5376 -0.2787, -5.1421 1.0809 -0.4815, -5.1421 1.0809 -0.4224, -5.2208 1.0809 -0.2787, -4.9649 1.0809 -0.4224, -4.9649 1.0809 -0.4815, -5.2208 2.5376 -0.2787, -5.2179 2.5639 -0.2787, -5.2091 2.5889 -0.2787, -5.1951 2.6113 -0.2787, -5.1764 2.63 -0.2787, -5.154 2.644 -0.2787, -5.129 2.6528 -0.2787, -5.1027 2.6557 -0.2787, -5.0043 2.6557 -0.2787, -4.978 2.6528 -0.2787, -4.9531 2.644 -0.2787, -4.9307 2.63 -0.2787, -4.912 2.6113 -0.2787, -4.8979 2.5889 -0.2787, -4.8892 2.5639 -0.2787, -5.6539 2.5376 -0.2787, -5.6509 2.5639 -0.2787, -5.6422 2.5889 -0.2787, -5.6281 2.6113 -0.2787, -5.6094 2.63 -0.2787, -5.587 2.644 -0.2787, -5.5621 2.6528 -0.2787, -5.5358 2.6557 -0.2787, -5.4374 2.6557 -0.2787, -5.4068 2.6517 -0.2787, -5.3783 2.6399 -0.2787, -5.3539 2.6211 -0.2787, -5.3351 2.5967 -0.2787, -5.3233 2.5682 -0.2787, -5.3193 2.5376 -0.2787, -5.3193 1.0809 -0.2787, -5.6539 1.0809 -0.2787, -4.4531 1.0809 -0.2787, -4.4531 2.5376 -0.2787, -4.7878 1.0809 -0.2787, -4.7878 2.5376 -0.2787, -4.7837 2.5682 -0.2787, -4.7719 2.5967 -0.2787, -4.7532 2.6211 -0.2787, -4.7287 2.6399 -0.2787, -4.7002 2.6517 -0.2787, -4.6697 2.6557 -0.2787, -4.5712 2.6557 -0.2787, -4.5449 2.6528 -0.2787, -4.52 2.644 -0.2787, -4.4976 2.63 -0.2787, -4.4789 2.6113 -0.2787, -4.4648 2.5889 -0.2787, -4.4561 2.5639 -0.2787, -6.6185 1.0809 -0.2787, -6.6185 2.7249 -0.2787, -6.8744 1.0809 -0.4224, -7.5833 1.0809 -0.2787, -6.8744 1.0809 -0.4815, -6.6972 1.0809 -0.4815, -6.6972 1.0809 -0.4224, -7.5833 2.7739 -0.2787, -7.5833 2.892 -0.2787, -6.7855 2.892 -0.2787, -6.702 2.8574 -0.2787, -6.7265 2.8761 -0.2787, -6.7549 2.8879 -0.2787, -6.6531 2.8084 -0.2787, -6.6384 2.7905 -0.2787, -6.6295 2.7739 -0.2787, -6.6207 2.748 -0.2787, -6.6275 2.7701 -0.2787, -6.1854 1.0809 -0.2787, -6.1854 2.5376 -0.2787, -6.2641 1.0809 -0.4224, -6.2641 1.0809 -0.4815, -6.4413 1.0809 -0.4815, -6.4413 1.0809 -0.4224, -6.52 1.0809 -0.2787, -6.52 2.5376 -0.2787, -6.516 2.5682 -0.2787, -6.5042 2.5967 -0.2787, -6.4855 2.6211 -0.2787, -6.461 2.6399 -0.2787, -6.4325 2.6517 -0.2787, -6.4019 2.6557 -0.2787, -6.3035 2.6557 -0.2787, -6.2729 2.6517 -0.2787, -6.2445 2.6399 -0.2787, -6.22 2.6211 -0.2787, -6.2012 2.5967 -0.2787, -6.1894 2.5682 -0.2787, -5.27 0.9235 -0.2787, -5.7235 0.9235 -0.2787, -5.7235 0.766 -0.2787, -6.5693 2.7739 -0.2787, -6.5693 0.9235 -0.2787, -4.4039 0.9235 -0.2787, -3.7543 0.9235 -0.2787, -4.4039 2.7739 -0.2787, -7.5584 0.766 -0.2787, -6.1362 2.7739 -0.2787, -6.1362 0.9235 -0.2787, -5.7235 2.7739 -0.2787, -7.0023 0.766 -0.2787, -6.5693 0.766 -0.2787, -6.1362 0.766 -0.2787, -5.8508 0.766 -0.2787, -5.27 2.7739 -0.2787, -4.837 0.9235 -0.2787, -4.837 2.7739 -0.2787, -5.27 0.766 -0.2787, -5.2012 0.766 -0.2787, -4.837 0.766 -0.2787, -4.4039 0.766 -0.2787, -3.7543 0.766 -0.2787, -3.7543 0.766 -0.2787
            ]
        }
        coordIndex [
            0,1,2,-1,2,1,3,-1,4,5,6,-1,6,5,7,-1,1,0,5,-1,5,0,8,-1,5,8,7,-1,2,9,0,-1,0,9,8,-1,10,9,11,-1,11,9,2,-1,11,2,3,-1,11,12,10,-1,10,12,13,-1,14,15,16,-1,16,15,17,-1,1,5,4,-1,18,12,11,-1,11,3,18,-1,18,3,1,-1,18,1,19,-1,19,1,4,-1,20,21,22,-1,22,21,23,-1,21,24,25,-1,10,13,9,-1,9,13,26,-1,9,26,8,-1,8,26,27,-1,8,27,7,-1,7,27,23,-1,23,21,7,-1,7,21,25,-1,7,25,6,-1,6,25,28,-1,6,28,29,-1,30,31,32,-1,32,31,33,-1,32,33,34,-1,34,33,35,-1,36,37,38,-1,38,37,15,-1,38,15,39,-1,39,15,14,-1,39,14,40,-1,40,14,34,-1,40,34,41,-1,41,34,35,-1,42,40,43,-1,43,40,41,-1,17,44,16,-1,16,44,45,-1,46,44,37,-1,37,44,17,-1,37,17,15,-1,46,37,47,-1,47,37,36,-1,48,32,49,-1,49,32,34,-1,34,14,49,-1,49,14,16,-1,49,16,45,-1,18,19,50,-1,50,19,51,-1,50,51,52,-1,52,51,53,-1,22,54,20,-1,20,54,55,-1,20,55,56,-1,56,24,20,-1,20,24,21,-1,57,55,58,-1,58,55,54,-1,58,54,59,-1,60,59,27,-1,27,59,54,-1,27,54,23,-1,23,54,22,-1,61,60,26,-1,26,60,27,-1,40,42,39,-1,39,42,62,-1,39,62,63,-1,63,62,64,-1,63,65,39,-1,39,65,38,-1,64,62,66,-1,66,62,67,-1,66,67,68,-1,69,67,43,-1,43,67,62,-1,43,62,42,-1,43,41,69,-1,69,41,35,-1,70,71,72,-1,72,73,70,-1,70,73,74,-1,70,74,75,-1,48,76,77,-1,77,76,70,-1,77,70,75,-1,44,78,45,-1,45,78,76,-1,45,76,49,-1,49,76,48,-1,44,46,78,-1,78,46,47,-1,78,47,79,-1,79,47,80,-1,80,81,79,-1,79,81,82,-1,83,84,85,-1,86,87,88,-1,89,90,91,-1,91,90,92,-1,91,92,85,-1,85,92,93,-1,85,93,94,-1,94,95,85,-1,85,95,96,-1,85,96,97,-1,98,99,100,-1,100,99,101,-1,97,102,85,-1,85,102,103,-1,85,103,100,-1,100,103,104,-1,100,104,98,-1,98,104,105,-1,98,105,106,-1,82,81,107,-1,107,81,100,-1,107,100,108,-1,108,100,101,-1,109,110,111,-1,111,112,109,-1,109,112,113,-1,109,113,105,-1,105,113,114,-1,105,114,106,-1,72,71,115,-1,115,71,116,-1,115,116,117,-1,118,119,87,-1,120,121,122,-1,122,121,123,-1,123,124,122,-1,122,124,125,-1,122,125,118,-1,126,127,50,-1,50,127,128,-1,50,128,129,-1,119,130,52,-1,52,130,131,-1,52,131,50,-1,50,131,132,-1,50,132,126,-1,129,133,50,-1,50,133,134,-1,50,134,122,-1,122,134,135,-1,122,135,120,-1,119,52,87,-1,87,52,53,-1,87,53,88,-1,122,136,137,-1,137,138,122,-1,122,138,139,-1,122,139,140,-1,140,139,141,-1,140,141,142,-1,142,143,140,-1,140,143,144,-1,140,144,145,-1,118,87,122,-1,122,87,146,-1,122,146,147,-1,147,148,122,-1,122,148,149,-1,122,149,136,-1,145,150,140,-1,140,150,151,-1,140,151,86,-1,86,151,152,-1,86,152,87,-1,87,152,153,-1,87,153,146,-1,154,155,156,-1,156,155,86,-1,157,158,140,-1,140,158,159,-1,140,159,160,-1,161,162,163,-1,163,162,164,-1,163,164,154,-1,165,166,163,-1,163,166,167,-1,163,167,161,-1,155,168,86,-1,86,168,169,-1,86,169,140,-1,140,169,170,-1,140,170,157,-1,160,171,140,-1,140,171,172,-1,140,172,163,-1,163,172,173,-1,163,173,165,-1,88,174,86,-1,86,174,175,-1,86,175,156,-1,156,175,176,-1,156,176,177,-1,178,179,163,-1,163,179,180,-1,163,180,181,-1,182,183,184,-1,184,185,182,-1,182,185,186,-1,182,186,187,-1,154,156,163,-1,163,156,188,-1,163,188,178,-1,181,189,163,-1,163,189,190,-1,163,190,182,-1,182,190,191,-1,182,191,183,-1,187,192,182,-1,182,192,193,-1,182,193,177,-1,177,193,194,-1,177,194,156,-1,156,194,195,-1,156,195,188,-1,85,84,91,-1,91,84,196,-1,91,196,177,-1,196,197,177,-1,177,197,198,-1,177,198,182,-1,182,198,199,-1,200,201,85,-1,85,201,202,-1,202,203,85,-1,85,203,204,-1,85,204,83,-1,199,205,182,-1,182,205,206,-1,182,206,85,-1,85,206,207,-1,85,207,200,-1,208,91,209,-1,209,91,177,-1,209,177,210,-1,210,177,176,-1,208,211,91,-1,91,211,115,-1,91,115,89,-1,89,115,117,-1,89,117,212,-1,212,117,111,-1,212,111,213,-1,213,111,110,-1,211,214,115,-1,115,214,215,-1,115,215,72,-1,72,215,73,-1,56,55,24,-1,24,55,57,-1,24,57,25,-1,25,57,216,-1,216,57,217,-1,217,57,58,-1,217,58,218,-1,58,59,218,-1,218,59,60,-1,218,60,219,-1,219,60,61,-1,219,61,220,-1,80,47,36,-1,61,26,220,-1,220,26,13,-1,13,12,220,-1,220,12,18,-1,220,18,221,-1,222,80,223,-1,223,80,36,-1,223,36,65,-1,65,36,38,-1,81,80,100,-1,100,80,222,-1,100,222,85,-1,85,222,224,-1,85,224,182,-1,182,224,225,-1,182,225,163,-1,163,225,226,-1,163,226,140,-1,140,226,227,-1,140,227,122,-1,122,227,221,-1,122,221,50,-1,50,221,18,-1,64,66,63,-1,63,66,228,-1,63,228,65,-1,65,228,229,-1,65,229,223,-1,228,66,230,-1,230,66,68,-1,33,230,35,-1,35,230,68,-1,35,68,69,-1,69,68,67,-1,231,232,196,-1,196,232,197,-1,196,84,231,-1,231,84,233,-1,233,84,234,-1,234,84,83,-1,234,83,235,-1,235,83,204,-1,235,204,236,-1,236,204,203,-1,236,203,237,-1,237,203,202,-1,237,202,238,-1,238,202,201,-1,238,201,239,-1,239,201,200,-1,239,200,240,-1,240,200,207,-1,240,207,241,-1,241,207,206,-1,241,206,242,-1,242,206,205,-1,242,205,243,-1,243,205,199,-1,243,199,244,-1,244,199,198,-1,197,232,198,-1,198,232,244,-1,245,118,246,-1,246,118,125,-1,246,125,247,-1,247,125,124,-1,247,124,248,-1,248,124,123,-1,248,123,249,-1,249,123,121,-1,249,121,250,-1,250,121,120,-1,250,120,251,-1,251,120,135,-1,251,135,252,-1,252,135,134,-1,252,134,253,-1,253,134,133,-1,253,133,254,-1,254,133,129,-1,254,129,255,-1,255,129,128,-1,255,128,256,-1,256,128,127,-1,256,127,257,-1,257,127,126,-1,257,126,258,-1,258,126,132,-1,258,132,259,-1,259,132,131,-1,130,260,131,-1,131,260,259,-1,119,261,130,-1,130,261,260,-1,261,119,245,-1,245,119,118,-1,168,262,169,-1,169,262,263,-1,264,155,265,-1,265,155,266,-1,265,266,267,-1,267,266,262,-1,267,262,268,-1,268,262,168,-1,268,168,264,-1,264,168,155,-1,266,155,269,-1,269,155,154,-1,269,154,270,-1,270,154,164,-1,270,164,271,-1,271,164,162,-1,271,162,272,-1,272,162,161,-1,272,161,273,-1,273,161,167,-1,273,167,274,-1,274,167,166,-1,274,166,275,-1,275,166,165,-1,275,165,276,-1,276,165,173,-1,276,173,277,-1,277,173,172,-1,277,172,278,-1,278,172,171,-1,278,171,279,-1,279,171,160,-1,279,160,280,-1,280,160,159,-1,280,159,281,-1,281,159,158,-1,281,158,282,-1,282,158,157,-1,282,157,283,-1,283,157,170,-1,283,170,263,-1,263,170,169,-1,284,193,285,-1,285,193,192,-1,285,192,286,-1,286,192,187,-1,286,187,287,-1,287,187,186,-1,287,186,288,-1,288,186,185,-1,288,185,289,-1,289,185,184,-1,289,184,290,-1,290,184,183,-1,290,183,291,-1,291,183,191,-1,292,291,190,-1,190,291,191,-1,292,190,293,-1,293,190,189,-1,293,189,294,-1,294,189,181,-1,294,181,295,-1,295,181,180,-1,295,180,296,-1,296,180,179,-1,296,179,297,-1,297,179,178,-1,297,178,298,-1,298,178,188,-1,195,299,188,-1,188,299,298,-1,195,194,299,-1,299,194,300,-1,300,194,284,-1,284,194,193,-1,153,301,146,-1,146,301,302,-1,152,303,153,-1,153,303,301,-1,303,152,304,-1,304,152,151,-1,304,151,305,-1,305,151,150,-1,305,150,306,-1,306,150,145,-1,306,145,307,-1,307,145,144,-1,307,144,308,-1,308,144,143,-1,308,143,309,-1,309,143,142,-1,309,142,310,-1,310,142,141,-1,310,141,311,-1,311,141,139,-1,311,139,312,-1,312,139,138,-1,312,138,313,-1,313,138,137,-1,313,137,314,-1,314,137,136,-1,314,136,315,-1,315,136,149,-1,315,149,316,-1,316,149,148,-1,316,148,317,-1,317,148,147,-1,317,147,302,-1,302,147,146,-1,117,318,111,-1,111,318,319,-1,320,321,318,-1,116,71,70,-1,76,321,70,-1,70,321,320,-1,70,320,116,-1,116,320,322,-1,116,322,117,-1,117,322,323,-1,117,323,318,-1,318,323,324,-1,318,324,320,-1,321,76,325,-1,325,76,78,-1,325,78,326,-1,107,108,327,-1,326,78,79,-1,326,79,327,-1,327,79,82,-1,327,82,107,-1,98,328,99,-1,99,328,329,-1,99,329,101,-1,101,329,330,-1,101,330,108,-1,108,330,327,-1,98,106,328,-1,328,106,331,-1,331,106,332,-1,332,106,114,-1,332,114,333,-1,333,114,113,-1,111,319,112,-1,112,319,334,-1,112,334,113,-1,113,334,335,-1,113,335,333,-1,90,336,92,-1,92,336,337,-1,338,336,339,-1,339,336,90,-1,339,90,340,-1,340,90,89,-1,340,89,341,-1,341,89,342,-1,341,342,338,-1,338,342,336,-1,342,89,343,-1,343,89,212,-1,343,212,344,-1,344,212,213,-1,344,213,345,-1,345,213,110,-1,345,110,346,-1,346,110,109,-1,346,109,347,-1,347,109,105,-1,347,105,348,-1,348,105,104,-1,348,104,349,-1,349,104,103,-1,349,103,350,-1,350,103,102,-1,350,102,351,-1,351,102,97,-1,351,97,352,-1,352,97,96,-1,352,96,353,-1,353,96,95,-1,353,95,354,-1,354,95,94,-1,354,94,355,-1,355,94,93,-1,355,93,337,-1,337,93,92,-1,356,357,358,-1,258,218,219,-1,332,333,359,-1,359,333,335,-1,230,33,31,-1,360,318,321,-1,335,334,359,-1,359,334,319,-1,359,319,318,-1,321,325,229,-1,229,325,326,-1,229,326,223,-1,223,326,222,-1,222,326,327,-1,222,327,330,-1,330,329,222,-1,222,329,328,-1,222,328,331,-1,361,362,260,-1,247,248,363,-1,363,248,249,-1,260,261,361,-1,361,261,245,-1,361,245,363,-1,363,245,246,-1,363,246,247,-1,253,254,219,-1,219,254,255,-1,255,256,219,-1,219,256,257,-1,219,257,258,-1,249,250,363,-1,363,250,251,-1,363,251,219,-1,219,251,252,-1,219,252,253,-1,362,28,25,-1,258,259,218,-1,218,259,260,-1,218,260,217,-1,217,260,362,-1,217,362,216,-1,216,362,25,-1,30,364,31,-1,31,364,360,-1,31,360,230,-1,230,360,321,-1,230,321,228,-1,228,321,229,-1,351,352,365,-1,365,352,353,-1,365,353,354,-1,318,360,359,-1,359,360,343,-1,359,343,344,-1,354,355,365,-1,365,355,337,-1,365,337,366,-1,366,337,336,-1,366,336,360,-1,360,336,342,-1,360,342,343,-1,344,345,359,-1,359,345,346,-1,359,346,347,-1,347,348,359,-1,359,348,349,-1,359,349,365,-1,365,349,350,-1,365,350,351,-1,244,232,357,-1,357,232,366,-1,244,367,243,-1,243,367,242,-1,235,236,365,-1,365,236,237,-1,365,237,238,-1,232,231,366,-1,366,231,233,-1,366,233,365,-1,365,233,234,-1,365,234,235,-1,238,239,365,-1,365,239,240,-1,365,240,367,-1,367,240,241,-1,367,241,242,-1,364,368,360,-1,360,368,369,-1,360,369,366,-1,366,369,370,-1,366,370,357,-1,357,370,371,-1,357,371,358,-1,293,294,372,-1,372,294,295,-1,372,295,296,-1,285,286,367,-1,286,287,367,-1,367,287,288,-1,367,288,289,-1,244,357,367,-1,367,357,284,-1,367,284,285,-1,296,297,372,-1,372,297,298,-1,372,298,356,-1,356,298,299,-1,356,299,357,-1,357,299,300,-1,357,300,284,-1,289,290,367,-1,367,290,291,-1,367,291,372,-1,372,291,292,-1,372,292,293,-1,263,262,373,-1,373,262,356,-1,278,279,374,-1,374,279,280,-1,374,280,281,-1,281,282,374,-1,374,282,283,-1,374,283,263,-1,262,266,356,-1,356,266,269,-1,356,269,372,-1,372,269,270,-1,372,270,271,-1,271,272,372,-1,372,272,273,-1,372,273,274,-1,274,275,372,-1,372,275,276,-1,372,276,374,-1,374,276,277,-1,374,277,278,-1,331,332,222,-1,222,332,359,-1,222,359,224,-1,224,359,365,-1,224,365,225,-1,225,365,367,-1,225,367,226,-1,226,367,372,-1,226,372,227,-1,227,372,374,-1,227,374,221,-1,221,374,363,-1,221,363,220,-1,220,363,219,-1,263,373,374,-1,374,373,304,-1,374,304,305,-1,363,315,316,-1,316,317,363,-1,363,317,302,-1,363,302,361,-1,361,302,301,-1,361,301,373,-1,373,301,303,-1,373,303,304,-1,305,306,374,-1,374,306,307,-1,374,307,308,-1,312,313,363,-1,363,313,314,-1,363,314,315,-1,308,309,374,-1,374,309,310,-1,374,310,363,-1,363,310,311,-1,363,311,312,-1,358,375,356,-1,356,375,376,-1,356,376,373,-1,373,376,377,-1,373,377,361,-1,361,377,378,-1,361,378,362,-1,362,378,379,-1,362,379,28,-1,28,379,29,-1,
        ]
    }
}
Shape{
    appearance Appearance {
        material  Material 	{
            diffuseColor 1.0 1.0 0.0
            specularColor 0.5019607843137255 0.5019607843137255 0.0
            ambientIntensity 0.2
            transparency 0
            shininess 0.5
        }
    }
    geometry IndexedFaceSet {
        ccw TRUE
        solid FALSE
        coord DEF co Coordinate {
            point [
                -7.2779 0.5909 -0.4616, -7.1598 0.5909 -0.4616, -7.1598 0.6065 -0.4452, -7.2779 0.6065 -0.4452, -7.1598 0.6256 -0.4328, -7.2779 0.6256 -0.4328, -7.1598 0.6469 -0.4251, -7.2779 0.6469 -0.4251, -7.1598 0.6695 -0.4224, -7.2779 0.6695 -0.4224, -7.2779 0.766 -0.4224, -7.1598 0.766 -0.4224, -7.1598 0.6695 -0.4815, -7.2779 0.6695 -0.4815, -7.1598 0.766 -0.4815, -7.2779 0.766 -0.4815, -7.2779 0.6605 -0.4825, -7.1598 0.6605 -0.4825, -7.2779 0.6519 -0.4856, -7.1598 0.6519 -0.4856, -7.2779 0.6443 -0.4906, -7.1598 0.6443 -0.4906, -7.2779 0.638 -0.4972, -7.1598 0.638 -0.4972, -7.2779 0.6202 -0.5208, -7.1598 0.6202 -0.5208, -7.1598 0.6046 -0.5372, -7.2779 0.6046 -0.5372, -7.1598 0.5855 -0.5496, -7.2779 0.5855 -0.5496, -7.1598 0.5642 -0.5574, -7.2779 0.5642 -0.5574, -7.1598 0.5416 -0.56, -7.2779 0.5416 -0.56, -7.2779 0.3723 -0.56, -7.1598 0.3723 -0.56, -7.2779 0.3723 -0.5009, -7.1598 0.3723 -0.5009, -7.2779 0.5416 -0.5009, -7.1598 0.5416 -0.5009, -7.2779 0.5506 -0.4999, -7.1598 0.5506 -0.4999, -7.2779 0.5592 -0.4968, -7.1598 0.5592 -0.4968, -7.2779 0.5668 -0.4918, -7.1598 0.5668 -0.4918, -7.2779 0.5731 -0.4853, -7.1598 0.5731 -0.4853, -6.8449 0.5909 -0.4616, -6.7267 0.5909 -0.4616, -6.7267 0.6065 -0.4452, -6.8449 0.6065 -0.4452, -6.7267 0.6256 -0.4328, -6.8449 0.6256 -0.4328, -6.7267 0.6469 -0.4251, -6.8449 0.6469 -0.4251, -6.7267 0.6695 -0.4224, -6.8449 0.6695 -0.4224, -6.8449 0.5731 -0.4853, -6.7267 0.5731 -0.4853, -6.8449 0.5416 -0.5009, -6.7267 0.5416 -0.5009, -6.8449 0.5506 -0.4999, -6.7267 0.5506 -0.4999, -6.8449 0.5592 -0.4968, -6.7267 0.5592 -0.4968, -6.8449 0.5668 -0.4918, -6.7267 0.5668 -0.4918, -6.8449 0.3723 -0.5009, -6.7267 0.3723 -0.5009, -6.8449 0.3723 -0.56, -6.7267 0.3723 -0.56, -6.8449 0.5416 -0.56, -6.7267 0.5416 -0.56, -6.8449 0.6202 -0.5208, -6.7267 0.6202 -0.5208, -6.7267 0.6046 -0.5372, -6.8449 0.6046 -0.5372, -6.7267 0.5855 -0.5496, -6.8449 0.5855 -0.5496, -6.7267 0.5642 -0.5574, -6.8449 0.5642 -0.5574, -6.8449 0.638 -0.4972, -6.7267 0.638 -0.4972, -6.8449 0.6695 -0.4815, -6.7267 0.6695 -0.4815, -6.8449 0.6605 -0.4825, -6.7267 0.6605 -0.4825, -6.8449 0.6519 -0.4856, -6.7267 0.6519 -0.4856, -6.8449 0.6443 -0.4906, -6.7267 0.6443 -0.4906, -6.7267 0.766 -0.4815, -6.8449 0.766 -0.4815, -6.8449 0.766 -0.4224, -6.7267 0.766 -0.4224, -6.3724 2.2712 -0.1453, -6.3724 2.2629 -0.1413, -6.333 2.2712 -0.1453, -6.333 2.2629 -0.1413, -6.3724 2.0281 -0.1891, -6.333 2.0281 -0.1891, -6.333 2.0596 -0.16, -6.3724 2.0596 -0.16, -6.333 2.0966 -0.1384, -6.3724 2.0966 -0.1384, -6.333 2.1374 -0.1253, -6.3724 2.1374 -0.1253, -6.333 2.1801 -0.1214, -6.3724 2.1801 -0.1214, -6.333 2.2226 -0.1268, -6.3724 2.2226 -0.1268, -6.3724 2.0135 -0.2059, -6.333 2.0135 -0.2059, -6.3921 2.2543 -0.159, -6.3921 2.218 -0.1459, -6.3916 2.2562 -0.155, -6.3916 2.219 -0.1417, -6.3901 2.2581 -0.1513, -6.3901 2.22 -0.1376, -6.3878 2.2597 -0.1479, -6.3878 2.2209 -0.134, -6.3847 2.2611 -0.1451, -6.3847 2.2216 -0.131, -6.381 2.2621 -0.143, -6.381 2.2221 -0.1287, -6.3768 2.2627 -0.1417, -6.3768 2.2225 -0.1273, -6.3921 2.1797 -0.1411, -6.3916 2.1798 -0.1367, -6.3901 2.1799 -0.1325, -6.3878 2.18 -0.1288, -6.3847 2.18 -0.1257, -6.381 2.1801 -0.1233, -6.3768 2.1801 -0.1219, -6.3921 2.1413 -0.1446, -6.3916 2.1405 -0.1403, -6.3901 2.1396 -0.1362, -6.3878 2.1389 -0.1326, -6.3847 2.1383 -0.1295, -6.381 2.1378 -0.1272, -6.3768 2.1375 -0.1258, -6.3921 2.1046 -0.1563, -6.3916 2.1028 -0.1523, -6.3901 2.1011 -0.1485, -6.3878 2.0996 -0.1451, -6.3847 2.0983 -0.1423, -6.381 2.0974 -0.1401, -6.3768 2.0968 -0.1388, -6.3921 2.0713 -0.1758, -6.3916 2.0687 -0.1723, -6.3901 2.0662 -0.1689, -6.3878 2.064 -0.1659, -6.3847 2.0621 -0.1634, -6.381 2.0607 -0.1615, -6.3768 2.0599 -0.1604, -6.3921 2.0429 -0.202, -6.3916 2.0396 -0.1991, -6.3901 2.0365 -0.1964, -6.3878 2.0337 -0.1939, -6.3847 2.0313 -0.1919, -6.381 2.0296 -0.1903, -6.3768 2.0285 -0.1894, -6.3994 2.315 -0.2336, -6.3882 2.3235 -0.2323, -6.3757 2.3288 -0.2315, -6.3134 2.321 -0.2327, -6.3069 2.3158 -0.2335, -6.3429 2.3305 -0.2312, -6.3011 2.3097 -0.2345, -6.2917 2.2949 -0.2368, -6.2872 2.2831 -0.2387, -6.3626 2.3305 -0.2312, -6.4182 2.2831 -0.2387, -6.3692 2.3301 -0.2313, -6.4158 2.2902 -0.2376, -6.4087 2.3037 -0.2354, -6.3352 2.3299 -0.2313, -6.3276 2.3281 -0.2316, -6.3203 2.3251 -0.232, -6.3921 2.2568 -0.1602, -6.3916 2.2599 -0.157, -6.3902 2.2629 -0.1538, -6.3916 2.26 -0.1569, -6.3879 2.2657 -0.151, -6.3901 2.263 -0.1537, -6.3847 2.268 -0.1486, -6.3878 2.2658 -0.1509, -6.381 2.2697 -0.1468, -6.3847 2.2681 -0.1485, -6.3768 2.2708 -0.1457, -6.3768 2.2708 -0.1457, -6.381 2.2698 -0.1468, -6.3916 2.2632 -0.1633, -6.381 2.2838 -0.1733, -6.3789 2.2851 -0.174, -6.3768 2.286 -0.1744, -6.3746 2.2866 -0.1747, -6.3724 2.2868 -0.1748, -6.3847 2.2802 -0.1716, -6.3879 2.2754 -0.1692, -6.3902 2.2696 -0.1664, -6.333 2.2868 -0.1748, -6.3308 2.2866 -0.1747, -6.3287 2.2708 -0.1457, -6.3286 2.286 -0.1744, -6.3286 2.2708 -0.1457, -6.3245 2.2698 -0.1468, -6.3265 2.2851 -0.174, -6.3245 2.2697 -0.1468, -6.3245 2.2838 -0.1733, -6.3208 2.2681 -0.1485, -6.3207 2.2802 -0.1716, -6.3207 2.268 -0.1486, -6.3177 2.2658 -0.1509, -6.3176 2.2754 -0.1692, -6.3176 2.2657 -0.151, -6.3153 2.263 -0.1537, -6.3152 2.2696 -0.1664, -6.3153 2.2629 -0.1538, -6.3138 2.26 -0.1569, -6.3138 2.2632 -0.1633, -6.3138 2.2599 -0.157, -6.3134 2.2568 -0.1602, -6.3287 2.2627 -0.1417, -6.3245 2.2621 -0.143, -6.3208 2.2611 -0.1451, -6.3177 2.2597 -0.1479, -6.3153 2.2581 -0.1513, -6.3138 2.2562 -0.155, -6.3134 2.2543 -0.159, -6.3626 2.3443 -0.2029, -6.3429 2.3443 -0.2029, -6.3138 2.219 -0.1417, -6.3153 2.22 -0.1376, -6.3177 2.064 -0.1659, -6.3178 2.0338 -0.194, -6.316 2.0355 -0.1955, -6.3177 2.2209 -0.134, -6.3208 2.2216 -0.131, -6.3245 2.0607 -0.1615, -6.3232 2.0301 -0.1908, -6.3209 2.0314 -0.192, -6.3245 2.2221 -0.1287, -6.3287 2.2225 -0.1273, -6.3287 2.1801 -0.1219, -6.3287 2.1375 -0.1258, -6.3287 2.0968 -0.1388, -6.3287 2.0599 -0.1604, -6.3287 2.0285 -0.1894, -6.3279 2.0286 -0.1895, -6.3245 2.1801 -0.1233, -6.3245 2.1378 -0.1272, -6.3245 2.0974 -0.1401, -6.3208 2.18 -0.1257, -6.3208 2.1383 -0.1295, -6.3208 2.0983 -0.1423, -6.3208 2.0621 -0.1634, -6.3191 2.0324 -0.1928, -6.3177 2.18 -0.1288, -6.3177 2.1389 -0.1326, -6.3177 2.0996 -0.1451, -6.3153 2.1799 -0.1325, -6.3153 2.1396 -0.1362, -6.3153 2.1011 -0.1485, -6.3153 2.0662 -0.1689, -6.314 2.0391 -0.1986, -6.3138 2.1798 -0.1367, -6.3138 2.1405 -0.1403, -6.3138 2.1028 -0.1523, -6.3138 2.0687 -0.1723, -6.3139 2.0396 -0.1991, -6.3134 2.218 -0.1459, -6.3134 2.1797 -0.1411, -6.3134 2.1413 -0.1446, -6.3134 2.1046 -0.1563, -6.3134 2.0713 -0.1758, -6.3134 2.0429 -0.202, -6.3768 2.0139 -0.2061, -6.3768 2.0139 -0.2061, -6.3809 2.0152 -0.2068, -6.381 2.0152 -0.2068, -6.3847 2.0173 -0.208, -6.3847 2.0174 -0.208, -6.3878 2.0201 -0.2095, -6.3879 2.0202 -0.2096, -6.3901 2.0235 -0.2114, -6.3902 2.0236 -0.2114, -6.3916 2.0272 -0.2134, -6.3916 2.0273 -0.2135, -6.3921 2.0311 -0.2155, -6.3134 2.0311 -0.2155, -6.3139 2.0274 -0.2135, -6.314 2.0266 -0.213, -6.3154 2.0236 -0.2114, -6.3245 2.0152 -0.2068, -6.3233 2.0159 -0.2072, -6.3207 2.0174 -0.208, -6.3191 2.0186 -0.2087, -6.3177 2.0203 -0.2096, -6.316 2.0223 -0.2107, -6.3286 2.0139 -0.2061, -6.328 2.0141 -0.2062, -6.3143 2.0247 -0.223, -6.3245 2.0033 -0.2476, -6.3265 2.0019 -0.2491, -6.3286 2.001 -0.2503, -6.3308 2.0004 -0.2509, -6.3319 2.0002 -0.2511, -6.333 2.0002 -0.2512, -6.3207 2.007 -0.2433, -6.3176 2.012 -0.2376, -6.3152 2.0179 -0.2308, -6.3724 2.0002 -0.2512, -6.3735 2.0002 -0.2511, -6.3746 2.0004 -0.2509, -6.3768 2.001 -0.2503, -6.3789 2.0019 -0.2491, -6.381 2.0033 -0.2476, -6.3847 2.007 -0.2433, -6.3879 2.012 -0.2376, -6.3898 2.0182 -0.2304, -6.3916 2.0245 -0.2232, -6.4216 2.0429 -0.202, -6.4216 2.0713 -0.1758, -6.4216 2.1046 -0.1563, -6.4216 2.1413 -0.1446, -6.4216 2.1797 -0.1411, -6.4216 2.218 -0.1459, -6.4216 2.2543 -0.159, -6.4201 2.3031 -0.1827, -6.4158 2.3143 -0.1882, -6.4087 2.3244 -0.1931, -6.3994 2.3328 -0.1972, -6.3882 2.3391 -0.2003, -6.3757 2.343 -0.2022, -6.4201 2.2772 -0.2358, -6.4216 2.2654 -0.2301, -6.4216 2.2913 -0.177, -6.4216 2.2284 -0.212, -6.2838 2.2284 -0.212, -6.4216 2.1992 -0.2023, -6.2838 2.1992 -0.2023, -6.4216 2.1684 -0.2004, -6.2838 2.1684 -0.2004, -6.4216 2.1382 -0.2065, -6.2838 2.1382 -0.2065, -6.4216 2.1106 -0.2203, -6.2838 2.1106 -0.2203, -6.4216 2.0875 -0.2407, -6.2838 2.0875 -0.2407, -6.2858 2.2791 -0.2368, -6.2838 2.2654 -0.2301, -6.3276 2.3425 -0.202, -6.3134 2.3372 -0.1994, -6.3011 2.3288 -0.1953, -6.2917 2.3178 -0.1899, -6.2858 2.305 -0.1837, -6.2838 2.2913 -0.177, -6.2838 2.2543 -0.159, -6.2838 2.0429 -0.202, -6.2838 2.0713 -0.1758, -6.2838 2.1046 -0.1563, -6.2838 2.1413 -0.1446, -6.2838 2.1797 -0.1411, -6.2838 2.218 -0.1459, -6.4216 1.9801 -0.2743, -6.2838 1.9801 -0.2743, -6.2838 2.0246 -0.3131, -6.4216 2.0246 -0.3131, -6.4216 1.8657 -0.339, -6.2838 1.8657 -0.339, -6.4216 1.9084 -0.3264, -6.2838 1.9084 -0.3264, -6.4216 1.9472 -0.3044, -6.2838 1.9472 -0.3044, -6.4216 1.7713 -0.4156, -6.4216 1.7611 -0.3575, -6.4216 1.8759 -0.3972, -6.4216 1.9315 -0.3807, -6.4216 1.9819 -0.3522, -6.2838 1.9819 -0.3522, -6.2838 1.9315 -0.3807, -6.2838 1.8759 -0.3972, -6.2838 1.7611 -0.3575, -6.2838 1.7713 -0.4156, -6.4413 1.5387 -0.4567, -6.4413 1.5284 -0.3985, -6.4413 1.4028 -0.4206, -6.2641 1.4028 -0.4206, -6.2641 1.5284 -0.3985, -6.4413 1.3823 -0.4224, -6.2641 1.3823 -0.4224, -6.2641 1.5387 -0.4567, -6.4413 1.4131 -0.4788, -6.2641 1.4131 -0.4788, -6.2641 1.0809 -0.4224, -6.4413 1.0809 -0.4224, -6.4413 1.3823 -0.4815, -6.4413 1.0809 -0.4815, -6.2641 1.3823 -0.4815, -6.2641 1.0809 -0.4815, -6.4118 0.5909 -0.4616, -6.2937 0.5909 -0.4616, -6.2937 0.6065 -0.4452, -6.4118 0.6065 -0.4452, -6.2937 0.6256 -0.4328, -6.4118 0.6256 -0.4328, -6.2937 0.6469 -0.4251, -6.4118 0.6469 -0.4251, -6.2937 0.6695 -0.4224, -6.4118 0.6695 -0.4224, -6.4118 0.766 -0.4224, -6.2937 0.766 -0.4224, -6.2937 0.6695 -0.4815, -6.4118 0.6695 -0.4815, -6.2937 0.766 -0.4815, -6.4118 0.766 -0.4815, -6.4118 0.6605 -0.4825, -6.2937 0.6605 -0.4825, -6.4118 0.6519 -0.4856, -6.2937 0.6519 -0.4856, -6.4118 0.6443 -0.4906, -6.2937 0.6443 -0.4906, -6.4118 0.638 -0.4972, -6.2937 0.638 -0.4972, -6.4118 0.6202 -0.5208, -6.2937 0.6202 -0.5208, -6.2937 0.6046 -0.5372, -6.4118 0.6046 -0.5372, -6.2937 0.5855 -0.5496, -6.4118 0.5855 -0.5496, -6.2937 0.5642 -0.5574, -6.4118 0.5642 -0.5574, -6.2937 0.5416 -0.56, -6.4118 0.5416 -0.56, -6.4118 0.3723 -0.56, -6.2937 0.3723 -0.56, -6.4118 0.3723 -0.5009, -6.2937 0.3723 -0.5009, -6.4118 0.5416 -0.5009, -6.2937 0.5416 -0.5009, -6.4118 0.5506 -0.4999, -6.2937 0.5506 -0.4999, -6.4118 0.5592 -0.4968, -6.2937 0.5592 -0.4968, -6.4118 0.5668 -0.4918, -6.2937 0.5668 -0.4918, -6.4118 0.5731 -0.4853, -6.2937 0.5731 -0.4853, -5.4078 0.5909 -0.4616, -5.2897 0.5909 -0.4616, -5.2897 0.6065 -0.4452, -5.4078 0.6065 -0.4452, -5.2897 0.6256 -0.4328, -5.4078 0.6256 -0.4328, -5.2897 0.6469 -0.4251, -5.4078 0.6469 -0.4251, -5.2897 0.6695 -0.4224, -5.4078 0.6695 -0.4224, -5.4078 0.766 -0.4224, -5.2897 0.766 -0.4224, -5.2897 0.6695 -0.4815, -5.4078 0.6695 -0.4815, -5.2897 0.766 -0.4815, -5.4078 0.766 -0.4815, -5.4078 0.6605 -0.4825, -5.2897 0.6605 -0.4825, -5.4078 0.6519 -0.4856, -5.2897 0.6519 -0.4856, -5.4078 0.6443 -0.4906, -5.2897 0.6443 -0.4906, -5.4078 0.638 -0.4972, -5.2897 0.638 -0.4972, -5.4078 0.6202 -0.5208, -5.2897 0.6202 -0.5208, -5.2897 0.6046 -0.5372, -5.4078 0.6046 -0.5372, -5.2897 0.5855 -0.5496, -5.4078 0.5855 -0.5496, -5.2897 0.5642 -0.5574, -5.4078 0.5642 -0.5574, -5.2897 0.5416 -0.56, -5.4078 0.5416 -0.56, -5.4078 0.3723 -0.56, -5.2897 0.3723 -0.56, -5.4078 0.3723 -0.5009, -5.2897 0.3723 -0.5009, -5.4078 0.5416 -0.5009, -5.2897 0.5416 -0.5009, -5.4078 0.5506 -0.4999, -5.2897 0.5506 -0.4999, -5.4078 0.5592 -0.4968, -5.2897 0.5592 -0.4968, -5.4078 0.5668 -0.4918, -5.2897 0.5668 -0.4918, -5.4078 0.5731 -0.4853, -5.2897 0.5731 -0.4853, -4.6795 0.5909 -0.4616, -4.5614 0.5909 -0.4616, -4.5614 0.6065 -0.4452, -4.6795 0.6065 -0.4452, -4.5614 0.6256 -0.4328, -4.6795 0.6256 -0.4328, -4.5614 0.6469 -0.4251, -4.6795 0.6469 -0.4251, -4.5614 0.6695 -0.4224, -4.6795 0.6695 -0.4224, -4.6795 0.766 -0.4224, -4.5614 0.766 -0.4224, -4.5614 0.6695 -0.4815, -4.6795 0.6695 -0.4815, -4.5614 0.766 -0.4815, -4.6795 0.766 -0.4815, -4.6795 0.6605 -0.4825, -4.5614 0.6605 -0.4825, -4.6795 0.6519 -0.4856, -4.5614 0.6519 -0.4856, -4.6795 0.6443 -0.4906, -4.5614 0.6443 -0.4906, -4.6795 0.638 -0.4972, -4.5614 0.638 -0.4972, -4.6795 0.6202 -0.5208, -4.5614 0.6202 -0.5208, -4.5614 0.6046 -0.5372, -4.6795 0.6046 -0.5372, -4.5614 0.5855 -0.5496, -4.6795 0.5855 -0.5496, -4.5614 0.5642 -0.5574, -4.6795 0.5642 -0.5574, -4.5614 0.5416 -0.56, -4.6795 0.5416 -0.56, -4.6795 0.3723 -0.56, -4.5614 0.3723 -0.56, -4.6795 0.3723 -0.5009, -4.5614 0.3723 -0.5009, -4.6795 0.5416 -0.5009, -4.5614 0.5416 -0.5009, -4.6795 0.5506 -0.4999, -4.5614 0.5506 -0.4999, -4.6795 0.5592 -0.4968, -4.5614 0.5592 -0.4968, -4.6795 0.5668 -0.4918, -4.5614 0.5668 -0.4918, -4.6795 0.5731 -0.4853, -4.5614 0.5731 -0.4853, -4.2464 0.5909 -0.4616, -4.1283 0.5909 -0.4616, -4.1283 0.6065 -0.4452, -4.2464 0.6065 -0.4452, -4.1283 0.6256 -0.4328, -4.2464 0.6256 -0.4328, -4.1283 0.6469 -0.4251, -4.2464 0.6469 -0.4251, -4.1283 0.6695 -0.4224, -4.2464 0.6695 -0.4224, -4.2464 0.766 -0.4224, -4.1283 0.766 -0.4224, -4.1283 0.6695 -0.4815, -4.2464 0.6695 -0.4815, -4.1283 0.766 -0.4815, -4.2464 0.766 -0.4815, -4.2464 0.6605 -0.4825, -4.1283 0.6605 -0.4825, -4.2464 0.6519 -0.4856, -4.1283 0.6519 -0.4856, -4.2464 0.6443 -0.4906, -4.1283 0.6443 -0.4906, -4.2464 0.638 -0.4972, -4.1283 0.638 -0.4972, -4.2464 0.6202 -0.5208, -4.1283 0.6202 -0.5208, -4.1283 0.6046 -0.5372, -4.2464 0.6046 -0.5372, -4.1283 0.5855 -0.5496, -4.2464 0.5855 -0.5496, -4.1283 0.5642 -0.5574, -4.2464 0.5642 -0.5574, -4.1283 0.5416 -0.56, -4.2464 0.5416 -0.56, -4.2464 0.3723 -0.56, -4.1283 0.3723 -0.56, -4.2464 0.3723 -0.5009, -4.1283 0.3723 -0.5009, -4.2464 0.5416 -0.5009, -4.1283 0.5416 -0.5009, -4.2464 0.5506 -0.4999, -4.1283 0.5506 -0.4999, -4.2464 0.5592 -0.4968, -4.1283 0.5592 -0.4968, -4.2464 0.5668 -0.4918, -4.1283 0.5668 -0.4918, -4.2464 0.5731 -0.4853, -4.1283 0.5731 -0.4853, -5.1126 0.6695 -0.4815, -4.9945 0.6695 -0.4815, -5.1126 0.6605 -0.4825, -4.9945 0.6605 -0.4825, -5.1126 0.6519 -0.4856, -4.9945 0.6519 -0.4856, -5.1126 0.6443 -0.4906, -4.9945 0.6443 -0.4906, -5.1126 0.638 -0.4972, -4.9945 0.638 -0.4972, -5.1126 0.6202 -0.5208, -4.9945 0.6202 -0.5208, -4.9945 0.6046 -0.5372, -5.1126 0.6046 -0.5372, -4.9945 0.5855 -0.5496, -5.1126 0.5855 -0.5496, -4.9945 0.5642 -0.5574, -5.1126 0.5642 -0.5574, -4.9945 0.5416 -0.56, -5.1126 0.5416 -0.56, -5.1126 0.3723 -0.56, -4.9945 0.3723 -0.56, -5.1126 0.3723 -0.5009, -4.9945 0.3723 -0.5009, -5.1126 0.5416 -0.5009, -4.9945 0.5416 -0.5009, -5.1126 0.5506 -0.4999, -4.9945 0.5506 -0.4999, -5.1126 0.5592 -0.4968, -4.9945 0.5592 -0.4968, -5.1126 0.5668 -0.4918, -4.9945 0.5668 -0.4918, -5.1126 0.5731 -0.4853, -4.9945 0.5731 -0.4853, -5.1126 0.5909 -0.4616, -4.9945 0.5909 -0.4616, -4.9945 0.6065 -0.4452, -5.1126 0.6065 -0.4452, -4.9945 0.6256 -0.4328, -5.1126 0.6256 -0.4328, -4.9945 0.6469 -0.4251, -5.1126 0.6469 -0.4251, -4.9945 0.6695 -0.4224, -5.1126 0.6695 -0.4224, -4.9945 0.766 -0.4815, -4.9945 0.766 -0.4224, -5.1126 0.766 -0.4815, -5.1126 0.766 -0.4224, -5.1126 0.766 -0.4224
            ]
        }
        coordIndex [
            0,1,2,-1,0,2,3,-1,3,2,4,-1,3,4,5,-1,5,4,6,-1,5,6,7,-1,7,6,8,-1,7,8,9,-1,9,8,10,-1,10,8,11,-1,12,13,14,-1,14,13,15,-1,13,12,16,-1,16,12,17,-1,16,17,18,-1,18,17,19,-1,18,19,20,-1,20,19,21,-1,20,21,22,-1,22,21,23,-1,24,22,25,-1,25,22,23,-1,24,25,26,-1,24,26,27,-1,27,26,28,-1,27,28,29,-1,29,28,30,-1,29,30,31,-1,31,30,32,-1,31,32,33,-1,34,33,35,-1,35,33,32,-1,36,34,37,-1,37,34,35,-1,38,36,39,-1,39,36,37,-1,38,39,40,-1,40,39,41,-1,40,41,42,-1,42,41,43,-1,42,43,44,-1,44,43,45,-1,44,45,46,-1,46,45,47,-1,0,46,1,-1,1,46,47,-1,34,36,33,-1,33,36,38,-1,33,38,31,-1,31,38,40,-1,31,40,29,-1,29,40,42,-1,29,42,27,-1,27,42,44,-1,27,44,24,-1,24,44,46,-1,24,46,22,-1,22,46,0,-1,22,0,20,-1,20,0,3,-1,20,3,18,-1,18,3,5,-1,18,5,16,-1,16,5,7,-1,16,7,13,-1,13,7,9,-1,13,9,15,-1,15,9,10,-1,14,11,12,-1,12,11,8,-1,12,8,17,-1,17,8,6,-1,17,6,19,-1,19,6,4,-1,19,4,21,-1,21,4,2,-1,21,2,23,-1,23,2,1,-1,23,1,25,-1,25,1,47,-1,25,47,26,-1,26,47,45,-1,26,45,28,-1,28,45,43,-1,28,43,30,-1,30,43,41,-1,30,41,32,-1,32,41,39,-1,32,39,35,-1,35,39,37,-1,48,49,50,-1,48,50,51,-1,51,50,52,-1,51,52,53,-1,53,52,54,-1,53,54,55,-1,55,54,56,-1,55,56,57,-1,48,58,49,-1,49,58,59,-1,60,61,62,-1,62,61,63,-1,62,63,64,-1,64,63,65,-1,64,65,66,-1,66,65,67,-1,66,67,58,-1,58,67,59,-1,60,68,61,-1,61,68,69,-1,68,70,69,-1,69,70,71,-1,70,72,71,-1,71,72,73,-1,74,75,76,-1,74,76,77,-1,77,76,78,-1,77,78,79,-1,79,78,80,-1,79,80,81,-1,81,80,73,-1,81,73,72,-1,74,82,75,-1,75,82,83,-1,84,85,86,-1,86,85,87,-1,86,87,88,-1,88,87,89,-1,88,89,90,-1,90,89,91,-1,90,91,82,-1,82,91,83,-1,85,84,92,-1,92,84,93,-1,70,68,72,-1,72,68,60,-1,72,60,81,-1,81,60,62,-1,81,62,79,-1,79,62,64,-1,79,64,77,-1,77,64,66,-1,77,66,74,-1,74,66,58,-1,74,58,82,-1,82,58,48,-1,82,48,90,-1,90,48,51,-1,90,51,88,-1,88,51,53,-1,88,53,86,-1,86,53,55,-1,86,55,84,-1,84,55,57,-1,84,57,93,-1,93,57,94,-1,92,95,85,-1,85,95,56,-1,85,56,87,-1,87,56,54,-1,87,54,89,-1,89,54,52,-1,89,52,91,-1,91,52,50,-1,91,50,83,-1,83,50,49,-1,83,49,75,-1,75,49,59,-1,75,59,76,-1,76,59,67,-1,76,67,78,-1,78,67,65,-1,78,65,80,-1,80,65,63,-1,80,63,73,-1,73,63,61,-1,73,61,71,-1,71,61,69,-1,57,56,94,-1,94,56,95,-1,96,97,98,-1,98,97,99,-1,100,101,102,-1,100,102,103,-1,103,102,104,-1,103,104,105,-1,105,104,106,-1,105,106,107,-1,107,106,108,-1,107,108,109,-1,109,108,110,-1,109,110,111,-1,111,110,99,-1,111,99,97,-1,100,112,101,-1,101,112,113,-1,114,115,116,-1,116,115,117,-1,116,117,118,-1,118,117,119,-1,118,119,120,-1,120,119,121,-1,120,121,122,-1,122,121,123,-1,122,123,124,-1,124,123,125,-1,124,125,126,-1,126,125,127,-1,126,127,97,-1,97,127,111,-1,115,128,117,-1,117,128,129,-1,117,129,119,-1,119,129,130,-1,119,130,121,-1,121,130,131,-1,121,131,123,-1,123,131,132,-1,123,132,125,-1,125,132,133,-1,125,133,127,-1,127,133,134,-1,127,134,111,-1,111,134,109,-1,128,135,129,-1,129,135,136,-1,129,136,130,-1,130,136,137,-1,130,137,131,-1,131,137,138,-1,131,138,132,-1,132,138,139,-1,132,139,133,-1,133,139,140,-1,133,140,134,-1,134,140,141,-1,134,141,109,-1,109,141,107,-1,135,142,136,-1,136,142,143,-1,136,143,137,-1,137,143,144,-1,137,144,138,-1,138,144,145,-1,138,145,139,-1,139,145,146,-1,139,146,140,-1,140,146,147,-1,140,147,141,-1,141,147,148,-1,141,148,107,-1,107,148,105,-1,142,149,143,-1,143,149,150,-1,143,150,144,-1,144,150,151,-1,144,151,145,-1,145,151,152,-1,145,152,146,-1,146,152,153,-1,146,153,147,-1,147,153,154,-1,147,154,148,-1,148,154,155,-1,148,155,105,-1,105,155,103,-1,149,156,150,-1,150,156,157,-1,150,157,151,-1,151,157,158,-1,151,158,152,-1,152,158,159,-1,152,159,153,-1,153,159,160,-1,153,160,154,-1,154,160,161,-1,154,161,155,-1,155,161,162,-1,155,162,103,-1,103,162,100,-1,163,164,165,-1,166,167,168,-1,168,167,169,-1,169,170,168,-1,168,170,171,-1,168,171,172,-1,172,171,173,-1,172,173,174,-1,174,173,175,-1,174,175,165,-1,165,175,176,-1,165,176,163,-1,177,178,168,-1,168,178,179,-1,168,179,166,-1,180,114,181,-1,181,114,116,-1,118,182,116,-1,116,182,183,-1,116,183,181,-1,120,184,118,-1,118,184,185,-1,118,185,182,-1,122,186,120,-1,120,186,187,-1,120,187,184,-1,124,188,122,-1,122,188,189,-1,122,189,186,-1,190,191,124,-1,124,191,192,-1,124,192,188,-1,124,126,190,-1,190,126,97,-1,190,97,96,-1,181,193,180,-1,194,188,195,-1,195,188,192,-1,195,192,196,-1,196,192,191,-1,196,191,197,-1,197,191,190,-1,197,190,198,-1,198,190,96,-1,199,200,184,-1,184,187,199,-1,199,187,186,-1,199,186,194,-1,194,186,189,-1,194,189,188,-1,193,181,201,-1,181,183,201,-1,201,183,182,-1,201,182,200,-1,200,182,185,-1,200,185,184,-1,98,202,96,-1,96,202,198,-1,202,98,203,-1,203,98,204,-1,203,204,205,-1,204,206,205,-1,205,206,207,-1,205,207,208,-1,208,207,209,-1,208,209,210,-1,210,209,211,-1,210,211,212,-1,211,213,212,-1,212,213,214,-1,212,214,215,-1,214,216,215,-1,215,216,217,-1,215,217,218,-1,217,219,218,-1,218,219,220,-1,218,220,221,-1,221,220,222,-1,221,222,223,-1,99,224,98,-1,98,224,204,-1,204,224,206,-1,206,224,225,-1,206,225,207,-1,207,225,209,-1,209,225,226,-1,209,226,211,-1,211,226,213,-1,213,226,227,-1,213,227,214,-1,214,227,216,-1,216,227,228,-1,216,228,217,-1,217,228,219,-1,219,228,229,-1,219,229,220,-1,220,229,222,-1,222,229,230,-1,222,230,223,-1,231,232,172,-1,172,232,168,-1,230,229,233,-1,229,228,234,-1,235,236,237,-1,228,227,238,-1,227,226,239,-1,240,241,242,-1,226,225,243,-1,225,224,244,-1,224,99,110,-1,224,110,244,-1,244,110,108,-1,244,108,245,-1,245,108,106,-1,245,106,246,-1,246,106,104,-1,246,104,247,-1,247,104,102,-1,247,102,248,-1,102,101,248,-1,248,101,249,-1,248,249,250,-1,225,244,243,-1,243,244,245,-1,243,245,251,-1,251,245,246,-1,251,246,252,-1,252,246,247,-1,252,247,253,-1,253,247,248,-1,253,248,240,-1,240,248,250,-1,240,250,241,-1,226,243,239,-1,239,243,251,-1,239,251,254,-1,254,251,252,-1,254,252,255,-1,255,252,253,-1,255,253,256,-1,256,253,240,-1,256,240,257,-1,257,240,242,-1,257,242,258,-1,227,239,238,-1,238,239,254,-1,238,254,259,-1,259,254,255,-1,259,255,260,-1,260,255,256,-1,260,256,261,-1,261,256,257,-1,261,257,235,-1,235,257,258,-1,235,258,236,-1,228,238,234,-1,234,238,259,-1,234,259,262,-1,262,259,260,-1,262,260,263,-1,263,260,261,-1,263,261,264,-1,264,261,235,-1,264,235,265,-1,265,235,237,-1,265,237,266,-1,229,234,233,-1,233,234,262,-1,233,262,267,-1,267,262,263,-1,267,263,268,-1,268,263,264,-1,268,264,269,-1,269,264,265,-1,269,265,270,-1,270,265,266,-1,270,266,271,-1,230,233,272,-1,272,233,267,-1,272,267,273,-1,273,267,268,-1,273,268,274,-1,274,268,269,-1,274,269,275,-1,275,269,270,-1,275,270,276,-1,276,270,271,-1,276,271,277,-1,100,162,112,-1,112,162,278,-1,278,162,279,-1,279,162,161,-1,279,161,280,-1,280,161,281,-1,281,161,160,-1,281,160,282,-1,282,160,283,-1,283,160,159,-1,283,159,284,-1,284,159,285,-1,285,159,158,-1,285,158,286,-1,286,158,287,-1,287,158,157,-1,287,157,288,-1,288,157,289,-1,289,157,156,-1,289,156,290,-1,291,277,292,-1,292,277,271,-1,292,271,293,-1,293,271,266,-1,293,266,294,-1,294,266,237,-1,250,295,241,-1,241,295,296,-1,241,296,242,-1,242,296,297,-1,242,297,258,-1,258,297,298,-1,258,298,236,-1,236,298,299,-1,236,299,237,-1,237,299,300,-1,237,300,294,-1,101,113,249,-1,249,113,301,-1,249,301,250,-1,250,301,302,-1,250,302,295,-1,292,303,291,-1,304,295,305,-1,305,295,302,-1,305,302,306,-1,306,302,301,-1,306,301,307,-1,307,301,113,-1,307,113,308,-1,308,113,309,-1,310,311,299,-1,299,298,310,-1,310,298,297,-1,310,297,304,-1,304,297,296,-1,304,296,295,-1,303,292,312,-1,292,293,312,-1,312,293,294,-1,312,294,311,-1,311,294,300,-1,311,300,299,-1,112,313,113,-1,113,313,309,-1,313,112,314,-1,314,112,278,-1,314,278,315,-1,315,278,316,-1,278,279,316,-1,316,279,280,-1,316,280,317,-1,317,280,318,-1,280,281,318,-1,318,281,282,-1,318,282,319,-1,282,283,319,-1,319,283,284,-1,319,284,320,-1,284,285,320,-1,320,285,286,-1,320,286,321,-1,286,287,321,-1,321,287,288,-1,321,288,322,-1,322,288,289,-1,322,289,290,-1,323,156,149,-1,323,149,324,-1,324,149,142,-1,324,142,325,-1,325,142,135,-1,325,135,326,-1,326,135,128,-1,326,128,327,-1,327,128,115,-1,327,115,328,-1,328,115,114,-1,328,114,329,-1,175,173,330,-1,330,331,175,-1,175,331,332,-1,175,332,176,-1,176,332,333,-1,176,333,163,-1,163,333,334,-1,163,334,164,-1,164,334,335,-1,164,335,165,-1,231,172,335,-1,335,172,174,-1,335,174,165,-1,173,336,330,-1,330,336,337,-1,330,337,338,-1,339,340,341,-1,341,340,342,-1,341,342,343,-1,343,342,344,-1,343,344,345,-1,345,344,346,-1,345,346,347,-1,347,346,348,-1,347,348,349,-1,349,348,350,-1,173,171,336,-1,336,171,351,-1,336,351,337,-1,337,351,352,-1,337,352,339,-1,339,352,340,-1,168,232,177,-1,177,232,353,-1,177,353,178,-1,178,353,179,-1,179,353,354,-1,179,354,166,-1,166,354,167,-1,167,354,355,-1,167,355,169,-1,169,355,356,-1,169,356,170,-1,170,356,171,-1,171,356,357,-1,171,357,351,-1,351,357,358,-1,351,358,352,-1,359,358,218,-1,218,221,359,-1,359,221,223,-1,359,223,230,-1,114,180,329,-1,329,180,193,-1,329,193,338,-1,202,203,354,-1,354,203,205,-1,354,205,355,-1,355,205,208,-1,355,208,356,-1,356,208,210,-1,356,210,357,-1,357,210,212,-1,357,212,358,-1,358,212,215,-1,358,215,218,-1,198,335,197,-1,197,335,334,-1,197,334,196,-1,196,334,333,-1,196,333,195,-1,195,333,332,-1,195,332,194,-1,194,332,331,-1,194,331,199,-1,199,331,330,-1,199,330,200,-1,200,330,338,-1,200,338,201,-1,201,338,193,-1,354,353,202,-1,202,353,232,-1,202,232,198,-1,198,232,231,-1,198,231,335,-1,277,360,361,-1,277,361,276,-1,276,361,362,-1,276,362,275,-1,275,362,363,-1,275,363,274,-1,274,363,364,-1,274,364,273,-1,273,364,365,-1,273,365,272,-1,272,365,359,-1,272,359,230,-1,290,156,323,-1,315,316,366,-1,310,304,367,-1,315,366,314,-1,310,367,311,-1,304,305,367,-1,367,305,306,-1,367,306,307,-1,316,317,366,-1,366,317,318,-1,366,318,319,-1,319,320,366,-1,366,320,321,-1,366,321,323,-1,323,321,322,-1,323,322,290,-1,277,291,360,-1,360,291,303,-1,360,303,367,-1,367,303,312,-1,367,312,311,-1,307,308,367,-1,367,308,309,-1,367,309,366,-1,366,309,313,-1,366,313,314,-1,350,368,349,-1,349,368,369,-1,370,371,372,-1,372,371,373,-1,372,373,374,-1,374,373,375,-1,374,375,366,-1,366,375,367,-1,338,337,329,-1,329,337,339,-1,329,339,328,-1,328,339,341,-1,328,341,327,-1,327,341,343,-1,327,343,326,-1,326,343,345,-1,376,377,378,-1,378,377,370,-1,378,370,379,-1,379,370,372,-1,379,372,380,-1,380,372,374,-1,380,374,369,-1,369,374,366,-1,369,366,349,-1,349,366,323,-1,349,323,347,-1,347,323,324,-1,347,324,345,-1,345,324,325,-1,345,325,326,-1,369,368,381,-1,369,381,380,-1,380,381,382,-1,380,382,379,-1,379,382,383,-1,379,383,378,-1,352,358,340,-1,340,358,359,-1,340,359,342,-1,342,359,365,-1,342,365,344,-1,384,385,371,-1,371,385,383,-1,371,383,373,-1,373,383,382,-1,373,382,375,-1,375,382,381,-1,375,381,367,-1,367,381,368,-1,367,368,360,-1,360,368,350,-1,360,350,361,-1,361,350,348,-1,361,348,362,-1,362,348,346,-1,362,346,363,-1,363,346,344,-1,363,344,364,-1,364,344,365,-1,386,387,376,-1,376,387,377,-1,388,389,387,-1,387,389,390,-1,387,390,377,-1,377,390,384,-1,377,384,370,-1,370,384,371,-1,391,392,388,-1,388,392,389,-1,378,383,376,-1,376,383,385,-1,376,385,386,-1,386,385,393,-1,386,393,394,-1,394,393,395,-1,385,384,393,-1,393,384,390,-1,396,392,397,-1,397,392,391,-1,387,386,388,-1,388,386,394,-1,388,394,391,-1,391,394,398,-1,391,398,397,-1,397,398,399,-1,395,400,394,-1,394,400,398,-1,396,401,392,-1,392,401,400,-1,392,400,389,-1,389,400,395,-1,389,395,390,-1,390,395,393,-1,399,398,401,-1,401,398,400,-1,402,403,404,-1,402,404,405,-1,405,404,406,-1,405,406,407,-1,407,406,408,-1,407,408,409,-1,409,408,410,-1,409,410,411,-1,411,410,412,-1,412,410,413,-1,414,415,416,-1,416,415,417,-1,415,414,418,-1,418,414,419,-1,418,419,420,-1,420,419,421,-1,420,421,422,-1,422,421,423,-1,422,423,424,-1,424,423,425,-1,426,424,427,-1,427,424,425,-1,426,427,428,-1,426,428,429,-1,429,428,430,-1,429,430,431,-1,431,430,432,-1,431,432,433,-1,433,432,434,-1,433,434,435,-1,436,435,437,-1,437,435,434,-1,438,436,439,-1,439,436,437,-1,440,438,441,-1,441,438,439,-1,440,441,442,-1,442,441,443,-1,442,443,444,-1,444,443,445,-1,444,445,446,-1,446,445,447,-1,446,447,448,-1,448,447,449,-1,402,448,403,-1,403,448,449,-1,436,438,435,-1,435,438,440,-1,435,440,433,-1,433,440,442,-1,433,442,431,-1,431,442,444,-1,431,444,429,-1,429,444,446,-1,429,446,426,-1,426,446,448,-1,426,448,424,-1,424,448,402,-1,424,402,422,-1,422,402,405,-1,422,405,420,-1,420,405,407,-1,420,407,418,-1,418,407,409,-1,418,409,415,-1,415,409,411,-1,415,411,417,-1,417,411,412,-1,416,413,414,-1,414,413,410,-1,414,410,419,-1,419,410,408,-1,419,408,421,-1,421,408,406,-1,421,406,423,-1,423,406,404,-1,423,404,425,-1,425,404,403,-1,425,403,427,-1,427,403,449,-1,427,449,428,-1,428,449,447,-1,428,447,430,-1,430,447,445,-1,430,445,432,-1,432,445,443,-1,432,443,434,-1,434,443,441,-1,434,441,437,-1,437,441,439,-1,450,451,452,-1,450,452,453,-1,453,452,454,-1,453,454,455,-1,455,454,456,-1,455,456,457,-1,457,456,458,-1,457,458,459,-1,459,458,460,-1,460,458,461,-1,462,463,464,-1,464,463,465,-1,463,462,466,-1,466,462,467,-1,466,467,468,-1,468,467,469,-1,468,469,470,-1,470,469,471,-1,470,471,472,-1,472,471,473,-1,474,472,475,-1,475,472,473,-1,474,475,476,-1,474,476,477,-1,477,476,478,-1,477,478,479,-1,479,478,480,-1,479,480,481,-1,481,480,482,-1,481,482,483,-1,484,483,485,-1,485,483,482,-1,486,484,487,-1,487,484,485,-1,488,486,489,-1,489,486,487,-1,488,489,490,-1,490,489,491,-1,490,491,492,-1,492,491,493,-1,492,493,494,-1,494,493,495,-1,494,495,496,-1,496,495,497,-1,450,496,451,-1,451,496,497,-1,484,486,483,-1,483,486,488,-1,483,488,481,-1,481,488,490,-1,481,490,479,-1,479,490,492,-1,479,492,477,-1,477,492,494,-1,477,494,474,-1,474,494,496,-1,474,496,472,-1,472,496,450,-1,472,450,470,-1,470,450,453,-1,470,453,468,-1,468,453,455,-1,468,455,466,-1,466,455,457,-1,466,457,463,-1,463,457,459,-1,463,459,465,-1,465,459,460,-1,464,461,462,-1,462,461,458,-1,462,458,467,-1,467,458,456,-1,467,456,469,-1,469,456,454,-1,469,454,471,-1,471,454,452,-1,471,452,473,-1,473,452,451,-1,473,451,475,-1,475,451,497,-1,475,497,476,-1,476,497,495,-1,476,495,478,-1,478,495,493,-1,478,493,480,-1,480,493,491,-1,480,491,482,-1,482,491,489,-1,482,489,485,-1,485,489,487,-1,498,499,500,-1,498,500,501,-1,501,500,502,-1,501,502,503,-1,503,502,504,-1,503,504,505,-1,505,504,506,-1,505,506,507,-1,507,506,508,-1,508,506,509,-1,510,511,512,-1,512,511,513,-1,511,510,514,-1,514,510,515,-1,514,515,516,-1,516,515,517,-1,516,517,518,-1,518,517,519,-1,518,519,520,-1,520,519,521,-1,522,520,523,-1,523,520,521,-1,522,523,524,-1,522,524,525,-1,525,524,526,-1,525,526,527,-1,527,526,528,-1,527,528,529,-1,529,528,530,-1,529,530,531,-1,532,531,533,-1,533,531,530,-1,534,532,535,-1,535,532,533,-1,536,534,537,-1,537,534,535,-1,536,537,538,-1,538,537,539,-1,538,539,540,-1,540,539,541,-1,540,541,542,-1,542,541,543,-1,542,543,544,-1,544,543,545,-1,498,544,499,-1,499,544,545,-1,532,534,531,-1,531,534,536,-1,531,536,529,-1,529,536,538,-1,529,538,527,-1,527,538,540,-1,527,540,525,-1,525,540,542,-1,525,542,522,-1,522,542,544,-1,522,544,520,-1,520,544,498,-1,520,498,518,-1,518,498,501,-1,518,501,516,-1,516,501,503,-1,516,503,514,-1,514,503,505,-1,514,505,511,-1,511,505,507,-1,511,507,513,-1,513,507,508,-1,512,509,510,-1,510,509,506,-1,510,506,515,-1,515,506,504,-1,515,504,517,-1,517,504,502,-1,517,502,519,-1,519,502,500,-1,519,500,521,-1,521,500,499,-1,521,499,523,-1,523,499,545,-1,523,545,524,-1,524,545,543,-1,524,543,526,-1,526,543,541,-1,526,541,528,-1,528,541,539,-1,528,539,530,-1,530,539,537,-1,530,537,533,-1,533,537,535,-1,546,547,548,-1,546,548,549,-1,549,548,550,-1,549,550,551,-1,551,550,552,-1,551,552,553,-1,553,552,554,-1,553,554,555,-1,555,554,556,-1,556,554,557,-1,558,559,560,-1,560,559,561,-1,559,558,562,-1,562,558,563,-1,562,563,564,-1,564,563,565,-1,564,565,566,-1,566,565,567,-1,566,567,568,-1,568,567,569,-1,570,568,571,-1,571,568,569,-1,570,571,572,-1,570,572,573,-1,573,572,574,-1,573,574,575,-1,575,574,576,-1,575,576,577,-1,577,576,578,-1,577,578,579,-1,580,579,581,-1,581,579,578,-1,582,580,583,-1,583,580,581,-1,584,582,585,-1,585,582,583,-1,584,585,586,-1,586,585,587,-1,586,587,588,-1,588,587,589,-1,588,589,590,-1,590,589,591,-1,590,591,592,-1,592,591,593,-1,546,592,547,-1,547,592,593,-1,580,582,579,-1,579,582,584,-1,579,584,577,-1,577,584,586,-1,577,586,575,-1,575,586,588,-1,575,588,573,-1,573,588,590,-1,573,590,570,-1,570,590,592,-1,570,592,568,-1,568,592,546,-1,568,546,566,-1,566,546,549,-1,566,549,564,-1,564,549,551,-1,564,551,562,-1,562,551,553,-1,562,553,559,-1,559,553,555,-1,559,555,561,-1,561,555,556,-1,560,557,558,-1,558,557,554,-1,558,554,563,-1,563,554,552,-1,563,552,565,-1,565,552,550,-1,565,550,567,-1,567,550,548,-1,567,548,569,-1,569,548,547,-1,569,547,571,-1,571,547,593,-1,571,593,572,-1,572,593,591,-1,572,591,574,-1,574,591,589,-1,574,589,576,-1,576,589,587,-1,576,587,578,-1,578,587,585,-1,578,585,581,-1,581,585,583,-1,594,595,596,-1,596,595,597,-1,596,597,598,-1,598,597,599,-1,598,599,600,-1,600,599,601,-1,600,601,602,-1,602,601,603,-1,604,602,605,-1,605,602,603,-1,604,605,606,-1,604,606,607,-1,607,606,608,-1,607,608,609,-1,609,608,610,-1,609,610,611,-1,611,610,612,-1,611,612,613,-1,614,613,615,-1,615,613,612,-1,616,614,617,-1,617,614,615,-1,618,616,619,-1,619,616,617,-1,618,619,620,-1,620,619,621,-1,620,621,622,-1,622,621,623,-1,622,623,624,-1,624,623,625,-1,624,625,626,-1,626,625,627,-1,628,626,629,-1,629,626,627,-1,628,629,630,-1,628,630,631,-1,631,630,632,-1,631,632,633,-1,633,632,634,-1,633,634,635,-1,635,634,636,-1,635,636,637,-1,638,639,595,-1,595,639,636,-1,595,636,597,-1,597,636,634,-1,597,634,599,-1,599,634,632,-1,599,632,601,-1,601,632,630,-1,601,630,603,-1,603,630,629,-1,603,629,605,-1,605,629,627,-1,605,627,606,-1,606,627,625,-1,606,625,608,-1,608,625,623,-1,608,623,610,-1,610,623,621,-1,610,621,612,-1,612,621,619,-1,612,619,615,-1,615,619,617,-1,595,594,638,-1,638,594,640,-1,637,636,641,-1,641,636,639,-1,614,616,613,-1,613,616,618,-1,613,618,611,-1,611,618,620,-1,611,620,609,-1,609,620,622,-1,609,622,607,-1,607,622,624,-1,607,624,604,-1,604,624,626,-1,604,626,602,-1,602,626,628,-1,602,628,600,-1,600,628,631,-1,600,631,598,-1,598,631,633,-1,598,633,596,-1,596,633,635,-1,596,635,594,-1,594,635,637,-1,594,637,640,-1,640,637,641,-1,
        ]
    }
}
Shape{
    appearance Appearance {
        material  Material 	{
            diffuseColor 0.25098039215686274 0.25098039215686274 0.25098039215686274
            specularColor 0.12549019607843137 0.12549019607843137 0.12549019607843137
            ambientIntensity 0.2
            transparency 0
            shininess 0.5
        }
    }
    geometry IndexedFaceSet {
        ccw TRUE
        solid FALSE
        coord DEF co Coordinate {
            point [
                -3.5673 0.766 -0.4165, -3.5673 0.766 -0.2787, -3.6263 0.766 -0.4756, -3.7543 0.766 -0.2787, -3.8626 0.766 -0.4756, -4.4039 0.766 -0.2787, -4.1283 0.766 -0.4224, -3.8626 0.766 -0.512, -4.1283 0.766 -0.4815, -4.4039 0.766 -0.512, -4.2464 0.766 -0.4815, -4.2464 0.766 -0.4224, -7.5437 0.766 -0.512, -7.5437 0.766 -0.5425, -7.0023 0.766 -0.512, -7.0319 0.766 -0.5425, -7.2779 0.766 -0.4224, -7.1598 0.766 -0.4224, -7.0023 0.766 -0.2787, -7.1598 0.766 -0.4815, -7.2779 0.766 -0.4815, -7.5437 0.766 -0.4756, -7.5584 0.766 -0.2787, -7.8389 0.766 -0.2787, -7.8389 0.766 -0.4165, -7.5584 0.766 -0.4756, -7.7799 0.766 -0.4756, -6.7267 0.766 -0.4815, -6.5693 0.766 -0.512, -6.7267 0.766 -0.4224, -6.5693 0.766 -0.2787, -6.8449 0.766 -0.4224, -6.8449 0.766 -0.4815, -6.2937 0.766 -0.4224, -6.1362 0.766 -0.2787, -6.4118 0.766 -0.4224, -6.4118 0.766 -0.4815, -6.2937 0.766 -0.4815, -5.8508 0.766 -0.512, -5.8508 0.766 -0.2787, -5.7235 0.766 -0.2787, -5.2897 0.766 -0.4224, -5.2897 0.766 -0.4815, -5.2012 0.766 -0.512, -5.4078 0.766 -0.4815, -7.0023 0.766 -0.5425, -6.5693 0.766 -0.5425, -6.1362 0.766 -0.5425, -5.8508 0.766 -0.5425, -5.7235 0.766 -0.5425, -5.2012 0.766 -0.2787, -5.27 0.766 -0.2787, -5.4078 0.766 -0.4224, -5.27 0.766 -0.5425, -4.9945 0.766 -0.4815, -4.837 0.766 -0.512, -4.9945 0.766 -0.4224, -4.837 0.766 -0.2787, -5.1126 0.766 -0.4224, -5.1126 0.766 -0.4815, -4.5614 0.766 -0.4815, -4.5614 0.766 -0.4224, -4.6795 0.766 -0.4224, -4.6795 0.766 -0.4815, -5.2012 0.766 -0.5425, -4.837 0.766 -0.5425, -4.4039 0.766 -0.5425, -3.8626 0.766 -0.5425, -3.8626 0.766 -0.5425
            ]
        }
        coordIndex [
            0,1,2,-1,2,1,3,-1,2,3,4,-1,3,5,4,-1,4,5,6,-1,4,6,7,-1,7,6,8,-1,7,8,9,-1,9,8,10,-1,9,10,5,-1,5,10,11,-1,5,11,6,-1,12,13,14,-1,14,13,15,-1,16,17,18,-1,18,17,14,-1,17,19,14,-1,14,19,20,-1,14,20,12,-1,12,20,21,-1,22,23,24,-1,20,16,21,-1,21,16,18,-1,21,18,25,-1,25,18,22,-1,25,22,26,-1,26,22,24,-1,27,28,29,-1,29,28,30,-1,29,30,31,-1,31,30,18,-1,31,18,32,-1,32,18,14,-1,32,14,27,-1,27,14,28,-1,33,34,35,-1,35,34,30,-1,35,30,36,-1,36,30,28,-1,36,28,37,-1,37,28,38,-1,33,37,34,-1,34,37,38,-1,34,38,39,-1,39,38,40,-1,41,42,43,-1,43,42,44,-1,15,45,14,-1,14,45,46,-1,14,46,28,-1,28,46,47,-1,28,47,38,-1,38,47,48,-1,38,48,49,-1,43,50,41,-1,41,50,51,-1,41,51,52,-1,52,51,40,-1,52,40,44,-1,44,40,38,-1,44,38,43,-1,43,38,49,-1,43,49,53,-1,54,55,56,-1,56,55,57,-1,56,57,58,-1,58,57,50,-1,58,50,59,-1,59,50,43,-1,59,43,54,-1,54,43,55,-1,60,9,61,-1,61,9,5,-1,61,5,62,-1,62,5,57,-1,62,57,63,-1,63,57,55,-1,63,55,60,-1,60,55,9,-1,53,64,43,-1,43,64,65,-1,43,65,55,-1,55,65,66,-1,55,66,9,-1,9,66,67,-1,9,67,7,-1,
        ]
    }
}