#VRML V2.0 utf8
# 3D model generated by easyeda2kicad.py (https://github.com/uPesy/easyeda2kicad.py)

Shape{
    appearance Appearance {
        material  Material 	{
            diffuseColor 0.7529411764705882 0.7529411764705882 0.7529411764705882
            specularColor 0.3764705882352941 0.3764705882352941 0.3764705882352941
            ambientIntensity 0.2
            transparency 0
            shininess 0.5
        }
    }
    geometry IndexedFaceSet {
        ccw TRUE
        solid FALSE
        coord DEF co Coordinate {
            point [
                0.3937 2.7639 -0.7283, 0.5118 2.7639 -0.7283, 0.3937 2.9134 -0.7283, 0.5118 2.9134 -0.7283, 0.4895 2.9489 -0.7283, 0.5108 2.9221 -0.7283, 0.5079 2.9305 -0.7283, 0.5032 2.9379 -0.7283, 0.497 2.9442 -0.7283, 0.4812 2.9518 -0.7283, 0.4724 2.9528 -0.7283, 0.4331 2.9528 -0.7283, 0.3947 2.9221 -0.7283, 0.4243 2.9518 -0.7283, 0.416 2.9489 -0.7283, 0.4085 2.9442 -0.7283, 0.4023 2.9379 -0.7283, 0.3976 2.9305 -0.7283, 0.4724 2.9528 -0.7677, 0.4331 2.9528 -0.7677, 0.5118 2.7639 -0.7677, 0.3937 2.7639 -0.7677, 0.5118 2.9134 -0.7677, 0.3937 2.9134 -0.7677, 0.416 2.9489 -0.7677, 0.3947 2.9221 -0.7677, 0.3976 2.9305 -0.7677, 0.4023 2.9379 -0.7677, 0.4085 2.9442 -0.7677, 0.4243 2.9518 -0.7677, 0.5108 2.9221 -0.7677, 0.4812 2.9518 -0.7677, 0.4895 2.9489 -0.7677, 0.497 2.9442 -0.7677, 0.5032 2.9379 -0.7677, 0.5079 2.9305 -0.7677, 0.5118 2.7534 -0.7665, 0.3937 2.7534 -0.7665, 0.5118 2.7434 -0.763, 0.3937 2.7434 -0.763, 0.5118 2.7344 -0.7574, 0.3937 2.7344 -0.7574, 0.5118 2.727 -0.7499, 0.3937 2.727 -0.7499, 0.5118 2.7213 -0.741, 0.3937 2.7213 -0.741, 0.5118 2.7178 -0.731, 0.3937 2.7178 -0.731, 0.5118 2.7167 -0.7205, 0.3937 2.7167 -0.7205, 0.3937 2.7167 -0.4565, 0.5118 2.7167 -0.4565, 0.3937 2.7159 -0.4483, 0.5118 2.7159 -0.4483, 0.3937 2.7138 -0.4403, 0.5118 2.7138 -0.4403, 0.3937 2.7082 -0.4248, 0.5118 2.7082 -0.4248, 0.3937 2.704 -0.4161, 0.5118 2.704 -0.4161, 0.3937 2.6981 -0.4085, 0.5118 2.6981 -0.4085, 0.3937 2.6909 -0.4022, 0.5118 2.6909 -0.4022, 0.3937 2.6825 -0.3976, 0.5118 2.6825 -0.3976, 0.3937 2.6733 -0.3947, 0.5118 2.6733 -0.3947, 0.3937 2.6638 -0.3937, 0.5118 2.6638 -0.3937, 0.3937 2.6378 -0.3937, 0.5118 2.6378 -0.3937, 0.3937 2.6378 -0.3543, 0.5118 2.6378 -0.3543, 0.3937 2.6638 -0.3543, 0.5118 2.6638 -0.3543, 0.5118 2.6769 -0.3553, 0.3937 2.6769 -0.3553, 0.5118 2.6898 -0.3583, 0.3937 2.6898 -0.3583, 0.5118 2.7021 -0.3633, 0.3937 2.7021 -0.3633, 0.5118 2.7134 -0.37, 0.3937 2.7134 -0.37, 0.5118 2.7237 -0.3784, 0.3937 2.7237 -0.3784, 0.5118 2.7325 -0.3882, 0.3937 2.7325 -0.3882, 0.5118 2.7397 -0.3993, 0.3937 2.7397 -0.3993, 0.5118 2.7452 -0.4113, 0.3937 2.7452 -0.4113, 0.3937 2.7508 -0.4268, 0.5118 2.7508 -0.4268, 0.5118 2.7537 -0.4365, 0.3937 2.7537 -0.4365, 0.5118 2.7554 -0.4464, 0.3937 2.7554 -0.4464, 0.5118 2.756 -0.4565, 0.3937 2.756 -0.4565, 0.3937 2.756 -0.7205, 0.5118 2.756 -0.7205, 0.3937 2.7563 -0.7225, 0.5118 2.7563 -0.7225, 0.3937 2.7571 -0.7244, 0.5118 2.7571 -0.7244, 0.3937 2.7583 -0.726, 0.5118 2.7583 -0.726, 0.3937 2.76 -0.7273, 0.5118 2.76 -0.7273, 0.3937 2.7619 -0.7281, 0.5118 2.7619 -0.7281, -0.3543 1.1283 -0.6137, -0.3543 1.2954 -0.5529, -0.4724 1.1283 -0.6137, -0.4724 1.2954 -0.5529, -0.3543 1.1417 -0.6507, -0.4724 1.1417 -0.6507, -0.3543 1.3088 -0.5899, -0.4724 1.3088 -0.5899, -0.3543 1.3287 -0.5845, -0.4724 1.3287 -0.5845, -0.3543 1.3492 -0.5827, -0.4724 1.3492 -0.5827, -0.3543 1.3697 -0.5845, -0.4724 1.3697 -0.5845, -0.3543 1.8402 -0.6675, -0.4724 1.8402 -0.6675, -0.4724 1.8607 -0.6693, -0.3543 1.8607 -0.6693, -0.3543 2.0472 -0.6693, -0.4724 2.0472 -0.6693, -0.3543 2.0472 -0.6299, -0.4724 2.0472 -0.6299, -0.3543 1.8607 -0.6299, -0.4724 1.8607 -0.6299, -0.3543 1.8471 -0.6287, -0.4724 1.8471 -0.6287, -0.3543 1.3766 -0.5458, -0.4724 1.3766 -0.5458, -0.4724 1.3561 -0.5435, -0.3543 1.3561 -0.5435, -0.4724 1.3355 -0.544, -0.3543 1.3355 -0.544, -0.4724 1.3152 -0.5471, -0.3543 1.3152 -0.5471, -1.6535 1.1283 -0.6137, -1.6535 1.2954 -0.5529, -1.7717 1.1283 -0.6137, -1.7717 1.2954 -0.5529, -1.6535 1.1417 -0.6507, -1.7717 1.1417 -0.6507, -1.6535 1.3088 -0.5899, -1.7717 1.3088 -0.5899, -1.6535 1.3287 -0.5845, -1.7717 1.3287 -0.5845, -1.6535 1.3492 -0.5827, -1.7717 1.3492 -0.5827, -1.6535 1.3697 -0.5845, -1.7717 1.3697 -0.5845, -1.6535 1.8402 -0.6675, -1.7717 1.8402 -0.6675, -1.7717 1.8607 -0.6693, -1.6535 1.8607 -0.6693, -1.6535 2.0472 -0.6693, -1.7717 2.0472 -0.6693, -1.6535 2.0472 -0.6299, -1.7717 2.0472 -0.6299, -1.6535 1.8607 -0.6299, -1.7717 1.8607 -0.6299, -1.6535 1.8471 -0.6287, -1.7717 1.8471 -0.6287, -1.6535 1.3766 -0.5458, -1.7717 1.3766 -0.5458, -1.7717 1.3561 -0.5435, -1.6535 1.3561 -0.5435, -1.7717 1.3355 -0.544, -1.6535 1.3355 -0.544, -1.7717 1.3152 -0.5471, -1.6535 1.3152 -0.5471, -2.9035 1.4538 -0.1969, -2.8248 1.4538 -0.1969, -2.9033 1.4595 -0.1969, -2.8248 1.4541 -0.1969, -2.7581 2.423 -0.1969, -2.8366 2.4284 -0.1969, -2.7581 2.423 -0.3937, -2.8248 1.4541 -0.3937, -2.8366 2.4284 -0.3937, -2.9033 1.4595 -0.3937, -2.9035 1.4538 -0.3937, -2.9035 1.063 -0.1969, -2.9035 1.063 -0.3937, -2.8248 1.063 -0.1969, -2.8248 1.063 -0.3937, -2.8248 1.4538 -0.3937, -2.8248 1.4538 -0.3937
            ]
        }
        coordIndex [
            0,1,2,-1,2,1,3,-1,4,3,5,-1,6,7,5,-1,5,7,8,-1,5,8,4,-1,4,9,3,-1,3,9,10,-1,3,10,2,-1,2,10,11,-1,2,11,12,-1,12,11,13,-1,12,13,14,-1,14,15,12,-1,12,15,16,-1,12,16,17,-1,18,19,10,-1,10,19,11,-1,20,21,22,-1,22,21,23,-1,24,23,25,-1,26,27,25,-1,25,27,28,-1,25,28,24,-1,24,29,23,-1,23,29,19,-1,23,19,22,-1,22,19,18,-1,22,18,30,-1,30,18,31,-1,30,31,32,-1,32,33,30,-1,30,33,34,-1,30,34,35,-1,21,20,36,-1,21,36,37,-1,37,36,38,-1,37,38,39,-1,39,38,40,-1,39,40,41,-1,41,40,42,-1,41,42,43,-1,43,42,44,-1,43,44,45,-1,45,44,46,-1,45,46,47,-1,47,46,48,-1,47,48,49,-1,50,49,51,-1,51,49,48,-1,50,51,52,-1,52,51,53,-1,52,53,54,-1,54,53,55,-1,56,54,57,-1,57,54,55,-1,56,57,58,-1,58,57,59,-1,58,59,60,-1,60,59,61,-1,60,61,62,-1,62,61,63,-1,62,63,64,-1,64,63,65,-1,64,65,66,-1,66,65,67,-1,66,67,68,-1,68,67,69,-1,70,68,71,-1,71,68,69,-1,72,70,73,-1,73,70,71,-1,74,72,75,-1,75,72,73,-1,74,75,76,-1,74,76,77,-1,77,76,78,-1,77,78,79,-1,79,78,80,-1,79,80,81,-1,81,80,82,-1,81,82,83,-1,83,82,84,-1,83,84,85,-1,85,84,86,-1,85,86,87,-1,87,86,88,-1,87,88,89,-1,89,88,90,-1,89,90,91,-1,92,91,93,-1,93,91,90,-1,92,93,94,-1,92,94,95,-1,95,94,96,-1,95,96,97,-1,97,96,98,-1,97,98,99,-1,100,99,101,-1,101,99,98,-1,100,101,102,-1,102,101,103,-1,102,103,104,-1,104,103,105,-1,104,105,106,-1,106,105,107,-1,106,107,108,-1,108,107,109,-1,108,109,110,-1,110,109,111,-1,110,111,0,-1,0,111,1,-1,2,23,0,-1,0,23,21,-1,0,21,110,-1,110,21,37,-1,110,37,108,-1,66,79,64,-1,64,79,81,-1,64,81,62,-1,62,81,83,-1,62,83,60,-1,37,39,108,-1,108,39,41,-1,108,41,106,-1,106,41,43,-1,106,43,104,-1,104,43,45,-1,104,45,102,-1,102,45,47,-1,102,47,100,-1,100,47,49,-1,100,49,99,-1,99,49,50,-1,99,50,97,-1,97,50,52,-1,97,52,95,-1,95,52,54,-1,70,72,68,-1,68,72,74,-1,68,74,66,-1,66,74,77,-1,66,77,79,-1,83,85,60,-1,60,85,87,-1,60,87,58,-1,58,87,89,-1,58,89,56,-1,56,89,91,-1,56,91,54,-1,54,91,92,-1,54,92,95,-1,22,3,20,-1,20,3,1,-1,20,1,36,-1,36,1,111,-1,36,111,38,-1,38,111,109,-1,38,109,40,-1,40,109,107,-1,40,107,42,-1,42,107,44,-1,44,107,105,-1,44,105,46,-1,46,105,103,-1,46,103,48,-1,48,103,101,-1,48,101,51,-1,73,71,75,-1,75,71,69,-1,75,69,76,-1,76,69,67,-1,76,67,78,-1,78,67,65,-1,59,86,61,-1,61,86,84,-1,61,84,63,-1,63,84,82,-1,63,82,65,-1,65,82,80,-1,65,80,78,-1,101,98,51,-1,51,98,96,-1,51,96,53,-1,53,96,94,-1,53,94,55,-1,55,94,93,-1,55,93,57,-1,57,93,90,-1,57,90,59,-1,59,90,88,-1,59,88,86,-1,18,10,9,-1,18,9,31,-1,31,9,4,-1,31,4,32,-1,32,4,8,-1,32,8,33,-1,33,8,7,-1,33,7,34,-1,34,7,6,-1,34,6,35,-1,35,6,5,-1,35,5,30,-1,30,5,3,-1,30,3,22,-1,11,19,29,-1,11,29,13,-1,13,29,24,-1,13,24,14,-1,14,24,28,-1,14,28,15,-1,15,28,27,-1,15,27,16,-1,16,27,26,-1,16,26,17,-1,17,26,25,-1,17,25,12,-1,12,25,23,-1,12,23,2,-1,112,113,114,-1,114,113,115,-1,116,112,117,-1,117,112,114,-1,118,116,119,-1,119,116,117,-1,118,119,120,-1,120,119,121,-1,120,121,122,-1,122,121,123,-1,122,123,124,-1,124,123,125,-1,126,124,127,-1,127,124,125,-1,127,128,126,-1,126,128,129,-1,130,129,131,-1,131,129,128,-1,132,130,133,-1,133,130,131,-1,134,132,135,-1,135,132,133,-1,134,135,136,-1,136,135,137,-1,138,136,139,-1,139,136,137,-1,138,139,140,-1,138,140,141,-1,141,140,142,-1,141,142,143,-1,143,142,144,-1,143,144,145,-1,145,144,115,-1,145,115,113,-1,112,116,113,-1,113,116,118,-1,113,118,145,-1,145,118,120,-1,145,120,143,-1,143,120,122,-1,130,132,129,-1,129,132,134,-1,129,134,126,-1,126,134,136,-1,126,136,124,-1,124,136,138,-1,124,138,122,-1,122,138,141,-1,122,141,143,-1,117,114,119,-1,119,114,115,-1,119,115,121,-1,133,131,135,-1,135,131,128,-1,135,128,137,-1,137,128,127,-1,137,127,139,-1,139,127,125,-1,139,125,140,-1,140,125,123,-1,140,123,142,-1,142,123,121,-1,142,121,144,-1,144,121,115,-1,146,147,148,-1,148,147,149,-1,150,146,151,-1,151,146,148,-1,152,150,153,-1,153,150,151,-1,152,153,154,-1,154,153,155,-1,154,155,156,-1,156,155,157,-1,156,157,158,-1,158,157,159,-1,160,158,161,-1,161,158,159,-1,161,162,160,-1,160,162,163,-1,164,163,165,-1,165,163,162,-1,166,164,167,-1,167,164,165,-1,168,166,169,-1,169,166,167,-1,168,169,170,-1,170,169,171,-1,172,170,173,-1,173,170,171,-1,172,173,174,-1,172,174,175,-1,175,174,176,-1,175,176,177,-1,177,176,178,-1,177,178,179,-1,179,178,149,-1,179,149,147,-1,146,150,147,-1,147,150,152,-1,147,152,179,-1,179,152,154,-1,179,154,177,-1,177,154,156,-1,164,166,163,-1,163,166,168,-1,163,168,160,-1,160,168,170,-1,160,170,158,-1,158,170,172,-1,158,172,156,-1,156,172,175,-1,156,175,177,-1,151,148,153,-1,153,148,149,-1,153,149,155,-1,167,165,169,-1,169,165,162,-1,169,162,171,-1,171,162,161,-1,171,161,173,-1,173,161,159,-1,173,159,174,-1,174,159,157,-1,174,157,176,-1,176,157,155,-1,176,155,178,-1,178,155,149,-1,180,181,182,-1,182,181,183,-1,183,184,182,-1,182,184,185,-1,186,184,187,-1,187,184,183,-1,185,184,188,-1,188,184,186,-1,182,185,189,-1,189,185,188,-1,189,190,182,-1,182,190,180,-1,191,180,192,-1,192,180,190,-1,193,191,194,-1,194,191,192,-1,195,181,194,-1,194,181,193,-1,181,195,183,-1,183,195,187,-1,180,191,181,-1,181,191,193,-1,
        ]
    }
}
Shape{
    appearance Appearance {
        material  Material 	{
            diffuseColor 0.5019607843137255 0.25098039215686274 0.0
            specularColor 0.44313725490196076 0.2196078431372549 0.0
            ambientIntensity 0.2
            transparency 0
            shininess 0.5
        }
    }
    geometry IndexedFaceSet {
        ccw TRUE
        solid FALSE
        coord DEF co Coordinate {
            point [
                -2.8248 1.063 -0.3937, -2.9035 1.063 -0.3937, -2.8248 1.4538 -0.3937, -2.9035 1.4538 -0.3937, -2.8248 1.4541 -0.3937, -2.9033 1.4595 -0.3937, -2.7581 2.423 -0.3937, -2.8366 2.4284 -0.3937, -2.8366 2.4284 -0.3937
            ]
        }
        coordIndex [
            0,1,2,-1,2,1,3,-1,2,3,4,-1,4,3,5,-1,4,5,6,-1,6,5,7,-1,
        ]
    }
}
Shape{
    appearance Appearance {
        material  Material 	{
            diffuseColor 0.7529411764705882 0.7529411764705882 0.7529411764705882
            specularColor 0.3764705882352941 0.3764705882352941 0.3764705882352941
            ambientIntensity 0.2
            transparency 0
            shininess 0.5
        }
    }
    geometry IndexedFaceSet {
        ccw TRUE
        solid FALSE
        coord DEF co Coordinate {
            point [
                -1.3386 2.7639 -0.7283, -1.2205 2.7639 -0.7283, -1.3386 2.9134 -0.7283, -1.2205 2.9134 -0.7283, -1.2353 2.9442 -0.7283, -1.2428 2.9489 -0.7283, -1.2215 2.9221 -0.7283, -1.2244 2.9305 -0.7283, -1.2291 2.9379 -0.7283, -1.2511 2.9518 -0.7283, -1.2598 2.9528 -0.7283, -1.2992 2.9528 -0.7283, -1.3376 2.9221 -0.7283, -1.308 2.9518 -0.7283, -1.3163 2.9489 -0.7283, -1.3238 2.9442 -0.7283, -1.3347 2.9305 -0.7283, -1.33 2.9379 -0.7283, -1.2598 2.9528 -0.7677, -1.2992 2.9528 -0.7677, -1.2205 2.7639 -0.7677, -1.3386 2.7639 -0.7677, -1.2205 2.9134 -0.7677, -1.3386 2.9134 -0.7677, -1.3238 2.9442 -0.7677, -1.3163 2.9489 -0.7677, -1.3376 2.9221 -0.7677, -1.3347 2.9305 -0.7677, -1.33 2.9379 -0.7677, -1.308 2.9518 -0.7677, -1.2215 2.9221 -0.7677, -1.2511 2.9518 -0.7677, -1.2428 2.9489 -0.7677, -1.2353 2.9442 -0.7677, -1.2244 2.9305 -0.7677, -1.2291 2.9379 -0.7677, -1.2205 2.7534 -0.7665, -1.3386 2.7534 -0.7665, -1.2205 2.7434 -0.763, -1.3386 2.7434 -0.763, -1.2205 2.7344 -0.7574, -1.3386 2.7344 -0.7574, -1.2205 2.727 -0.7499, -1.3386 2.727 -0.7499, -1.2205 2.7213 -0.741, -1.3386 2.7213 -0.741, -1.2205 2.7178 -0.731, -1.3386 2.7178 -0.731, -1.2205 2.7167 -0.7205, -1.3386 2.7167 -0.7205, -1.3386 2.7167 -0.4565, -1.2205 2.7167 -0.4565, -1.3386 2.7159 -0.4483, -1.2205 2.7159 -0.4483, -1.3386 2.7138 -0.4403, -1.2205 2.7138 -0.4403, -1.3386 2.7082 -0.4248, -1.2205 2.7082 -0.4248, -1.3386 2.704 -0.4161, -1.2205 2.704 -0.4161, -1.3386 2.6981 -0.4085, -1.2205 2.6981 -0.4085, -1.3386 2.6909 -0.4022, -1.2205 2.6909 -0.4022, -1.3386 2.6825 -0.3976, -1.2205 2.6825 -0.3976, -1.3386 2.6733 -0.3947, -1.2205 2.6733 -0.3947, -1.3386 2.6638 -0.3937, -1.2205 2.6638 -0.3937, -1.3386 2.6378 -0.3937, -1.2205 2.6378 -0.3937, -1.3386 2.6378 -0.3543, -1.2205 2.6378 -0.3543, -1.3386 2.6638 -0.3543, -1.2205 2.6638 -0.3543, -1.2205 2.6769 -0.3553, -1.3386 2.6769 -0.3553, -1.2205 2.6898 -0.3583, -1.3386 2.6898 -0.3583, -1.2205 2.7021 -0.3633, -1.3386 2.7021 -0.3633, -1.2205 2.7134 -0.37, -1.3386 2.7134 -0.37, -1.2205 2.7237 -0.3784, -1.3386 2.7237 -0.3784, -1.2205 2.7325 -0.3882, -1.3386 2.7325 -0.3882, -1.2205 2.7397 -0.3993, -1.3386 2.7397 -0.3993, -1.2205 2.7452 -0.4113, -1.3386 2.7452 -0.4113, -1.3386 2.7508 -0.4268, -1.2205 2.7508 -0.4268, -1.2205 2.7537 -0.4365, -1.3386 2.7537 -0.4365, -1.2205 2.7554 -0.4464, -1.3386 2.7554 -0.4464, -1.2205 2.756 -0.4565, -1.3386 2.756 -0.4565, -1.3386 2.756 -0.7205, -1.2205 2.756 -0.7205, -1.3386 2.7563 -0.7225, -1.2205 2.7563 -0.7225, -1.3386 2.7571 -0.7244, -1.2205 2.7571 -0.7244, -1.3386 2.7583 -0.726, -1.2205 2.7583 -0.726, -1.3386 2.76 -0.7273, -1.2205 2.76 -0.7273, -1.3386 2.7619 -0.7281, -1.2205 2.7619 -0.7281, -0.0394 2.7639 -0.7283, 0.0787 2.7639 -0.7283, -0.0394 2.9134 -0.7283, 0.0787 2.9134 -0.7283, 0.0748 2.9305 -0.7283, 0.0702 2.9379 -0.7283, 0.0639 2.9442 -0.7283, 0.0565 2.9489 -0.7283, 0.0481 2.9518 -0.7283, 0.0394 2.9528 -0.7283, 0.0 2.9528 -0.7283, 0.0778 2.9221 -0.7283, -0.0088 2.9518 -0.7283, -0.0171 2.9489 -0.7283, -0.0384 2.9221 -0.7283, -0.0245 2.9442 -0.7283, -0.0355 2.9305 -0.7283, -0.0308 2.9379 -0.7283, 0.0394 2.9528 -0.7677, 0.0 2.9528 -0.7677, 0.0787 2.7639 -0.7677, -0.0394 2.7639 -0.7677, 0.0787 2.9134 -0.7677, -0.0394 2.9134 -0.7677, -0.0355 2.9305 -0.7677, -0.0308 2.9379 -0.7677, -0.0245 2.9442 -0.7677, -0.0171 2.9489 -0.7677, -0.0088 2.9518 -0.7677, -0.0384 2.9221 -0.7677, 0.0481 2.9518 -0.7677, 0.0565 2.9489 -0.7677, 0.0778 2.9221 -0.7677, 0.0639 2.9442 -0.7677, 0.0748 2.9305 -0.7677, 0.0702 2.9379 -0.7677, 0.0787 2.7534 -0.7665, -0.0394 2.7534 -0.7665, 0.0787 2.7434 -0.763, -0.0394 2.7434 -0.763, 0.0787 2.7344 -0.7574, -0.0394 2.7344 -0.7574, 0.0787 2.727 -0.7499, -0.0394 2.727 -0.7499, 0.0787 2.7213 -0.741, -0.0394 2.7213 -0.741, 0.0787 2.7178 -0.731, -0.0394 2.7178 -0.731, 0.0787 2.7167 -0.7205, -0.0394 2.7167 -0.7205, -0.0394 2.7167 -0.4565, 0.0787 2.7167 -0.4565, -0.0394 2.7159 -0.4483, 0.0787 2.7159 -0.4483, -0.0394 2.7138 -0.4403, 0.0787 2.7138 -0.4403, -0.0394 2.7082 -0.4248, 0.0787 2.7082 -0.4248, -0.0394 2.704 -0.4161, 0.0787 2.704 -0.4161, -0.0394 2.6981 -0.4085, 0.0787 2.6981 -0.4085, -0.0394 2.6909 -0.4022, 0.0787 2.6909 -0.4022, -0.0394 2.6825 -0.3976, 0.0787 2.6825 -0.3976, -0.0394 2.6733 -0.3947, 0.0787 2.6733 -0.3947, -0.0394 2.6638 -0.3937, 0.0787 2.6638 -0.3937, -0.0394 2.6378 -0.3937, 0.0787 2.6378 -0.3937, -0.0394 2.6378 -0.3543, 0.0787 2.6378 -0.3543, -0.0394 2.6638 -0.3543, 0.0787 2.6638 -0.3543, 0.0787 2.6769 -0.3553, -0.0394 2.6769 -0.3553, 0.0787 2.6898 -0.3583, -0.0394 2.6898 -0.3583, 0.0787 2.7021 -0.3633, -0.0394 2.7021 -0.3633, 0.0787 2.7134 -0.37, -0.0394 2.7134 -0.37, 0.0787 2.7237 -0.3784, -0.0394 2.7237 -0.3784, 0.0787 2.7325 -0.3882, -0.0394 2.7325 -0.3882, 0.0787 2.7397 -0.3993, -0.0394 2.7397 -0.3993, 0.0787 2.7452 -0.4113, -0.0394 2.7452 -0.4113, -0.0394 2.7508 -0.4268, 0.0787 2.7508 -0.4268, 0.0787 2.7537 -0.4365, -0.0394 2.7537 -0.4365, 0.0787 2.7554 -0.4464, -0.0394 2.7554 -0.4464, 0.0787 2.756 -0.4565, -0.0394 2.756 -0.4565, -0.0394 2.756 -0.7205, 0.0787 2.756 -0.7205, -0.0394 2.7563 -0.7225, 0.0787 2.7563 -0.7225, -0.0394 2.7571 -0.7244, 0.0787 2.7571 -0.7244, -0.0394 2.7583 -0.726, 0.0787 2.7583 -0.726, -0.0394 2.76 -0.7273, 0.0787 2.76 -0.7273, -0.0394 2.7619 -0.7281, 0.0787 2.7619 -0.7281, 0.5118 1.1283 -0.6137, 0.5118 1.2954 -0.5529, 0.3937 1.1283 -0.6137, 0.3937 1.2954 -0.5529, 0.5118 1.1417 -0.6507, 0.3937 1.1417 -0.6507, 0.5118 1.3088 -0.5899, 0.3937 1.3088 -0.5899, 0.5118 1.3287 -0.5845, 0.3937 1.3287 -0.5845, 0.5118 1.3492 -0.5827, 0.3937 1.3492 -0.5827, 0.5118 1.3697 -0.5845, 0.3937 1.3697 -0.5845, 0.5118 1.8402 -0.6675, 0.3937 1.8402 -0.6675, 0.3937 1.8607 -0.6693, 0.5118 1.8607 -0.6693, 0.5118 2.0472 -0.6693, 0.3937 2.0472 -0.6693, 0.5118 2.0472 -0.6299, 0.3937 2.0472 -0.6299, 0.5118 1.8607 -0.6299, 0.3937 1.8607 -0.6299, 0.5118 1.8471 -0.6287, 0.3937 1.8471 -0.6287, 0.5118 1.3766 -0.5458, 0.3937 1.3766 -0.5458, 0.3937 1.3561 -0.5435, 0.5118 1.3561 -0.5435, 0.3937 1.3355 -0.544, 0.5118 1.3355 -0.544, 0.3937 1.3152 -0.5471, 0.5118 1.3152 -0.5471, -0.7874 1.1283 -0.6137, -0.7874 1.2954 -0.5529, -0.9055 1.1283 -0.6137, -0.9055 1.2954 -0.5529, -0.7874 1.1417 -0.6507, -0.9055 1.1417 -0.6507, -0.7874 1.3088 -0.5899, -0.9055 1.3088 -0.5899, -0.7874 1.3287 -0.5845, -0.9055 1.3287 -0.5845, -0.7874 1.3492 -0.5827, -0.9055 1.3492 -0.5827, -0.7874 1.3697 -0.5845, -0.9055 1.3697 -0.5845, -0.7874 1.8402 -0.6675, -0.9055 1.8402 -0.6675, -0.9055 1.8607 -0.6693, -0.7874 1.8607 -0.6693, -0.7874 2.0472 -0.6693, -0.9055 2.0472 -0.6693, -0.7874 2.0472 -0.6299, -0.9055 2.0472 -0.6299, -0.7874 1.8607 -0.6299, -0.9055 1.8607 -0.6299, -0.7874 1.8471 -0.6287, -0.9055 1.8471 -0.6287, -0.7874 1.3766 -0.5458, -0.9055 1.3766 -0.5458, -0.9055 1.3561 -0.5435, -0.7874 1.3561 -0.5435, -0.9055 1.3355 -0.544, -0.7874 1.3355 -0.544, -0.9055 1.3152 -0.5471, -0.7874 1.3152 -0.5471, -2.0866 1.1283 -0.6137, -2.0866 1.2954 -0.5529, -2.2047 1.1283 -0.6137, -2.2047 1.2954 -0.5529, -2.0866 1.1417 -0.6507, -2.2047 1.1417 -0.6507, -2.0866 1.3088 -0.5899, -2.2047 1.3088 -0.5899, -2.0866 1.3287 -0.5845, -2.2047 1.3287 -0.5845, -2.0866 1.3492 -0.5827, -2.2047 1.3492 -0.5827, -2.0866 1.3697 -0.5845, -2.2047 1.3697 -0.5845, -2.0866 1.8402 -0.6675, -2.2047 1.8402 -0.6675, -2.2047 1.8607 -0.6693, -2.0866 1.8607 -0.6693, -2.0866 2.0472 -0.6693, -2.2047 2.0472 -0.6693, -2.0866 2.0472 -0.6299, -2.2047 2.0472 -0.6299, -2.0866 1.8607 -0.6299, -2.2047 1.8607 -0.6299, -2.0866 1.8471 -0.6287, -2.2047 1.8471 -0.6287, -2.0866 1.3766 -0.5458, -2.2047 1.3766 -0.5458, -2.2047 1.3561 -0.5435, -2.0866 1.3561 -0.5435, -2.2047 1.3355 -0.544, -2.0866 1.3355 -0.544, -2.2047 1.3152 -0.5471, -2.0866 1.3152 -0.5471, -2.6378 2.9134 -0.7283, -2.6378 2.7639 -0.7283, -2.5197 2.7639 -0.7283, -2.5197 2.9134 -0.7283, -2.5591 2.9528 -0.7283, -2.5984 2.9528 -0.7283, -2.5345 2.9442 -0.7283, -2.542 2.9489 -0.7283, -2.5283 2.9379 -0.7283, -2.5236 2.9305 -0.7283, -2.5207 2.9221 -0.7283, -2.5503 2.9518 -0.7283, -2.6292 2.9379 -0.7283, -2.6339 2.9305 -0.7283, -2.623 2.9442 -0.7283, -2.6155 2.9489 -0.7283, -2.6072 2.9518 -0.7283, -2.6368 2.9221 -0.7283, -2.5591 2.9528 -0.7677, -2.5984 2.9528 -0.7677, -2.5197 2.9134 -0.7677, -2.5197 2.7639 -0.7677, -2.6378 2.7639 -0.7677, -2.6378 2.9134 -0.7677, -2.5283 2.9379 -0.7677, -2.5236 2.9305 -0.7677, -2.5345 2.9442 -0.7677, -2.542 2.9489 -0.7677, -2.5503 2.9518 -0.7677, -2.5207 2.9221 -0.7677, -2.623 2.9442 -0.7677, -2.6155 2.9489 -0.7677, -2.6292 2.9379 -0.7677, -2.6339 2.9305 -0.7677, -2.6368 2.9221 -0.7677, -2.6072 2.9518 -0.7677, -2.5197 2.7534 -0.7665, -2.6378 2.7534 -0.7665, -2.5197 2.7434 -0.763, -2.6378 2.7434 -0.763, -2.5197 2.7344 -0.7574, -2.6378 2.7344 -0.7574, -2.5197 2.727 -0.7499, -2.6378 2.727 -0.7499, -2.5197 2.7213 -0.741, -2.6378 2.7213 -0.741, -2.5197 2.7178 -0.731, -2.6378 2.7178 -0.731, -2.5197 2.7167 -0.7205, -2.6378 2.7167 -0.7205, -2.6378 2.7167 -0.4565, -2.5197 2.7167 -0.4565, -2.6378 2.7159 -0.4483, -2.5197 2.7159 -0.4483, -2.6378 2.7138 -0.4403, -2.5197 2.7138 -0.4403, -2.6378 2.7082 -0.4248, -2.5197 2.7082 -0.4248, -2.6378 2.704 -0.4161, -2.5197 2.704 -0.4161, -2.6378 2.6981 -0.4085, -2.5197 2.6981 -0.4085, -2.6378 2.6909 -0.4022, -2.5197 2.6909 -0.4022, -2.6378 2.6825 -0.3976, -2.5197 2.6825 -0.3976, -2.6378 2.6733 -0.3947, -2.5197 2.6733 -0.3947, -2.6378 2.6638 -0.3937, -2.5197 2.6638 -0.3937, -2.6378 2.6378 -0.3937, -2.5197 2.6378 -0.3937, -2.6378 2.6378 -0.3543, -2.5197 2.6378 -0.3543, -2.6378 2.6638 -0.3543, -2.5197 2.6638 -0.3543, -2.5197 2.6769 -0.3553, -2.6378 2.6769 -0.3553, -2.5197 2.6898 -0.3583, -2.6378 2.6898 -0.3583, -2.5197 2.7021 -0.3633, -2.6378 2.7021 -0.3633, -2.5197 2.7134 -0.37, -2.6378 2.7134 -0.37, -2.5197 2.7237 -0.3784, -2.6378 2.7237 -0.3784, -2.5197 2.7325 -0.3882, -2.6378 2.7325 -0.3882, -2.5197 2.7397 -0.3993, -2.6378 2.7397 -0.3993, -2.5197 2.7452 -0.4113, -2.6378 2.7452 -0.4113, -2.6378 2.7508 -0.4268, -2.5197 2.7508 -0.4268, -2.5197 2.7537 -0.4365, -2.6378 2.7537 -0.4365, -2.5197 2.7554 -0.4464, -2.6378 2.7554 -0.4464, -2.5197 2.756 -0.4565, -2.6378 2.756 -0.4565, -2.6378 2.756 -0.7205, -2.5197 2.756 -0.7205, -2.6378 2.7563 -0.7225, -2.5197 2.7563 -0.7225, -2.6378 2.7571 -0.7244, -2.5197 2.7571 -0.7244, -2.6378 2.7583 -0.726, -2.5197 2.7583 -0.726, -2.6378 2.76 -0.7273, -2.5197 2.76 -0.7273, -2.6378 2.7619 -0.7281, -2.5197 2.7619 -0.7281, -1.7717 2.9134 -0.7283, -1.7717 2.7639 -0.7283, -1.6535 2.7639 -0.7283, -1.6535 2.9134 -0.7283, -1.6929 2.9528 -0.7283, -1.7323 2.9528 -0.7283, -1.6684 2.9442 -0.7283, -1.6758 2.9489 -0.7283, -1.6621 2.9379 -0.7283, -1.6574 2.9305 -0.7283, -1.6545 2.9221 -0.7283, -1.6842 2.9518 -0.7283, -1.7631 2.9379 -0.7283, -1.7678 2.9305 -0.7283, -1.7568 2.9442 -0.7283, -1.7494 2.9489 -0.7283, -1.741 2.9518 -0.7283, -1.7707 2.9221 -0.7283, -1.6929 2.9528 -0.7677, -1.7323 2.9528 -0.7677, -1.6545 2.9221 -0.7677, -1.6535 2.9134 -0.7677, -1.6535 2.7639 -0.7677, -1.7717 2.7639 -0.7677, -1.7717 2.9134 -0.7677, -1.7568 2.9442 -0.7677, -1.7494 2.9489 -0.7677, -1.7631 2.9379 -0.7677, -1.7678 2.9305 -0.7677, -1.7707 2.9221 -0.7677, -1.741 2.9518 -0.7677, -1.6842 2.9518 -0.7677, -1.6758 2.9489 -0.7677, -1.6574 2.9305 -0.7677, -1.6684 2.9442 -0.7677, -1.6621 2.9379 -0.7677, -1.6535 2.7534 -0.7665, -1.7717 2.7534 -0.7665, -1.6535 2.7434 -0.763, -1.7717 2.7434 -0.763, -1.6535 2.7344 -0.7574, -1.7717 2.7344 -0.7574, -1.6535 2.727 -0.7499, -1.7717 2.727 -0.7499, -1.6535 2.7213 -0.741, -1.7717 2.7213 -0.741, -1.6535 2.7178 -0.731, -1.7717 2.7178 -0.731, -1.6535 2.7167 -0.7205, -1.7717 2.7167 -0.7205, -1.7717 2.7167 -0.4565, -1.6535 2.7167 -0.4565, -1.7717 2.7159 -0.4483, -1.6535 2.7159 -0.4483, -1.7717 2.7138 -0.4403, -1.6535 2.7138 -0.4403, -1.7717 2.7082 -0.4248, -1.6535 2.7082 -0.4248, -1.7717 2.704 -0.4161, -1.6535 2.704 -0.4161, -1.7717 2.6981 -0.4085, -1.6535 2.6981 -0.4085, -1.7717 2.6909 -0.4022, -1.6535 2.6909 -0.4022, -1.7717 2.6825 -0.3976, -1.6535 2.6825 -0.3976, -1.7717 2.6733 -0.3947, -1.6535 2.6733 -0.3947, -1.7717 2.6638 -0.3937, -1.6535 2.6638 -0.3937, -1.7717 2.6378 -0.3937, -1.6535 2.6378 -0.3937, -1.7717 2.6378 -0.3543, -1.6535 2.6378 -0.3543, -1.7717 2.6638 -0.3543, -1.6535 2.6638 -0.3543, -1.6535 2.6769 -0.3553, -1.7717 2.6769 -0.3553, -1.6535 2.6898 -0.3583, -1.7717 2.6898 -0.3583, -1.6535 2.7021 -0.3633, -1.7717 2.7021 -0.3633, -1.6535 2.7134 -0.37, -1.7717 2.7134 -0.37, -1.6535 2.7237 -0.3784, -1.7717 2.7237 -0.3784, -1.6535 2.7325 -0.3882, -1.7717 2.7325 -0.3882, -1.6535 2.7397 -0.3993, -1.7717 2.7397 -0.3993, -1.6535 2.7452 -0.4113, -1.7717 2.7452 -0.4113, -1.7717 2.7508 -0.4268, -1.6535 2.7508 -0.4268, -1.6535 2.7537 -0.4365, -1.7717 2.7537 -0.4365, -1.6535 2.7554 -0.4464, -1.7717 2.7554 -0.4464, -1.6535 2.756 -0.4565, -1.7717 2.756 -0.4565, -1.7717 2.756 -0.7205, -1.6535 2.756 -0.7205, -1.7717 2.7563 -0.7225, -1.6535 2.7563 -0.7225, -1.7717 2.7571 -0.7244, -1.6535 2.7571 -0.7244, -1.7717 2.7583 -0.726, -1.6535 2.7583 -0.726, -1.7717 2.76 -0.7273, -1.6535 2.76 -0.7273, -1.7717 2.7619 -0.7281, -1.6535 2.7619 -0.7281, -0.4724 2.7639 -0.7283, -0.3543 2.7639 -0.7283, -0.4724 2.9134 -0.7283, -0.3543 2.9134 -0.7283, -0.3766 2.9489 -0.7283, -0.3553 2.9221 -0.7283, -0.3582 2.9305 -0.7283, -0.3629 2.9379 -0.7283, -0.3692 2.9442 -0.7283, -0.3849 2.9518 -0.7283, -0.3937 2.9528 -0.7283, -0.4331 2.9528 -0.7283, -0.4715 2.9221 -0.7283, -0.4418 2.9518 -0.7283, -0.4502 2.9489 -0.7283, -0.4576 2.9442 -0.7283, -0.4639 2.9379 -0.7283, -0.4685 2.9305 -0.7283, -0.3937 2.9528 -0.7677, -0.4331 2.9528 -0.7677, -0.3543 2.7639 -0.7677, -0.4724 2.7639 -0.7677, -0.3543 2.9134 -0.7677, -0.4724 2.9134 -0.7677, -0.4502 2.9489 -0.7677, -0.4715 2.9221 -0.7677, -0.4418 2.9518 -0.7677, -0.3629 2.9379 -0.7677, -0.3582 2.9305 -0.7677, -0.3553 2.9221 -0.7677, -0.4685 2.9305 -0.7677, -0.4639 2.9379 -0.7677, -0.4576 2.9442 -0.7677, -0.3849 2.9518 -0.7677, -0.3766 2.9489 -0.7677, -0.3692 2.9442 -0.7677, -0.3543 2.7534 -0.7665, -0.4724 2.7534 -0.7665, -0.3543 2.7434 -0.763, -0.4724 2.7434 -0.763, -0.3543 2.7344 -0.7574, -0.4724 2.7344 -0.7574, -0.3543 2.727 -0.7499, -0.4724 2.727 -0.7499, -0.3543 2.7213 -0.741, -0.4724 2.7213 -0.741, -0.3543 2.7178 -0.731, -0.4724 2.7178 -0.731, -0.3543 2.7167 -0.7205, -0.4724 2.7167 -0.7205, -0.4724 2.7167 -0.4565, -0.3543 2.7167 -0.4565, -0.4724 2.7159 -0.4483, -0.3543 2.7159 -0.4483, -0.4724 2.7138 -0.4403, -0.3543 2.7138 -0.4403, -0.4724 2.7082 -0.4248, -0.3543 2.7082 -0.4248, -0.4724 2.704 -0.4161, -0.3543 2.704 -0.4161, -0.4724 2.6981 -0.4085, -0.3543 2.6981 -0.4085, -0.4724 2.6909 -0.4022, -0.3543 2.6909 -0.4022, -0.4724 2.6825 -0.3976, -0.3543 2.6825 -0.3976, -0.4724 2.6733 -0.3947, -0.3543 2.6733 -0.3947, -0.4724 2.6638 -0.3937, -0.3543 2.6638 -0.3937, -0.4724 2.6378 -0.3937, -0.3543 2.6378 -0.3937, -0.4724 2.6378 -0.3543, -0.3543 2.6378 -0.3543, -0.4724 2.6638 -0.3543, -0.3543 2.6638 -0.3543, -0.3543 2.6769 -0.3553, -0.4724 2.6769 -0.3553, -0.3543 2.6898 -0.3583, -0.4724 2.6898 -0.3583, -0.3543 2.7021 -0.3633, -0.4724 2.7021 -0.3633, -0.3543 2.7134 -0.37, -0.4724 2.7134 -0.37, -0.3543 2.7237 -0.3784, -0.4724 2.7237 -0.3784, -0.3543 2.7325 -0.3882, -0.4724 2.7325 -0.3882, -0.3543 2.7397 -0.3993, -0.4724 2.7397 -0.3993, -0.3543 2.7452 -0.4113, -0.4724 2.7452 -0.4113, -0.4724 2.7508 -0.4268, -0.3543 2.7508 -0.4268, -0.3543 2.7537 -0.4365, -0.4724 2.7537 -0.4365, -0.3543 2.7554 -0.4464, -0.4724 2.7554 -0.4464, -0.3543 2.756 -0.4565, -0.4724 2.756 -0.4565, -0.4724 2.756 -0.7205, -0.3543 2.756 -0.7205, -0.4724 2.7563 -0.7225, -0.3543 2.7563 -0.7225, -0.4724 2.7571 -0.7244, -0.3543 2.7571 -0.7244, -0.4724 2.7583 -0.726, -0.3543 2.7583 -0.726, -0.4724 2.76 -0.7273, -0.3543 2.76 -0.7273, -0.4724 2.7619 -0.7281, -0.3543 2.7619 -0.7281, 0.9449 1.1283 -0.6137, 0.9449 1.2954 -0.5529, 0.8268 1.1283 -0.6137, 0.8268 1.2954 -0.5529, 0.9449 1.1417 -0.6507, 0.8268 1.1417 -0.6507, 0.9449 1.3088 -0.5899, 0.8268 1.3088 -0.5899, 0.9449 1.3287 -0.5845, 0.8268 1.3287 -0.5845, 0.9449 1.3492 -0.5827, 0.8268 1.3492 -0.5827, 0.9449 1.3697 -0.5845, 0.8268 1.3697 -0.5845, 0.9449 1.8402 -0.6675, 0.8268 1.8402 -0.6675, 0.8268 1.8607 -0.6693, 0.9449 1.8607 -0.6693, 0.9449 2.0472 -0.6693, 0.8268 2.0472 -0.6693, 0.9449 2.0472 -0.6299, 0.8268 2.0472 -0.6299, 0.9449 1.8607 -0.6299, 0.8268 1.8607 -0.6299, 0.9449 1.8471 -0.6287, 0.8268 1.8471 -0.6287, 0.9449 1.3766 -0.5458, 0.8268 1.3766 -0.5458, 0.8268 1.3561 -0.5435, 0.9449 1.3561 -0.5435, 0.8268 1.3355 -0.544, 0.9449 1.3355 -0.544, 0.8268 1.3152 -0.5471, 0.9449 1.3152 -0.5471, 0.0787 1.1283 -0.6137, 0.0787 1.2954 -0.5529, -0.0394 1.1283 -0.6137, -0.0394 1.2954 -0.5529, 0.0787 1.1417 -0.6507, -0.0394 1.1417 -0.6507, 0.0787 1.3088 -0.5899, -0.0394 1.3088 -0.5899, 0.0787 1.3287 -0.5845, -0.0394 1.3287 -0.5845, 0.0787 1.3492 -0.5827, -0.0394 1.3492 -0.5827, 0.0787 1.3697 -0.5845, -0.0394 1.3697 -0.5845, 0.0787 1.8402 -0.6675, -0.0394 1.8402 -0.6675, -0.0394 1.8607 -0.6693, 0.0787 1.8607 -0.6693, 0.0787 2.0472 -0.6693, -0.0394 2.0472 -0.6693, 0.0787 2.0472 -0.6299, -0.0394 2.0472 -0.6299, 0.0787 1.8607 -0.6299, -0.0394 1.8607 -0.6299, 0.0787 1.8471 -0.6287, -0.0394 1.8471 -0.6287, 0.0787 1.3766 -0.5458, -0.0394 1.3766 -0.5458, -0.0394 1.3561 -0.5435, 0.0787 1.3561 -0.5435, -0.0394 1.3355 -0.544, 0.0787 1.3355 -0.544, -0.0394 1.3152 -0.5471, 0.0787 1.3152 -0.5471, 0.8268 2.7639 -0.7283, 0.9449 2.7639 -0.7283, 0.8268 2.9134 -0.7283, 0.9449 2.9134 -0.7283, 0.9301 2.9442 -0.7283, 0.9226 2.9489 -0.7283, 0.9439 2.9221 -0.7283, 0.941 2.9305 -0.7283, 0.9363 2.9379 -0.7283, 0.9143 2.9518 -0.7283, 0.9055 2.9528 -0.7283, 0.8661 2.9528 -0.7283, 0.8278 2.9221 -0.7283, 0.8574 2.9518 -0.7283, 0.8491 2.9489 -0.7283, 0.8416 2.9442 -0.7283, 0.8307 2.9305 -0.7283, 0.8354 2.9379 -0.7283, 0.9055 2.9528 -0.7677, 0.8661 2.9528 -0.7677, 0.9449 2.7639 -0.7677, 0.8268 2.7639 -0.7677, 0.9449 2.9134 -0.7677, 0.8268 2.9134 -0.7677, 0.8416 2.9442 -0.7677, 0.8491 2.9489 -0.7677, 0.8278 2.9221 -0.7677, 0.8307 2.9305 -0.7677, 0.8354 2.9379 -0.7677, 0.8574 2.9518 -0.7677, 0.9439 2.9221 -0.7677, 0.9143 2.9518 -0.7677, 0.9226 2.9489 -0.7677, 0.9301 2.9442 -0.7677, 0.941 2.9305 -0.7677, 0.9363 2.9379 -0.7677, 0.9449 2.7534 -0.7665, 0.8268 2.7534 -0.7665, 0.9449 2.7434 -0.763, 0.8268 2.7434 -0.763, 0.9449 2.7344 -0.7574, 0.8268 2.7344 -0.7574, 0.9449 2.727 -0.7499, 0.8268 2.727 -0.7499, 0.9449 2.7213 -0.741, 0.8268 2.7213 -0.741, 0.9449 2.7178 -0.731, 0.8268 2.7178 -0.731, 0.9449 2.7167 -0.7205, 0.8268 2.7167 -0.7205, 0.8268 2.7167 -0.4565, 0.9449 2.7167 -0.4565, 0.8268 2.7159 -0.4483, 0.9449 2.7159 -0.4483, 0.8268 2.7138 -0.4403, 0.9449 2.7138 -0.4403, 0.8268 2.7082 -0.4248, 0.9449 2.7082 -0.4248, 0.8268 2.704 -0.4161, 0.9449 2.704 -0.4161, 0.8268 2.6981 -0.4085, 0.9449 2.6981 -0.4085, 0.8268 2.6909 -0.4022, 0.9449 2.6909 -0.4022, 0.8268 2.6825 -0.3976, 0.9449 2.6825 -0.3976, 0.8268 2.6733 -0.3947, 0.9449 2.6733 -0.3947, 0.8268 2.6638 -0.3937, 0.9449 2.6638 -0.3937, 0.8268 2.6378 -0.3937, 0.9449 2.6378 -0.3937, 0.8268 2.6378 -0.3543, 0.9449 2.6378 -0.3543, 0.8268 2.6638 -0.3543, 0.9449 2.6638 -0.3543, 0.9449 2.6769 -0.3553, 0.8268 2.6769 -0.3553, 0.9449 2.6898 -0.3583, 0.8268 2.6898 -0.3583, 0.9449 2.7021 -0.3633, 0.8268 2.7021 -0.3633, 0.9449 2.7134 -0.37, 0.8268 2.7134 -0.37, 0.9449 2.7237 -0.3784, 0.8268 2.7237 -0.3784, 0.9449 2.7325 -0.3882, 0.8268 2.7325 -0.3882, 0.9449 2.7397 -0.3993, 0.8268 2.7397 -0.3993, 0.9449 2.7452 -0.4113, 0.8268 2.7452 -0.4113, 0.8268 2.7508 -0.4268, 0.9449 2.7508 -0.4268, 0.9449 2.7537 -0.4365, 0.8268 2.7537 -0.4365, 0.9449 2.7554 -0.4464, 0.8268 2.7554 -0.4464, 0.9449 2.756 -0.4565, 0.8268 2.756 -0.4565, 0.8268 2.756 -0.7205, 0.9449 2.756 -0.7205, 0.8268 2.7563 -0.7225, 0.9449 2.7563 -0.7225, 0.8268 2.7571 -0.7244, 0.9449 2.7571 -0.7244, 0.8268 2.7583 -0.726, 0.9449 2.7583 -0.726, 0.8268 2.76 -0.7273, 0.9449 2.76 -0.7273, 0.8268 2.7619 -0.7281, 0.9449 2.7619 -0.7281, -1.2205 1.1283 -0.6137, -1.2205 1.2954 -0.5529, -1.3386 1.1283 -0.6137, -1.3386 1.2954 -0.5529, -1.2205 1.1417 -0.6507, -1.3386 1.1417 -0.6507, -1.2205 1.3088 -0.5899, -1.3386 1.3088 -0.5899, -1.2205 1.3287 -0.5845, -1.3386 1.3287 -0.5845, -1.2205 1.3492 -0.5827, -1.3386 1.3492 -0.5827, -1.2205 1.3697 -0.5845, -1.3386 1.3697 -0.5845, -1.2205 1.8402 -0.6675, -1.3386 1.8402 -0.6675, -1.3386 1.8607 -0.6693, -1.2205 1.8607 -0.6693, -1.2205 2.0472 -0.6693, -1.3386 2.0472 -0.6693, -1.2205 2.0472 -0.6299, -1.3386 2.0472 -0.6299, -1.2205 1.8607 -0.6299, -1.3386 1.8607 -0.6299, -1.2205 1.8471 -0.6287, -1.3386 1.8471 -0.6287, -1.2205 1.3766 -0.5458, -1.3386 1.3766 -0.5458, -1.3386 1.3561 -0.5435, -1.2205 1.3561 -0.5435, -1.3386 1.3355 -0.544, -1.2205 1.3355 -0.544, -1.3386 1.3152 -0.5471, -1.2205 1.3152 -0.5471, -2.2047 2.9134 -0.7283, -2.2047 2.7639 -0.7283, -2.0866 2.7639 -0.7283, -2.0866 2.9134 -0.7283, -2.126 2.9528 -0.7283, -2.1654 2.9528 -0.7283, -2.1014 2.9442 -0.7283, -2.1089 2.9489 -0.7283, -2.0952 2.9379 -0.7283, -2.0905 2.9305 -0.7283, -2.0876 2.9221 -0.7283, -2.1172 2.9518 -0.7283, -2.1961 2.9379 -0.7283, -2.2008 2.9305 -0.7283, -2.1899 2.9442 -0.7283, -2.1824 2.9489 -0.7283, -2.1741 2.9518 -0.7283, -2.2037 2.9221 -0.7283, -2.126 2.9528 -0.7677, -2.1654 2.9528 -0.7677, -2.0866 2.9134 -0.7677, -2.0866 2.7639 -0.7677, -2.2047 2.7639 -0.7677, -2.2047 2.9134 -0.7677, -2.0952 2.9379 -0.7677, -2.0905 2.9305 -0.7677, -2.1014 2.9442 -0.7677, -2.1089 2.9489 -0.7677, -2.1172 2.9518 -0.7677, -2.0876 2.9221 -0.7677, -2.1899 2.9442 -0.7677, -2.1824 2.9489 -0.7677, -2.1961 2.9379 -0.7677, -2.2008 2.9305 -0.7677, -2.2037 2.9221 -0.7677, -2.1741 2.9518 -0.7677, -2.0866 2.7534 -0.7665, -2.2047 2.7534 -0.7665, -2.0866 2.7434 -0.763, -2.2047 2.7434 -0.763, -2.0866 2.7344 -0.7574, -2.2047 2.7344 -0.7574, -2.0866 2.727 -0.7499, -2.2047 2.727 -0.7499, -2.0866 2.7213 -0.741, -2.2047 2.7213 -0.741, -2.0866 2.7178 -0.731, -2.2047 2.7178 -0.731, -2.0866 2.7167 -0.7205, -2.2047 2.7167 -0.7205, -2.2047 2.7167 -0.4565, -2.0866 2.7167 -0.4565, -2.2047 2.7159 -0.4483, -2.0866 2.7159 -0.4483, -2.2047 2.7138 -0.4403, -2.0866 2.7138 -0.4403, -2.2047 2.7082 -0.4248, -2.0866 2.7082 -0.4248, -2.2047 2.704 -0.4161, -2.0866 2.704 -0.4161, -2.2047 2.6981 -0.4085, -2.0866 2.6981 -0.4085, -2.2047 2.6909 -0.4022, -2.0866 2.6909 -0.4022, -2.2047 2.6825 -0.3976, -2.0866 2.6825 -0.3976, -2.2047 2.6733 -0.3947, -2.0866 2.6733 -0.3947, -2.2047 2.6638 -0.3937, -2.0866 2.6638 -0.3937, -2.2047 2.6378 -0.3937, -2.0866 2.6378 -0.3937, -2.2047 2.6378 -0.3543, -2.0866 2.6378 -0.3543, -2.2047 2.6638 -0.3543, -2.0866 2.6638 -0.3543, -2.0866 2.6769 -0.3553, -2.2047 2.6769 -0.3553, -2.0866 2.6898 -0.3583, -2.2047 2.6898 -0.3583, -2.0866 2.7021 -0.3633, -2.2047 2.7021 -0.3633, -2.0866 2.7134 -0.37, -2.2047 2.7134 -0.37, -2.0866 2.7237 -0.3784, -2.2047 2.7237 -0.3784, -2.0866 2.7325 -0.3882, -2.2047 2.7325 -0.3882, -2.0866 2.7397 -0.3993, -2.2047 2.7397 -0.3993, -2.0866 2.7452 -0.4113, -2.2047 2.7452 -0.4113, -2.2047 2.7508 -0.4268, -2.0866 2.7508 -0.4268, -2.0866 2.7537 -0.4365, -2.2047 2.7537 -0.4365, -2.0866 2.7554 -0.4464, -2.2047 2.7554 -0.4464, -2.0866 2.756 -0.4565, -2.2047 2.756 -0.4565, -2.2047 2.756 -0.7205, -2.0866 2.756 -0.7205, -2.2047 2.7563 -0.7225, -2.0866 2.7563 -0.7225, -2.2047 2.7571 -0.7244, -2.0866 2.7571 -0.7244, -2.2047 2.7583 -0.726, -2.0866 2.7583 -0.726, -2.2047 2.76 -0.7273, -2.0866 2.76 -0.7273, -2.2047 2.7619 -0.7281, -2.0866 2.7619 -0.7281, -2.5197 1.1283 -0.6137, -2.5197 1.2954 -0.5529, -2.6378 1.1283 -0.6137, -2.6378 1.2954 -0.5529, -2.5197 1.1417 -0.6507, -2.6378 1.1417 -0.6507, -2.5197 1.3088 -0.5899, -2.6378 1.3088 -0.5899, -2.5197 1.3287 -0.5845, -2.6378 1.3287 -0.5845, -2.5197 1.3492 -0.5827, -2.6378 1.3492 -0.5827, -2.5197 1.3697 -0.5845, -2.6378 1.3697 -0.5845, -2.5197 1.8402 -0.6675, -2.6378 1.8402 -0.6675, -2.6378 1.8607 -0.6693, -2.5197 1.8607 -0.6693, -2.5197 2.0472 -0.6693, -2.6378 2.0472 -0.6693, -2.5197 2.0472 -0.6299, -2.6378 2.0472 -0.6299, -2.5197 1.8607 -0.6299, -2.6378 1.8607 -0.6299, -2.5197 1.8471 -0.6287, -2.6378 1.8471 -0.6287, -2.5197 1.3766 -0.5458, -2.6378 1.3766 -0.5458, -2.6378 1.3561 -0.5435, -2.5197 1.3561 -0.5435, -2.6378 1.3355 -0.544, -2.5197 1.3355 -0.544, -2.6378 1.3152 -0.5471, -2.5197 1.3152 -0.5471, -0.9055 2.7639 -0.7283, -0.7874 2.7639 -0.7283, -0.9055 2.9134 -0.7283, -0.7874 2.9134 -0.7283, -0.8022 2.9442 -0.7283, -0.8097 2.9489 -0.7283, -0.7884 2.9221 -0.7283, -0.7913 2.9305 -0.7283, -0.796 2.9379 -0.7283, -0.818 2.9518 -0.7283, -0.8268 2.9528 -0.7283, -0.8661 2.9528 -0.7283, -0.9045 2.9221 -0.7283, -0.8749 2.9518 -0.7283, -0.8832 2.9489 -0.7283, -0.8907 2.9442 -0.7283, -0.9016 2.9305 -0.7283, -0.8969 2.9379 -0.7283, -0.8268 2.9528 -0.7677, -0.8661 2.9528 -0.7677, -0.7874 2.7639 -0.7677, -0.9055 2.7639 -0.7677, -0.7874 2.9134 -0.7677, -0.9055 2.9134 -0.7677, -0.8907 2.9442 -0.7677, -0.8832 2.9489 -0.7677, -0.9045 2.9221 -0.7677, -0.9016 2.9305 -0.7677, -0.8969 2.9379 -0.7677, -0.8749 2.9518 -0.7677, -0.7884 2.9221 -0.7677, -0.818 2.9518 -0.7677, -0.8097 2.9489 -0.7677, -0.8022 2.9442 -0.7677, -0.7913 2.9305 -0.7677, -0.796 2.9379 -0.7677, -0.7874 2.7534 -0.7665, -0.9055 2.7534 -0.7665, -0.7874 2.7434 -0.763, -0.9055 2.7434 -0.763, -0.7874 2.7344 -0.7574, -0.9055 2.7344 -0.7574, -0.7874 2.727 -0.7499, -0.9055 2.727 -0.7499, -0.7874 2.7213 -0.741, -0.9055 2.7213 -0.741, -0.7874 2.7178 -0.731, -0.9055 2.7178 -0.731, -0.7874 2.7167 -0.7205, -0.9055 2.7167 -0.7205, -0.9055 2.7167 -0.4565, -0.7874 2.7167 -0.4565, -0.9055 2.7159 -0.4483, -0.7874 2.7159 -0.4483, -0.9055 2.7138 -0.4403, -0.7874 2.7138 -0.4403, -0.9055 2.7082 -0.4248, -0.7874 2.7082 -0.4248, -0.9055 2.704 -0.4161, -0.7874 2.704 -0.4161, -0.9055 2.6981 -0.4085, -0.7874 2.6981 -0.4085, -0.9055 2.6909 -0.4022, -0.7874 2.6909 -0.4022, -0.9055 2.6825 -0.3976, -0.7874 2.6825 -0.3976, -0.9055 2.6733 -0.3947, -0.7874 2.6733 -0.3947, -0.9055 2.6638 -0.3937, -0.7874 2.6638 -0.3937, -0.9055 2.6378 -0.3937, -0.7874 2.6378 -0.3937, -0.9055 2.6378 -0.3543, -0.7874 2.6378 -0.3543, -0.9055 2.6638 -0.3543, -0.7874 2.6638 -0.3543, -0.7874 2.6769 -0.3553, -0.9055 2.6769 -0.3553, -0.7874 2.6898 -0.3583, -0.9055 2.6898 -0.3583, -0.7874 2.7021 -0.3633, -0.9055 2.7021 -0.3633, -0.7874 2.7134 -0.37, -0.9055 2.7134 -0.37, -0.7874 2.7237 -0.3784, -0.9055 2.7237 -0.3784, -0.7874 2.7325 -0.3882, -0.9055 2.7325 -0.3882, -0.7874 2.7397 -0.3993, -0.9055 2.7397 -0.3993, -0.7874 2.7452 -0.4113, -0.9055 2.7452 -0.4113, -0.9055 2.7508 -0.4268, -0.7874 2.7508 -0.4268, -0.7874 2.7537 -0.4365, -0.9055 2.7537 -0.4365, -0.7874 2.7554 -0.4464, -0.9055 2.7554 -0.4464, -0.7874 2.756 -0.4565, -0.9055 2.756 -0.4565, -0.9055 2.756 -0.7205, -0.7874 2.756 -0.7205, -0.9055 2.7563 -0.7225, -0.7874 2.7563 -0.7225, -0.9055 2.7571 -0.7244, -0.7874 2.7571 -0.7244, -0.9055 2.7583 -0.726, -0.7874 2.7583 -0.726, -0.9055 2.76 -0.7273, -0.7874 2.76 -0.7273, -0.9055 2.7619 -0.7281, -0.7874 2.7619 -0.7281, -0.7874 2.7619 -0.7281
            ]
        }
        coordIndex [
            0,1,2,-1,2,1,3,-1,4,5,3,-1,3,6,4,-1,4,6,7,-1,4,7,8,-1,5,9,3,-1,3,9,10,-1,3,10,2,-1,2,10,11,-1,2,11,12,-1,12,11,13,-1,13,14,12,-1,12,14,15,-1,12,15,16,-1,16,15,17,-1,18,19,10,-1,10,19,11,-1,20,21,22,-1,22,21,23,-1,24,25,23,-1,23,26,24,-1,24,26,27,-1,24,27,28,-1,25,29,23,-1,23,29,19,-1,23,19,22,-1,22,19,18,-1,22,18,30,-1,30,18,31,-1,31,32,30,-1,30,32,33,-1,30,33,34,-1,34,33,35,-1,21,20,36,-1,21,36,37,-1,37,36,38,-1,37,38,39,-1,39,38,40,-1,39,40,41,-1,41,40,42,-1,41,42,43,-1,43,42,44,-1,43,44,45,-1,45,44,46,-1,45,46,47,-1,47,46,48,-1,47,48,49,-1,50,49,51,-1,51,49,48,-1,50,51,52,-1,52,51,53,-1,52,53,54,-1,54,53,55,-1,56,54,57,-1,57,54,55,-1,56,57,58,-1,58,57,59,-1,58,59,60,-1,60,59,61,-1,60,61,62,-1,62,61,63,-1,62,63,64,-1,64,63,65,-1,64,65,66,-1,66,65,67,-1,66,67,68,-1,68,67,69,-1,70,68,71,-1,71,68,69,-1,72,70,73,-1,73,70,71,-1,74,72,75,-1,75,72,73,-1,74,75,76,-1,74,76,77,-1,77,76,78,-1,77,78,79,-1,79,78,80,-1,79,80,81,-1,81,80,82,-1,81,82,83,-1,83,82,84,-1,83,84,85,-1,85,84,86,-1,85,86,87,-1,87,86,88,-1,87,88,89,-1,89,88,90,-1,89,90,91,-1,92,91,93,-1,93,91,90,-1,92,93,94,-1,92,94,95,-1,95,94,96,-1,95,96,97,-1,97,96,98,-1,97,98,99,-1,100,99,101,-1,101,99,98,-1,100,101,102,-1,102,101,103,-1,102,103,104,-1,104,103,105,-1,104,105,106,-1,106,105,107,-1,106,107,108,-1,108,107,109,-1,108,109,110,-1,110,109,111,-1,110,111,0,-1,0,111,1,-1,2,23,0,-1,0,23,21,-1,0,21,110,-1,110,21,37,-1,110,37,108,-1,66,79,64,-1,64,79,81,-1,64,81,62,-1,62,81,83,-1,62,83,60,-1,37,39,108,-1,108,39,41,-1,108,41,106,-1,106,41,43,-1,106,43,104,-1,104,43,45,-1,104,45,102,-1,102,45,47,-1,102,47,100,-1,100,47,49,-1,100,49,99,-1,99,49,50,-1,99,50,97,-1,97,50,52,-1,97,52,95,-1,95,52,54,-1,70,72,68,-1,68,72,74,-1,68,74,66,-1,66,74,77,-1,66,77,79,-1,83,85,60,-1,60,85,87,-1,60,87,58,-1,58,87,89,-1,58,89,56,-1,56,89,91,-1,56,91,54,-1,54,91,92,-1,54,92,95,-1,22,3,20,-1,20,3,1,-1,20,1,36,-1,36,1,111,-1,36,111,38,-1,38,111,109,-1,38,109,40,-1,40,109,107,-1,40,107,42,-1,42,107,44,-1,44,107,105,-1,44,105,46,-1,46,105,103,-1,46,103,48,-1,48,103,101,-1,48,101,51,-1,73,71,75,-1,75,71,69,-1,75,69,76,-1,76,69,67,-1,76,67,78,-1,78,67,65,-1,59,86,61,-1,61,86,84,-1,61,84,63,-1,63,84,82,-1,63,82,65,-1,65,82,80,-1,65,80,78,-1,101,98,51,-1,51,98,96,-1,51,96,53,-1,53,96,94,-1,53,94,55,-1,55,94,93,-1,55,93,57,-1,57,93,90,-1,57,90,59,-1,59,90,88,-1,59,88,86,-1,18,10,9,-1,18,9,31,-1,31,9,5,-1,31,5,32,-1,32,5,4,-1,32,4,33,-1,33,4,8,-1,33,8,35,-1,35,8,7,-1,35,7,34,-1,34,7,6,-1,34,6,30,-1,30,6,3,-1,30,3,22,-1,11,19,29,-1,11,29,13,-1,13,29,25,-1,13,25,14,-1,14,25,24,-1,14,24,15,-1,15,24,28,-1,15,28,17,-1,17,28,27,-1,17,27,16,-1,16,27,26,-1,16,26,12,-1,12,26,23,-1,12,23,2,-1,112,113,114,-1,114,113,115,-1,116,117,118,-1,119,120,115,-1,115,120,121,-1,115,121,114,-1,114,121,122,-1,119,115,118,-1,118,115,123,-1,118,123,116,-1,122,124,114,-1,114,124,125,-1,114,125,126,-1,126,125,127,-1,126,127,128,-1,128,127,129,-1,130,131,121,-1,121,131,122,-1,132,133,134,-1,134,133,135,-1,136,137,138,-1,139,140,135,-1,135,140,131,-1,135,131,134,-1,134,131,130,-1,139,135,138,-1,138,135,141,-1,138,141,136,-1,130,142,134,-1,134,142,143,-1,134,143,144,-1,144,143,145,-1,144,145,146,-1,146,145,147,-1,133,132,148,-1,133,148,149,-1,149,148,150,-1,149,150,151,-1,151,150,152,-1,151,152,153,-1,153,152,154,-1,153,154,155,-1,155,154,156,-1,155,156,157,-1,157,156,158,-1,157,158,159,-1,159,158,160,-1,159,160,161,-1,162,161,163,-1,163,161,160,-1,162,163,164,-1,164,163,165,-1,164,165,166,-1,166,165,167,-1,168,166,169,-1,169,166,167,-1,168,169,170,-1,170,169,171,-1,170,171,172,-1,172,171,173,-1,172,173,174,-1,174,173,175,-1,174,175,176,-1,176,175,177,-1,176,177,178,-1,178,177,179,-1,178,179,180,-1,180,179,181,-1,182,180,183,-1,183,180,181,-1,184,182,185,-1,185,182,183,-1,186,184,187,-1,187,184,185,-1,186,187,188,-1,186,188,189,-1,189,188,190,-1,189,190,191,-1,191,190,192,-1,191,192,193,-1,193,192,194,-1,193,194,195,-1,195,194,196,-1,195,196,197,-1,197,196,198,-1,197,198,199,-1,199,198,200,-1,199,200,201,-1,201,200,202,-1,201,202,203,-1,204,203,205,-1,205,203,202,-1,204,205,206,-1,204,206,207,-1,207,206,208,-1,207,208,209,-1,209,208,210,-1,209,210,211,-1,212,211,213,-1,213,211,210,-1,212,213,214,-1,214,213,215,-1,214,215,216,-1,216,215,217,-1,216,217,218,-1,218,217,219,-1,218,219,220,-1,220,219,221,-1,220,221,222,-1,222,221,223,-1,222,223,112,-1,112,223,113,-1,114,135,112,-1,112,135,133,-1,112,133,222,-1,222,133,149,-1,222,149,220,-1,178,191,176,-1,176,191,193,-1,176,193,174,-1,174,193,195,-1,174,195,172,-1,149,151,220,-1,220,151,153,-1,220,153,218,-1,218,153,155,-1,218,155,216,-1,216,155,157,-1,216,157,214,-1,214,157,159,-1,214,159,212,-1,212,159,161,-1,212,161,211,-1,211,161,162,-1,211,162,209,-1,209,162,164,-1,209,164,207,-1,207,164,166,-1,182,184,180,-1,180,184,186,-1,180,186,178,-1,178,186,189,-1,178,189,191,-1,195,197,172,-1,172,197,199,-1,172,199,170,-1,170,199,201,-1,170,201,168,-1,168,201,203,-1,168,203,166,-1,166,203,204,-1,166,204,207,-1,134,115,132,-1,132,115,113,-1,132,113,148,-1,148,113,223,-1,148,223,150,-1,150,223,221,-1,150,221,152,-1,152,221,219,-1,152,219,154,-1,154,219,156,-1,156,219,217,-1,156,217,158,-1,158,217,215,-1,158,215,160,-1,160,215,213,-1,160,213,163,-1,185,183,187,-1,187,183,181,-1,187,181,188,-1,188,181,179,-1,188,179,190,-1,190,179,177,-1,171,198,173,-1,173,198,196,-1,173,196,175,-1,175,196,194,-1,175,194,177,-1,177,194,192,-1,177,192,190,-1,213,210,163,-1,163,210,208,-1,163,208,165,-1,165,208,206,-1,165,206,167,-1,167,206,205,-1,167,205,169,-1,169,205,202,-1,169,202,171,-1,171,202,200,-1,171,200,198,-1,130,121,120,-1,130,120,142,-1,142,120,119,-1,142,119,143,-1,143,119,118,-1,143,118,145,-1,145,118,117,-1,145,117,147,-1,147,117,116,-1,147,116,146,-1,146,116,123,-1,146,123,144,-1,144,123,115,-1,144,115,134,-1,122,131,140,-1,122,140,124,-1,124,140,139,-1,124,139,125,-1,125,139,138,-1,125,138,127,-1,127,138,137,-1,127,137,129,-1,129,137,136,-1,129,136,128,-1,128,136,141,-1,128,141,126,-1,126,141,135,-1,126,135,114,-1,224,225,226,-1,226,225,227,-1,228,224,229,-1,229,224,226,-1,230,228,231,-1,231,228,229,-1,230,231,232,-1,232,231,233,-1,232,233,234,-1,234,233,235,-1,234,235,236,-1,236,235,237,-1,238,236,239,-1,239,236,237,-1,239,240,238,-1,238,240,241,-1,242,241,243,-1,243,241,240,-1,244,242,245,-1,245,242,243,-1,246,244,247,-1,247,244,245,-1,246,247,248,-1,248,247,249,-1,250,248,251,-1,251,248,249,-1,250,251,252,-1,250,252,253,-1,253,252,254,-1,253,254,255,-1,255,254,256,-1,255,256,257,-1,257,256,227,-1,257,227,225,-1,224,228,225,-1,225,228,230,-1,225,230,257,-1,257,230,232,-1,257,232,255,-1,255,232,234,-1,242,244,241,-1,241,244,246,-1,241,246,238,-1,238,246,248,-1,238,248,236,-1,236,248,250,-1,236,250,234,-1,234,250,253,-1,234,253,255,-1,229,226,231,-1,231,226,227,-1,231,227,233,-1,245,243,247,-1,247,243,240,-1,247,240,249,-1,249,240,239,-1,249,239,251,-1,251,239,237,-1,251,237,252,-1,252,237,235,-1,252,235,254,-1,254,235,233,-1,254,233,256,-1,256,233,227,-1,258,259,260,-1,260,259,261,-1,262,258,263,-1,263,258,260,-1,264,262,265,-1,265,262,263,-1,264,265,266,-1,266,265,267,-1,266,267,268,-1,268,267,269,-1,268,269,270,-1,270,269,271,-1,272,270,273,-1,273,270,271,-1,273,274,272,-1,272,274,275,-1,276,275,277,-1,277,275,274,-1,278,276,279,-1,279,276,277,-1,280,278,281,-1,281,278,279,-1,280,281,282,-1,282,281,283,-1,284,282,285,-1,285,282,283,-1,284,285,286,-1,284,286,287,-1,287,286,288,-1,287,288,289,-1,289,288,290,-1,289,290,291,-1,291,290,261,-1,291,261,259,-1,258,262,259,-1,259,262,264,-1,259,264,291,-1,291,264,266,-1,291,266,289,-1,289,266,268,-1,276,278,275,-1,275,278,280,-1,275,280,272,-1,272,280,282,-1,272,282,270,-1,270,282,284,-1,270,284,268,-1,268,284,287,-1,268,287,289,-1,263,260,265,-1,265,260,261,-1,265,261,267,-1,279,277,281,-1,281,277,274,-1,281,274,283,-1,283,274,273,-1,283,273,285,-1,285,273,271,-1,285,271,286,-1,286,271,269,-1,286,269,288,-1,288,269,267,-1,288,267,290,-1,290,267,261,-1,292,293,294,-1,294,293,295,-1,296,292,297,-1,297,292,294,-1,298,296,299,-1,299,296,297,-1,298,299,300,-1,300,299,301,-1,300,301,302,-1,302,301,303,-1,302,303,304,-1,304,303,305,-1,306,304,307,-1,307,304,305,-1,307,308,306,-1,306,308,309,-1,310,309,311,-1,311,309,308,-1,312,310,313,-1,313,310,311,-1,314,312,315,-1,315,312,313,-1,314,315,316,-1,316,315,317,-1,318,316,319,-1,319,316,317,-1,318,319,320,-1,318,320,321,-1,321,320,322,-1,321,322,323,-1,323,322,324,-1,323,324,325,-1,325,324,295,-1,325,295,293,-1,292,296,293,-1,293,296,298,-1,293,298,325,-1,325,298,300,-1,325,300,323,-1,323,300,302,-1,310,312,309,-1,309,312,314,-1,309,314,306,-1,306,314,316,-1,306,316,304,-1,304,316,318,-1,304,318,302,-1,302,318,321,-1,302,321,323,-1,297,294,299,-1,299,294,295,-1,299,295,301,-1,313,311,315,-1,315,311,308,-1,315,308,317,-1,317,308,307,-1,317,307,319,-1,319,307,305,-1,319,305,320,-1,320,305,303,-1,320,303,322,-1,322,303,301,-1,322,301,324,-1,324,301,295,-1,326,327,328,-1,328,329,326,-1,326,329,330,-1,326,330,331,-1,332,333,334,-1,334,333,335,-1,329,336,330,-1,330,336,335,-1,330,335,337,-1,337,335,333,-1,338,339,340,-1,340,339,341,-1,331,342,326,-1,326,342,341,-1,326,341,343,-1,343,341,339,-1,344,345,330,-1,330,345,331,-1,346,347,344,-1,347,348,344,-1,344,348,349,-1,344,349,345,-1,350,351,352,-1,352,351,353,-1,344,354,346,-1,346,354,353,-1,346,353,355,-1,355,353,351,-1,356,357,358,-1,358,357,359,-1,349,360,345,-1,345,360,359,-1,345,359,361,-1,361,359,357,-1,348,347,362,-1,348,362,363,-1,363,362,364,-1,363,364,365,-1,365,364,366,-1,365,366,367,-1,367,366,368,-1,367,368,369,-1,369,368,370,-1,369,370,371,-1,371,370,372,-1,371,372,373,-1,373,372,374,-1,373,374,375,-1,376,375,377,-1,377,375,374,-1,376,377,378,-1,378,377,379,-1,378,379,380,-1,380,379,381,-1,382,380,383,-1,383,380,381,-1,382,383,384,-1,384,383,385,-1,384,385,386,-1,386,385,387,-1,386,387,388,-1,388,387,389,-1,388,389,390,-1,390,389,391,-1,390,391,392,-1,392,391,393,-1,392,393,394,-1,394,393,395,-1,396,394,397,-1,397,394,395,-1,398,396,399,-1,399,396,397,-1,400,398,401,-1,401,398,399,-1,400,401,402,-1,400,402,403,-1,403,402,404,-1,403,404,405,-1,405,404,406,-1,405,406,407,-1,407,406,408,-1,407,408,409,-1,409,408,410,-1,409,410,411,-1,411,410,412,-1,411,412,413,-1,413,412,414,-1,413,414,415,-1,415,414,416,-1,415,416,417,-1,418,417,419,-1,419,417,416,-1,418,419,420,-1,418,420,421,-1,421,420,422,-1,421,422,423,-1,423,422,424,-1,423,424,425,-1,426,425,427,-1,427,425,424,-1,426,427,428,-1,428,427,429,-1,428,429,430,-1,430,429,431,-1,430,431,432,-1,432,431,433,-1,432,433,434,-1,434,433,435,-1,434,435,436,-1,436,435,437,-1,436,437,327,-1,327,437,328,-1,326,349,327,-1,327,349,348,-1,327,348,436,-1,436,348,363,-1,436,363,434,-1,392,405,390,-1,390,405,407,-1,390,407,388,-1,388,407,409,-1,388,409,386,-1,363,365,434,-1,434,365,367,-1,434,367,432,-1,432,367,369,-1,432,369,430,-1,430,369,371,-1,430,371,428,-1,428,371,373,-1,428,373,426,-1,426,373,375,-1,426,375,425,-1,425,375,376,-1,425,376,423,-1,423,376,378,-1,423,378,421,-1,421,378,380,-1,396,398,394,-1,394,398,400,-1,394,400,392,-1,392,400,403,-1,392,403,405,-1,409,411,386,-1,386,411,413,-1,386,413,384,-1,384,413,415,-1,384,415,382,-1,382,415,417,-1,382,417,380,-1,380,417,418,-1,380,418,421,-1,346,329,347,-1,347,329,328,-1,347,328,362,-1,362,328,437,-1,362,437,364,-1,364,437,435,-1,364,435,366,-1,366,435,433,-1,366,433,368,-1,368,433,370,-1,370,433,431,-1,370,431,372,-1,372,431,429,-1,372,429,374,-1,374,429,427,-1,374,427,377,-1,399,397,401,-1,401,397,395,-1,401,395,402,-1,402,395,393,-1,402,393,404,-1,404,393,391,-1,385,412,387,-1,387,412,410,-1,387,410,389,-1,389,410,408,-1,389,408,391,-1,391,408,406,-1,391,406,404,-1,427,424,377,-1,377,424,422,-1,377,422,379,-1,379,422,420,-1,379,420,381,-1,381,420,419,-1,381,419,383,-1,383,419,416,-1,383,416,385,-1,385,416,414,-1,385,414,412,-1,344,330,337,-1,344,337,354,-1,354,337,333,-1,354,333,353,-1,353,333,332,-1,353,332,352,-1,352,332,334,-1,352,334,350,-1,350,334,335,-1,350,335,351,-1,351,335,336,-1,351,336,355,-1,355,336,329,-1,355,329,346,-1,331,345,361,-1,331,361,342,-1,342,361,357,-1,342,357,341,-1,341,357,356,-1,341,356,340,-1,340,356,358,-1,340,358,338,-1,338,358,359,-1,338,359,339,-1,339,359,360,-1,339,360,343,-1,343,360,349,-1,343,349,326,-1,438,439,440,-1,440,441,438,-1,438,441,442,-1,438,442,443,-1,444,445,446,-1,446,445,447,-1,441,448,442,-1,442,448,447,-1,442,447,449,-1,449,447,445,-1,450,451,452,-1,452,451,453,-1,443,454,438,-1,438,454,453,-1,438,453,455,-1,455,453,451,-1,456,457,442,-1,442,457,443,-1,458,459,456,-1,456,459,460,-1,456,460,457,-1,457,460,461,-1,457,461,462,-1,463,464,465,-1,465,464,466,-1,462,467,457,-1,457,467,466,-1,457,466,468,-1,468,466,464,-1,456,469,458,-1,458,469,470,-1,458,470,471,-1,471,470,472,-1,471,472,473,-1,461,460,474,-1,461,474,475,-1,475,474,476,-1,475,476,477,-1,477,476,478,-1,477,478,479,-1,479,478,480,-1,479,480,481,-1,481,480,482,-1,481,482,483,-1,483,482,484,-1,483,484,485,-1,485,484,486,-1,485,486,487,-1,488,487,489,-1,489,487,486,-1,488,489,490,-1,490,489,491,-1,490,491,492,-1,492,491,493,-1,494,492,495,-1,495,492,493,-1,494,495,496,-1,496,495,497,-1,496,497,498,-1,498,497,499,-1,498,499,500,-1,500,499,501,-1,500,501,502,-1,502,501,503,-1,502,503,504,-1,504,503,505,-1,504,505,506,-1,506,505,507,-1,508,506,509,-1,509,506,507,-1,510,508,511,-1,511,508,509,-1,512,510,513,-1,513,510,511,-1,512,513,514,-1,512,514,515,-1,515,514,516,-1,515,516,517,-1,517,516,518,-1,517,518,519,-1,519,518,520,-1,519,520,521,-1,521,520,522,-1,521,522,523,-1,523,522,524,-1,523,524,525,-1,525,524,526,-1,525,526,527,-1,527,526,528,-1,527,528,529,-1,530,529,531,-1,531,529,528,-1,530,531,532,-1,530,532,533,-1,533,532,534,-1,533,534,535,-1,535,534,536,-1,535,536,537,-1,538,537,539,-1,539,537,536,-1,538,539,540,-1,540,539,541,-1,540,541,542,-1,542,541,543,-1,542,543,544,-1,544,543,545,-1,544,545,546,-1,546,545,547,-1,546,547,548,-1,548,547,549,-1,548,549,439,-1,439,549,440,-1,438,462,439,-1,439,462,461,-1,439,461,548,-1,548,461,475,-1,548,475,546,-1,504,517,502,-1,502,517,519,-1,502,519,500,-1,500,519,521,-1,500,521,498,-1,475,477,546,-1,546,477,479,-1,546,479,544,-1,544,479,481,-1,544,481,542,-1,542,481,483,-1,542,483,540,-1,540,483,485,-1,540,485,538,-1,538,485,487,-1,538,487,537,-1,537,487,488,-1,537,488,535,-1,535,488,490,-1,535,490,533,-1,533,490,492,-1,508,510,506,-1,506,510,512,-1,506,512,504,-1,504,512,515,-1,504,515,517,-1,521,523,498,-1,498,523,525,-1,498,525,496,-1,496,525,527,-1,496,527,494,-1,494,527,529,-1,494,529,492,-1,492,529,530,-1,492,530,533,-1,459,441,460,-1,460,441,440,-1,460,440,474,-1,474,440,549,-1,474,549,476,-1,476,549,547,-1,476,547,478,-1,478,547,545,-1,478,545,480,-1,480,545,482,-1,482,545,543,-1,482,543,484,-1,484,543,541,-1,484,541,486,-1,486,541,539,-1,486,539,489,-1,511,509,513,-1,513,509,507,-1,513,507,514,-1,514,507,505,-1,514,505,516,-1,516,505,503,-1,497,524,499,-1,499,524,522,-1,499,522,501,-1,501,522,520,-1,501,520,503,-1,503,520,518,-1,503,518,516,-1,539,536,489,-1,489,536,534,-1,489,534,491,-1,491,534,532,-1,491,532,493,-1,493,532,531,-1,493,531,495,-1,495,531,528,-1,495,528,497,-1,497,528,526,-1,497,526,524,-1,456,442,449,-1,456,449,469,-1,469,449,445,-1,469,445,470,-1,470,445,444,-1,470,444,472,-1,472,444,446,-1,472,446,473,-1,473,446,447,-1,473,447,471,-1,471,447,448,-1,471,448,458,-1,458,448,441,-1,458,441,459,-1,443,457,468,-1,443,468,454,-1,454,468,464,-1,454,464,453,-1,453,464,463,-1,453,463,452,-1,452,463,465,-1,452,465,450,-1,450,465,466,-1,450,466,451,-1,451,466,467,-1,451,467,455,-1,455,467,462,-1,455,462,438,-1,550,551,552,-1,552,551,553,-1,554,553,555,-1,556,557,555,-1,555,557,558,-1,555,558,554,-1,554,559,553,-1,553,559,560,-1,553,560,552,-1,552,560,561,-1,552,561,562,-1,562,561,563,-1,562,563,564,-1,564,565,562,-1,562,565,566,-1,562,566,567,-1,568,569,560,-1,560,569,561,-1,570,571,572,-1,572,571,573,-1,574,573,575,-1,574,576,573,-1,573,576,569,-1,573,569,572,-1,572,569,568,-1,577,578,579,-1,580,581,575,-1,575,581,582,-1,575,582,574,-1,568,583,572,-1,572,583,584,-1,572,584,579,-1,579,584,585,-1,579,585,577,-1,571,570,586,-1,571,586,587,-1,587,586,588,-1,587,588,589,-1,589,588,590,-1,589,590,591,-1,591,590,592,-1,591,592,593,-1,593,592,594,-1,593,594,595,-1,595,594,596,-1,595,596,597,-1,597,596,598,-1,597,598,599,-1,600,599,601,-1,601,599,598,-1,600,601,602,-1,602,601,603,-1,602,603,604,-1,604,603,605,-1,606,604,607,-1,607,604,605,-1,606,607,608,-1,608,607,609,-1,608,609,610,-1,610,609,611,-1,610,611,612,-1,612,611,613,-1,612,613,614,-1,614,613,615,-1,614,615,616,-1,616,615,617,-1,616,617,618,-1,618,617,619,-1,620,618,621,-1,621,618,619,-1,622,620,623,-1,623,620,621,-1,624,622,625,-1,625,622,623,-1,624,625,626,-1,624,626,627,-1,627,626,628,-1,627,628,629,-1,629,628,630,-1,629,630,631,-1,631,630,632,-1,631,632,633,-1,633,632,634,-1,633,634,635,-1,635,634,636,-1,635,636,637,-1,637,636,638,-1,637,638,639,-1,639,638,640,-1,639,640,641,-1,642,641,643,-1,643,641,640,-1,642,643,644,-1,642,644,645,-1,645,644,646,-1,645,646,647,-1,647,646,648,-1,647,648,649,-1,650,649,651,-1,651,649,648,-1,650,651,652,-1,652,651,653,-1,652,653,654,-1,654,653,655,-1,654,655,656,-1,656,655,657,-1,656,657,658,-1,658,657,659,-1,658,659,660,-1,660,659,661,-1,660,661,550,-1,550,661,551,-1,552,573,550,-1,550,573,571,-1,550,571,660,-1,660,571,587,-1,660,587,658,-1,616,629,614,-1,614,629,631,-1,614,631,612,-1,612,631,633,-1,612,633,610,-1,587,589,658,-1,658,589,591,-1,658,591,656,-1,656,591,593,-1,656,593,654,-1,654,593,595,-1,654,595,652,-1,652,595,597,-1,652,597,650,-1,650,597,599,-1,650,599,649,-1,649,599,600,-1,649,600,647,-1,647,600,602,-1,647,602,645,-1,645,602,604,-1,620,622,618,-1,618,622,624,-1,618,624,616,-1,616,624,627,-1,616,627,629,-1,633,635,610,-1,610,635,637,-1,610,637,608,-1,608,637,639,-1,608,639,606,-1,606,639,641,-1,606,641,604,-1,604,641,642,-1,604,642,645,-1,572,553,570,-1,570,553,551,-1,570,551,586,-1,586,551,661,-1,586,661,588,-1,588,661,659,-1,588,659,590,-1,590,659,657,-1,590,657,592,-1,592,657,594,-1,594,657,655,-1,594,655,596,-1,596,655,653,-1,596,653,598,-1,598,653,651,-1,598,651,601,-1,623,621,625,-1,625,621,619,-1,625,619,626,-1,626,619,617,-1,626,617,628,-1,628,617,615,-1,609,636,611,-1,611,636,634,-1,611,634,613,-1,613,634,632,-1,613,632,615,-1,615,632,630,-1,615,630,628,-1,651,648,601,-1,601,648,646,-1,601,646,603,-1,603,646,644,-1,603,644,605,-1,605,644,643,-1,605,643,607,-1,607,643,640,-1,607,640,609,-1,609,640,638,-1,609,638,636,-1,568,560,559,-1,568,559,583,-1,583,559,554,-1,583,554,584,-1,584,554,558,-1,584,558,585,-1,585,558,557,-1,585,557,577,-1,577,557,556,-1,577,556,578,-1,578,556,555,-1,578,555,579,-1,579,555,553,-1,579,553,572,-1,561,569,576,-1,561,576,563,-1,563,576,574,-1,563,574,564,-1,564,574,582,-1,564,582,565,-1,565,582,581,-1,565,581,566,-1,566,581,580,-1,566,580,567,-1,567,580,575,-1,567,575,562,-1,562,575,573,-1,562,573,552,-1,662,663,664,-1,664,663,665,-1,666,662,667,-1,667,662,664,-1,668,666,669,-1,669,666,667,-1,668,669,670,-1,670,669,671,-1,670,671,672,-1,672,671,673,-1,672,673,674,-1,674,673,675,-1,676,674,677,-1,677,674,675,-1,677,678,676,-1,676,678,679,-1,680,679,681,-1,681,679,678,-1,682,680,683,-1,683,680,681,-1,684,682,685,-1,685,682,683,-1,684,685,686,-1,686,685,687,-1,688,686,689,-1,689,686,687,-1,688,689,690,-1,688,690,691,-1,691,690,692,-1,691,692,693,-1,693,692,694,-1,693,694,695,-1,695,694,665,-1,695,665,663,-1,662,666,663,-1,663,666,668,-1,663,668,695,-1,695,668,670,-1,695,670,693,-1,693,670,672,-1,680,682,679,-1,679,682,684,-1,679,684,676,-1,676,684,686,-1,676,686,674,-1,674,686,688,-1,674,688,672,-1,672,688,691,-1,672,691,693,-1,667,664,669,-1,669,664,665,-1,669,665,671,-1,683,681,685,-1,685,681,678,-1,685,678,687,-1,687,678,677,-1,687,677,689,-1,689,677,675,-1,689,675,690,-1,690,675,673,-1,690,673,692,-1,692,673,671,-1,692,671,694,-1,694,671,665,-1,696,697,698,-1,698,697,699,-1,700,696,701,-1,701,696,698,-1,702,700,703,-1,703,700,701,-1,702,703,704,-1,704,703,705,-1,704,705,706,-1,706,705,707,-1,706,707,708,-1,708,707,709,-1,710,708,711,-1,711,708,709,-1,711,712,710,-1,710,712,713,-1,714,713,715,-1,715,713,712,-1,716,714,717,-1,717,714,715,-1,718,716,719,-1,719,716,717,-1,718,719,720,-1,720,719,721,-1,722,720,723,-1,723,720,721,-1,722,723,724,-1,722,724,725,-1,725,724,726,-1,725,726,727,-1,727,726,728,-1,727,728,729,-1,729,728,699,-1,729,699,697,-1,696,700,697,-1,697,700,702,-1,697,702,729,-1,729,702,704,-1,729,704,727,-1,727,704,706,-1,714,716,713,-1,713,716,718,-1,713,718,710,-1,710,718,720,-1,710,720,708,-1,708,720,722,-1,708,722,706,-1,706,722,725,-1,706,725,727,-1,701,698,703,-1,703,698,699,-1,703,699,705,-1,717,715,719,-1,719,715,712,-1,719,712,721,-1,721,712,711,-1,721,711,723,-1,723,711,709,-1,723,709,724,-1,724,709,707,-1,724,707,726,-1,726,707,705,-1,726,705,728,-1,728,705,699,-1,730,731,732,-1,732,731,733,-1,734,735,733,-1,733,736,734,-1,734,736,737,-1,734,737,738,-1,735,739,733,-1,733,739,740,-1,733,740,732,-1,732,740,741,-1,732,741,742,-1,742,741,743,-1,743,744,742,-1,742,744,745,-1,742,745,746,-1,746,745,747,-1,748,749,740,-1,740,749,741,-1,750,751,752,-1,752,751,753,-1,754,755,753,-1,753,756,754,-1,754,756,757,-1,754,757,758,-1,755,759,753,-1,753,759,749,-1,753,749,752,-1,752,749,748,-1,752,748,760,-1,760,748,761,-1,761,762,760,-1,760,762,763,-1,760,763,764,-1,764,763,765,-1,751,750,766,-1,751,766,767,-1,767,766,768,-1,767,768,769,-1,769,768,770,-1,769,770,771,-1,771,770,772,-1,771,772,773,-1,773,772,774,-1,773,774,775,-1,775,774,776,-1,775,776,777,-1,777,776,778,-1,777,778,779,-1,780,779,781,-1,781,779,778,-1,780,781,782,-1,782,781,783,-1,782,783,784,-1,784,783,785,-1,786,784,787,-1,787,784,785,-1,786,787,788,-1,788,787,789,-1,788,789,790,-1,790,789,791,-1,790,791,792,-1,792,791,793,-1,792,793,794,-1,794,793,795,-1,794,795,796,-1,796,795,797,-1,796,797,798,-1,798,797,799,-1,800,798,801,-1,801,798,799,-1,802,800,803,-1,803,800,801,-1,804,802,805,-1,805,802,803,-1,804,805,806,-1,804,806,807,-1,807,806,808,-1,807,808,809,-1,809,808,810,-1,809,810,811,-1,811,810,812,-1,811,812,813,-1,813,812,814,-1,813,814,815,-1,815,814,816,-1,815,816,817,-1,817,816,818,-1,817,818,819,-1,819,818,820,-1,819,820,821,-1,822,821,823,-1,823,821,820,-1,822,823,824,-1,822,824,825,-1,825,824,826,-1,825,826,827,-1,827,826,828,-1,827,828,829,-1,830,829,831,-1,831,829,828,-1,830,831,832,-1,832,831,833,-1,832,833,834,-1,834,833,835,-1,834,835,836,-1,836,835,837,-1,836,837,838,-1,838,837,839,-1,838,839,840,-1,840,839,841,-1,840,841,730,-1,730,841,731,-1,732,753,730,-1,730,753,751,-1,730,751,840,-1,840,751,767,-1,840,767,838,-1,796,809,794,-1,794,809,811,-1,794,811,792,-1,792,811,813,-1,792,813,790,-1,767,769,838,-1,838,769,771,-1,838,771,836,-1,836,771,773,-1,836,773,834,-1,834,773,775,-1,834,775,832,-1,832,775,777,-1,832,777,830,-1,830,777,779,-1,830,779,829,-1,829,779,780,-1,829,780,827,-1,827,780,782,-1,827,782,825,-1,825,782,784,-1,800,802,798,-1,798,802,804,-1,798,804,796,-1,796,804,807,-1,796,807,809,-1,813,815,790,-1,790,815,817,-1,790,817,788,-1,788,817,819,-1,788,819,786,-1,786,819,821,-1,786,821,784,-1,784,821,822,-1,784,822,825,-1,752,733,750,-1,750,733,731,-1,750,731,766,-1,766,731,841,-1,766,841,768,-1,768,841,839,-1,768,839,770,-1,770,839,837,-1,770,837,772,-1,772,837,774,-1,774,837,835,-1,774,835,776,-1,776,835,833,-1,776,833,778,-1,778,833,831,-1,778,831,781,-1,803,801,805,-1,805,801,799,-1,805,799,806,-1,806,799,797,-1,806,797,808,-1,808,797,795,-1,789,816,791,-1,791,816,814,-1,791,814,793,-1,793,814,812,-1,793,812,795,-1,795,812,810,-1,795,810,808,-1,831,828,781,-1,781,828,826,-1,781,826,783,-1,783,826,824,-1,783,824,785,-1,785,824,823,-1,785,823,787,-1,787,823,820,-1,787,820,789,-1,789,820,818,-1,789,818,816,-1,748,740,739,-1,748,739,761,-1,761,739,735,-1,761,735,762,-1,762,735,734,-1,762,734,763,-1,763,734,738,-1,763,738,765,-1,765,738,737,-1,765,737,764,-1,764,737,736,-1,764,736,760,-1,760,736,733,-1,760,733,752,-1,741,749,759,-1,741,759,743,-1,743,759,755,-1,743,755,744,-1,744,755,754,-1,744,754,745,-1,745,754,758,-1,745,758,747,-1,747,758,757,-1,747,757,746,-1,746,757,756,-1,746,756,742,-1,742,756,753,-1,742,753,732,-1,842,843,844,-1,844,843,845,-1,846,842,847,-1,847,842,844,-1,848,846,849,-1,849,846,847,-1,848,849,850,-1,850,849,851,-1,850,851,852,-1,852,851,853,-1,852,853,854,-1,854,853,855,-1,856,854,857,-1,857,854,855,-1,857,858,856,-1,856,858,859,-1,860,859,861,-1,861,859,858,-1,862,860,863,-1,863,860,861,-1,864,862,865,-1,865,862,863,-1,864,865,866,-1,866,865,867,-1,868,866,869,-1,869,866,867,-1,868,869,870,-1,868,870,871,-1,871,870,872,-1,871,872,873,-1,873,872,874,-1,873,874,875,-1,875,874,845,-1,875,845,843,-1,842,846,843,-1,843,846,848,-1,843,848,875,-1,875,848,850,-1,875,850,873,-1,873,850,852,-1,860,862,859,-1,859,862,864,-1,859,864,856,-1,856,864,866,-1,856,866,854,-1,854,866,868,-1,854,868,852,-1,852,868,871,-1,852,871,873,-1,847,844,849,-1,849,844,845,-1,849,845,851,-1,863,861,865,-1,865,861,858,-1,865,858,867,-1,867,858,857,-1,867,857,869,-1,869,857,855,-1,869,855,870,-1,870,855,853,-1,870,853,872,-1,872,853,851,-1,872,851,874,-1,874,851,845,-1,876,877,878,-1,878,879,876,-1,876,879,880,-1,876,880,881,-1,882,883,884,-1,884,883,885,-1,879,886,880,-1,880,886,885,-1,880,885,887,-1,887,885,883,-1,888,889,890,-1,890,889,891,-1,881,892,876,-1,876,892,891,-1,876,891,893,-1,893,891,889,-1,894,895,880,-1,880,895,881,-1,896,897,894,-1,897,898,894,-1,894,898,899,-1,894,899,895,-1,900,901,902,-1,902,901,903,-1,894,904,896,-1,896,904,903,-1,896,903,905,-1,905,903,901,-1,906,907,908,-1,908,907,909,-1,899,910,895,-1,895,910,909,-1,895,909,911,-1,911,909,907,-1,898,897,912,-1,898,912,913,-1,913,912,914,-1,913,914,915,-1,915,914,916,-1,915,916,917,-1,917,916,918,-1,917,918,919,-1,919,918,920,-1,919,920,921,-1,921,920,922,-1,921,922,923,-1,923,922,924,-1,923,924,925,-1,926,925,927,-1,927,925,924,-1,926,927,928,-1,928,927,929,-1,928,929,930,-1,930,929,931,-1,932,930,933,-1,933,930,931,-1,932,933,934,-1,934,933,935,-1,934,935,936,-1,936,935,937,-1,936,937,938,-1,938,937,939,-1,938,939,940,-1,940,939,941,-1,940,941,942,-1,942,941,943,-1,942,943,944,-1,944,943,945,-1,946,944,947,-1,947,944,945,-1,948,946,949,-1,949,946,947,-1,950,948,951,-1,951,948,949,-1,950,951,952,-1,950,952,953,-1,953,952,954,-1,953,954,955,-1,955,954,956,-1,955,956,957,-1,957,956,958,-1,957,958,959,-1,959,958,960,-1,959,960,961,-1,961,960,962,-1,961,962,963,-1,963,962,964,-1,963,964,965,-1,965,964,966,-1,965,966,967,-1,968,967,969,-1,969,967,966,-1,968,969,970,-1,968,970,971,-1,971,970,972,-1,971,972,973,-1,973,972,974,-1,973,974,975,-1,976,975,977,-1,977,975,974,-1,976,977,978,-1,978,977,979,-1,978,979,980,-1,980,979,981,-1,980,981,982,-1,982,981,983,-1,982,983,984,-1,984,983,985,-1,984,985,986,-1,986,985,987,-1,986,987,877,-1,877,987,878,-1,876,899,877,-1,877,899,898,-1,877,898,986,-1,986,898,913,-1,986,913,984,-1,942,955,940,-1,940,955,957,-1,940,957,938,-1,938,957,959,-1,938,959,936,-1,913,915,984,-1,984,915,917,-1,984,917,982,-1,982,917,919,-1,982,919,980,-1,980,919,921,-1,980,921,978,-1,978,921,923,-1,978,923,976,-1,976,923,925,-1,976,925,975,-1,975,925,926,-1,975,926,973,-1,973,926,928,-1,973,928,971,-1,971,928,930,-1,946,948,944,-1,944,948,950,-1,944,950,942,-1,942,950,953,-1,942,953,955,-1,959,961,936,-1,936,961,963,-1,936,963,934,-1,934,963,965,-1,934,965,932,-1,932,965,967,-1,932,967,930,-1,930,967,968,-1,930,968,971,-1,896,879,897,-1,897,879,878,-1,897,878,912,-1,912,878,987,-1,912,987,914,-1,914,987,985,-1,914,985,916,-1,916,985,983,-1,916,983,918,-1,918,983,920,-1,920,983,981,-1,920,981,922,-1,922,981,979,-1,922,979,924,-1,924,979,977,-1,924,977,927,-1,949,947,951,-1,951,947,945,-1,951,945,952,-1,952,945,943,-1,952,943,954,-1,954,943,941,-1,935,962,937,-1,937,962,960,-1,937,960,939,-1,939,960,958,-1,939,958,941,-1,941,958,956,-1,941,956,954,-1,977,974,927,-1,927,974,972,-1,927,972,929,-1,929,972,970,-1,929,970,931,-1,931,970,969,-1,931,969,933,-1,933,969,966,-1,933,966,935,-1,935,966,964,-1,935,964,962,-1,894,880,887,-1,894,887,904,-1,904,887,883,-1,904,883,903,-1,903,883,882,-1,903,882,902,-1,902,882,884,-1,902,884,900,-1,900,884,885,-1,900,885,901,-1,901,885,886,-1,901,886,905,-1,905,886,879,-1,905,879,896,-1,881,895,911,-1,881,911,892,-1,892,911,907,-1,892,907,891,-1,891,907,906,-1,891,906,890,-1,890,906,908,-1,890,908,888,-1,888,908,909,-1,888,909,889,-1,889,909,910,-1,889,910,893,-1,893,910,899,-1,893,899,876,-1,988,989,990,-1,990,989,991,-1,992,988,993,-1,993,988,990,-1,994,992,995,-1,995,992,993,-1,994,995,996,-1,996,995,997,-1,996,997,998,-1,998,997,999,-1,998,999,1000,-1,1000,999,1001,-1,1002,1000,1003,-1,1003,1000,1001,-1,1003,1004,1002,-1,1002,1004,1005,-1,1006,1005,1007,-1,1007,1005,1004,-1,1008,1006,1009,-1,1009,1006,1007,-1,1010,1008,1011,-1,1011,1008,1009,-1,1010,1011,1012,-1,1012,1011,1013,-1,1014,1012,1015,-1,1015,1012,1013,-1,1014,1015,1016,-1,1014,1016,1017,-1,1017,1016,1018,-1,1017,1018,1019,-1,1019,1018,1020,-1,1019,1020,1021,-1,1021,1020,991,-1,1021,991,989,-1,988,992,989,-1,989,992,994,-1,989,994,1021,-1,1021,994,996,-1,1021,996,1019,-1,1019,996,998,-1,1006,1008,1005,-1,1005,1008,1010,-1,1005,1010,1002,-1,1002,1010,1012,-1,1002,1012,1000,-1,1000,1012,1014,-1,1000,1014,998,-1,998,1014,1017,-1,998,1017,1019,-1,993,990,995,-1,995,990,991,-1,995,991,997,-1,1009,1007,1011,-1,1011,1007,1004,-1,1011,1004,1013,-1,1013,1004,1003,-1,1013,1003,1015,-1,1015,1003,1001,-1,1015,1001,1016,-1,1016,1001,999,-1,1016,999,1018,-1,1018,999,997,-1,1018,997,1020,-1,1020,997,991,-1,1022,1023,1024,-1,1024,1023,1025,-1,1026,1027,1025,-1,1025,1028,1026,-1,1026,1028,1029,-1,1026,1029,1030,-1,1027,1031,1025,-1,1025,1031,1032,-1,1025,1032,1024,-1,1024,1032,1033,-1,1024,1033,1034,-1,1034,1033,1035,-1,1035,1036,1034,-1,1034,1036,1037,-1,1034,1037,1038,-1,1038,1037,1039,-1,1040,1041,1032,-1,1032,1041,1033,-1,1042,1043,1044,-1,1044,1043,1045,-1,1046,1047,1045,-1,1045,1048,1046,-1,1046,1048,1049,-1,1046,1049,1050,-1,1047,1051,1045,-1,1045,1051,1041,-1,1045,1041,1044,-1,1044,1041,1040,-1,1044,1040,1052,-1,1052,1040,1053,-1,1053,1054,1052,-1,1052,1054,1055,-1,1052,1055,1056,-1,1056,1055,1057,-1,1043,1042,1058,-1,1043,1058,1059,-1,1059,1058,1060,-1,1059,1060,1061,-1,1061,1060,1062,-1,1061,1062,1063,-1,1063,1062,1064,-1,1063,1064,1065,-1,1065,1064,1066,-1,1065,1066,1067,-1,1067,1066,1068,-1,1067,1068,1069,-1,1069,1068,1070,-1,1069,1070,1071,-1,1072,1071,1073,-1,1073,1071,1070,-1,1072,1073,1074,-1,1074,1073,1075,-1,1074,1075,1076,-1,1076,1075,1077,-1,1078,1076,1079,-1,1079,1076,1077,-1,1078,1079,1080,-1,1080,1079,1081,-1,1080,1081,1082,-1,1082,1081,1083,-1,1082,1083,1084,-1,1084,1083,1085,-1,1084,1085,1086,-1,1086,1085,1087,-1,1086,1087,1088,-1,1088,1087,1089,-1,1088,1089,1090,-1,1090,1089,1091,-1,1092,1090,1093,-1,1093,1090,1091,-1,1094,1092,1095,-1,1095,1092,1093,-1,1096,1094,1097,-1,1097,1094,1095,-1,1096,1097,1098,-1,1096,1098,1099,-1,1099,1098,1100,-1,1099,1100,1101,-1,1101,1100,1102,-1,1101,1102,1103,-1,1103,1102,1104,-1,1103,1104,1105,-1,1105,1104,1106,-1,1105,1106,1107,-1,1107,1106,1108,-1,1107,1108,1109,-1,1109,1108,1110,-1,1109,1110,1111,-1,1111,1110,1112,-1,1111,1112,1113,-1,1114,1113,1115,-1,1115,1113,1112,-1,1114,1115,1116,-1,1114,1116,1117,-1,1117,1116,1118,-1,1117,1118,1119,-1,1119,1118,1120,-1,1119,1120,1121,-1,1122,1121,1123,-1,1123,1121,1120,-1,1122,1123,1124,-1,1124,1123,1125,-1,1124,1125,1126,-1,1126,1125,1127,-1,1126,1127,1128,-1,1128,1127,1129,-1,1128,1129,1130,-1,1130,1129,1131,-1,1130,1131,1132,-1,1132,1131,1133,-1,1132,1133,1022,-1,1022,1133,1023,-1,1024,1045,1022,-1,1022,1045,1043,-1,1022,1043,1132,-1,1132,1043,1059,-1,1132,1059,1130,-1,1088,1101,1086,-1,1086,1101,1103,-1,1086,1103,1084,-1,1084,1103,1105,-1,1084,1105,1082,-1,1059,1061,1130,-1,1130,1061,1063,-1,1130,1063,1128,-1,1128,1063,1065,-1,1128,1065,1126,-1,1126,1065,1067,-1,1126,1067,1124,-1,1124,1067,1069,-1,1124,1069,1122,-1,1122,1069,1071,-1,1122,1071,1121,-1,1121,1071,1072,-1,1121,1072,1119,-1,1119,1072,1074,-1,1119,1074,1117,-1,1117,1074,1076,-1,1092,1094,1090,-1,1090,1094,1096,-1,1090,1096,1088,-1,1088,1096,1099,-1,1088,1099,1101,-1,1105,1107,1082,-1,1082,1107,1109,-1,1082,1109,1080,-1,1080,1109,1111,-1,1080,1111,1078,-1,1078,1111,1113,-1,1078,1113,1076,-1,1076,1113,1114,-1,1076,1114,1117,-1,1044,1025,1042,-1,1042,1025,1023,-1,1042,1023,1058,-1,1058,1023,1133,-1,1058,1133,1060,-1,1060,1133,1131,-1,1060,1131,1062,-1,1062,1131,1129,-1,1062,1129,1064,-1,1064,1129,1066,-1,1066,1129,1127,-1,1066,1127,1068,-1,1068,1127,1125,-1,1068,1125,1070,-1,1070,1125,1123,-1,1070,1123,1073,-1,1095,1093,1097,-1,1097,1093,1091,-1,1097,1091,1098,-1,1098,1091,1089,-1,1098,1089,1100,-1,1100,1089,1087,-1,1081,1108,1083,-1,1083,1108,1106,-1,1083,1106,1085,-1,1085,1106,1104,-1,1085,1104,1087,-1,1087,1104,1102,-1,1087,1102,1100,-1,1123,1120,1073,-1,1073,1120,1118,-1,1073,1118,1075,-1,1075,1118,1116,-1,1075,1116,1077,-1,1077,1116,1115,-1,1077,1115,1079,-1,1079,1115,1112,-1,1079,1112,1081,-1,1081,1112,1110,-1,1081,1110,1108,-1,1040,1032,1031,-1,1040,1031,1053,-1,1053,1031,1027,-1,1053,1027,1054,-1,1054,1027,1026,-1,1054,1026,1055,-1,1055,1026,1030,-1,1055,1030,1057,-1,1057,1030,1029,-1,1057,1029,1056,-1,1056,1029,1028,-1,1056,1028,1052,-1,1052,1028,1025,-1,1052,1025,1044,-1,1033,1041,1051,-1,1033,1051,1035,-1,1035,1051,1047,-1,1035,1047,1036,-1,1036,1047,1046,-1,1036,1046,1037,-1,1037,1046,1050,-1,1037,1050,1039,-1,1039,1050,1049,-1,1039,1049,1038,-1,1038,1049,1048,-1,1038,1048,1034,-1,1034,1048,1045,-1,1034,1045,1024,-1,
        ]
    }
}
Shape{
    appearance Appearance {
        material  Material 	{
            diffuseColor 0.25098039215686274 0.25098039215686274 0.25098039215686274
            specularColor 0.12549019607843137 0.12549019607843137 0.12549019607843137
            ambientIntensity 0.2
            transparency 0
            shininess 0.5
        }
    }
    geometry IndexedFaceSet {
        ccw TRUE
        solid FALSE
        coord DEF co Coordinate {
            point [
                -2.8248 2.7559 -0.0827, -2.8248 2.6378 -0.0827, -2.8247 2.6378 -0.0817, -2.8247 2.7559 -0.0817, -2.8243 2.6378 -0.0807, -2.8243 2.7559 -0.0807, -2.8236 2.6378 -0.0799, -2.8236 2.7559 -0.0799, -2.8228 2.6378 -0.0793, -2.8228 2.7559 -0.0793, -2.8219 2.6378 -0.0789, -2.8219 2.7559 -0.0789, -2.8209 2.6378 -0.0787, -2.8209 2.7559 -0.0787, 2.8248 2.126 -0.748, 2.8248 2.126 -0.0827, 2.8248 1.1177 -0.748, 2.8248 1.1102 -0.0827, 2.8248 -0.1772 -0.748, 2.8248 0.0945 -0.0827, 2.8248 -0.9213 -0.0827, 2.8248 -2.9528 -0.748, 2.8248 -1.937 -0.0827, 2.8248 -2.9528 -0.0827, 2.4052 2.161 -0.748, 2.4052 2.7559 -0.748, 2.4272 2.7559 -0.748, 2.4272 2.126 -0.748, 1.4272 -2.9528 -0.748, 1.3767 -2.9359 -0.748, 1.3767 -0.1772 -0.748, -1.9081 -1.2258 -0.748, -1.9291 -1.2231 -0.748, -1.9291 -0.1772 -0.748, -1.811 0.8661 -0.748, -1.7028 0.8661 -0.748, -1.7028 -0.1772 -0.748, 1.3951 1.3693 -0.748, 1.9857 1.3693 -0.748, 2.4052 1.1177 -0.748, 1.9857 2.161 -0.748, 1.9857 2.2748 -0.748, 1.3767 2.7559 -0.748, 1.3951 2.2748 -0.748, 1.3767 2.161 -0.748, -2.4803 2.0472 -0.748, -2.6772 2.0472 -0.748, -2.8248 2.161 -0.748, -2.8248 1.1177 -0.748, -2.4803 1.1177 -0.748, -2.3622 1.1177 -0.748, -2.4803 0.8661 -0.748, -2.3622 -0.1772 -0.748, -2.6772 0.8661 -0.748, -2.2441 2.0472 -0.748, -2.3622 2.161 -0.748, -2.0472 2.0472 -0.748, -1.9291 2.161 -0.748, -2.0472 1.1177 -0.748, -1.9291 1.1177 -0.748, -2.0472 0.8661 -0.748, -2.2441 0.8661 -0.748, -1.1811 2.0472 -0.748, -1.063 2.161 -0.748, -1.1811 1.1177 -0.748, -1.063 1.1177 -0.748, -1.1811 0.8661 -0.748, -1.6142 2.0472 -0.748, -1.378 2.0472 -0.748, -1.6142 1.1177 -0.748, -1.378 1.1177 -0.748, -1.6142 0.8661 -0.748, -1.378 0.8661 -0.748, -1.063 -0.1772 -0.748, -1.7028 2.161 -0.748, -1.7028 2.0472 -0.748, -1.811 2.0472 -0.748, -0.748 1.1177 -0.748, -0.748 2.0472 -0.748, -0.6299 2.161 -0.748, -0.9449 2.0472 -0.748, -0.9449 1.1177 -0.748, -0.9449 0.8661 -0.748, -0.6299 -0.1772 -0.748, -0.748 0.8661 -0.748, -0.6299 1.1177 -0.748, -0.315 2.0472 -0.748, -0.5118 2.0472 -0.748, 0.2362 2.161 -0.748, 0.1181 2.0472 -0.748, -0.0787 2.0472 -0.748, 0.1181 1.1177 -0.748, 0.2362 1.1177 -0.748, 0.1181 0.8661 -0.748, 0.2362 -0.1772 -0.748, -0.0787 0.8661 -0.748, -0.5118 1.1177 -0.748, -0.5118 0.8661 -0.748, -0.315 0.8661 -0.748, -0.315 1.1177 -0.748, -0.0787 1.1177 -0.748, 0.3543 2.0472 -0.748, 0.5512 2.0472 -0.748, 0.6693 2.161 -0.748, 0.5512 1.1177 -0.748, 0.6693 1.1177 -0.748, 0.5512 0.8661 -0.748, 0.6693 -0.1772 -0.748, 0.3543 0.8661 -0.748, 0.7874 0.8661 -0.748, 0.9843 0.8661 -0.748, 1.0138 -0.1772 -0.748, 0.9843 2.0472 -0.748, 1.0138 2.161 -0.748, 1.0138 1.1177 -0.748, 0.9843 1.1177 -0.748, 0.7874 2.0472 -0.748, -1.9488 -1.2205 -0.748, -1.9896 -1.2258 -0.748, -2.3622 -2.5591 -0.748, -2.0852 -1.4567 -0.748, -2.0602 -1.4893 -0.748, -2.0276 -1.2416 -0.748, -2.0602 -1.2666 -0.748, -2.0852 -1.2992 -0.748, -2.0276 -1.5143 -0.748, -1.9896 -1.5301 -0.748, -1.9291 -2.5591 -0.748, -2.2441 1.1177 -0.748, -2.1009 -1.3372 -0.748, -2.1063 -1.378 -0.748, -2.1009 -1.4187 -0.748, -1.811 1.1177 -0.748, -1.7028 -2.5591 -0.748, -1.7967 -1.4187 -0.748, -1.7913 -1.378 -0.748, -1.7967 -1.3372 -0.748, -1.8124 -1.2992 -0.748, -1.9488 -1.5354 -0.748, -1.9291 -1.5328 -0.748, -1.9081 -1.5301 -0.748, -1.8701 -1.5143 -0.748, -1.8375 -1.4893 -0.748, -1.8124 -1.4567 -0.748, -1.8375 -1.2666 -0.748, -1.8701 -1.2416 -0.748, 0.2378 -2.6099 -0.748, 0.2362 -2.6097 -0.748, -0.0765 -2.5718 -0.748, -0.3928 -2.5591 -0.748, 0.8522 -2.7611 -0.748, 0.6693 -2.7082 -0.748, 0.548 -2.6731 -0.748, 0.3543 1.1177 -0.748, 1.0138 -2.815 -0.748, 0.7874 1.1177 -0.748, 1.0644 -1.4567 -0.748, 1.0894 -1.4893 -0.748, 1.2008 -1.2205 -0.748, 1.16 -1.2258 -0.748, 1.3372 -1.2992 -0.748, 1.3121 -1.2666 -0.748, 1.2795 -1.2416 -0.748, 1.2415 -1.2258 -0.748, 1.122 -1.2416 -0.748, 1.0894 -1.2666 -0.748, 1.0644 -1.2992 -0.748, 1.0487 -1.3372 -0.748, 1.0433 -1.378 -0.748, 1.0487 -1.4187 -0.748, 1.122 -1.5143 -0.748, 1.16 -1.5301 -0.748, 1.2008 -1.5354 -0.748, 1.2415 -1.5301 -0.748, 1.2795 -1.5143 -0.748, 1.3121 -1.4893 -0.748, 1.3372 -1.4567 -0.748, 1.3529 -1.4187 -0.748, 1.3583 -1.378 -0.748, 1.3529 -1.3372 -0.748, 0.6693 2.7559 -0.748, 0.7874 2.7559 -0.748, 0.7874 2.6378 -0.748, 0.9843 2.7559 -0.748, 1.0138 2.7559 -0.748, 0.9843 2.6378 -0.748, 0.2362 2.7559 -0.748, 0.3543 2.7559 -0.748, 0.3543 2.6378 -0.748, -0.6299 2.7559 -0.748, -0.5118 2.7559 -0.748, -0.5118 2.6378 -0.748, -0.315 2.6378 -0.748, -0.315 2.7559 -0.748, -0.0787 2.7559 -0.748, -0.0787 2.6378 -0.748, 0.1181 2.6378 -0.748, 0.5512 2.7559 -0.748, 0.5512 2.6378 -0.748, 0.1181 2.7559 -0.748, -1.063 2.7559 -0.748, -0.9449 2.7559 -0.748, -0.9449 2.6378 -0.748, -1.6142 2.6378 -0.748, -1.6142 2.7559 -0.748, -1.378 2.7559 -0.748, -1.378 2.6378 -0.748, -1.1811 2.6378 -0.748, -0.748 2.7559 -0.748, -0.748 2.6378 -0.748, -1.1811 2.7559 -0.748, -1.9291 2.7559 -0.748, -1.811 2.7559 -0.748, -1.811 2.6378 -0.748, -1.7028 2.6378 -0.748, -2.3622 2.7559 -0.748, -2.2441 2.7559 -0.748, -2.2441 2.6378 -0.748, -2.8248 2.7559 -0.748, -2.6772 2.6378 -0.748, -2.6772 2.7559 -0.748, -2.4803 2.6378 -0.748, -2.0472 2.7559 -0.748, -2.0472 2.6378 -0.748, -2.4803 2.7559 -0.748, -2.6772 1.1177 -0.748, -2.8248 -0.1772 -0.748, -2.8248 -2.5591 -0.748, -0.6299 -2.5591 -0.748, -1.063 -2.5591 -0.748, 1.3767 1.1177 -0.748, 1.3951 2.161 -0.748, 2.4052 -0.1772 -0.748, 2.4052 -2.9528 -0.748, 2.4272 2.161 -0.748, -2.8248 2.6378 -0.4724, -2.8248 -2.5591 -0.0827, -2.8248 1.063 -0.0827, -2.8248 1.063 -0.4724, -2.8247 -2.5591 -0.0817, -2.8247 1.063 -0.0817, -2.8243 -2.5591 -0.0807, -2.8243 1.063 -0.0807, -2.8236 -2.5591 -0.0799, -2.8236 1.063 -0.0799, -2.8228 -2.5591 -0.0793, -2.8228 1.063 -0.0793, -2.8219 -2.5591 -0.0789, -2.8219 1.063 -0.0789, -2.8209 -2.5591 -0.0787, -2.8209 1.063 -0.0787, 2.8209 -2.9528 -0.0787, 2.8209 -2.0863 -0.0787, 1.6589 -2.9528 -0.0787, 2.7815 -2.0863 -0.0787, -2.6276 -2.5591 -0.0787, -2.6276 0.9843 -0.0787, 2.066 -2.0863 -0.0787, 2.1841 -2.0863 -0.0787, 2.1841 -1.1898 -0.0787, 2.7815 -1.1898 -0.0787, 2.4272 2.7559 -0.0787, -2.6673 2.6378 -0.0787, 1.7865 -0.1867 -0.0787, 1.6589 0.9843 -0.0787, 1.7865 -0.9593 -0.0787, 2.066 -1.2387 -0.0787, -2.6673 1.063 -0.0787, 2.4272 2.126 -0.0787, 2.8209 2.126 -0.0787, 2.8209 1.1102 -0.0787, 2.8209 0.0945 -0.0787, 2.8209 -0.1867 -0.0787, 2.8219 1.1102 -0.0789, 2.8209 -0.9213 -0.0787, 2.8219 -0.9213 -0.0789, 2.8219 -2.9528 -0.0789, 2.8209 -1.937 -0.0787, 2.8219 -1.937 -0.0789, 2.8219 0.0945 -0.0789, 2.8228 -2.9528 -0.0793, 2.8228 -1.937 -0.0793, 2.8236 -2.9528 -0.0799, 2.8236 -1.937 -0.0799, 2.8243 -2.9528 -0.0807, 2.8243 -1.937 -0.0807, 2.8247 -2.9528 -0.0817, 2.8247 -1.937 -0.0817, 2.8228 -0.9213 -0.0793, 2.8236 -0.9213 -0.0799, 2.8243 -0.9213 -0.0807, 2.8247 -0.9213 -0.0817, 2.8228 0.0945 -0.0793, 2.8236 0.0945 -0.0799, 2.8243 0.0945 -0.0807, 2.8247 0.0945 -0.0817, 2.8228 1.1102 -0.0793, 2.8236 1.1102 -0.0799, 2.8243 1.1102 -0.0807, 2.8247 1.1102 -0.0817, 2.8219 2.126 -0.0789, 2.8228 2.126 -0.0793, 2.8236 2.126 -0.0799, 2.8243 2.126 -0.0807, 2.8247 2.126 -0.0817, -0.748 2.7559 -0.2756, -0.9449 2.7559 -0.2756, 0.9843 2.7559 -0.2756, 0.5512 2.7559 -0.2756, 0.7874 2.7559 -0.2756, -0.5118 2.7559 -0.2756, -1.1811 2.7559 -0.2756, -1.6142 2.7559 -0.2756, -1.811 2.7559 -0.2756, -1.378 2.7559 -0.2756, 0.3543 2.7559 -0.2756, 0.1181 2.7559 -0.2756, -0.0787 2.7559 -0.2756, -2.0472 2.7559 -0.2756, -2.2441 2.7559 -0.2756, -2.4803 2.7559 -0.2756, -0.315 2.7559 -0.2756, -2.6772 2.7559 -0.2756, 1.4272 -2.9528 -0.5118, 1.6589 -2.9528 -0.5118, 2.8209 -2.0863 -0.4724, 2.8209 -0.1867 -0.4724, 2.7815 -2.0863 -0.4724, 2.7815 -1.1898 -0.4724, 2.1841 -1.1898 -0.4724, 2.1841 -2.0863 -0.4724, 2.066 -2.0863 -0.4724, 2.066 -1.2387 -0.4724, 1.7865 -0.9593 -0.4724, 1.7865 -0.1867 -0.4724, -2.6673 2.6378 -0.2756, -2.6772 2.6378 -0.2756, -2.6772 2.6378 -0.4724, -2.6673 2.0472 -0.1575, -2.6673 1.063 -0.1575, -2.6673 2.6378 -0.4724, -2.6673 2.0472 -0.4724, -2.6772 1.063 -0.1575, -2.6772 1.063 -0.4724, -2.6772 2.0472 -0.4724, -2.4803 2.6378 -0.2756, 0.7874 2.6378 -0.2756, 0.9843 2.6378 -0.2756, 0.3543 2.6378 -0.2756, 0.5512 2.6378 -0.2756, -0.0787 2.6378 -0.2756, 0.1181 2.6378 -0.2756, -0.5118 2.6378 -0.2756, -0.315 2.6378 -0.2756, -0.9449 2.6378 -0.2756, -0.748 2.6378 -0.2756, -1.378 2.6378 -0.2756, -1.1811 2.6378 -0.2756, -1.811 2.6378 -0.2756, -1.6142 2.6378 -0.2756, -2.2441 2.6378 -0.2756, -2.0472 2.6378 -0.2756, -2.6276 0.9843 -0.1575, -2.6276 0.8661 -0.1575, -2.6276 0.8661 -0.5118, -2.6276 -2.5591 -0.5118, 1.6589 0.9843 -0.5118, -2.4803 0.8661 -0.5118, 0.9843 0.9843 -0.5118, 0.9843 0.8661 -0.5118, 0.7874 0.8661 -0.5118, -0.3928 -2.5591 -0.5118, 0.8522 -2.7611 -0.5118, 0.3543 0.8661 -0.5118, 0.3543 0.9843 -0.5118, 0.1181 0.9843 -0.5118, -0.0765 -2.5718 -0.5118, 0.2378 -2.6099 -0.5118, 0.548 -2.6731 -0.5118, 0.1181 0.8661 -0.5118, -0.0787 0.8661 -0.5118, 0.5512 0.8661 -0.5118, 0.5512 0.9843 -0.5118, 0.7874 0.9843 -0.5118, -0.5118 0.8661 -0.5118, -0.5118 0.9843 -0.5118, -0.748 0.9843 -0.5118, -0.748 0.8661 -0.5118, -0.9449 0.8661 -0.5118, -0.315 0.8661 -0.5118, -0.315 0.9843 -0.5118, -0.0787 0.9843 -0.5118, -1.378 0.8661 -0.5118, -1.378 0.9843 -0.5118, -1.6142 0.9843 -0.5118, -1.6142 0.8661 -0.5118, -1.811 0.8661 -0.5118, -1.1811 0.8661 -0.5118, -1.1811 0.9843 -0.5118, -0.9449 0.9843 -0.5118, -2.2441 0.8661 -0.5118, -2.2441 0.9843 -0.5118, -2.4803 0.9843 -0.5118, -2.0472 0.8661 -0.5118, -2.0472 0.9843 -0.5118, -1.811 0.9843 -0.5118, -2.4803 0.9843 -0.1575, -2.0472 0.9843 -0.1575, -1.811 0.9843 -0.1575, -1.6142 0.9843 -0.1575, -2.2441 0.9843 -0.1575, -0.748 0.9843 -0.1575, -0.5118 0.9843 -0.1575, -0.315 0.9843 -0.1575, -1.378 0.9843 -0.1575, -1.1811 0.9843 -0.1575, -0.9449 0.9843 -0.1575, 0.1181 0.9843 -0.1575, 0.3543 0.9843 -0.1575, 0.5512 0.9843 -0.1575, -0.0787 0.9843 -0.1575, 0.9843 0.9843 -0.1575, 0.7874 0.9843 -0.1575, 0.7874 0.9843 -0.1575
            ]
        }
        coordIndex [
            0,1,2,-1,0,2,3,-1,3,2,4,-1,3,4,5,-1,5,4,6,-1,5,6,7,-1,7,6,8,-1,7,8,9,-1,9,8,10,-1,9,10,11,-1,11,10,12,-1,11,12,13,-1,14,15,16,-1,16,15,17,-1,16,17,18,-1,17,19,18,-1,18,19,20,-1,18,20,21,-1,21,20,22,-1,21,22,23,-1,24,25,26,-1,27,14,16,-1,28,29,30,-1,31,32,33,-1,34,35,36,-1,37,38,39,-1,39,38,24,-1,24,38,40,-1,24,40,25,-1,25,40,41,-1,25,41,42,-1,42,41,43,-1,42,43,44,-1,45,46,47,-1,47,46,48,-1,49,50,51,-1,51,50,52,-1,51,52,53,-1,54,50,55,-1,55,50,49,-1,55,49,45,-1,54,55,56,-1,56,55,57,-1,56,57,58,-1,58,57,59,-1,58,59,60,-1,60,59,33,-1,60,33,61,-1,62,63,64,-1,64,63,65,-1,64,65,66,-1,67,68,69,-1,69,68,70,-1,69,70,71,-1,71,70,72,-1,35,71,36,-1,36,71,72,-1,36,72,73,-1,73,72,66,-1,62,68,63,-1,63,68,67,-1,63,67,74,-1,74,67,75,-1,74,75,57,-1,57,75,76,-1,57,76,59,-1,77,78,79,-1,79,78,63,-1,63,78,80,-1,63,80,65,-1,65,80,81,-1,65,81,82,-1,66,65,73,-1,73,65,82,-1,73,82,83,-1,83,82,84,-1,83,84,85,-1,86,87,79,-1,79,87,85,-1,79,85,77,-1,77,85,84,-1,88,89,90,-1,91,92,93,-1,93,92,94,-1,93,94,95,-1,87,96,85,-1,85,96,97,-1,85,97,83,-1,83,97,98,-1,79,88,86,-1,86,88,90,-1,86,90,99,-1,99,90,100,-1,99,100,98,-1,98,100,95,-1,98,95,83,-1,83,95,94,-1,101,92,88,-1,88,92,91,-1,88,91,89,-1,101,88,102,-1,102,88,103,-1,102,103,104,-1,104,103,105,-1,104,105,106,-1,106,105,107,-1,106,107,108,-1,109,110,111,-1,112,113,114,-1,111,110,114,-1,114,110,115,-1,114,115,112,-1,113,112,103,-1,103,112,116,-1,103,116,105,-1,117,118,52,-1,119,120,121,-1,118,122,52,-1,52,122,123,-1,52,123,124,-1,121,125,119,-1,119,125,126,-1,119,126,127,-1,32,117,33,-1,33,117,52,-1,33,52,61,-1,61,52,50,-1,61,50,128,-1,128,50,54,-1,124,129,52,-1,52,129,130,-1,52,130,119,-1,119,130,131,-1,119,131,120,-1,76,132,59,-1,59,132,34,-1,59,34,33,-1,33,34,36,-1,33,36,31,-1,133,134,135,-1,36,136,137,-1,126,138,127,-1,127,138,139,-1,127,139,133,-1,133,139,140,-1,133,140,141,-1,141,142,133,-1,133,142,143,-1,133,143,134,-1,137,144,36,-1,36,144,145,-1,36,145,31,-1,146,147,94,-1,94,147,148,-1,94,148,83,-1,83,148,149,-1,150,151,107,-1,107,151,152,-1,152,146,107,-1,107,146,94,-1,107,94,108,-1,108,94,92,-1,108,92,153,-1,153,92,101,-1,154,150,111,-1,111,150,107,-1,111,107,109,-1,109,107,105,-1,109,105,155,-1,155,105,116,-1,154,156,157,-1,158,159,111,-1,160,161,30,-1,30,161,162,-1,30,162,163,-1,159,164,111,-1,111,164,165,-1,111,165,166,-1,166,167,111,-1,111,167,168,-1,111,168,154,-1,154,168,169,-1,154,169,156,-1,157,170,154,-1,154,170,171,-1,154,171,29,-1,29,171,172,-1,29,172,173,-1,173,174,29,-1,29,174,175,-1,29,175,176,-1,176,177,29,-1,29,177,178,-1,29,178,30,-1,30,178,179,-1,30,179,160,-1,180,181,182,-1,183,184,185,-1,185,184,113,-1,185,113,182,-1,182,113,103,-1,182,103,180,-1,186,187,188,-1,189,190,191,-1,192,193,194,-1,195,196,88,-1,194,195,192,-1,192,195,88,-1,192,88,191,-1,191,88,79,-1,191,79,189,-1,197,180,198,-1,198,180,103,-1,198,103,188,-1,188,103,88,-1,188,88,186,-1,186,88,196,-1,186,196,199,-1,200,201,202,-1,203,204,205,-1,206,207,63,-1,208,189,209,-1,209,189,79,-1,209,79,202,-1,202,79,63,-1,202,63,200,-1,200,63,207,-1,200,207,210,-1,211,212,213,-1,205,206,203,-1,203,206,63,-1,203,63,214,-1,214,63,74,-1,214,74,213,-1,213,74,57,-1,213,57,211,-1,215,216,217,-1,47,218,219,-1,219,218,220,-1,45,47,55,-1,55,47,219,-1,55,219,221,-1,222,211,223,-1,223,211,57,-1,223,57,217,-1,217,57,55,-1,217,55,215,-1,215,55,221,-1,215,221,224,-1,46,225,48,-1,48,225,53,-1,48,53,226,-1,226,53,52,-1,226,52,227,-1,227,52,119,-1,149,228,83,-1,83,228,229,-1,83,229,73,-1,73,229,133,-1,73,133,36,-1,36,133,135,-1,36,135,136,-1,184,42,113,-1,113,42,44,-1,113,44,114,-1,114,44,230,-1,114,230,111,-1,111,230,30,-1,111,30,158,-1,158,30,163,-1,43,231,44,-1,44,231,37,-1,44,37,230,-1,230,37,39,-1,230,39,30,-1,30,39,232,-1,30,232,28,-1,28,232,233,-1,26,234,24,-1,24,234,27,-1,24,27,39,-1,39,27,16,-1,39,16,232,-1,232,16,18,-1,232,18,233,-1,233,18,21,-1,235,1,0,-1,227,236,226,-1,226,236,237,-1,226,237,238,-1,0,218,235,-1,235,218,47,-1,235,47,238,-1,238,47,48,-1,238,48,226,-1,237,236,239,-1,237,239,240,-1,240,239,241,-1,240,241,242,-1,242,241,243,-1,242,243,244,-1,244,243,245,-1,244,245,246,-1,246,245,247,-1,246,247,248,-1,248,247,249,-1,248,249,250,-1,251,252,253,-1,253,252,254,-1,255,256,249,-1,249,256,250,-1,257,253,258,-1,258,253,254,-1,258,254,259,-1,259,254,260,-1,261,13,262,-1,262,13,12,-1,263,264,265,-1,265,264,253,-1,265,253,266,-1,266,253,257,-1,250,256,267,-1,267,256,264,-1,267,264,262,-1,262,264,268,-1,262,268,261,-1,269,268,270,-1,270,268,264,-1,270,264,271,-1,271,264,263,-1,271,263,272,-1,269,270,273,-1,272,274,275,-1,252,251,276,-1,274,277,278,-1,278,277,252,-1,270,271,279,-1,279,271,272,-1,252,276,278,-1,278,276,280,-1,278,280,281,-1,281,280,282,-1,281,282,283,-1,283,282,284,-1,283,284,285,-1,285,284,286,-1,285,286,287,-1,287,286,23,-1,287,23,22,-1,274,278,275,-1,275,278,281,-1,275,281,288,-1,288,281,283,-1,288,283,289,-1,289,283,285,-1,289,285,290,-1,290,285,287,-1,290,287,291,-1,291,287,22,-1,291,22,20,-1,272,275,279,-1,279,275,288,-1,279,288,292,-1,292,288,289,-1,292,289,293,-1,293,289,290,-1,293,290,294,-1,294,290,291,-1,294,291,295,-1,295,291,20,-1,295,20,19,-1,270,279,273,-1,273,279,292,-1,273,292,296,-1,296,292,293,-1,296,293,297,-1,297,293,294,-1,297,294,298,-1,298,294,295,-1,298,295,299,-1,299,295,19,-1,299,19,17,-1,269,273,300,-1,300,273,296,-1,300,296,301,-1,301,296,297,-1,301,297,302,-1,302,297,298,-1,302,298,303,-1,303,298,299,-1,303,299,304,-1,304,299,17,-1,304,17,15,-1,305,306,13,-1,184,183,307,-1,180,197,308,-1,261,26,25,-1,13,261,309,-1,309,261,307,-1,310,190,189,-1,200,210,311,-1,312,313,13,-1,314,205,204,-1,261,25,307,-1,307,25,42,-1,307,42,184,-1,315,187,186,-1,316,317,13,-1,204,312,314,-1,314,312,13,-1,314,13,311,-1,311,13,306,-1,311,306,200,-1,200,306,201,-1,211,222,318,-1,181,180,309,-1,309,180,308,-1,309,308,13,-1,13,308,315,-1,13,315,316,-1,316,315,186,-1,316,186,199,-1,319,216,215,-1,212,211,313,-1,313,211,318,-1,313,318,13,-1,13,318,319,-1,13,319,320,-1,320,319,215,-1,320,215,224,-1,194,193,317,-1,317,193,321,-1,317,321,13,-1,13,321,310,-1,13,310,305,-1,305,310,189,-1,305,189,208,-1,320,5,7,-1,220,218,322,-1,322,218,0,-1,322,0,320,-1,320,0,3,-1,320,3,5,-1,7,9,320,-1,320,9,11,-1,320,11,13,-1,233,21,23,-1,280,276,282,-1,282,276,251,-1,282,251,284,-1,323,28,324,-1,324,28,233,-1,324,233,253,-1,253,233,23,-1,253,23,251,-1,251,23,286,-1,251,286,284,-1,303,304,302,-1,302,304,15,-1,302,15,301,-1,27,268,14,-1,14,268,269,-1,14,269,15,-1,15,269,300,-1,15,300,301,-1,26,261,234,-1,234,261,268,-1,234,268,27,-1,325,252,277,-1,325,277,326,-1,326,277,274,-1,326,274,272,-1,325,327,252,-1,252,327,254,-1,260,254,328,-1,328,254,327,-1,329,330,259,-1,259,330,258,-1,330,331,258,-1,258,331,257,-1,331,332,257,-1,257,332,266,-1,332,333,266,-1,266,333,265,-1,333,334,265,-1,265,334,263,-1,334,326,263,-1,263,326,272,-1,327,325,328,-1,328,325,326,-1,328,326,329,-1,331,330,332,-1,332,330,329,-1,332,329,333,-1,333,329,326,-1,333,326,334,-1,335,262,336,-1,336,262,12,-1,336,12,10,-1,235,337,1,-1,1,337,336,-1,1,336,2,-1,2,336,4,-1,10,8,336,-1,336,8,6,-1,336,6,4,-1,338,339,267,-1,340,341,335,-1,335,341,338,-1,335,338,262,-1,262,338,267,-1,267,339,250,-1,250,339,342,-1,343,238,342,-1,342,238,237,-1,237,240,342,-1,342,240,242,-1,342,242,244,-1,244,246,342,-1,342,246,248,-1,342,248,250,-1,235,238,344,-1,344,238,343,-1,235,344,337,-1,337,344,341,-1,337,341,340,-1,335,345,340,-1,340,345,221,-1,340,221,337,-1,337,221,219,-1,219,220,337,-1,337,220,322,-1,337,322,336,-1,345,320,221,-1,221,320,224,-1,336,322,335,-1,335,322,320,-1,335,320,345,-1,309,346,181,-1,181,346,182,-1,346,347,182,-1,182,347,185,-1,347,307,185,-1,185,307,183,-1,347,346,307,-1,307,346,309,-1,315,348,187,-1,187,348,188,-1,348,349,188,-1,188,349,198,-1,349,308,198,-1,198,308,197,-1,349,348,308,-1,308,348,315,-1,317,350,194,-1,194,350,195,-1,350,351,195,-1,195,351,196,-1,351,316,196,-1,196,316,199,-1,351,350,316,-1,316,350,317,-1,310,352,190,-1,190,352,191,-1,352,353,191,-1,191,353,192,-1,353,321,192,-1,192,321,193,-1,353,352,321,-1,321,352,310,-1,306,354,201,-1,201,354,202,-1,354,355,202,-1,202,355,209,-1,355,305,209,-1,209,305,208,-1,355,354,305,-1,305,354,306,-1,314,356,205,-1,205,356,206,-1,356,357,206,-1,206,357,207,-1,357,311,207,-1,207,311,210,-1,357,356,311,-1,311,356,314,-1,313,358,212,-1,212,358,213,-1,213,358,214,-1,214,358,359,-1,214,359,203,-1,359,312,203,-1,203,312,204,-1,359,358,312,-1,312,358,313,-1,319,360,216,-1,216,360,217,-1,360,361,217,-1,217,361,223,-1,361,318,223,-1,223,318,222,-1,361,360,318,-1,318,360,319,-1,362,256,363,-1,363,256,255,-1,363,255,364,-1,364,255,365,-1,264,366,253,-1,253,366,324,-1,367,364,365,-1,366,368,369,-1,370,365,371,-1,366,369,324,-1,324,369,372,-1,324,372,323,-1,373,374,375,-1,371,376,370,-1,370,376,377,-1,370,377,369,-1,369,377,378,-1,369,378,372,-1,379,380,365,-1,375,379,373,-1,373,379,365,-1,373,365,381,-1,381,365,370,-1,381,370,382,-1,382,370,383,-1,384,385,386,-1,387,388,365,-1,386,387,384,-1,384,387,365,-1,384,365,389,-1,389,365,380,-1,389,380,390,-1,390,380,391,-1,392,393,394,-1,395,396,365,-1,394,395,392,-1,392,395,365,-1,392,365,397,-1,397,365,388,-1,397,388,398,-1,398,388,399,-1,400,401,402,-1,402,367,400,-1,400,367,365,-1,400,365,403,-1,403,365,396,-1,403,396,404,-1,404,396,405,-1,264,256,406,-1,406,256,362,-1,407,404,405,-1,408,409,264,-1,402,401,406,-1,406,401,410,-1,406,410,264,-1,264,410,407,-1,264,407,408,-1,408,407,405,-1,411,386,385,-1,412,413,264,-1,394,393,409,-1,409,393,414,-1,409,414,264,-1,264,414,415,-1,385,412,411,-1,411,412,264,-1,411,264,416,-1,416,264,415,-1,416,415,399,-1,399,415,398,-1,417,375,374,-1,418,419,264,-1,374,418,417,-1,417,418,264,-1,417,264,420,-1,420,264,413,-1,420,413,391,-1,391,413,390,-1,368,366,421,-1,421,366,264,-1,421,264,422,-1,422,264,419,-1,422,419,383,-1,383,419,382,-1,
        ]
    }
}
Shape{
    appearance Appearance {
        material  Material 	{
            diffuseColor 0.5019607843137255 0.5019607843137255 0.5019607843137255
            specularColor 0.25098039215686274 0.25098039215686274 0.25098039215686274
            ambientIntensity 0.2
            transparency 0
            shininess 0.5
        }
    }
    geometry IndexedFaceSet {
        ccw TRUE
        solid FALSE
        coord DEF co Coordinate {
            point [
                1.9857 1.3693 -0.748, 1.9857 1.3693 -0.1575, 1.9857 2.161 -0.748, 1.9857 2.2748 -0.1575, 1.9857 2.2748 -0.748, 1.7631 2.2748 -0.6541, 1.7505 2.2748 -0.6587, 1.7448 2.2748 -0.6597, 1.8435 2.2748 -0.6059, 1.8246 2.2748 -0.6214, 1.8123 2.2748 -0.6314, 1.7986 2.2748 -0.6392, 1.788 2.2748 -0.6452, 1.3951 2.2748 -0.748, 1.5981 2.2748 -0.6316, 1.5908 2.2748 -0.625, 1.3951 2.2748 -0.1575, 1.5631 2.2748 -0.5759, 1.5643 2.2748 -0.575, 1.5648 2.2748 -0.5748, 1.5668 2.2748 -0.5741, 1.5675 2.2748 -0.574, 1.6831 2.2748 -0.6633, 1.6567 2.2748 -0.6586, 1.6352 2.2748 -0.6508, 1.7224 2.2748 -0.6635, 1.6992 2.2748 -0.6634, 1.6879 2.2748 -0.6634, 1.6339 2.2748 -0.6504, 1.6226 2.2748 -0.6463, 1.5897 2.2748 -0.624, 1.5767 2.2748 -0.6121, 1.5677 2.2748 -0.5992, 1.5657 2.2748 -0.5965, 1.5646 2.2748 -0.5941, 1.5618 2.2748 -0.5866, 1.568 2.2748 -0.574, 1.5721 2.2748 -0.574, 1.5742 2.2748 -0.5744, 1.5888 2.2748 -0.5789, 1.6158 2.2748 -0.5868, 1.6395 2.2748 -0.5933, 1.5618 2.2748 -0.578, 1.562 2.2748 -0.5775, 1.5627 2.2748 -0.5764, 1.7253 2.2748 -0.5882, 1.7198 2.2748 -0.5901, 1.7013 2.2748 -0.5933, 1.6018 2.2748 -0.5829, 1.6109 2.2748 -0.5854, 1.6497 2.2748 -0.5942, 1.653 2.2748 -0.5945, 1.6763 2.2748 -0.5966, 1.7374 2.2748 -0.5839, 1.7456 2.2748 -0.5793, 1.7592 2.2748 -0.5718, 1.5612 2.2748 -0.5838, 1.5612 2.2748 -0.5805, 1.5612 2.2748 -0.5798, 1.6839 2.2748 -0.5963, 1.6877 2.2748 -0.5957, 1.7685 2.2748 -0.5666, 1.7878 2.2748 -0.5502, 1.3951 2.161 -0.748, 1.3951 1.3693 -0.1575, 1.3951 1.3693 -0.748, 1.3951 1.3693 -0.748
            ]
        }
        coordIndex [
            0,1,2,-1,2,1,3,-1,2,3,4,-1,5,6,4,-1,4,6,7,-1,3,8,4,-1,4,8,9,-1,4,9,10,-1,10,11,4,-1,4,11,12,-1,4,12,5,-1,13,14,15,-1,16,17,18,-1,18,19,16,-1,16,19,20,-1,16,20,21,-1,22,23,13,-1,13,23,24,-1,7,25,4,-1,4,25,26,-1,4,26,13,-1,13,26,27,-1,13,27,22,-1,24,28,13,-1,13,28,29,-1,13,29,14,-1,15,30,13,-1,13,30,31,-1,13,31,32,-1,32,33,13,-1,13,33,34,-1,13,34,35,-1,21,36,16,-1,16,36,37,-1,16,37,3,-1,3,37,38,-1,3,38,39,-1,3,40,41,-1,42,43,16,-1,16,43,44,-1,16,44,17,-1,45,3,46,-1,46,3,47,-1,39,48,3,-1,3,48,49,-1,3,49,40,-1,41,50,3,-1,3,50,51,-1,3,51,52,-1,45,53,3,-1,3,53,54,-1,3,54,55,-1,35,56,13,-1,13,56,57,-1,13,57,16,-1,16,57,58,-1,16,58,42,-1,52,59,3,-1,3,59,60,-1,3,60,47,-1,55,61,3,-1,3,61,62,-1,3,62,8,-1,13,16,63,-1,63,16,64,-1,63,64,65,-1,64,1,65,-1,65,1,0,-1,64,16,1,-1,1,16,3,-1,
        ]
    }
}
Shape{
    appearance Appearance {
        material  Material 	{
            diffuseColor 0.7529411764705882 0.7529411764705882 0.7529411764705882
            specularColor 0.3764705882352941 0.3764705882352941 0.3764705882352941
            ambientIntensity 0.2
            transparency 0
            shininess 0.5
        }
    }
    geometry IndexedFaceSet {
        ccw TRUE
        solid FALSE
        coord DEF co Coordinate {
            point [
                1.8435 2.2748 -0.6059, 1.7878 2.2748 -0.5502, 1.7889 2.2682 -0.5499, 1.8437 2.2674 -0.6046, 1.7913 2.2602 -0.5508, 1.8427 2.2589 -0.6019, 1.8315 2.2398 -0.5869, 1.8365 2.2448 -0.5928, 1.8403 2.2514 -0.598, 1.806 2.2404 -0.5615, 1.8126 2.237 -0.5674, 1.8196 2.2358 -0.5741, 1.8256 2.2368 -0.5804, 1.7949 2.2527 -0.5529, 1.8002 2.2455 -0.5567, 1.5701 1.4408 -0.5199, 1.557 1.4347 -0.4874, 1.5567 1.4282 -0.4885, 1.6109 2.2748 -0.5854, 1.6113 2.2743 -0.5849, 1.6158 2.2748 -0.5868, 1.8246 2.2748 -0.6214, 1.8004 2.2613 -0.6384, 1.7995 2.2712 -0.6397, 1.8123 2.2748 -0.6314, 1.7986 2.2748 -0.6392, 1.788 2.2748 -0.6452, 1.7469 2.2644 -0.6617, 1.7631 2.2748 -0.6541, 1.7454 2.2725 -0.6606, 1.7448 2.2748 -0.6597, 1.7505 2.2748 -0.6587, 1.7224 2.2748 -0.6635, 1.6892 2.2656 -0.6678, 1.6992 2.2748 -0.6634, 1.6879 2.2748 -0.6634, 1.6881 2.2734 -0.6646, 1.6831 2.2748 -0.6633, 1.6346 2.2672 -0.6571, 1.6567 2.2748 -0.6586, 1.5849 2.2611 -0.6364, 1.6339 2.2748 -0.6504, 1.6352 2.2748 -0.6508, 1.5908 2.2748 -0.625, 1.5981 2.2748 -0.6316, 1.5866 2.2688 -0.6311, 1.6226 2.2748 -0.6463, 1.5897 2.2748 -0.624, 1.5895 2.2743 -0.6244, 1.5767 2.2748 -0.6121, 1.5478 2.2679 -0.5923, 1.5677 2.2748 -0.5992, 1.5612 2.2748 -0.5805, 1.5612 2.2748 -0.5838, 1.5531 2.2721 -0.586, 1.5618 2.2748 -0.5866, 1.5646 2.2748 -0.5941, 1.5657 2.2748 -0.5965, 1.5721 2.2748 -0.574, 1.568 2.2748 -0.574, 1.5662 2.2744 -0.5721, 1.5675 2.2748 -0.574, 1.5668 2.2748 -0.5741, 1.5648 2.2748 -0.5748, 1.5643 2.2748 -0.575, 1.5631 2.2748 -0.5759, 1.5627 2.2748 -0.5764, 1.5594 2.2744 -0.5791, 1.562 2.2748 -0.5775, 1.5618 2.2748 -0.578, 1.5612 2.2748 -0.5798, 1.6018 2.2748 -0.5829, 1.5888 2.2748 -0.5789, 1.5734 2.2718 -0.5653, 1.5742 2.2748 -0.5744, 1.5795 2.2674 -0.56, 1.6395 2.2748 -0.5933, 1.6154 2.2681 -0.5797, 1.6497 2.2748 -0.5942, 1.6499 2.2742 -0.5938, 1.653 2.2748 -0.5945, 1.6763 2.2748 -0.5966, 1.6523 2.2661 -0.5895, 1.6839 2.2748 -0.5963, 1.6881 2.2723 -0.5947, 1.6877 2.2748 -0.5957, 1.7013 2.2748 -0.5933, 1.6893 2.2638 -0.5916, 1.7256 2.2707 -0.5871, 1.7198 2.2748 -0.5901, 1.7456 2.2748 -0.5793, 1.7374 2.2748 -0.5839, 1.7253 2.2748 -0.5882, 1.7685 2.2748 -0.5666, 1.7601 2.2686 -0.5716, 1.7592 2.2748 -0.5718, 1.7266 2.2618 -0.5857, 1.7611 2.2621 -0.5717, 1.7276 2.2552 -0.586, 1.6915 2.2483 -0.5911, 1.6906 2.2549 -0.5906, 1.6565 2.2421 -0.5869, 1.6557 2.2487 -0.5861, 1.6238 2.236 -0.574, 1.6232 2.2426 -0.5731, 1.5944 2.2292 -0.5524, 1.5941 2.2357 -0.5514, 1.5717 2.2223 -0.5238, 1.5717 2.2288 -0.5228, 1.5576 2.2161 -0.4915, 1.5578 2.2226 -0.4904, 1.5521 2.21 -0.4568, 1.5526 2.2165 -0.4558, 1.5558 2.2031 -0.4205, 1.5566 2.2097 -0.4198, 1.5689 2.1962 -0.3865, 1.5699 2.2028 -0.3859, 1.5897 2.19 -0.3578, 1.5908 2.1965 -0.3575, 1.6168 2.1839 -0.3356, 1.6179 2.1905 -0.3356, 1.6499 2.1771 -0.3204, 1.651 2.1836 -0.3207, 1.686 2.1702 -0.3145, 1.6869 2.1768 -0.315, 1.7212 2.1639 -0.3179, 1.722 2.1705 -0.3186, 1.7541 2.1579 -0.33, 1.7547 2.1644 -0.3309, 1.7839 2.1511 -0.3508, 1.7842 2.1576 -0.3519, 1.8074 2.1442 -0.3789, 1.8074 2.1507 -0.3799, 1.8223 2.1379 -0.411, 1.822 2.1444 -0.4121, 1.8286 2.1318 -0.4455, 1.828 2.1384 -0.4464, 1.8257 2.125 -0.4817, 1.8249 2.1316 -0.4825, 1.8134 2.1181 -0.5161, 1.8125 2.1247 -0.5167, 1.7932 2.1118 -0.5454, 1.7921 2.1183 -0.5457, 1.7667 2.1058 -0.5682, 1.7656 2.1123 -0.5682, 1.734 2.099 -0.5841, 1.733 2.1055 -0.5838, 1.6981 2.0921 -0.5909, 1.6971 2.0986 -0.5904, 1.6626 2.0857 -0.5883, 1.6618 2.0923 -0.5876, 1.6296 2.0797 -0.577, 1.629 2.0863 -0.5761, 1.5993 2.073 -0.5569, 1.599 2.0795 -0.5559, 1.5752 2.066 -0.5294, 1.5752 2.0726 -0.5283, 1.5595 2.0596 -0.4975, 1.5597 2.0662 -0.4964, 1.5524 2.0537 -0.4633, 1.5529 2.0602 -0.4623, 1.5544 2.0469 -0.4271, 1.5552 2.0535 -0.4263, 1.5659 2.04 -0.3923, 1.5668 2.0465 -0.3918, 1.5855 2.0336 -0.3625, 1.5865 2.0401 -0.3622, 1.6114 2.0276 -0.3392, 1.6125 2.0342 -0.3391, 1.6436 2.0209 -0.3226, 1.6447 2.0274 -0.3228, 1.6794 2.0139 -0.3148, 1.6803 2.0205 -0.3153, 1.715 2.0075 -0.3166, 1.7159 2.0141 -0.3173, 1.7483 2.0016 -0.3271, 1.7489 2.0081 -0.328, 1.7789 1.9948 -0.3464, 1.7792 2.0014 -0.3474, 1.8037 1.9879 -0.3733, 1.8038 1.9945 -0.3744, 1.8203 1.9814 -0.405, 1.82 1.988 -0.4061, 1.8281 1.9755 -0.439, 1.8276 1.9821 -0.44, 1.8269 1.9688 -0.4751, 1.8262 1.9754 -0.476, 1.8163 1.9619 -0.5102, 1.8154 1.9684 -0.5108, 1.7973 1.9554 -0.5406, 1.7963 1.9619 -0.5409, 1.772 1.9494 -0.5645, 1.7709 1.956 -0.5645, 1.7403 1.9428 -0.5818, 1.7392 1.9493 -0.5816, 1.7047 1.9358 -0.5904, 1.7037 1.9424 -0.5899, 1.6689 1.9293 -0.5894, 1.668 1.9359 -0.5887, 1.6355 1.9234 -0.5797, 1.6348 1.9299 -0.5789, 1.6045 1.9167 -0.5612, 1.6041 1.9233 -0.5602, 1.579 1.9098 -0.5349, 1.5789 1.9163 -0.5338, 1.5617 1.9033 -0.5035, 1.5618 1.9098 -0.5024, 1.5531 1.8973 -0.4697, 1.5535 1.9039 -0.4688, 1.5534 1.8907 -0.4337, 1.554 1.8973 -0.4328, 1.5632 1.8837 -0.3984, 1.564 1.8903 -0.3978, 1.5815 1.8772 -0.3675, 1.5825 1.8838 -0.3671, 1.6062 1.8713 -0.343, 1.6072 1.8778 -0.3429, 1.6374 1.8647 -0.325, 1.6384 1.8712 -0.3251, 1.6728 1.8577 -0.3155, 1.6738 1.8643 -0.316, 1.7087 1.8511 -0.3156, 1.7096 1.8577 -0.3163, 1.7423 1.8452 -0.3245, 1.743 1.8518 -0.3254, 1.7737 1.8386 -0.3423, 1.7741 1.8452 -0.3433, 1.7997 1.8317 -0.368, 1.7999 1.8382 -0.3691, 1.8179 1.8251 -0.3991, 1.8177 1.8316 -0.4002, 1.8273 1.8192 -0.4326, 1.8268 1.8257 -0.4336, 1.8278 1.8126 -0.4685, 1.8272 1.8191 -0.4694, 1.8189 1.8056 -0.5041, 1.818 1.8122 -0.5047, 1.8013 1.799 -0.5355, 1.8003 1.8056 -0.5359, 1.7771 1.7931 -0.5605, 1.7761 1.7997 -0.5607, 1.7465 1.7865 -0.5792, 1.7454 1.7931 -0.5791, 1.7113 1.7796 -0.5895, 1.7103 1.7862 -0.5891, 1.6752 1.773 -0.5903, 1.6744 1.7795 -0.5896, 1.6414 1.767 -0.5822, 1.6408 1.7736 -0.5813, 1.6098 1.7605 -0.5652, 1.6094 1.7671 -0.5642, 1.5831 1.7536 -0.5401, 1.583 1.7601 -0.539, 1.5641 1.7469 -0.5094, 1.5643 1.7535 -0.5083, 1.554 1.741 -0.4761, 1.5544 1.7475 -0.4751, 1.5526 1.7345 -0.4403, 1.5532 1.741 -0.4394, 1.5607 1.7275 -0.4046, 1.5615 1.7341 -0.4039, 1.5776 1.7208 -0.3726, 1.5786 1.7274 -0.3722, 1.6012 1.7149 -0.347, 1.6022 1.7215 -0.3468, 1.6313 1.7084 -0.3277, 1.6324 1.715 -0.3278, 1.6662 1.7015 -0.3165, 1.6672 1.708 -0.3169, 1.7023 1.6948 -0.3149, 1.7032 1.7013 -0.3156, 1.7364 1.6888 -0.3223, 1.737 1.6954 -0.3231, 1.7683 1.6824 -0.3384, 1.7687 1.6889 -0.3394, 1.7955 1.6754 -0.3628, 1.7957 1.682 -0.3639, 1.8153 1.6687 -0.3932, 1.8152 1.6753 -0.3943, 1.8262 1.6628 -0.4263, 1.8258 1.6693 -0.4273, 1.8284 1.6563 -0.4619, 1.8278 1.6629 -0.4628, 1.8212 1.6494 -0.4978, 1.8204 1.656 -0.4985, 1.805 1.6427 -0.5302, 1.804 1.6492 -0.5307, 1.782 1.6367 -0.5564, 1.7809 1.6433 -0.5566, 1.7525 1.6303 -0.5764, 1.7514 1.6369 -0.5763, 1.7179 1.6234 -0.5884, 1.7169 1.6299 -0.588, 1.6817 1.6166 -0.5908, 1.6808 1.6232 -0.5902, 1.6474 1.6106 -0.5843, 1.6467 1.6172 -0.5835, 1.6153 1.6043 -0.5689, 1.6148 1.6108 -0.568, 1.5874 1.5973 -0.5452, 1.5872 1.6039 -0.5441, 1.5669 1.5906 -0.5152, 1.567 1.5971 -0.5142, 1.5552 1.5846 -0.4823, 1.5556 1.5911 -0.4813, 1.5522 1.5782 -0.4469, 1.5528 1.5848 -0.446, 1.5585 1.5713 -0.4109, 1.5593 1.5779 -0.4102, 1.574 1.5645 -0.378, 1.5749 1.5711 -0.3775, 1.5964 1.5585 -0.3512, 1.5975 1.5651 -0.351, 1.6254 1.5522 -0.3306, 1.6264 1.5587 -0.3307, 1.6596 1.5453 -0.3179, 1.6607 1.5518 -0.3182, 1.6958 1.5385 -0.3145, 1.6967 1.545 -0.3151, 1.7303 1.5324 -0.3203, 1.7311 1.539 -0.3211, 1.7627 1.5261 -0.3348, 1.7632 1.5327 -0.3358, 1.7911 1.5192 -0.3579, 1.7913 1.5258 -0.3589, 1.8123 1.5124 -0.3874, 1.8123 1.519 -0.3885, 1.8248 1.5064 -0.4201, 1.8245 1.5129 -0.4211, 1.8287 1.5001 -0.4553, 1.8281 1.5066 -0.4562, 1.8232 1.4932 -0.4914, 1.8224 1.4998 -0.4922, 1.8085 1.4864 -0.5247, 1.8076 1.4929 -0.5252, 1.7867 1.4803 -0.5521, 1.7856 1.4869 -0.5524, 1.7583 1.474 -0.5733, 1.7572 1.4806 -0.5733, 1.7244 1.4672 -0.5869, 1.7234 1.4737 -0.5865, 1.6882 1.4603 -0.5911, 1.6873 1.4669 -0.5905, 1.6535 1.4542 -0.5861, 1.6527 1.4608 -0.5853, 1.6209 1.448 -0.5724, 1.6204 1.4546 -0.5714, 1.592 1.4411 -0.5501, 1.5918 1.4477 -0.549, 1.57 1.4343 -0.521, 1.7633 2.254 -0.5731, 1.7293 2.2472 -0.5879, 1.6926 2.2403 -0.5934, 1.657 2.2341 -0.5894, 1.6236 2.228 -0.5766, 1.5936 2.2212 -0.5548, 1.5703 2.2143 -0.526, 1.5557 2.2081 -0.4932, 1.5498 2.2019 -0.458, 1.5533 2.1951 -0.4211, 1.5664 2.1882 -0.3863, 1.5873 2.182 -0.3571, 1.6147 2.1759 -0.3342, 1.6482 2.1691 -0.3186, 1.6848 2.1622 -0.3122, 1.7207 2.1559 -0.3154, 1.7542 2.1499 -0.3274, 1.7847 2.143 -0.3484, 1.8087 2.1361 -0.3767, 1.8242 2.1298 -0.4093, 1.8308 2.1238 -0.4442, 1.8282 2.117 -0.4811, 1.8159 2.1101 -0.5162, 1.7956 2.1038 -0.5461, 1.7689 2.0978 -0.5695, 1.7358 2.091 -0.5859, 1.6993 2.0841 -0.5931, 1.6632 2.0777 -0.5908, 1.6296 2.0717 -0.5796, 1.5987 2.0649 -0.5594, 1.5739 2.058 -0.5316, 1.5576 2.0516 -0.4993, 1.5502 2.0456 -0.4646, 1.552 2.0389 -0.4278, 1.5634 2.032 -0.3923, 1.583 2.0256 -0.3619, 1.6092 2.0196 -0.3379, 1.6418 2.0129 -0.3208, 1.6781 2.0059 -0.3126, 1.7144 1.9995 -0.3142, 1.7482 1.9935 -0.3245, 1.7795 1.9868 -0.3439, 1.8049 1.9799 -0.3711, 1.822 1.9734 -0.4032, 1.8302 1.9675 -0.4376, 1.8294 1.9608 -0.4744, 1.8188 1.9539 -0.5101, 1.7998 1.9474 -0.5411, 1.7743 1.9414 -0.5657, 1.7422 1.9348 -0.5835, 1.7061 1.9278 -0.5925, 1.6696 1.9213 -0.5919, 1.6356 1.9154 -0.5823, 1.6039 1.9087 -0.5637, 1.5778 1.9018 -0.5371, 1.5599 1.8952 -0.5053, 1.5509 1.8893 -0.4711, 1.5509 1.8827 -0.4345, 1.5606 1.8757 -0.3985, 1.579 1.8692 -0.3669, 1.6039 1.8633 -0.3418, 1.6355 1.8566 -0.3233, 1.6714 1.8497 -0.3134, 1.7079 1.8431 -0.3132, 1.7422 1.8372 -0.322, 1.7742 1.8306 -0.3398, 1.8009 1.8237 -0.3657, 1.8196 1.8171 -0.3972, 1.8294 1.8111 -0.4311, 1.8303 1.8046 -0.4677, 1.8214 1.7976 -0.5039, 1.8038 1.791 -0.536, 1.7795 1.7851 -0.5616, 1.7484 1.7785 -0.5809, 1.7128 1.7716 -0.5916, 1.6761 1.765 -0.5927, 1.6417 1.759 -0.5847, 1.6094 1.7525 -0.5677, 1.582 1.7455 -0.5424, 1.5625 1.7389 -0.5113, 1.5519 1.733 -0.4776, 1.5502 1.7265 -0.4412, 1.5581 1.7195 -0.4048, 1.5751 1.7128 -0.3722, 1.5988 1.7069 -0.346, 1.6293 1.7004 -0.3261, 1.6647 1.6935 -0.3145, 1.7014 1.6868 -0.3125, 1.7361 1.6808 -0.3197, 1.7686 1.6744 -0.3359, 1.7966 1.6674 -0.3605, 1.8169 1.6607 -0.3912, 1.8282 1.6548 -0.4247, 1.8308 1.6483 -0.461, 1.8237 1.6414 -0.4975, 1.8076 1.6347 -0.5306, 1.7844 1.6287 -0.5574, 1.7545 1.6223 -0.578, 1.7194 1.6154 -0.5904, 1.6827 1.6086 -0.5932, 1.6478 1.6026 -0.5868, 1.615 1.5963 -0.5715, 1.5865 1.5893 -0.5476, 1.5654 1.5826 -0.5173, 1.5532 1.5766 -0.4839, 1.5498 1.5702 -0.4479, 1.556 1.5633 -0.4113, 1.5714 1.5565 -0.3777, 1.594 1.5505 -0.3503, 1.6233 1.5442 -0.3291, 1.658 1.5373 -0.3159, 1.6948 1.5305 -0.3122, 1.7299 1.5244 -0.3178, 1.763 1.5181 -0.3323, 1.792 1.5112 -0.3555, 1.8138 1.5044 -0.3853, 1.8268 1.4984 -0.4185, 1.831 1.4921 -0.4542, 1.8257 1.4852 -0.491, 1.8111 1.4784 -0.525, 1.7891 1.4723 -0.553, 1.7604 1.466 -0.5748, 1.726 1.4592 -0.5888, 1.6893 1.4523 -0.5934, 1.6539 1.4462 -0.5886, 1.6207 1.44 -0.5749, 1.5912 1.4331 -0.5525, 1.5686 1.4263 -0.5231, 1.7663 2.2465 -0.576, 1.7314 2.2397 -0.5916, 1.6937 2.2328 -0.5975, 1.657 2.2266 -0.5936, 1.6226 2.2205 -0.5807, 1.5915 2.2136 -0.5585, 1.5673 2.2067 -0.529, 1.552 2.2005 -0.4953, 1.5458 2.1944 -0.4591, 1.5491 2.1876 -0.4212, 1.5623 2.1807 -0.3853, 1.5836 2.1744 -0.355, 1.6116 2.1684 -0.3313, 1.646 2.1615 -0.315, 1.6836 2.1547 -0.3081, 1.7206 2.1484 -0.3112, 1.7552 2.1423 -0.3233, 1.7867 2.1355 -0.3446, 1.8116 2.1286 -0.3736, 1.8278 2.1223 -0.4071, 1.8348 2.1163 -0.443, 1.8324 2.1095 -0.4809, 1.82 2.1026 -0.5171, 1.7994 2.0962 -0.548, 1.772 2.0902 -0.5723, 1.7381 2.0834 -0.5894, 1.7006 2.0765 -0.5972, 1.6634 2.0702 -0.595, 1.6287 2.0642 -0.5837, 1.5968 2.0574 -0.5632, 1.5711 2.0505 -0.5348, 1.5541 2.0441 -0.5016, 1.5462 2.0381 -0.4659, 1.5477 2.0314 -0.428, 1.5592 2.0244 -0.3915, 1.5792 2.018 -0.36, 1.606 2.0121 -0.3352, 1.6394 2.0053 -0.3173, 1.6767 1.9984 -0.3086, 1.7141 1.992 -0.3099, 1.749 1.986 -0.3204, 1.7813 1.9793 -0.3401, 1.8077 1.9724 -0.3679, 1.8255 1.9659 -0.4008, 1.8342 1.96 -0.4362, 1.8336 1.9533 -0.474, 1.823 1.9463 -0.5109, 1.8036 1.9398 -0.5429, 1.7775 1.9339 -0.5684, 1.7446 1.9272 -0.587, 1.7075 1.9203 -0.5965, 1.67 1.9138 -0.5961, 1.6349 1.9078 -0.5865, 1.6022 1.9012 -0.5676, 1.5752 1.8942 -0.5404, 1.5565 1.8877 -0.5078, 1.547 1.8818 -0.4727, 1.5467 1.8751 -0.4349, 1.5564 1.8682 -0.3978, 1.5751 1.8616 -0.3652, 1.6006 1.8557 -0.3392, 1.6329 1.8491 -0.3199, 1.6698 1.8422 -0.3095, 1.7074 1.8356 -0.309, 1.7427 1.8297 -0.3178, 1.7758 1.8231 -0.3359, 1.8035 1.8161 -0.3624, 1.823 1.8095 -0.3946, 1.8333 1.8036 -0.4295, 1.8344 1.797 -0.4671, 1.8256 1.7901 -0.5044, 1.8077 1.7835 -0.5376, 1.7828 1.7775 -0.5642, 1.751 1.771 -0.5842, 1.7144 1.764 -0.5955, 1.6767 1.7574 -0.5969, 1.6412 1.7515 -0.5889, 1.6078 1.745 -0.5717, 1.5795 1.738 -0.5458, 1.5592 1.7314 -0.514, 1.5481 1.7254 -0.4793, 1.546 1.7189 -0.4419, 1.5539 1.712 -0.4044, 1.5711 1.7053 -0.3707, 1.5954 1.6994 -0.3435, 1.6266 1.6929 -0.3228, 1.6629 1.6859 -0.3106, 1.7007 1.6792 -0.3084, 1.7364 1.6733 -0.3155, 1.7701 1.6668 -0.3319, 1.799 1.6599 -0.357, 1.8201 1.6532 -0.3885, 1.8321 1.6472 -0.4229, 1.835 1.6408 -0.4602, 1.828 1.6339 -0.4978, 1.8115 1.6271 -0.532, 1.7879 1.6212 -0.5598, 1.7573 1.6148 -0.5812, 1.7213 1.6078 -0.5942, 1.6834 1.6011 -0.5974, 1.6475 1.5951 -0.591, 1.6136 1.5887 -0.5755, 1.5841 1.5818 -0.5511, 1.5622 1.575 -0.5201, 1.5494 1.569 -0.4858, 1.5457 1.5627 -0.4488, 1.5518 1.5558 -0.411, 1.5674 1.549 -0.3764, 1.5905 1.543 -0.348, 1.6205 1.5366 -0.326, 1.6561 1.5297 -0.3121, 1.6939 1.5229 -0.308, 1.7301 1.5169 -0.3135, 1.7642 1.5106 -0.3282, 1.7942 1.5037 -0.3519, 1.8169 1.4969 -0.3825, 1.8305 1.4908 -0.4165, 1.8352 1.4845 -0.4533, 1.83 1.4777 -0.4911, 1.8151 1.4708 -0.5262, 1.7926 1.4647 -0.5552, 1.7633 1.4585 -0.5778, 1.7281 1.4516 -0.5925, 1.6903 1.4448 -0.5975, 1.6538 1.4387 -0.5928, 1.6195 1.4325 -0.579, 1.589 1.4256 -0.5561, 1.5655 1.4187 -0.526, 1.7704 2.2394 -0.581, 1.7341 2.2325 -0.5975, 1.6947 2.2257 -0.6039, 1.6564 2.2195 -0.6001, 1.6203 2.2133 -0.5867, 1.5878 2.2065 -0.5638, 1.5623 2.1996 -0.5331, 1.5461 2.1934 -0.498, 1.5394 2.1873 -0.4603, 1.5427 2.1804 -0.4206, 1.5562 2.1736 -0.3831, 1.5783 2.1673 -0.3513, 1.6074 2.1612 -0.3264, 1.6432 2.1544 -0.3091, 1.6824 2.1475 -0.3018, 1.7211 2.1412 -0.3047, 1.7572 2.1352 -0.3172, 1.7903 2.1284 -0.3393, 1.8165 2.1215 -0.3694, 1.8336 2.1152 -0.4042, 1.8412 2.1091 -0.4417, 1.8388 2.1023 -0.4813, 1.8262 2.0954 -0.5192, 1.8048 2.0891 -0.5516, 1.7764 2.0831 -0.5771, 1.741 2.0763 -0.5952, 1.7019 2.0694 -0.6035, 1.6631 2.063 -0.6015, 1.6267 2.057 -0.5899, 1.5933 2.0503 -0.5686, 1.5663 2.0433 -0.5391, 1.5484 2.037 -0.5046, 1.5399 2.031 -0.4674, 1.5413 2.0242 -0.4278, 1.553 2.0173 -0.3896, 1.5738 2.0109 -0.3565, 1.6015 2.0049 -0.3305, 1.6363 1.9982 -0.3116, 1.6752 1.9913 -0.3023, 1.7143 1.9848 -0.3035, 1.7508 1.9789 -0.3142, 1.7847 1.9722 -0.3346, 1.8124 1.9652 -0.3635, 1.8312 1.9588 -0.3977, 1.8405 1.9528 -0.4346, 1.8401 1.9461 -0.4741, 1.8292 1.9392 -0.5126, 1.8092 1.9327 -0.5463, 1.7821 1.9268 -0.5729, 1.7478 1.9201 -0.5926, 1.7091 1.9131 -0.6028, 1.67 1.9066 -0.6026, 1.6332 1.9007 -0.5927, 1.599 1.8941 -0.5732, 1.5706 1.8871 -0.545, 1.5509 1.8806 -0.511, 1.5408 1.8746 -0.4744, 1.5403 1.868 -0.435, 1.5502 1.8611 -0.3962, 1.5695 1.8545 -0.362, 1.5959 1.8486 -0.3347, 1.6296 1.842 -0.3143, 1.668 1.835 -0.3032, 1.7073 1.8285 -0.3025, 1.7443 1.8225 -0.3115, 1.7789 1.8159 -0.3302, 1.8079 1.809 -0.3577, 1.8285 1.8024 -0.3912, 1.8395 1.7965 -0.4276, 1.8409 1.7899 -0.4669, 1.8319 1.783 -0.5059, 1.8134 1.7763 -0.5406, 1.7876 1.7704 -0.5685, 1.7545 1.7639 -0.5897, 1.7163 1.7569 -0.6017, 1.6769 1.7503 -0.6033, 1.6398 1.7444 -0.5952, 1.6049 1.7378 -0.5774, 1.5752 1.7309 -0.5506, 1.5538 1.7242 -0.5175, 1.5419 1.7183 -0.4813, 1.5396 1.7118 -0.4422, 1.5476 1.7048 -0.403, 1.5654 1.6982 -0.3678, 1.5905 1.6922 -0.3392, 1.623 1.6857 -0.3174, 1.6609 1.6788 -0.3045, 1.7003 1.6721 -0.3019, 1.7377 1.6662 -0.3092, 1.7729 1.6597 -0.3261, 1.8032 1.6528 -0.3521, 1.8255 1.6461 -0.3849, 1.8381 1.6401 -0.4208, 1.8414 1.6337 -0.4597, 1.8343 1.6267 -0.499, 1.8174 1.62 -0.5348, 1.7928 1.614 -0.5639, 1.761 1.6076 -0.5864, 1.7235 1.6007 -0.6003, 1.684 1.594 -0.6038, 1.6464 1.588 -0.5974, 1.6109 1.5816 -0.5814, 1.58 1.5747 -0.5561, 1.5569 1.5679 -0.5238, 1.5434 1.5619 -0.4881, 1.5392 1.5555 -0.4495, 1.5454 1.5486 -0.41, 1.5615 1.5418 -0.3737, 1.5854 1.5358 -0.3439, 1.6166 1.5295 -0.3208, 1.6537 1.5226 -0.3061, 1.6932 1.5158 -0.3016, 1.731 1.5098 -0.3071, 1.7667 1.5035 -0.3223, 1.7982 1.4966 -0.3468, 1.8221 1.4897 -0.3786, 1.8365 1.4837 -0.414, 1.8416 1.4774 -0.4524, 1.8364 1.4705 -0.492, 1.8211 1.4637 -0.5287, 1.7978 1.4576 -0.5592, 1.7673 1.4514 -0.5829, 1.7306 1.4445 -0.5985, 1.6911 1.4377 -0.6039, 1.6531 1.4315 -0.5993, 1.6172 1.4253 -0.585, 1.5851 1.4184 -0.5613, 1.5604 1.4116 -0.53, 1.7748 2.2342 -0.5872, 1.7368 2.2273 -0.6046, 1.6955 2.2205 -0.6114, 1.6552 2.2143 -0.6076, 1.6173 2.2081 -0.5937, 1.583 2.2013 -0.5697, 1.5562 2.1944 -0.5376, 1.5391 2.1882 -0.5008, 1.5319 2.1821 -0.4612, 1.5352 2.1753 -0.4195, 1.5493 2.1684 -0.3801, 1.5723 2.1621 -0.3466, 1.6028 2.156 -0.3204, 1.6403 2.1492 -0.3021, 1.6815 2.1423 -0.2942, 1.7221 2.1361 -0.2972, 1.7601 2.13 -0.3101, 1.7949 2.1232 -0.3332, 1.8225 2.1163 -0.3648, 1.8406 2.11 -0.4013, 1.8487 2.1039 -0.4406, 1.8464 2.0972 -0.4822, 1.8332 2.0903 -0.5221, 1.8109 2.0839 -0.5562, 1.7811 2.0779 -0.583, 1.7441 2.0711 -0.6022, 1.703 2.0642 -0.611, 1.6623 2.0578 -0.609, 1.624 2.0518 -0.597, 1.5888 2.0451 -0.5748, 1.5604 2.0382 -0.5439, 1.5414 2.0318 -0.5077, 1.5324 2.0258 -0.4686, 1.5337 2.0191 -0.427, 1.5459 2.0121 -0.3869, 1.5676 2.0057 -0.3521, 1.5966 1.9997 -0.3246, 1.6331 1.993 -0.3047, 1.674 1.9861 -0.2949, 1.7149 1.9796 -0.2959, 1.7533 1.9737 -0.307, 1.789 1.967 -0.3283, 1.8182 1.96 -0.3586, 1.838 1.9536 -0.3945, 1.8479 1.9476 -0.4332, 1.8476 1.9409 -0.4747, 1.8364 1.934 -0.5152, 1.8155 1.9275 -0.5505, 1.7871 1.9216 -0.5786, 1.7512 1.9149 -0.5994, 1.7106 1.908 -0.6102, 1.6695 1.9015 -0.6101, 1.6309 1.8955 -0.5999, 1.5948 1.8889 -0.5795, 1.5649 1.8819 -0.55, 1.5441 1.8754 -0.5145, 1.5333 1.8695 -0.476, 1.5327 1.8628 -0.4346, 1.543 1.8559 -0.3939, 1.5631 1.8493 -0.3579, 1.5908 1.8434 -0.3292, 1.6261 1.8368 -0.3076, 1.6664 1.8298 -0.2958, 1.7077 1.8233 -0.2949, 1.7465 1.8174 -0.3042, 1.7829 1.8108 -0.3237, 1.8135 1.8038 -0.3525, 1.8352 1.7972 -0.3877, 1.8468 1.7913 -0.4258, 1.8485 1.7847 -0.4671, 1.8392 1.7778 -0.5081, 1.8199 1.7712 -0.5446, 1.7929 1.7652 -0.574, 1.7582 1.7587 -0.5963, 1.7181 1.7517 -0.6091, 1.6768 1.7451 -0.6109, 1.6378 1.7392 -0.6025, 1.601 1.7326 -0.584, 1.5697 1.7257 -0.5559, 1.5471 1.719 -0.5212, 1.5346 1.7131 -0.4833, 1.532 1.7066 -0.4422, 1.5403 1.6997 -0.401, 1.5588 1.693 -0.3639, 1.5851 1.687 -0.3339, 1.6192 1.6806 -0.3109, 1.6589 1.6736 -0.2972, 1.7003 1.6669 -0.2943, 1.7395 1.661 -0.3018, 1.7766 1.6545 -0.3194, 1.8085 1.6476 -0.3467, 1.832 1.6409 -0.381, 1.8454 1.6349 -0.4186, 1.849 1.6285 -0.4595, 1.8417 1.6215 -0.5008, 1.824 1.6148 -0.5385, 1.7983 1.6089 -0.5692, 1.765 1.6024 -0.5929, 1.7257 1.5955 -0.6075, 1.6842 1.5888 -0.6114, 1.6447 1.5828 -0.6048, 1.6074 1.5764 -0.5881, 1.5748 1.5695 -0.5616, 1.5505 1.5627 -0.5278, 1.5362 1.5567 -0.4904, 1.5317 1.5504 -0.4498, 1.538 1.5434 -0.4083, 1.5548 1.5367 -0.3702, 1.5798 1.5306 -0.3389, 1.6124 1.5243 -0.3144, 1.6514 1.5174 -0.2989, 1.6928 1.5106 -0.294, 1.7326 1.5046 -0.2997, 1.7701 1.4983 -0.3155, 1.8033 1.4914 -0.3411, 1.8285 1.4846 -0.3744, 1.8437 1.4785 -0.4116, 1.8491 1.4722 -0.4519, 1.8438 1.4653 -0.4935, 1.8279 1.4585 -0.5321, 1.8035 1.4524 -0.5641, 1.7716 1.4462 -0.5892, 1.7331 1.4393 -0.6057, 1.6917 1.4325 -0.6115, 1.6517 1.4264 -0.6067, 1.614 1.4201 -0.5919, 1.5802 1.4133 -0.5671, 1.5542 1.4064 -0.5344, 1.7797 2.2308 -0.5946, 1.7396 2.224 -0.613, 1.696 2.2171 -0.6203, 1.6534 2.2109 -0.6162, 1.6134 2.2048 -0.6016, 1.5772 2.1979 -0.5764, 1.5488 2.1911 -0.5425, 1.5307 2.1848 -0.5037, 1.523 2.1787 -0.4618, 1.5265 2.1719 -0.4179, 1.5413 2.165 -0.3762, 1.5656 2.1588 -0.3409, 1.5977 2.1527 -0.3131, 1.6374 2.1459 -0.2938, 1.6808 2.139 -0.2854, 1.7236 2.1327 -0.2885, 1.7638 2.1266 -0.3021, 1.8005 2.1198 -0.3264, 1.8298 2.1129 -0.3597, 1.8489 2.1066 -0.3982, 1.8575 2.1006 -0.4397, 1.8551 2.0938 -0.4837, 1.8413 2.0869 -0.5257, 1.8177 2.0805 -0.5618, 1.7863 2.0745 -0.5902, 1.7472 2.0678 -0.6104, 1.7039 2.0608 -0.6198, 1.6609 2.0545 -0.6177, 1.6205 2.0485 -0.6051, 1.5833 2.0417 -0.5817, 1.5533 2.0348 -0.5491, 1.5332 2.0284 -0.5109, 1.5237 2.0224 -0.4697, 1.525 2.0157 -0.4258, 1.5378 2.0088 -0.3834, 1.5606 2.0023 -0.3467, 1.5913 1.9964 -0.3176, 1.6297 1.9896 -0.2965, 1.6728 1.9827 -0.2861, 1.7161 1.9763 -0.2871, 1.7566 1.9703 -0.2988, 1.7943 1.9636 -0.3213, 1.8252 1.9567 -0.3531, 1.8462 1.9502 -0.391, 1.8567 1.9443 -0.4319, 1.8564 1.9376 -0.4757, 1.8446 1.9306 -0.5184, 1.8226 1.9241 -0.5558, 1.7927 1.9182 -0.5855, 1.7548 1.9115 -0.6075, 1.7119 1.9046 -0.619, 1.6685 1.8981 -0.6189, 1.6277 1.8922 -0.6082, 1.5897 1.8855 -0.5867, 1.558 1.8785 -0.5556, 1.536 1.872 -0.5181, 1.5246 1.8661 -0.4775, 1.5239 1.8595 -0.4338, 1.5347 1.8525 -0.3908, 1.5559 1.846 -0.3528, 1.585 1.84 -0.3224, 1.6223 1.8334 -0.2996, 1.6649 1.8265 -0.2871, 1.7084 1.8199 -0.2861, 1.7494 1.814 -0.2959, 1.7879 1.8074 -0.3164, 1.8202 1.8004 -0.3468, 1.8432 1.7938 -0.3839, 1.8555 1.7879 -0.4241, 1.8573 1.7813 -0.4677, 1.8476 1.7744 -0.511, 1.8272 1.7678 -0.5496, 1.7987 1.7619 -0.5806, 1.7622 1.7553 -0.6042, 1.7199 1.7484 -0.6177, 1.6762 1.7417 -0.6198, 1.635 1.7358 -0.611, 1.5962 1.7293 -0.5914, 1.5631 1.7223 -0.5618, 1.5392 1.7157 -0.5252, 1.526 1.7097 -0.4852, 1.5231 1.7032 -0.4419, 1.5319 1.6963 -0.3984, 1.5514 1.6896 -0.3592, 1.5791 1.6837 -0.3274, 1.615 1.6772 -0.3031, 1.6569 1.6702 -0.2885, 1.7006 1.6636 -0.2855, 1.7421 1.6576 -0.2933, 1.7812 1.6511 -0.3119, 1.815 1.6442 -0.3406, 1.8398 1.6375 -0.3768, 1.854 1.6315 -0.4165, 1.8578 1.6251 -0.4596, 1.8502 1.6182 -0.5033, 1.8316 1.6114 -0.5431, 1.8045 1.6055 -0.5755, 1.7693 1.5991 -0.6006, 1.7278 1.5921 -0.6161, 1.6841 1.5854 -0.6202, 1.6424 1.5794 -0.6133, 1.603 1.573 -0.5957, 1.5685 1.5661 -0.5678, 1.5428 1.5593 -0.5322, 1.5276 1.5533 -0.4927, 1.5228 1.547 -0.4499, 1.5294 1.5401 -0.4061, 1.5471 1.5333 -0.3658, 1.5735 1.5273 -0.3327, 1.6079 1.5209 -0.3068, 1.649 1.514 -0.2903, 1.6927 1.5072 -0.2852, 1.7347 1.5012 -0.2911, 1.7744 1.4949 -0.3077, 1.8094 1.488 -0.3348, 1.836 1.4812 -0.3699, 1.8522 1.4751 -0.4091, 1.858 1.4689 -0.4516, 1.8524 1.462 -0.4955, 1.8357 1.4551 -0.5363, 1.81 1.4491 -0.5702, 1.7763 1.4428 -0.5967, 1.7357 1.4359 -0.6141, 1.692 1.4291 -0.6203, 1.6497 1.423 -0.6154, 1.6099 1.4168 -0.5998, 1.5742 1.4099 -0.5736, 1.5467 1.403 -0.5391, 1.7847 2.2296 -0.6028, 1.7423 2.2228 -0.6222, 1.6961 2.2159 -0.6299, 1.6512 2.2097 -0.6256, 1.6088 2.2036 -0.6101, 1.5706 2.1967 -0.5834, 1.5406 2.1899 -0.5475, 1.5215 2.1836 -0.5065, 1.5134 2.1775 -0.4622, 1.517 2.1707 -0.4157, 1.5328 2.1638 -0.3717, 1.5585 2.1576 -0.3343, 1.5925 2.1515 -0.305, 1.6344 2.1447 -0.2846, 1.6804 2.1378 -0.2758, 1.7257 2.1315 -0.2791, 1.7682 2.1254 -0.2935, 1.807 2.1186 -0.3193, 1.8379 2.1117 -0.3545, 1.858 2.1054 -0.3952, 1.8671 2.0994 -0.4391, 1.8646 2.0926 -0.4856, 1.8499 2.0857 -0.5301, 1.8249 2.0794 -0.5681, 1.7917 2.0733 -0.5982, 1.7504 2.0666 -0.6195, 1.7046 2.0596 -0.6294, 1.6591 2.0533 -0.6272, 1.6164 2.0473 -0.6138, 1.577 2.0405 -0.589, 1.5453 2.0336 -0.5545, 1.5241 2.0272 -0.5141, 1.514 2.0212 -0.4706, 1.5155 2.0145 -0.4241, 1.5291 2.0076 -0.3793, 1.5532 2.0012 -0.3405, 1.5857 1.9952 -0.3098, 1.6264 1.9885 -0.2875, 1.672 1.9815 -0.2765, 1.7177 1.9751 -0.2776, 1.7606 1.9691 -0.29, 1.8004 1.9624 -0.3138, 1.833 1.9555 -0.3475, 1.8552 1.949 -0.3876, 1.8663 1.9431 -0.4308, 1.866 1.9364 -0.4772, 1.8534 1.9294 -0.5224, 1.8301 1.923 -0.5619, 1.7984 1.917 -0.5933, 1.7584 1.9103 -0.6165, 1.713 1.9034 -0.6286, 1.6671 1.8969 -0.6285, 1.624 1.891 -0.6171, 1.5837 1.8843 -0.5943, 1.5503 1.8774 -0.5614, 1.5271 1.8708 -0.5217, 1.5151 1.8649 -0.4788, 1.5143 1.8583 -0.4326, 1.5257 1.8513 -0.3871, 1.5482 1.8448 -0.3469, 1.5791 1.8388 -0.3148, 1.6185 1.8322 -0.2907, 1.6635 1.8253 -0.2776, 1.7096 1.8187 -0.2765, 1.7529 1.8128 -0.2869, 1.7936 1.8062 -0.3087, 1.8278 1.7992 -0.3408, 1.852 1.7926 -0.38, 1.8651 1.7867 -0.4226, 1.8669 1.7802 -0.4687, 1.8566 1.7732 -0.5144, 1.835 1.7666 -0.5553, 1.8049 1.7607 -0.5881, 1.7662 1.7541 -0.613, 1.7215 1.7472 -0.6273, 1.6753 1.7405 -0.6294, 1.6317 1.7346 -0.62, 1.5907 1.7281 -0.5993, 1.5557 1.7211 -0.568, 1.5305 1.7145 -0.5292, 1.5165 1.7085 -0.4869, 1.5135 1.702 -0.4411, 1.5228 1.6951 -0.3951, 1.5434 1.6884 -0.3537, 1.5728 1.6825 -0.3201, 1.6108 1.676 -0.2944, 1.6551 1.6691 -0.279, 1.7014 1.6624 -0.2758, 1.7452 1.6564 -0.2842, 1.7866 1.65 -0.3039, 1.8222 1.643 -0.3343, 1.8485 1.6363 -0.3726, 1.8635 1.6304 -0.4146, 1.8675 1.6239 -0.4602, 1.8593 1.617 -0.5064, 1.8396 1.6103 -0.5484, 1.811 1.6043 -0.5827, 1.7738 1.5979 -0.6092, 1.7298 1.5909 -0.6256, 1.6836 1.5842 -0.6299, 1.6395 1.5782 -0.6225, 1.5978 1.5718 -0.6039, 1.5614 1.5649 -0.5744, 1.5342 1.5582 -0.5366, 1.5182 1.5522 -0.4949, 1.5132 1.5458 -0.4496, 1.5202 1.5389 -0.4033, 1.5389 1.5321 -0.3607, 1.5669 1.5261 -0.3256, 1.6033 1.5198 -0.2984, 1.6468 1.5128 -0.281, 1.693 1.5061 -0.2755, 1.7374 1.5 -0.2819, 1.7793 1.4937 -0.2994, 1.8164 1.4868 -0.3281, 1.8445 1.48 -0.3652, 1.8616 1.4739 -0.4067, 1.8676 1.4677 -0.4517, 1.8617 1.4608 -0.4981, 1.844 1.454 -0.5412, 1.8168 1.4479 -0.577, 1.7811 1.4416 -0.605, 1.7381 1.4347 -0.6235, 1.6919 1.4279 -0.63, 1.6473 1.4218 -0.6247, 1.6051 1.4156 -0.6082, 1.5675 1.4087 -0.5805, 1.5384 1.4019 -0.5439, 1.789 2.2306 -0.6104, 1.7444 2.2237 -0.6307, 1.696 2.2169 -0.6386, 1.6488 2.2107 -0.634, 1.6045 2.2045 -0.6177, 1.5644 2.1977 -0.5895, 1.533 2.1908 -0.5518, 1.513 2.1846 -0.5087, 1.5047 2.1785 -0.4623, 1.5086 2.1717 -0.4135, 1.5252 2.1648 -0.3673, 1.5523 2.1585 -0.3282, 1.588 2.1525 -0.2975, 1.6321 2.1456 -0.2762, 1.6803 2.1387 -0.2671, 1.7278 2.1325 -0.2706, 1.7724 2.1264 -0.2858, 1.813 2.1196 -0.313, 1.8454 2.1127 -0.35, 1.8664 2.1064 -0.3928, 1.8758 2.1004 -0.4388, 1.8731 2.0936 -0.4876, 1.8576 2.0867 -0.5342, 1.8313 2.0803 -0.5741, 1.7964 2.0743 -0.6056, 1.7529 2.0675 -0.6279, 1.7049 2.0606 -0.6382, 1.6571 2.0543 -0.6357, 1.6124 2.0483 -0.6216, 1.5711 2.0415 -0.5955, 1.5379 2.0346 -0.5592, 1.5158 2.0282 -0.5168, 1.5053 2.0222 -0.471, 1.5069 2.0155 -0.4223, 1.5213 2.0085 -0.3753, 1.5467 2.0021 -0.3346, 1.5808 1.9961 -0.3025, 1.6236 1.9894 -0.2792, 1.6715 1.9825 -0.2677, 1.7195 1.9761 -0.2691, 1.7644 1.9701 -0.2822, 1.8062 1.9634 -0.3072, 1.8403 1.9564 -0.3427, 1.8635 1.95 -0.3848, 1.875 1.944 -0.4301, 1.8745 1.9373 -0.4788, 1.8613 1.9304 -0.5262, 1.8367 1.9239 -0.5675, 1.8034 1.918 -0.6004, 1.7613 1.9113 -0.6247, 1.7137 1.9044 -0.6373, 1.6656 1.8979 -0.6371, 1.6204 1.8919 -0.625, 1.5782 1.8853 -0.6011, 1.5432 1.8783 -0.5664, 1.5189 1.8718 -0.5247, 1.5064 1.8659 -0.4797, 1.5057 1.8592 -0.4312, 1.5178 1.8523 -0.3835, 1.5415 1.8457 -0.3414, 1.5739 1.8398 -0.3078, 1.6153 1.8332 -0.2826, 1.6626 1.8263 -0.2689, 1.7109 1.8197 -0.2679, 1.7564 1.8138 -0.2789, 1.799 1.8072 -0.3018, 1.8348 1.8002 -0.3356, 1.8602 1.7936 -0.3768, 1.8737 1.7877 -0.4215, 1.8756 1.7811 -0.4699, 1.8646 1.7742 -0.5179, 1.8419 1.7676 -0.5606, 1.8102 1.7616 -0.595, 1.7695 1.7551 -0.6211, 1.7226 1.7481 -0.6359, 1.6741 1.7415 -0.638, 1.6284 1.7356 -0.6281, 1.5854 1.729 -0.6063, 1.5488 1.7221 -0.5734, 1.5224 1.7154 -0.5326, 1.5078 1.7095 -0.4882, 1.5048 1.703 -0.4401, 1.5147 1.6961 -0.3919, 1.5364 1.6894 -0.3484, 1.5673 1.6835 -0.3133, 1.6072 1.677 -0.2864, 1.6538 1.67 -0.2704, 1.7023 1.6633 -0.2672, 1.7483 1.6574 -0.276, 1.7916 1.6509 -0.2968, 1.829 1.644 -0.3288, 1.8564 1.6373 -0.369, 1.8721 1.6313 -0.4131, 1.8762 1.6249 -0.4609, 1.8675 1.618 -0.5094, 1.8467 1.6112 -0.5534, 1.8166 1.6053 -0.5893, 1.7775 1.5988 -0.6171, 1.7314 1.5919 -0.6342, 1.6828 1.5852 -0.6386, 1.6366 1.5792 -0.6308, 1.5929 1.5728 -0.6111, 1.5548 1.5659 -0.5801, 1.5264 1.5591 -0.5404, 1.5096 1.5531 -0.4966, 1.5045 1.5468 -0.449, 1.5119 1.5398 -0.4004, 1.5317 1.5331 -0.3558, 1.5611 1.5271 -0.3191, 1.5994 1.5207 -0.2906, 1.645 1.5138 -0.2724, 1.6936 1.507 -0.2668, 1.7401 1.501 -0.2736, 1.7841 1.4947 -0.2921, 1.8229 1.4878 -0.3222, 1.8523 1.481 -0.3613, 1.8701 1.4749 -0.4049, 1.8764 1.4686 -0.4521, 1.8701 1.4617 -0.5008, 1.8513 1.4549 -0.546, 1.8227 1.4488 -0.5834, 1.7852 1.4426 -0.6127, 1.7401 1.4357 -0.632, 1.6916 1.4289 -0.6387, 1.6447 1.4228 -0.633, 1.6006 1.4165 -0.6156, 1.5611 1.4097 -0.5865, 1.5307 1.4028 -0.5481, 1.7931 2.2337 -0.6181, 1.7463 2.2268 -0.6392, 1.6956 2.2199 -0.6473, 1.6462 2.2137 -0.6423, 1.5999 2.2076 -0.6251, 1.558 2.2008 -0.5955, 1.5253 2.1939 -0.5559, 1.5045 2.1877 -0.5107, 1.4959 2.1816 -0.462, 1.5003 2.1747 -0.411, 1.5178 2.1678 -0.3627, 1.5463 2.1616 -0.3219, 1.5838 2.1555 -0.2898, 1.63 2.1487 -0.2677, 1.6805 2.1418 -0.2583, 1.7302 2.1355 -0.2622, 1.7768 2.1295 -0.2783, 1.8193 2.1227 -0.3069, 1.853 2.1158 -0.3457, 1.8749 2.1095 -0.3906, 1.8846 2.1034 -0.4389, 1.8815 2.0966 -0.4899, 1.8651 2.0897 -0.5387, 1.8374 2.0834 -0.5803, 1.8008 2.0774 -0.6131, 1.7552 2.0706 -0.6363, 1.7049 2.0637 -0.6469, 1.6549 2.0573 -0.6442, 1.6081 2.0513 -0.6292, 1.565 2.0446 -0.6017, 1.5304 2.0376 -0.5636, 1.5074 2.0312 -0.5191, 1.4966 2.0253 -0.4712, 1.4985 2.0185 -0.4202, 1.5137 2.0116 -0.371, 1.5405 2.0052 -0.3286, 1.5763 1.9992 -0.2951, 1.6211 1.9925 -0.2708, 1.6713 1.9855 -0.259, 1.7215 1.9791 -0.2606, 1.7685 1.9732 -0.2745, 1.8121 1.9664 -0.3008, 1.8477 1.9595 -0.3381, 1.8718 1.953 -0.3822, 1.8837 1.9471 -0.4298, 1.883 1.9404 -0.4806, 1.869 1.9335 -0.5302, 1.8431 1.927 -0.5734, 1.8082 1.921 -0.6077, 1.764 1.9144 -0.633, 1.7141 1.9074 -0.646, 1.6637 1.9009 -0.6456, 1.6165 1.895 -0.6328, 1.5724 1.8883 -0.6076, 1.5359 1.8814 -0.5712, 1.5106 1.8749 -0.5275, 1.4977 1.8689 -0.4803, 1.4971 1.8623 -0.4295, 1.51 1.8554 -0.3796, 1.5349 1.8488 -0.3356, 1.569 1.8429 -0.3006, 1.6124 1.8363 -0.2744, 1.662 1.8293 -0.2602, 1.7126 1.8227 -0.2594, 1.7601 1.8168 -0.271, 1.8046 1.8102 -0.2951, 1.842 1.8033 -0.3307, 1.8684 1.7967 -0.3739, 1.8824 1.7908 -0.4208, 1.8842 1.7842 -0.4713, 1.8725 1.7772 -0.5215, 1.8485 1.7706 -0.5662, 1.8153 1.7647 -0.6021, 1.7726 1.7581 -0.6292, 1.7234 1.7512 -0.6446, 1.6727 1.7446 -0.6466, 1.6249 1.7386 -0.6361, 1.58 1.7321 -0.6131, 1.5418 1.7252 -0.5785, 1.5143 1.7185 -0.5357, 1.4992 1.7126 -0.4892, 1.4962 1.7061 -0.4388, 1.5067 1.6991 -0.3884, 1.5296 1.6925 -0.343, 1.5621 1.6865 -0.3063, 1.604 1.68 -0.2783, 1.6527 1.6731 -0.2618, 1.7035 1.6664 -0.2585, 1.7516 1.6604 -0.268, 1.7969 1.654 -0.2898, 1.8359 1.6471 -0.3235, 1.8645 1.6403 -0.3657, 1.8807 1.6344 -0.4119, 1.8848 1.6279 -0.462, 1.8756 1.621 -0.5127, 1.8537 1.6143 -0.5587, 1.822 1.6083 -0.5962, 1.781 1.6019 -0.6251, 1.7326 1.595 -0.6428, 1.6818 1.5882 -0.6472, 1.6334 1.5823 -0.6389, 1.5878 1.5759 -0.6182, 1.548 1.5689 -0.5855, 1.5184 1.5622 -0.5439, 1.501 1.5562 -0.4979, 1.4958 1.5498 -0.4482, 1.5038 1.5429 -0.3973, 1.5246 1.5361 -0.3507, 1.5555 1.5301 -0.3124, 1.5957 1.5238 -0.2827, 1.6436 1.5169 -0.2638, 1.6944 1.5101 -0.2581, 1.7431 1.504 -0.2654, 1.789 1.4977 -0.2849, 1.8295 1.4908 -0.3166, 1.8602 1.484 -0.3576, 1.8787 1.478 -0.4033, 1.885 1.4717 -0.4527, 1.8783 1.4648 -0.5037, 1.8585 1.458 -0.5509, 1.8284 1.4519 -0.59, 1.7891 1.4457 -0.6205, 1.7418 1.4388 -0.6405, 1.691 1.4319 -0.6474, 1.642 1.4258 -0.6413, 1.5958 1.4196 -0.6229, 1.5546 1.4127 -0.5922, 1.5229 1.4059 -0.5519, 1.7964 2.2386 -0.6252, 1.7476 2.2318 -0.6469, 1.6949 2.2249 -0.6551, 1.6436 2.2187 -0.6496, 1.5955 2.2126 -0.6315, 1.5521 2.2057 -0.6005, 1.5183 2.1989 -0.5592, 1.4969 2.1926 -0.5121, 1.4882 2.1865 -0.4615, 1.4929 2.1797 -0.4085, 1.5114 2.1728 -0.3583, 1.5412 2.1666 -0.316, 1.5804 2.1605 -0.2829, 1.6285 2.1537 -0.2601, 1.6811 2.1468 -0.2506, 1.7327 2.1405 -0.2549, 1.781 2.1344 -0.2718, 1.8251 2.1276 -0.3017, 1.8599 2.1207 -0.3422, 1.8825 2.1144 -0.389, 1.8923 2.1084 -0.4392, 1.8889 2.1016 -0.4923, 1.8716 2.0947 -0.5429, 1.8427 2.0884 -0.5861, 1.8044 2.0823 -0.62, 1.7569 2.0756 -0.6439, 1.7045 2.0686 -0.6546, 1.6526 2.0623 -0.6516, 1.604 2.0563 -0.6358, 1.5594 2.0495 -0.607, 1.5235 2.0426 -0.5673, 1.4998 2.0362 -0.5209, 1.4888 2.0302 -0.4711, 1.491 2.0235 -0.418, 1.5071 2.0166 -0.367, 1.5351 2.0102 -0.323, 1.5725 2.0042 -0.2883, 1.6192 1.9975 -0.2633, 1.6714 1.9905 -0.2513, 1.7236 1.9841 -0.2531, 1.7724 1.9781 -0.2678, 1.8176 1.9714 -0.2954, 1.8544 1.9645 -0.3343, 1.8793 1.958 -0.3803, 1.8914 1.9521 -0.4297, 1.8905 1.9454 -0.4826, 1.8757 1.9384 -0.5341, 1.8486 1.932 -0.5789, 1.8121 1.926 -0.6144, 1.7661 1.9193 -0.6404, 1.7142 1.9124 -0.6537, 1.6618 1.9059 -0.6531, 1.6127 1.9 -0.6396, 1.567 1.8933 -0.6132, 1.5292 1.8864 -0.5752, 1.5032 1.8798 -0.5296, 1.4899 1.8739 -0.4805, 1.4896 1.8673 -0.4277, 1.5032 1.8603 -0.3759, 1.5293 1.8538 -0.3303, 1.5649 1.8478 -0.294, 1.6102 1.8412 -0.267, 1.6618 1.8343 -0.2524, 1.7144 1.8277 -0.2518, 1.7637 1.8218 -0.2641, 1.8099 1.8152 -0.2894, 1.8486 1.8082 -0.3265, 1.8758 1.8017 -0.3716, 1.8902 1.7957 -0.4204, 1.8917 1.7892 -0.473, 1.8794 1.7822 -0.5251, 1.8543 1.7756 -0.5715, 1.8195 1.7697 -0.6086, 1.775 1.7631 -0.6366, 1.7238 1.7562 -0.6523, 1.6711 1.7495 -0.6542, 1.6215 1.7436 -0.643, 1.5748 1.7371 -0.6189, 1.5353 1.7301 -0.5828, 1.5069 1.7235 -0.5382, 1.4914 1.7175 -0.4897, 1.4886 1.711 -0.4374, 1.4997 1.7041 -0.385, 1.5238 1.6974 -0.3379, 1.5577 1.6915 -0.3, 1.6013 1.685 -0.271, 1.6521 1.6781 -0.254, 1.705 1.6714 -0.2509, 1.7549 1.6654 -0.2609, 1.8019 1.659 -0.2839, 1.8423 1.652 -0.319, 1.8718 1.6453 -0.363, 1.8884 1.6394 -0.4112, 1.8925 1.6329 -0.4633, 1.8827 1.626 -0.5159, 1.8597 1.6193 -0.5637, 1.8266 1.6133 -0.6025, 1.7838 1.6069 -0.6323, 1.7334 1.6 -0.6505, 1.6806 1.5932 -0.6549, 1.6303 1.5872 -0.646, 1.5829 1.5808 -0.6243, 1.5418 1.5739 -0.5901, 1.5111 1.5672 -0.5467, 1.4933 1.5612 -0.4988, 1.4881 1.5548 -0.4471, 1.4967 1.5479 -0.3943, 1.5186 1.5411 -0.3459, 1.5508 1.5351 -0.3062, 1.5927 1.5288 -0.2755, 1.6426 1.5218 -0.2561, 1.6955 1.5151 -0.2504, 1.746 1.509 -0.2582, 1.7937 1.5027 -0.2787, 1.8357 1.4958 -0.3119, 1.8674 1.489 -0.3546, 1.8863 1.4829 -0.4022, 1.8928 1.4767 -0.4536, 1.8855 1.4698 -0.5065, 1.8647 1.463 -0.5556, 1.8332 1.4569 -0.5961, 1.7922 1.4506 -0.6276, 1.7429 1.4437 -0.6482, 1.6901 1.4369 -0.6551, 1.6392 1.4308 -0.6485, 1.5912 1.4246 -0.6292, 1.5486 1.4177 -0.5971, 1.5158 1.4109 -0.5551, 1.7988 2.2452 -0.6311, 1.7484 2.2384 -0.6532, 1.694 2.2315 -0.6614, 1.6411 2.2253 -0.6555, 1.5916 2.2192 -0.6366, 1.547 2.2123 -0.6044, 1.5123 2.2055 -0.5616, 1.4906 2.1992 -0.513, 1.4819 2.1931 -0.4607, 1.487 2.1863 -0.406, 1.5063 2.1794 -0.3544, 1.5373 2.1732 -0.311, 1.5778 2.1671 -0.277, 1.6275 2.1603 -0.2538, 1.6818 2.1534 -0.2442, 1.7351 2.1471 -0.2489, 1.7848 2.141 -0.2667, 1.8301 2.1342 -0.2977, 1.8658 2.1273 -0.3397, 1.8888 2.121 -0.388, 1.8987 2.115 -0.4399, 1.8948 2.1082 -0.4945, 1.8768 2.1013 -0.5466, 1.8467 2.0949 -0.591, 1.8071 2.0889 -0.6258, 1.758 2.0822 -0.6502, 1.7039 2.0752 -0.661, 1.6504 2.0689 -0.6576, 1.6004 2.0629 -0.641, 1.5545 2.0561 -0.6111, 1.5177 2.0492 -0.57, 1.4935 2.0428 -0.522, 1.4825 2.0368 -0.4706, 1.485 2.0301 -0.4159, 1.5018 2.0232 -0.3634, 1.5309 2.0167 -0.3181, 1.5697 2.0108 -0.2825, 1.618 2.004 -0.257, 1.6719 1.9971 -0.2449, 1.7257 1.9907 -0.2471, 1.776 1.9847 -0.2624, 1.8224 1.978 -0.2911, 1.8602 1.9711 -0.3314, 1.8856 1.9646 -0.379, 1.8978 1.9587 -0.4301, 1.8966 1.952 -0.4846, 1.881 1.945 -0.5376, 1.8529 1.9385 -0.5837, 1.8151 1.9326 -0.6201, 1.7675 1.9259 -0.6467, 1.7139 1.919 -0.6601, 1.6598 1.9125 -0.6592, 1.6093 1.9066 -0.645, 1.5623 1.8999 -0.6175, 1.5236 1.893 -0.5781, 1.4969 1.8864 -0.531, 1.4835 1.8805 -0.4803, 1.4834 1.8739 -0.4259, 1.4977 1.8669 -0.3725, 1.5249 1.8604 -0.3256, 1.5618 1.8544 -0.2884, 1.6087 1.8478 -0.2607, 1.6619 1.8409 -0.246, 1.7162 1.8343 -0.2457, 1.767 1.8284 -0.2586, 1.8145 1.8218 -0.285, 1.8542 1.8148 -0.3234, 1.882 1.8082 -0.37, 1.8966 1.8023 -0.4204, 1.8979 1.7957 -0.4747, 1.8849 1.7888 -0.5284, 1.8588 1.7822 -0.576, 1.8227 1.7763 -0.6141, 1.7767 1.7697 -0.6428, 1.7238 1.7628 -0.6587, 1.6694 1.7561 -0.6604, 1.6183 1.7502 -0.6486, 1.5704 1.7437 -0.6235, 1.5298 1.7367 -0.586, 1.5008 1.7301 -0.5399, 1.485 1.7241 -0.4898, 1.4824 1.7176 -0.4358, 1.4941 1.7107 -0.3819, 1.5192 1.704 -0.3334, 1.5544 1.6981 -0.2945, 1.5995 1.6916 -0.2649, 1.652 1.6847 -0.2476, 1.7065 1.678 -0.2447, 1.7579 1.672 -0.2553, 1.8063 1.6656 -0.2792, 1.8477 1.6586 -0.3157, 1.8779 1.6519 -0.3612, 1.8948 1.6459 -0.4109, 1.8987 1.6395 -0.4647, 1.8883 1.6326 -0.5189, 1.8644 1.6259 -0.568, 1.83 1.6199 -0.6078, 1.7857 1.6135 -0.6384, 1.7337 1.6065 -0.6569, 1.6792 1.5998 -0.6611, 1.6274 1.5938 -0.6517, 1.5787 1.5874 -0.629, 1.5364 1.5805 -0.5936, 1.5051 1.5737 -0.5487, 1.4869 1.5677 -0.4992, 1.4818 1.5614 -0.4458, 1.4909 1.5545 -0.3914, 1.5138 1.5477 -0.3416, 1.5472 1.5417 -0.3009, 1.5906 1.5353 -0.2695, 1.6421 1.5284 -0.2497, 1.6967 1.5216 -0.2442, 1.7488 1.5156 -0.2524, 1.7978 1.5093 -0.2739, 1.8409 1.5024 -0.3082, 1.8734 1.4956 -0.3525, 1.8927 1.4895 -0.4016, 1.8991 1.4833 -0.4547, 1.8913 1.4764 -0.5093, 1.8696 1.4695 -0.5597, 1.8369 1.4635 -0.6013, 1.7945 1.4572 -0.6336, 1.7435 1.4503 -0.6546, 1.689 1.4435 -0.6614, 1.6365 1.4374 -0.6544, 1.5872 1.4312 -0.6342, 1.5434 1.4243 -0.6009, 1.5098 1.4175 -0.5574, 1.8001 2.2527 -0.6355, 1.7485 2.2459 -0.6578, 1.6929 2.239 -0.6659, 1.639 2.2328 -0.6596, 1.5885 2.2267 -0.6399, 1.5431 2.2198 -0.6068, 1.508 2.2129 -0.563, 1.486 2.2067 -0.5132, 1.4774 2.2006 -0.4598, 1.4829 2.1938 -0.4039, 1.5029 2.1869 -0.3514, 1.5348 2.1806 -0.3071, 1.5764 2.1746 -0.2727, 1.6273 2.1677 -0.2492, 1.6828 2.1609 -0.2398, 1.7371 2.1546 -0.2448, 1.7878 2.1485 -0.2632, 1.8339 2.1417 -0.2952, 1.8701 2.1348 -0.3382, 1.8933 2.1285 -0.3877, 1.9032 2.1225 -0.4407, 1.899 2.1157 -0.4965, 1.8802 2.1088 -0.5496, 1.8493 2.1024 -0.5948, 1.8086 2.0964 -0.6301, 1.7584 2.0896 -0.6547, 1.7031 2.0827 -0.6655, 1.6484 2.0764 -0.6617, 1.5974 2.0704 -0.6445, 1.5508 2.0636 -0.6138, 1.5134 2.0567 -0.5715, 1.489 2.0503 -0.5224, 1.4779 2.0443 -0.4698, 1.4808 2.0376 -0.414, 1.4983 2.0306 -0.3604, 1.5283 2.0242 -0.3144, 1.568 2.0183 -0.2783, 1.6175 2.0115 -0.2525, 1.6726 2.0046 -0.2404, 1.7276 1.9982 -0.2429, 1.7788 1.9922 -0.2588, 1.8261 1.9855 -0.2884, 1.8644 1.9786 -0.3298, 1.8902 1.9721 -0.3785, 1.9024 1.9662 -0.4307, 1.9008 1.9595 -0.4864, 1.8846 1.9525 -0.5405, 1.8556 1.946 -0.5874, 1.8168 1.9401 -0.6243, 1.7681 1.9334 -0.6512, 1.7133 1.9265 -0.6646, 1.6581 1.92 -0.6634, 1.6065 1.914 -0.6487, 1.5587 1.9074 -0.6203, 1.5193 1.9004 -0.5799, 1.4924 1.8939 -0.5316, 1.479 1.888 -0.4797, 1.4792 1.8814 -0.4242, 1.4941 1.8744 -0.3698, 1.5221 1.8679 -0.322, 1.56 1.8619 -0.2842, 1.608 1.8553 -0.2562, 1.6624 1.8484 -0.2415, 1.7178 1.8418 -0.2414, 1.7697 1.8359 -0.2549, 1.818 1.8293 -0.2821, 1.8583 1.8223 -0.3216, 1.8865 1.8157 -0.3693, 1.9011 1.8098 -0.4209, 1.9022 1.8032 -0.4762, 1.8886 1.7963 -0.531, 1.8617 1.7897 -0.5796, 1.8247 1.7838 -0.6183, 1.7775 1.7772 -0.6473, 1.7234 1.7703 -0.6633, 1.6679 1.7636 -0.6647, 1.6157 1.7577 -0.6524, 1.5669 1.7512 -0.6265, 1.5256 1.7442 -0.588, 1.4963 1.7376 -0.5407, 1.4805 1.7316 -0.4895, 1.4781 1.7251 -0.4344, 1.4903 1.7182 -0.3793, 1.5162 1.7115 -0.33, 1.5523 1.7056 -0.2904, 1.5986 1.6991 -0.2604, 1.6523 1.6921 -0.2431, 1.7079 1.6854 -0.2404, 1.7604 1.6795 -0.2515, 1.8097 1.673 -0.2761, 1.8518 1.6661 -0.3136, 1.8824 1.6594 -0.3603, 1.8994 1.6534 -0.4112, 1.9031 1.647 -0.4661, 1.8922 1.6401 -0.5214, 1.8674 1.6333 -0.5714, 1.8321 1.6274 -0.6119, 1.7867 1.621 -0.6429, 1.7335 1.614 -0.6615, 1.6778 1.6073 -0.6655, 1.625 1.6013 -0.6556, 1.5754 1.5949 -0.6322, 1.5324 1.588 -0.5958, 1.5006 1.5812 -0.5497, 1.4824 1.5752 -0.4991, 1.4774 1.5689 -0.4446, 1.487 1.562 -0.389, 1.5106 1.5552 -0.3383, 1.545 1.5492 -0.2969, 1.5895 1.5428 -0.265, 1.6422 1.5359 -0.2452, 1.6979 1.5291 -0.2398, 1.7511 1.5231 -0.2485, 1.8011 1.5168 -0.2706, 1.8449 1.5099 -0.306, 1.8778 1.5031 -0.3513, 1.8973 1.497 -0.4016, 1.9035 1.4907 -0.4559, 1.8952 1.4839 -0.5115, 1.8728 1.477 -0.5629, 1.8393 1.471 -0.6053, 1.7957 1.4647 -0.638, 1.7436 1.4578 -0.6591, 1.6879 1.451 -0.6659, 1.6343 1.4449 -0.6584, 1.5841 1.4387 -0.6375, 1.5395 1.4318 -0.6032, 1.5054 1.4249 -0.5586, 1.5548 1.4201 -0.4901, 1.5511 1.4126 -0.4922, 1.5452 1.4055 -0.4948, 1.538 1.4003 -0.4974, 1.5296 1.3969 -0.5001, 1.5203 1.3957 -0.5027, 1.5118 1.3967 -0.5047, 1.5033 1.3998 -0.5065, 1.4956 1.4047 -0.5078, 1.4893 1.4113 -0.5084, 1.4847 1.4188 -0.5085, 1.4818 1.4274 -0.5081, 1.5024 1.4335 -0.5589, 1.7481 2.2544 -0.6607, 1.6917 2.2475 -0.6686, 1.6371 2.2414 -0.6619, 1.5861 2.2352 -0.6417, 1.5404 2.2284 -0.6079, 1.505 2.2215 -0.5633, 1.4831 2.2153 -0.5128, 1.4746 2.2092 -0.4586, 1.4806 2.2023 -0.4021, 1.5011 2.1955 -0.349, 1.5336 2.1892 -0.3044, 1.576 2.1831 -0.2697, 1.6277 2.1763 -0.2462, 1.6839 2.1694 -0.237, 1.7389 2.1631 -0.2424, 1.7902 2.1571 -0.2614, 1.8366 2.1503 -0.294, 1.8731 2.1434 -0.3378, 1.8963 2.1371 -0.3881, 1.9059 2.131 -0.4418, 1.9014 2.1242 -0.4983, 1.8821 2.1173 -0.552, 1.8505 2.111 -0.5975, 1.8091 2.105 -0.633, 1.7581 2.0982 -0.6577, 1.702 2.0913 -0.6683, 1.6467 2.0849 -0.6641, 1.5951 2.0789 -0.6464, 1.548 2.0722 -0.615, 1.5105 2.0652 -0.572, 1.486 2.0589 -0.5221, 1.4752 2.0529 -0.4688, 1.4784 2.0461 -0.4123, 1.4964 2.0392 -0.3581, 1.527 2.0328 -0.3117, 1.5675 2.0268 -0.2753, 1.6178 2.0201 -0.2495, 1.6736 2.0132 -0.2376, 1.7293 2.0067 -0.2405, 1.7811 2.0008 -0.2569, 1.8288 1.9941 -0.2871, 1.8674 1.9871 -0.3292, 1.8931 1.9807 -0.3787, 1.9052 1.9747 -0.4317, 1.9033 1.968 -0.4881, 1.8866 1.9611 -0.5427, 1.8569 1.9546 -0.59, 1.8174 1.9487 -0.6273, 1.7679 1.942 -0.6542, 1.7123 1.935 -0.6675, 1.6564 1.9285 -0.6659, 1.6043 1.9226 -0.6507, 1.556 1.9159 -0.6217, 1.5164 1.909 -0.5805, 1.4894 1.9025 -0.5315, 1.4761 1.8965 -0.4789, 1.4767 1.8899 -0.4226, 1.4921 1.883 -0.3676, 1.5207 1.8764 -0.3194, 1.5593 1.8705 -0.2813, 1.6081 1.8639 -0.2532, 1.6633 1.8569 -0.2386, 1.7194 1.8503 -0.2389, 1.7718 1.8444 -0.2529, 1.8206 1.8378 -0.2806, 1.8612 1.8309 -0.3209, 1.8895 1.8243 -0.3694, 1.904 1.8184 -0.4217, 1.9048 1.8118 -0.4778, 1.8907 1.8048 -0.5332, 1.8631 1.7982 -0.5822, 1.8254 1.7923 -0.6211, 1.7775 1.7858 -0.6502, 1.7226 1.7788 -0.6662, 1.6664 1.7722 -0.6672, 1.6136 1.7662 -0.6545, 1.5643 1.7597 -0.6279, 1.5228 1.7528 -0.5887, 1.4933 1.7461 -0.5407, 1.4776 1.7402 -0.4888, 1.4755 1.7337 -0.4329, 1.4882 1.7267 -0.3772, 1.5147 1.7201 -0.3274, 1.5515 1.7141 -0.2875, 1.5986 1.7076 -0.2574, 1.653 1.7007 -0.2402, 1.7094 1.694 -0.2378, 1.7625 1.6881 -0.2493, 1.8122 1.6816 -0.2746, 1.8547 1.6747 -0.3128, 1.8854 1.668 -0.3602, 1.9023 1.662 -0.4118, 1.9057 1.6556 -0.4675, 1.8943 1.6486 -0.5234, 1.869 1.6419 -0.5739, 1.833 1.6359 -0.6147, 1.7869 1.6295 -0.6458, 1.7329 1.6226 -0.6644, 1.6764 1.6158 -0.6681, 1.623 1.6099 -0.6578, 1.5729 1.6035 -0.6338, 1.5295 1.5966 -0.5967, 1.4976 1.5898 -0.5499, 1.4795 1.5838 -0.4985, 1.4748 1.5774 -0.4432, 1.4848 1.5705 -0.387, 1.509 1.5637 -0.3358, 1.5441 1.5577 -0.2941, 1.5893 1.5514 -0.262, 1.6428 1.5445 -0.2422, 1.6993 1.5377 -0.2371, 1.7531 1.5317 -0.2462, 1.8036 1.5253 -0.269, 1.8477 1.5184 -0.305, 1.8808 1.5116 -0.3511, 1.9002 1.5056 -0.4022, 1.9062 1.4993 -0.4572, 1.8975 1.4924 -0.5135, 1.8745 1.4856 -0.5654, 1.8403 1.4795 -0.6081, 1.796 1.4733 -0.641, 1.743 1.4664 -0.6621, 1.6866 1.4595 -0.6686, 1.6324 1.4534 -0.6607, 1.5816 1.4472 -0.6392, 1.5367 1.4403 -0.6043, 1.4808 1.4373 -0.5068, 1.5012 1.4435 -0.5579, 1.5352 1.4503 -0.6037, 1.5801 1.4572 -0.639, 1.6309 1.4634 -0.6609, 1.6852 1.4695 -0.6691, 1.7418 1.4763 -0.663, 1.795 1.4832 -0.6422, 1.8397 1.4895 -0.6095, 1.8743 1.4956 -0.5669, 1.8977 1.5024 -0.515, 1.9068 1.5093 -0.4586, 1.9011 1.5155 -0.4034, 1.882 1.5216 -0.3521, 1.8491 1.5284 -0.3056, 1.8051 1.5353 -0.2692, 1.7546 1.5416 -0.2461, 1.7007 1.5477 -0.2366, 1.644 1.5544 -0.2413, 1.5903 1.5614 -0.2608, 1.5447 1.5677 -0.2927, 1.5092 1.5737 -0.3343, 1.4846 1.5805 -0.3855, 1.4742 1.5874 -0.4418, 1.4786 1.5938 -0.4973, 1.4965 1.5998 -0.5489, 1.5281 1.6065 -0.596, 1.5713 1.6134 -0.6335, 1.6215 1.6198 -0.6579, 1.675 1.6258 -0.6687, 1.7316 1.6326 -0.6652, 1.7859 1.6395 -0.647, 1.8324 1.6459 -0.6161, 1.8687 1.6519 -0.5755, 1.8944 1.6586 -0.5249, 1.9062 1.6655 -0.4689, 1.9032 1.672 -0.4131, 1.8865 1.6779 -0.3612, 1.8561 1.6846 -0.3135, 1.8137 1.6916 -0.2749, 1.764 1.698 -0.2492, 1.7109 1.704 -0.2373, 1.6543 1.7107 -0.2393, 1.5996 1.7176 -0.2563, 1.5522 1.7241 -0.2862, 1.515 1.73 -0.3259, 1.4881 1.7367 -0.3757, 1.475 1.7436 -0.4314, 1.4767 1.7501 -0.4875, 1.4922 1.7561 -0.5397, 1.5214 1.7627 -0.588, 1.5628 1.7697 -0.6276, 1.6121 1.7762 -0.6545, 1.6649 1.7821 -0.6677, 1.7213 1.7888 -0.667, 1.7764 1.7957 -0.6514, 1.8247 1.8023 -0.6225, 1.8628 1.8082 -0.5837, 1.8907 1.8148 -0.5347, 1.9052 1.8218 -0.4793, 1.9048 1.8283 -0.423, 1.8906 1.8343 -0.3705, 1.8626 1.8408 -0.3216, 1.8221 1.8478 -0.281, 1.7734 1.8544 -0.2528, 1.7209 1.8603 -0.2385, 1.6646 1.8669 -0.2378, 1.6091 1.8738 -0.2521, 1.5601 1.8804 -0.2799, 1.5211 1.8864 -0.3179, 1.4921 1.8929 -0.366, 1.4763 1.8999 -0.4211, 1.4754 1.9065 -0.4775, 1.4883 1.9124 -0.5304, 1.5151 1.919 -0.5797, 1.5546 1.9259 -0.6213, 1.6028 1.9326 -0.6507, 1.6549 1.9385 -0.6663, 1.711 1.945 -0.6682, 1.7668 1.9519 -0.6553, 1.8166 1.9586 -0.6286, 1.8565 1.9646 -0.5915, 1.8866 1.971 -0.5442, 1.9037 1.978 -0.4896, 1.9059 1.9847 -0.433, 1.8942 1.9906 -0.3798, 1.8687 1.9971 -0.33, 1.8302 2.004 -0.2876, 1.7826 2.0107 -0.2569, 1.7308 2.0167 -0.2401, 1.675 2.0231 -0.2369, 1.6189 2.0301 -0.2485, 1.5683 2.0368 -0.274, 1.5275 2.0428 -0.3102, 1.4965 2.0492 -0.3566, 1.478 2.0561 -0.4108, 1.4744 2.0628 -0.4674, 1.485 2.0688 -0.521, 1.5092 2.0752 -0.5712, 1.5466 2.0821 -0.6145, 1.5936 2.0889 -0.6464, 1.6452 2.0949 -0.6644, 1.7006 2.1012 -0.669, 1.7569 2.1082 -0.6587, 1.8082 2.1149 -0.6343, 1.85 2.121 -0.599, 1.882 2.1273 -0.5535, 1.9017 2.1342 -0.4998, 1.9066 2.141 -0.4432, 1.8973 2.147 -0.3892, 1.8743 2.1533 -0.3387, 1.8381 2.1602 -0.2945, 1.7917 2.167 -0.2615, 1.7404 2.1731 -0.2422, 1.6853 2.1794 -0.2364, 1.6288 2.1863 -0.2452, 1.5769 2.1931 -0.2685, 1.5342 2.1992 -0.3029, 1.5013 2.2054 -0.3475, 1.4803 2.2123 -0.4006, 1.474 2.2191 -0.4572, 1.4821 2.2252 -0.5116, 1.5038 2.2315 -0.5624, 1.5389 2.2383 -0.6074, 1.5846 2.2452 -0.6416, 1.6356 2.2513 -0.6621, 1.6903 2.2575 -0.6692, 1.4819 1.4454 -0.5054, 1.5019 1.4515 -0.5562, 1.5355 1.4584 -0.6019, 1.5798 1.4653 -0.6372, 1.6302 1.4715 -0.6592, 1.6841 1.4776 -0.6677, 1.7404 1.4844 -0.6619, 1.7933 1.4913 -0.6415, 1.8379 1.4976 -0.6092, 1.8725 1.5036 -0.5671, 1.896 1.5105 -0.5157, 1.9053 1.5173 -0.4597, 1.9 1.5236 -0.4049, 1.8813 1.5297 -0.3538, 1.8489 1.5365 -0.3074, 1.8053 1.5434 -0.271, 1.7553 1.5497 -0.2478, 1.7018 1.5557 -0.238, 1.6455 1.5625 -0.2425, 1.592 1.5694 -0.2616, 1.5465 1.5758 -0.2929, 1.5111 1.5818 -0.3341, 1.4864 1.5886 -0.3849, 1.4757 1.5955 -0.4407, 1.4797 1.6018 -0.4958, 1.4972 1.6078 -0.5472, 1.5284 1.6146 -0.5942, 1.5712 1.6215 -0.6317, 1.6208 1.6279 -0.6562, 1.6739 1.6339 -0.6672, 1.7302 1.6406 -0.6641, 1.7842 1.6476 -0.6462, 1.8306 1.654 -0.6158, 1.8669 1.6599 -0.5756, 1.8927 1.6667 -0.5256, 1.9047 1.6736 -0.4699, 1.902 1.68 -0.4145, 1.8857 1.686 -0.3629, 1.8557 1.6927 -0.3153, 1.8139 1.6996 -0.2767, 1.7646 1.7061 -0.2509, 1.7119 1.712 -0.2388, 1.6557 1.7187 -0.2405, 1.6012 1.7257 -0.2571, 1.554 1.7322 -0.2865, 1.5168 1.7381 -0.3258, 1.4899 1.7448 -0.3751, 1.4765 1.7517 -0.4304, 1.478 1.7582 -0.4861, 1.493 1.7642 -0.5381, 1.5218 1.7708 -0.5862, 1.5627 1.7778 -0.6258, 1.6115 1.7843 -0.6528, 1.6639 1.7902 -0.6661, 1.72 1.7969 -0.6657, 1.7748 1.8038 -0.6505, 1.8229 1.8104 -0.6221, 1.8609 1.8163 -0.5837, 1.889 1.8229 -0.5352, 1.9037 1.8298 -0.4802, 1.9035 1.8364 -0.4243, 1.8897 1.8423 -0.3721, 1.8621 1.8489 -0.3234, 1.8222 1.8559 -0.2828, 1.7739 1.8625 -0.2546, 1.7218 1.8684 -0.24, 1.6659 1.875 -0.2391, 1.6107 1.8819 -0.253, 1.5618 1.8885 -0.2804, 1.5229 1.8945 -0.3179, 1.4938 1.901 -0.3655, 1.4778 1.908 -0.4202, 1.4766 1.9146 -0.4762, 1.4893 1.9205 -0.5288, 1.5156 1.927 -0.578, 1.5546 1.934 -0.6194, 1.6023 1.9406 -0.6489, 1.654 1.9466 -0.6647, 1.7097 1.9531 -0.6669, 1.7652 1.96 -0.6543, 1.8149 1.9667 -0.6281, 1.8547 1.9726 -0.5915, 1.8848 1.9791 -0.5447, 1.9021 1.9861 -0.4905, 1.9046 1.9928 -0.4343, 1.8932 1.9987 -0.3814, 1.8682 2.0052 -0.3318, 1.8302 2.0121 -0.2894, 1.783 2.0188 -0.2587, 1.7316 2.0248 -0.2417, 1.6762 2.0312 -0.2382, 1.6204 2.0381 -0.2494, 1.57 2.0449 -0.2746, 1.5293 2.0508 -0.3103, 1.4983 2.0572 -0.3562, 1.4797 2.0642 -0.41, 1.4758 2.0709 -0.4662, 1.486 2.0769 -0.5195, 1.5098 2.0833 -0.5694, 1.5467 2.0902 -0.6127, 1.5932 2.097 -0.6446, 1.6443 2.103 -0.6628, 1.6994 2.1093 -0.6676, 1.7554 2.1162 -0.6577, 1.8065 2.123 -0.6337, 1.8482 2.129 -0.5989, 1.8802 2.1354 -0.5539, 1.9 2.1423 -0.5006, 1.9053 2.1491 -0.4444, 1.8963 2.1551 -0.3907, 1.8737 2.1614 -0.3404, 1.8379 2.1683 -0.2963, 1.7921 2.1751 -0.2633, 1.7412 2.1812 -0.2438, 1.6865 2.1875 -0.2378, 1.6304 2.1943 -0.2463, 1.5786 2.2012 -0.2691, 1.536 2.2073 -0.3031, 1.5031 2.2135 -0.3471, 1.482 2.2204 -0.3998, 1.4754 2.2272 -0.456, 1.4831 2.2333 -0.5101, 1.5044 2.2395 -0.5607, 1.5391 2.2464 -0.6056, 1.5843 2.2533 -0.6398, 1.6348 2.2594 -0.6605, 1.4847 1.4532 -0.5035, 1.5042 1.4593 -0.5537, 1.537 1.4662 -0.5988, 1.5805 1.4731 -0.6339, 1.63 1.4793 -0.6558, 1.683 1.4854 -0.6645, 1.7385 1.4922 -0.659, 1.7908 1.4991 -0.6393, 1.8348 1.5054 -0.6077, 1.8692 1.5114 -0.5664, 1.8926 1.5183 -0.5158, 1.9021 1.5252 -0.4607, 1.8971 1.5314 -0.4067, 1.8789 1.5375 -0.3562, 1.8473 1.5443 -0.3104, 1.8045 1.5512 -0.2743, 1.7554 1.5575 -0.2511, 1.7027 1.5635 -0.2413, 1.6472 1.5703 -0.2454, 1.5944 1.5772 -0.2639, 1.5495 1.5836 -0.2946, 1.5143 1.5896 -0.3349, 1.4897 1.5964 -0.3848, 1.479 1.6033 -0.4398, 1.4826 1.6096 -0.4941, 1.4996 1.6156 -0.5448, 1.5301 1.6224 -0.5913, 1.572 1.6293 -0.6284, 1.6208 1.6357 -0.6528, 1.6731 1.6417 -0.6639, 1.7285 1.6484 -0.6611, 1.7818 1.6554 -0.6438, 1.8276 1.6618 -0.6141, 1.8636 1.6677 -0.5747, 1.8893 1.6745 -0.5255, 1.9014 1.6814 -0.4708, 1.899 1.6878 -0.4162, 1.8833 1.6938 -0.3652, 1.854 1.7005 -0.3182, 1.8129 1.7074 -0.28, 1.7646 1.7139 -0.2543, 1.7127 1.7199 -0.2421, 1.6573 1.7265 -0.2435, 1.6036 1.7335 -0.2595, 1.5569 1.74 -0.2883, 1.5201 1.7459 -0.3268, 1.4933 1.7526 -0.3752, 1.4798 1.7595 -0.4296, 1.4809 1.766 -0.4845, 1.4955 1.772 -0.5358, 1.5236 1.7786 -0.5834, 1.5637 1.7856 -0.6225, 1.6117 1.7921 -0.6494, 1.6632 1.798 -0.6628, 1.7184 1.8047 -0.6627, 1.7725 1.8116 -0.648, 1.82 1.8182 -0.6203, 1.8577 1.8241 -0.5827, 1.8856 1.8307 -0.535, 1.9003 1.8376 -0.4809, 1.9005 1.8442 -0.4259, 1.8872 1.8501 -0.3743, 1.8603 1.8567 -0.3262, 1.8211 1.8637 -0.2861, 1.7737 1.8703 -0.258, 1.7225 1.8762 -0.2434, 1.6674 1.8828 -0.2422, 1.613 1.8897 -0.2556, 1.5647 1.8963 -0.2823, 1.5261 1.9023 -0.319, 1.4972 1.9088 -0.3658, 1.4812 1.9158 -0.4195, 1.4797 1.9224 -0.4748, 1.4918 1.9283 -0.5266, 1.5175 1.9349 -0.5752, 1.5557 1.9418 -0.6163, 1.6026 1.9485 -0.6455, 1.6535 1.9544 -0.6613, 1.7083 1.9609 -0.6638, 1.763 1.9678 -0.6517, 1.8121 1.9745 -0.6261, 1.8515 1.9804 -0.5903, 1.8814 1.9869 -0.5443, 1.8987 1.9939 -0.491, 1.9015 2.0006 -0.4357, 1.8906 2.0065 -0.3835, 1.8661 2.013 -0.3345, 1.829 2.0199 -0.2926, 1.7827 2.0266 -0.2621, 1.7321 2.0326 -0.2451, 1.6776 2.039 -0.2413, 1.6226 2.0459 -0.2521, 1.5728 2.0527 -0.2766, 1.5325 2.0586 -0.3116, 1.5016 2.0651 -0.3566, 1.483 2.072 -0.4095, 1.4789 2.0787 -0.4649, 1.4887 2.0847 -0.5174, 1.5118 2.0911 -0.5668, 1.548 2.098 -0.6096, 1.5937 2.1048 -0.6412, 1.6439 2.1108 -0.6594, 1.6982 2.1171 -0.6644, 1.7534 2.124 -0.655, 1.8038 2.1308 -0.6317, 1.845 2.1368 -0.5975, 1.8768 2.1432 -0.5534, 1.8966 2.1501 -0.501, 1.9021 2.1569 -0.4456, 1.8935 2.1629 -0.3927, 1.8716 2.1692 -0.3431, 1.8366 2.1761 -0.2994, 1.7915 2.1829 -0.2666, 1.7416 2.189 -0.2472, 1.6877 2.1953 -0.2409, 1.6323 2.2022 -0.249, 1.5812 2.209 -0.2712, 1.5391 2.2151 -0.3045, 1.5064 2.2213 -0.3477, 1.4854 2.2282 -0.3995, 1.4786 2.235 -0.4549, 1.4859 2.2411 -0.5081, 1.5066 2.2474 -0.5581, 1.5406 2.2542 -0.6025, 1.4898 1.4609 -0.5011, 1.5085 1.4671 -0.5501, 1.5402 1.4739 -0.5942, 1.5824 1.4808 -0.6286, 1.6304 1.487 -0.6502, 1.6821 1.4931 -0.6589, 1.7362 1.4999 -0.6539, 1.7872 1.5068 -0.635, 1.8302 1.5131 -0.6045, 1.8639 1.5192 -0.5644, 1.887 1.526 -0.5153, 1.8965 1.5329 -0.4617, 1.892 1.5392 -0.409, 1.8746 1.5452 -0.3598, 1.844 1.552 -0.315, 1.8025 1.5589 -0.2796, 1.7548 1.5652 -0.2568, 1.7036 1.5713 -0.2469, 1.6495 1.5781 -0.2505, 1.598 1.585 -0.2683, 1.554 1.5913 -0.2979, 1.5196 1.5973 -0.337, 1.4953 1.6041 -0.3855, 1.4845 1.611 -0.4389, 1.4878 1.6174 -0.4919, 1.5041 1.6234 -0.5414, 1.5335 1.6301 -0.5868, 1.5741 1.637 -0.6232, 1.6215 1.6434 -0.6472, 1.6723 1.6494 -0.6583, 1.7264 1.6562 -0.6559, 1.7784 1.6631 -0.6394, 1.8232 1.6695 -0.6107, 1.8584 1.6755 -0.5725, 1.8838 1.6822 -0.5247, 1.8959 1.6891 -0.4715, 1.8938 1.6956 -0.4183, 1.8787 1.7015 -0.3686, 1.8504 1.7082 -0.3226, 1.8107 1.7152 -0.2851, 1.7637 1.7216 -0.2599, 1.7132 1.7276 -0.2477, 1.6593 1.7343 -0.2488, 1.6069 1.7412 -0.2641, 1.5613 1.7477 -0.2918, 1.5252 1.7536 -0.3291, 1.4988 1.7603 -0.3761, 1.4854 1.7673 -0.4291, 1.4862 1.7738 -0.4825, 1.5001 1.7797 -0.5325, 1.5272 1.7863 -0.579, 1.5661 1.7933 -0.6174, 1.6126 1.7998 -0.6439, 1.6627 1.8057 -0.6572, 1.7165 1.8124 -0.6574, 1.7693 1.8193 -0.6434, 1.8157 1.8259 -0.6166, 1.8526 1.8318 -0.5802, 1.8801 1.8384 -0.534, 1.8947 1.8454 -0.4813, 1.8952 1.8519 -0.4277, 1.8825 1.8579 -0.3774, 1.8565 1.8645 -0.3304, 1.8186 1.8714 -0.2911, 1.7726 1.878 -0.2635, 1.7228 1.8839 -0.249, 1.6692 1.8905 -0.2475, 1.6161 1.8974 -0.2603, 1.5689 1.9041 -0.286, 1.5311 1.91 -0.3216, 1.5027 1.9165 -0.367, 1.4868 1.9235 -0.4193, 1.4851 1.9301 -0.473, 1.4966 1.936 -0.5236, 1.5213 1.9426 -0.5711, 1.5583 1.9495 -0.6113, 1.6038 1.9562 -0.64, 1.6533 1.9621 -0.6557, 1.7067 1.9686 -0.6584, 1.7601 1.9756 -0.647, 1.808 1.9822 -0.6223, 1.8466 1.9882 -0.5876, 1.8759 1.9947 -0.543, 1.8931 2.0016 -0.4912, 1.8961 2.0083 -0.4373, 1.8857 2.0142 -0.3864, 1.8622 2.0207 -0.3386, 1.8262 2.0276 -0.2975, 1.7813 2.0343 -0.2675, 1.7322 2.0403 -0.2507, 1.679 2.0467 -0.2467, 1.6254 2.0537 -0.2569, 1.5768 2.0604 -0.2805, 1.5373 2.0664 -0.3144, 1.5071 2.0728 -0.3581, 1.4887 2.0797 -0.4095, 1.4843 2.0864 -0.4634, 1.4936 2.0924 -0.5146, 1.5159 2.0988 -0.5628, 1.5508 2.1057 -0.6047, 1.5951 2.1125 -0.6358, 1.644 2.1185 -0.6538, 1.6968 2.1249 -0.659, 1.7506 2.1318 -0.6501, 1.7999 2.1385 -0.6276, 1.8402 2.1446 -0.5946, 1.8714 2.1509 -0.5518, 1.891 2.1578 -0.5009, 1.8966 2.1646 -0.447, 1.8886 2.1706 -0.3954, 1.8675 2.1769 -0.3469, 1.8336 2.1838 -0.3042, 1.7899 2.1906 -0.272, 1.7413 2.1967 -0.2528, 1.6889 2.203 -0.2464, 1.635 2.2099 -0.254, 1.585 2.2167 -0.2754, 1.5438 2.2228 -0.3075, 1.5118 2.229 -0.3495, 1.491 2.2359 -0.3998, 1.4841 2.2427 -0.4537, 1.4909 2.2489 -0.5056, 1.5108 2.2551 -0.5544, 1.5436 2.2619 -0.5978, 1.4962 1.4668 -0.4985, 1.514 1.473 -0.546, 1.5445 1.4798 -0.5888, 1.5851 1.4867 -0.6222, 1.6315 1.4929 -0.6434, 1.6814 1.499 -0.6521, 1.7337 1.5058 -0.6475, 1.7831 1.5127 -0.6294, 1.8249 1.519 -0.6001, 1.8576 1.5251 -0.5615, 1.8802 1.5319 -0.5141, 1.8897 1.5388 -0.4623, 1.8856 1.5451 -0.4114, 1.8689 1.5511 -0.3637, 1.8395 1.5579 -0.3203, 1.7996 1.5648 -0.2858, 1.7536 1.5711 -0.2635, 1.7041 1.5772 -0.2537, 1.6518 1.584 -0.257, 1.6019 1.5909 -0.274, 1.5593 1.5972 -0.3024, 1.5258 1.6032 -0.3401, 1.5021 1.61 -0.3868, 1.4914 1.6169 -0.4384, 1.4943 1.6233 -0.4897, 1.5098 1.6293 -0.5376, 1.5381 1.636 -0.5816, 1.5772 1.6429 -0.617, 1.6229 1.6493 -0.6405, 1.672 1.6553 -0.6514, 1.7242 1.6621 -0.6494, 1.7746 1.669 -0.6336, 1.818 1.6754 -0.6061, 1.8523 1.6814 -0.5693, 1.877 1.6881 -0.5232, 1.889 1.695 -0.4718, 1.8872 1.7015 -0.4204, 1.8729 1.7074 -0.3722, 1.8458 1.7141 -0.3276, 1.8075 1.7211 -0.2912, 1.7622 1.7275 -0.2666, 1.7134 1.7335 -0.2546, 1.6613 1.7402 -0.2554, 1.6105 1.7471 -0.2699, 1.5663 1.7536 -0.2965, 1.5312 1.7595 -0.3325, 1.5055 1.7662 -0.3778, 1.4923 1.7732 -0.4289, 1.4928 1.7797 -0.4806, 1.506 1.7856 -0.529, 1.532 1.7922 -0.5741, 1.5694 1.7992 -0.6114, 1.6143 1.8057 -0.6372, 1.6627 1.8116 -0.6503, 1.7147 1.8183 -0.6508, 1.7658 1.8252 -0.6374, 1.8108 1.8318 -0.6118, 1.8467 1.8377 -0.5767, 1.8734 1.8443 -0.5322, 1.8878 1.8513 -0.4813, 1.8885 1.8578 -0.4295, 1.8765 1.8638 -0.3808, 1.8516 1.8704 -0.3352, 1.8151 1.8773 -0.2971, 1.7707 1.8839 -0.2701, 1.7227 1.8898 -0.2559, 1.6708 1.8964 -0.2542, 1.6194 1.9033 -0.2663, 1.5737 1.91 -0.291, 1.537 1.9159 -0.3252, 1.5093 1.9224 -0.369, 1.4937 1.9294 -0.4194, 1.4918 1.936 -0.4714, 1.5027 1.9419 -0.5204, 1.5264 1.9485 -0.5664, 1.5619 1.9554 -0.6054, 1.6058 1.9621 -0.6335, 1.6536 1.968 -0.6488, 1.7052 1.9745 -0.6517, 1.7569 1.9815 -0.6409, 1.8033 1.9881 -0.6172, 1.8408 1.9941 -0.5838, 1.8694 2.0006 -0.5409, 1.8862 2.0075 -0.4908, 1.8894 2.0142 -0.4388, 1.8796 2.0201 -0.3895, 1.8571 2.0266 -0.3431, 1.8225 2.0335 -0.3032, 1.7792 2.0402 -0.2741, 1.7317 2.0462 -0.2576, 1.6804 2.0526 -0.2535, 1.6285 2.0596 -0.2631, 1.5813 2.0663 -0.2857, 1.543 2.0723 -0.3182, 1.5136 2.0787 -0.3604, 1.4955 2.0856 -0.41, 1.4911 2.0923 -0.4621, 1.4998 2.0983 -0.5116, 1.5211 2.1047 -0.5584, 1.5547 2.1116 -0.599, 1.5974 2.1184 -0.6293, 1.6446 2.1244 -0.6469, 1.6956 2.1308 -0.6522, 1.7477 2.1377 -0.6439, 1.7955 2.1444 -0.6224, 1.8346 2.1505 -0.5906, 1.865 2.1568 -0.5493, 1.8842 2.1637 -0.5002, 1.8898 2.1705 -0.4481, 1.8823 2.1765 -0.3982, 1.8621 2.1828 -0.3512, 1.8295 2.1897 -0.3098, 1.7875 2.1965 -0.2785, 1.7406 2.2026 -0.2597, 1.6899 2.2089 -0.2532, 1.6377 2.2158 -0.2603, 1.5893 2.2226 -0.2807, 1.5493 2.2287 -0.3117, 1.5182 2.2349 -0.352, 1.4978 2.2418 -0.4006, 1.4909 2.2486 -0.4527, 1.4973 2.2548 -0.5029, 1.5163 2.261 -0.5502, 1.504 1.4711 -0.4959, 1.5209 1.4773 -0.5414, 1.55 1.4841 -0.5826, 1.5888 1.491 -0.6148, 1.6332 1.4972 -0.6353, 1.681 1.5033 -0.6438, 1.7311 1.5101 -0.6396, 1.7786 1.517 -0.6225, 1.8188 1.5233 -0.5945, 1.8503 1.5294 -0.5577, 1.8721 1.5362 -0.5124, 1.8814 1.5431 -0.4627, 1.8777 1.5493 -0.4139, 1.8619 1.5554 -0.3681, 1.8339 1.5622 -0.3263, 1.7958 1.5691 -0.2932, 1.7517 1.5754 -0.2716, 1.7043 1.5815 -0.262, 1.6542 1.5882 -0.265, 1.6062 1.5952 -0.281, 1.5653 1.6015 -0.3081, 1.533 1.6075 -0.3441, 1.5101 1.6143 -0.3888, 1.4997 1.6212 -0.4382, 1.5023 1.6276 -0.4873, 1.5169 1.6336 -0.5333, 1.5439 1.6403 -0.5757, 1.5812 1.6472 -0.6098, 1.6249 1.6536 -0.6325, 1.672 1.6596 -0.6431, 1.7221 1.6664 -0.6414, 1.7704 1.6733 -0.6265, 1.8122 1.6797 -0.6002, 1.8452 1.6857 -0.5651, 1.869 1.6924 -0.5211, 1.8807 1.6993 -0.4718, 1.8792 1.7058 -0.4225, 1.8657 1.7117 -0.3763, 1.8398 1.7184 -0.3334, 1.8033 1.7254 -0.2984, 1.76 1.7318 -0.2746, 1.7133 1.7378 -0.2629, 1.6633 1.7445 -0.2634, 1.6146 1.7514 -0.2772, 1.572 1.7579 -0.3025, 1.5383 1.7638 -0.3368, 1.5134 1.7705 -0.3801, 1.5006 1.7774 -0.4291, 1.5009 1.784 -0.4787, 1.5133 1.7899 -0.5251, 1.5381 1.7965 -0.5685, 1.5738 1.8035 -0.6044, 1.6167 1.81 -0.6293, 1.6631 1.8159 -0.6421, 1.7129 1.8226 -0.6427, 1.762 1.8295 -0.6301, 1.8052 1.8361 -0.6057, 1.8397 1.842 -0.5722, 1.8655 1.8486 -0.5296, 1.8796 1.8556 -0.481, 1.8804 1.8621 -0.4312, 1.8691 1.8681 -0.3845, 1.8454 1.8747 -0.3407, 1.8106 1.8816 -0.304, 1.7681 1.8882 -0.278, 1.7221 1.8941 -0.2641, 1.6724 1.9007 -0.2623, 1.6231 1.9076 -0.2737, 1.5791 1.9143 -0.2972, 1.5438 1.9202 -0.3298, 1.5171 1.9267 -0.3717, 1.5019 1.9337 -0.42, 1.4999 1.9403 -0.4698, 1.5102 1.9462 -0.5168, 1.5327 1.9528 -0.561, 1.5666 1.9597 -0.5986, 1.6086 1.9664 -0.6256, 1.6543 1.9723 -0.6406, 1.7038 1.9788 -0.6435, 1.7534 1.9857 -0.6334, 1.798 1.9924 -0.6109, 1.834 1.9984 -0.579, 1.8616 2.0048 -0.5379, 1.878 2.0118 -0.49, 1.8812 2.0185 -0.4401, 1.872 2.0244 -0.3929, 1.8506 2.0309 -0.3483, 1.8176 2.0378 -0.3099, 1.7762 2.0445 -0.2818, 1.7308 2.0505 -0.2658, 1.6816 2.0569 -0.2617, 1.6318 2.0639 -0.2707, 1.5865 2.0706 -0.2922, 1.5497 2.0766 -0.3232, 1.5212 2.083 -0.3635, 1.5037 2.0899 -0.411, 1.4993 2.0966 -0.4609, 1.5074 2.1026 -0.5085, 1.5277 2.109 -0.5533, 1.5597 2.1159 -0.5924, 1.6006 2.1227 -0.6216, 1.6457 2.1287 -0.6387, 1.6946 2.1351 -0.644, 1.7446 2.142 -0.6362, 1.7904 2.1487 -0.6158, 1.8281 2.1548 -0.5855, 1.8574 2.1611 -0.546, 1.876 2.168 -0.499, 1.8816 2.1748 -0.4491, 1.8746 2.1808 -0.4013, 1.8554 2.1871 -0.3561, 1.8244 2.194 -0.3163, 1.7842 2.2008 -0.2861, 1.7393 2.2069 -0.2679, 1.6907 2.2132 -0.2615, 1.6407 2.2201 -0.2681, 1.5942 2.2269 -0.2874, 1.5557 2.233 -0.3169, 1.5257 2.2392 -0.3555, 1.506 2.2461 -0.402, 1.4991 2.2529 -0.4519, 1.5051 2.259 -0.5001, 1.5231 2.2653 -0.5454, 1.513 1.4734 -0.4932, 1.5289 1.4795 -0.5366, 1.5564 1.4864 -0.5759, 1.5933 1.4933 -0.6066, 1.6354 1.4995 -0.6262, 1.6808 1.5056 -0.6344, 1.7286 1.5124 -0.6306, 1.7738 1.5193 -0.6145, 1.8121 1.5256 -0.588, 1.8422 1.5316 -0.5531, 1.8631 1.5385 -0.51, 1.8721 1.5454 -0.4628, 1.8686 1.5516 -0.4163, 1.8538 1.5577 -0.3727, 1.8273 1.5645 -0.3329, 1.7911 1.5714 -0.3013, 1.7493 1.5777 -0.2806, 1.7042 1.5837 -0.2713, 1.6565 1.5905 -0.274, 1.6109 1.5974 -0.2891, 1.5718 1.6038 -0.3148, 1.541 1.6098 -0.3489, 1.5191 1.6166 -0.3913, 1.509 1.6235 -0.4384, 1.5113 1.6298 -0.4851, 1.5251 1.6358 -0.5289, 1.5506 1.6426 -0.5693, 1.5861 1.6495 -0.6018, 1.6276 1.6559 -0.6235, 1.6723 1.6619 -0.6338, 1.72 1.6686 -0.6323, 1.766 1.6756 -0.6182, 1.8058 1.682 -0.5934, 1.8373 1.6879 -0.5601, 1.8601 1.6947 -0.5183, 1.8714 1.7016 -0.4715, 1.8701 1.708 -0.4245, 1.8574 1.714 -0.3805, 1.8329 1.7207 -0.3397, 1.7983 1.7276 -0.3062, 1.7571 1.7341 -0.2835, 1.7127 1.7401 -0.2722, 1.6652 1.7467 -0.2726, 1.6188 1.7537 -0.2855, 1.5783 1.7602 -0.3095, 1.546 1.7661 -0.342, 1.5223 1.7728 -0.3832, 1.5099 1.7797 -0.4297, 1.51 1.7862 -0.4768, 1.5218 1.7922 -0.5211, 1.5452 1.7988 -0.5624, 1.579 1.8058 -0.5966, 1.6198 1.8123 -0.6204, 1.6638 1.8182 -0.6327, 1.7113 1.8249 -0.6335, 1.758 1.8318 -0.6217, 1.7992 1.8384 -0.5986, 1.8321 1.8443 -0.5669, 1.8568 1.8509 -0.5264, 1.8703 1.8578 -0.4801, 1.8712 1.8644 -0.4329, 1.8606 1.8703 -0.3884, 1.8382 1.8769 -0.3467, 1.8052 1.8839 -0.3116, 1.7649 1.8905 -0.2868, 1.7211 1.8964 -0.2734, 1.6739 1.903 -0.2716, 1.6269 1.9099 -0.2822, 1.585 1.9165 -0.3044, 1.5514 1.9225 -0.3354, 1.5258 1.929 -0.3751, 1.5112 1.936 -0.421, 1.5091 1.9426 -0.4684, 1.5188 1.9485 -0.5132, 1.5401 1.955 -0.5553, 1.5722 1.962 -0.5911, 1.6121 1.9686 -0.617, 1.6555 1.9746 -0.6313, 1.7025 1.9811 -0.6343, 1.7497 1.988 -0.6247, 1.7923 1.9947 -0.6035, 1.8267 2.0006 -0.5733, 1.853 2.0071 -0.5343, 1.8687 2.0141 -0.4888, 1.872 2.0208 -0.4413, 1.8634 2.0267 -0.3963, 1.8431 2.0332 -0.3539, 1.8118 2.0401 -0.3173, 1.7725 2.0468 -0.2904, 1.7294 2.0528 -0.275, 1.6826 2.0592 -0.271, 1.6352 2.0661 -0.2794, 1.5921 2.0729 -0.2997, 1.5569 2.0788 -0.3291, 1.5297 2.0852 -0.3673, 1.513 2.0922 -0.4124, 1.5086 2.0989 -0.4599, 1.5162 2.1049 -0.5052, 1.5353 2.1113 -0.5479, 1.5657 2.1182 -0.5852, 1.6044 2.125 -0.6131, 1.6473 2.131 -0.6295, 1.6938 2.1373 -0.6347, 1.7414 2.1442 -0.6274, 1.7851 2.151 -0.6081, 1.821 2.157 -0.5794, 1.8489 2.1634 -0.542, 1.8668 2.1703 -0.4973, 1.8723 2.1771 -0.4499, 1.8658 2.1831 -0.4043, 1.8477 2.1894 -0.3613, 1.8182 2.1963 -0.3233, 1.7801 2.2031 -0.2945, 1.7375 2.2092 -0.277, 1.6913 2.2155 -0.2708, 1.6436 2.2224 -0.2769, 1.5994 2.2292 -0.2952, 1.5627 2.2353 -0.3231, 1.534 2.2415 -0.3598, 1.5151 2.2484 -0.4039, 1.5084 2.2552 -0.4513, 1.514 2.2613 -0.4972, 1.531 2.2675 -0.5404, 1.5224 1.4734 -0.4908, 1.5374 1.4795 -0.5319, 1.5634 1.4864 -0.5691, 1.5982 1.4932 -0.5983, 1.6381 1.4994 -0.6169, 1.6811 1.5056 -0.6248, 1.7263 1.5124 -0.6212, 1.7691 1.5193 -0.606, 1.8054 1.5255 -0.581, 1.8339 1.5316 -0.548, 1.8538 1.5384 -0.5072, 1.8624 1.5453 -0.4626, 1.8592 1.5516 -0.4186, 1.8452 1.5577 -0.3773, 1.8202 1.5645 -0.3395, 1.786 1.5714 -0.3095, 1.7464 1.5777 -0.2899, 1.7038 1.5837 -0.281, 1.6586 1.5905 -0.2835, 1.6153 1.5974 -0.2977, 1.5783 1.6037 -0.3219, 1.5491 1.6098 -0.3542, 1.5283 1.6165 -0.3943, 1.5187 1.6234 -0.4388, 1.5208 1.6298 -0.4831, 1.5338 1.6358 -0.5246, 1.5579 1.6426 -0.5628, 1.5914 1.6495 -0.5937, 1.6306 1.6559 -0.6143, 1.673 1.6619 -0.6241, 1.7181 1.6686 -0.6228, 1.7617 1.6755 -0.6096, 1.7994 1.6819 -0.5861, 1.8293 1.6879 -0.5546, 1.851 1.6946 -0.5151, 1.8617 1.7016 -0.4708, 1.8606 1.708 -0.4263, 1.8486 1.714 -0.3846, 1.8255 1.7207 -0.3459, 1.7928 1.7276 -0.3142, 1.7538 1.7341 -0.2926, 1.7118 1.74 -0.2818, 1.6668 1.7467 -0.2821, 1.6228 1.7536 -0.2943, 1.5844 1.7601 -0.3169, 1.5539 1.7661 -0.3477, 1.5313 1.7727 -0.3866, 1.5195 1.7797 -0.4306, 1.5196 1.7862 -0.4753, 1.5306 1.7921 -0.5172, 1.5527 1.7988 -0.5563, 1.5847 1.8057 -0.5888, 1.6233 1.8123 -0.6114, 1.665 1.8182 -0.6231, 1.7099 1.8248 -0.6239, 1.7541 1.8318 -0.6128, 1.7932 1.8383 -0.591, 1.8244 1.8442 -0.561, 1.8478 1.8509 -0.5227, 1.8606 1.8578 -0.479, 1.8616 1.8644 -0.4342, 1.8516 1.8703 -0.3921, 1.8305 1.8769 -0.3525, 1.7993 1.8838 -0.3193, 1.7612 1.8904 -0.2957, 1.7198 1.8964 -0.283, 1.675 1.9029 -0.2812, 1.6305 1.9099 -0.2912, 1.5909 1.9165 -0.3122, 1.5589 1.9224 -0.3414, 1.5347 1.929 -0.379, 1.5208 1.9359 -0.4225, 1.5187 1.9426 -0.4673, 1.5278 1.9485 -0.5097, 1.5479 1.955 -0.5496, 1.5783 1.962 -0.5836, 1.616 1.9686 -0.6081, 1.6571 1.9745 -0.6218, 1.7016 1.981 -0.6247, 1.7463 1.988 -0.6157, 1.7866 1.9947 -0.5956, 1.8192 2.0006 -0.5671, 1.8443 2.0071 -0.5302, 1.8592 2.014 -0.4871, 1.8623 2.0207 -0.4422, 1.8542 2.0267 -0.3996, 1.8352 2.0331 -0.3594, 1.8056 2.0401 -0.3247, 1.7684 2.0468 -0.2992, 1.7276 2.0527 -0.2846, 1.6833 2.0592 -0.2806, 1.6384 2.0661 -0.2885, 1.5975 2.0728 -0.3077, 1.5642 2.0788 -0.3355, 1.5384 2.0852 -0.3716, 1.5225 2.0921 -0.4143, 1.5182 2.0989 -0.4593, 1.5253 2.1049 -0.5021, 1.5434 2.1113 -0.5426, 1.5721 2.1182 -0.578, 1.6088 2.1249 -0.6045, 1.6493 2.1309 -0.6201, 1.6934 2.1373 -0.625, 1.7384 2.1442 -0.6182, 1.7798 2.151 -0.6, 1.8138 2.157 -0.5729, 1.8404 2.1633 -0.5375, 1.8573 2.1702 -0.4952, 1.8626 2.177 -0.4503, 1.8565 2.1831 -0.4072, 1.8395 2.1894 -0.3664, 1.8116 2.1963 -0.3304, 1.7756 2.2031 -0.303, 1.7352 2.2091 -0.2864, 1.6915 2.2154 -0.2805, 1.6464 2.2223 -0.2862, 1.6045 2.2291 -0.3034, 1.5697 2.2352 -0.3298, 1.5425 2.2415 -0.3645, 1.5245 2.2484 -0.4062, 1.5181 2.2552 -0.4511, 1.5233 2.2613 -0.4946, 1.5393 2.2675 -0.5355, 1.532 1.4708 -0.4886, 1.5462 1.4769 -0.5274, 1.5707 1.4838 -0.5625, 1.6035 1.4907 -0.59, 1.6411 1.4969 -0.6075, 1.6817 1.503 -0.6149, 1.7243 1.5098 -0.6116, 1.7646 1.5167 -0.5972, 1.7988 1.5229 -0.5736, 1.8257 1.529 -0.5425, 1.8444 1.5358 -0.5041, 1.8525 1.5427 -0.4619, 1.8495 1.549 -0.4205, 1.8363 1.5551 -0.3815, 1.8127 1.5619 -0.346, 1.7805 1.5688 -0.3177, 1.7432 1.5751 -0.2992, 1.703 1.5811 -0.2909, 1.6604 1.5879 -0.2932, 1.6196 1.5948 -0.3066, 1.5847 1.6012 -0.3295, 1.5572 1.6072 -0.3599, 1.5376 1.614 -0.3977, 1.5285 1.6209 -0.4397, 1.5306 1.6272 -0.4814, 1.5428 1.6332 -0.5205, 1.5655 1.64 -0.5566, 1.5971 1.6469 -0.5857, 1.6341 1.6533 -0.6051, 1.674 1.6593 -0.6143, 1.7166 1.666 -0.613, 1.7577 1.673 -0.6005, 1.7932 1.6794 -0.5784, 1.8214 1.6853 -0.5487, 1.8418 1.6921 -0.5114, 1.8519 1.699 -0.4697, 1.8508 1.7054 -0.4278, 1.8395 1.7114 -0.3885, 1.8177 1.7181 -0.352, 1.7868 1.725 -0.3221, 1.7501 1.7315 -0.3018, 1.7105 1.7374 -0.2916, 1.6681 1.7441 -0.2919, 1.6267 1.7511 -0.3034, 1.5905 1.7576 -0.3247, 1.5617 1.7635 -0.3537, 1.5404 1.7702 -0.3904, 1.5293 1.7771 -0.432, 1.5294 1.7836 -0.474, 1.5398 1.7896 -0.5135, 1.5607 1.7962 -0.5504, 1.5908 1.8032 -0.581, 1.6272 1.8097 -0.6023, 1.6665 1.8156 -0.6134, 1.7088 1.8222 -0.6141, 1.7505 1.8292 -0.6036, 1.7873 1.8357 -0.583, 1.8167 1.8417 -0.5548, 1.8388 1.8483 -0.5187, 1.8509 1.8552 -0.4774, 1.8518 1.8618 -0.4352, 1.8423 1.8677 -0.3955, 1.8224 1.8743 -0.3583, 1.793 1.8813 -0.3269, 1.7571 1.8879 -0.3047, 1.718 1.8938 -0.2928, 1.6759 1.9004 -0.291, 1.6339 1.9073 -0.3005, 1.5965 1.9139 -0.3203, 1.5665 1.9198 -0.3478, 1.5436 1.9264 -0.3833, 1.5305 1.9333 -0.4242, 1.5286 1.94 -0.4665, 1.5371 1.9459 -0.5064, 1.5561 1.9524 -0.5441, 1.5848 1.9594 -0.5761, 1.6203 1.966 -0.5992, 1.659 1.972 -0.6121, 1.701 1.9785 -0.6148, 1.7432 1.9854 -0.6063, 1.7811 1.9921 -0.5874, 1.8119 1.998 -0.5605, 1.8354 2.0045 -0.5257, 1.8495 2.0115 -0.4851, 1.8525 2.0181 -0.4428, 1.8448 2.0241 -0.4026, 1.8268 2.0306 -0.3647, 1.7989 2.0375 -0.332, 1.7639 2.0442 -0.308, 1.7254 2.0502 -0.2942, 1.6836 2.0566 -0.2905, 1.6413 2.0635 -0.298, 1.6028 2.0703 -0.316, 1.5714 2.0762 -0.3422, 1.5471 2.0826 -0.3763, 1.5321 2.0896 -0.4166, 1.5281 2.0963 -0.4589, 1.5348 2.1023 -0.4993, 1.5519 2.1087 -0.5375, 1.5789 2.1156 -0.5709, 1.6135 2.1224 -0.5958, 1.6517 2.1284 -0.6105, 1.6932 2.1347 -0.6151, 1.7357 2.1416 -0.6087, 1.7747 2.1484 -0.5915, 1.8068 2.1544 -0.566, 1.8318 2.1608 -0.5326, 1.8478 2.1677 -0.4928, 1.8527 2.1745 -0.4504, 1.847 2.1805 -0.4097, 1.8309 2.1868 -0.3713, 1.8047 2.1937 -0.3374, 1.7706 2.2005 -0.3116, 1.7326 2.2066 -0.296, 1.6914 2.2129 -0.2904, 1.6489 2.2197 -0.2958, 1.6094 2.2266 -0.312, 1.5766 2.2326 -0.3369, 1.5509 2.2389 -0.3696, 1.534 2.2458 -0.409, 1.528 2.2526 -0.4513, 1.5329 2.2587 -0.4922, 1.548 2.2649 -0.5308, 1.54 1.4664 -0.4872, 1.5535 1.4725 -0.524, 1.5769 1.4794 -0.5573, 1.6082 1.4862 -0.5833, 1.6439 1.4925 -0.5999, 1.6825 1.4986 -0.6068, 1.7229 1.5054 -0.6036, 1.7613 1.5123 -0.5898, 1.7937 1.5185 -0.5673, 1.8192 1.5246 -0.5377, 1.8369 1.5314 -0.5012, 1.8444 1.5383 -0.4611, 1.8415 1.5446 -0.4217, 1.8289 1.5507 -0.3848, 1.8064 1.5575 -0.351, 1.7757 1.5644 -0.3242, 1.7402 1.5707 -0.3067, 1.702 1.5767 -0.2989, 1.6615 1.5835 -0.3012, 1.6228 1.5904 -0.3141, 1.5897 1.5967 -0.3358, 1.5636 1.6028 -0.3648, 1.5451 1.6095 -0.4008, 1.5366 1.6165 -0.4407, 1.5386 1.6228 -0.4803, 1.5503 1.6288 -0.5175, 1.572 1.6356 -0.5517, 1.602 1.6425 -0.5792, 1.6373 1.6489 -0.5976, 1.6752 1.6549 -0.6063, 1.7156 1.6616 -0.605, 1.7546 1.6685 -0.593, 1.7884 1.6749 -0.5719, 1.815 1.6809 -0.5437, 1.8344 1.6876 -0.5082, 1.8439 1.6946 -0.4685, 1.8428 1.701 -0.4287, 1.8319 1.707 -0.3914, 1.8111 1.7137 -0.3567, 1.7817 1.7206 -0.3284, 1.7468 1.7271 -0.3092, 1.7092 1.733 -0.2996, 1.6688 1.7397 -0.3, 1.6295 1.7467 -0.311, 1.5952 1.7531 -0.3314, 1.5679 1.7591 -0.359, 1.5478 1.7658 -0.3939, 1.5373 1.7727 -0.4334, 1.5375 1.7792 -0.4733, 1.5474 1.7851 -0.5108, 1.5673 1.7918 -0.5458, 1.5961 1.7987 -0.5749, 1.6307 1.8053 -0.595, 1.668 1.8112 -0.6054, 1.7082 1.8178 -0.606, 1.7478 1.8248 -0.5959, 1.7828 1.8313 -0.5763, 1.8107 1.8373 -0.5494, 1.8315 1.8439 -0.515, 1.8429 1.8508 -0.4758, 1.8437 1.8574 -0.4357, 1.8346 1.8633 -0.398, 1.8156 1.8699 -0.3627, 1.7876 1.8769 -0.333, 1.7534 1.8834 -0.3119, 1.7163 1.8894 -0.3007, 1.6762 1.8959 -0.2991, 1.6364 1.9029 -0.3082, 1.6009 1.9095 -0.3271, 1.5724 1.9154 -0.3534, 1.5508 1.922 -0.3871, 1.5384 1.9289 -0.426, 1.5367 1.9356 -0.4662, 1.5449 1.9415 -0.5041, 1.563 1.948 -0.5398, 1.5903 1.955 -0.5702, 1.6241 1.9616 -0.5921, 1.661 1.9676 -0.6042, 1.7009 1.9741 -0.6067, 1.7409 1.981 -0.5985, 1.7769 1.9877 -0.5805, 1.8061 1.9936 -0.5549, 1.8284 2.0001 -0.5218, 1.8417 2.007 -0.4831, 1.8444 2.0137 -0.4429, 1.837 2.0197 -0.4048, 1.8198 2.0261 -0.3688, 1.7933 2.0331 -0.3378, 1.7599 2.0398 -0.315, 1.7233 2.0457 -0.302, 1.6836 2.0522 -0.2986, 1.6434 2.0591 -0.3058, 1.6069 2.0658 -0.323, 1.5771 2.0718 -0.348, 1.5541 2.0782 -0.3805, 1.5399 2.0851 -0.4187, 1.5362 2.0919 -0.459, 1.5427 2.0979 -0.4974, 1.559 2.1043 -0.5336, 1.5848 2.1112 -0.5652, 1.6176 2.1179 -0.5888, 1.654 2.1239 -0.6027, 1.6935 2.1303 -0.607, 1.7338 2.1372 -0.6008, 1.7708 2.144 -0.5844, 1.8013 2.15 -0.5601, 1.8249 2.1563 -0.5283, 1.84 2.1633 -0.4904, 1.8447 2.17 -0.4501, 1.8391 2.1761 -0.4115, 1.8237 2.1824 -0.3751, 1.7987 2.1893 -0.3429, 1.7663 2.1961 -0.3184, 1.7301 2.2022 -0.3037, 1.691 2.2084 -0.2985, 1.6506 2.2153 -0.3037, 1.6131 2.2221 -0.3192, 1.582 2.2282 -0.343, 1.5577 2.2345 -0.374, 1.5417 2.2414 -0.4115, 1.5361 2.2482 -0.4517, 1.5408 2.2543 -0.4906, 1.5553 2.2605 -0.5272, 1.5468 1.4602 -0.4863, 1.5599 1.4664 -0.5215, 1.5824 1.4732 -0.5531, 1.6124 1.4801 -0.5779, 1.6466 1.4863 -0.5936, 1.6835 1.4924 -0.6001, 1.7222 1.4993 -0.5968, 1.7587 1.5061 -0.5834, 1.7896 1.5124 -0.5618, 1.8139 1.5185 -0.5334, 1.8306 1.5253 -0.4984, 1.8377 1.5322 -0.4601, 1.8347 1.5385 -0.4224, 1.8225 1.5445 -0.3872, 1.8008 1.5513 -0.355, 1.7714 1.5582 -0.3295, 1.7373 1.5645 -0.313, 1.7008 1.5706 -0.3057, 1.6621 1.5774 -0.308, 1.6252 1.5843 -0.3205, 1.5936 1.5906 -0.3415, 1.5688 1.5966 -0.3692, 1.5513 1.6034 -0.4038, 1.5433 1.6103 -0.4419, 1.5454 1.6167 -0.4798, 1.5568 1.6227 -0.5152, 1.5776 1.6294 -0.5478, 1.6065 1.6364 -0.574, 1.6402 1.6427 -0.5914, 1.6765 1.6487 -0.5996, 1.7152 1.6555 -0.5981, 1.7524 1.6624 -0.5865, 1.7846 1.6688 -0.5662, 1.8099 1.6748 -0.5391, 1.8283 1.6815 -0.5051, 1.8372 1.6884 -0.4671, 1.8359 1.6949 -0.4291, 1.8254 1.7008 -0.3935, 1.8054 1.7075 -0.3604, 1.7772 1.7145 -0.3335, 1.7437 1.7209 -0.3153, 1.7077 1.7269 -0.3063, 1.6691 1.7336 -0.3068, 1.6316 1.7405 -0.3175, 1.5989 1.747 -0.3371, 1.5729 1.7529 -0.3636, 1.5538 1.7596 -0.3971, 1.544 1.7666 -0.4349, 1.5443 1.7731 -0.4731, 1.554 1.779 -0.5089, 1.5732 1.7857 -0.5423, 1.6008 1.7926 -0.5699, 1.6339 1.7991 -0.589, 1.6697 1.8051 -0.5988, 1.7081 1.8117 -0.5992, 1.7459 1.8186 -0.5894, 1.7792 1.8252 -0.5705, 1.8058 1.8311 -0.5446, 1.8256 1.8377 -0.5117, 1.8363 1.8447 -0.4741, 1.8369 1.8513 -0.4358, 1.828 1.8572 -0.3998, 1.8097 1.8638 -0.3661, 1.7828 1.8707 -0.3378, 1.75 1.8773 -0.3179, 1.7145 1.8832 -0.3073, 1.6762 1.8898 -0.306, 1.6382 1.8968 -0.3148, 1.6043 1.9034 -0.333, 1.5772 1.9093 -0.3583, 1.5567 1.9158 -0.3906, 1.545 1.9228 -0.4279, 1.5435 1.9294 -0.4663, 1.5516 1.9354 -0.5025, 1.569 1.9419 -0.5365, 1.5952 1.9488 -0.5654, 1.6276 1.9555 -0.5862, 1.6629 1.9614 -0.5976, 1.7011 1.9679 -0.5998, 1.7393 1.9749 -0.5919, 1.7736 1.9815 -0.5745, 1.8014 1.9875 -0.5498, 1.8226 1.994 -0.5181, 1.8351 2.0009 -0.4811, 1.8375 2.0076 -0.4427, 1.8303 2.0135 -0.4062, 1.8137 2.02 -0.3719, 1.7882 2.0269 -0.3424, 1.7562 2.0337 -0.3208, 1.7212 2.0396 -0.3085, 1.6832 2.046 -0.3055, 1.6449 2.053 -0.3125, 1.61 2.0597 -0.3291, 1.5816 2.0657 -0.3531, 1.5598 2.0721 -0.3843, 1.5464 2.079 -0.4209, 1.5431 2.0858 -0.4594, 1.5494 2.0917 -0.496, 1.5651 2.0981 -0.5306, 1.5899 2.105 -0.5607, 1.6215 2.1118 -0.5831, 1.6563 2.1178 -0.5962, 1.694 2.1242 -0.6002, 1.7325 2.1311 -0.5941, 1.7678 2.1379 -0.5782, 1.7968 2.1439 -0.5548, 1.8193 2.1502 -0.5244, 1.8336 2.1571 -0.4881, 1.8378 2.1639 -0.4496, 1.8323 2.1699 -0.4127, 1.8175 2.1763 -0.3779, 1.7934 2.1832 -0.3473, 1.7624 2.19 -0.3241, 1.7277 2.196 -0.3101, 1.6903 2.2023 -0.3053, 1.6517 2.2092 -0.3105, 1.6159 2.216 -0.3255, 1.5863 2.2221 -0.3483, 1.5632 2.2283 -0.3781, 1.5481 2.2352 -0.414, 1.5429 2.2421 -0.4524, 1.5476 2.2482 -0.4896, 1.5616 2.2544 -0.5245, 1.5848 2.2613 -0.5557, 1.5524 1.4521 -0.4861, 1.5653 1.4582 -0.5198, 1.5871 1.4651 -0.5501, 1.6162 1.472 -0.5738, 1.6492 1.4782 -0.5886, 1.6848 1.4843 -0.5946, 1.722 1.4911 -0.5912, 1.7571 1.498 -0.5781, 1.7867 1.5043 -0.5571, 1.8098 1.5103 -0.5295, 1.8257 1.5172 -0.4957, 1.8322 1.524 -0.4588, 1.8291 1.5303 -0.4226, 1.8171 1.5364 -0.3887, 1.796 1.5432 -0.3579, 1.7675 1.5501 -0.3336, 1.7346 1.5564 -0.3179, 1.6994 1.5624 -0.3111, 1.6622 1.5692 -0.3136, 1.6267 1.5761 -0.3259, 1.5965 1.5825 -0.3463, 1.5728 1.5885 -0.3732, 1.5562 1.5953 -0.4066, 1.5487 1.6022 -0.4433, 1.551 1.6085 -0.4798, 1.5622 1.6145 -0.5138, 1.5825 1.6213 -0.545, 1.6105 1.6282 -0.5701, 1.6431 1.6346 -0.5866, 1.6781 1.6406 -0.5942, 1.7152 1.6473 -0.5925, 1.751 1.6543 -0.5811, 1.7818 1.6607 -0.5614, 1.8061 1.6666 -0.535, 1.8235 1.6734 -0.5022, 1.8318 1.6803 -0.4656, 1.8303 1.6867 -0.4289, 1.8199 1.6927 -0.3947, 1.8005 1.6994 -0.3631, 1.7731 1.7063 -0.3374, 1.7408 1.7128 -0.32, 1.706 1.7188 -0.3117, 1.6689 1.7254 -0.3124, 1.6329 1.7324 -0.323, 1.6015 1.7389 -0.3421, 1.5767 1.7448 -0.3678, 1.5585 1.7515 -0.4001, 1.5494 1.7584 -0.4366, 1.5499 1.7649 -0.4733, 1.5595 1.7709 -0.5077, 1.5782 1.7775 -0.5397, 1.6049 1.7845 -0.5661, 1.637 1.791 -0.5843, 1.6715 1.7969 -0.5934, 1.7085 1.8036 -0.5936, 1.7448 1.8105 -0.5839, 1.7767 1.8171 -0.5655, 1.8021 1.823 -0.5404, 1.8209 1.8296 -0.5085, 1.831 1.8365 -0.4723, 1.8313 1.8431 -0.4354, 1.8225 1.849 -0.4009, 1.8046 1.8556 -0.3685, 1.7785 1.8626 -0.3415, 1.7468 1.8692 -0.3225, 1.7126 1.8751 -0.3125, 1.6757 1.8817 -0.3116, 1.6392 1.8886 -0.3204, 1.6067 1.8952 -0.3381, 1.5808 1.9012 -0.3626, 1.5612 1.9077 -0.3938, 1.5503 1.9147 -0.4298, 1.5491 1.9213 -0.4668, 1.5571 1.9272 -0.5016, 1.5741 1.9337 -0.5342, 1.5996 1.9407 -0.5619, 1.6309 1.9473 -0.5817, 1.6649 1.9533 -0.5924, 1.7017 1.9598 -0.5943, 1.7384 1.9667 -0.5863, 1.7714 1.9734 -0.5693, 1.7979 1.9793 -0.5454, 1.8181 1.9858 -0.5148, 1.8299 1.9928 -0.4791, 1.8319 1.9995 -0.442, 1.8248 2.0054 -0.407, 1.8086 2.0119 -0.3741, 1.7838 2.0188 -0.3459, 1.7529 2.0255 -0.3253, 1.719 2.0315 -0.3137, 1.6825 2.0379 -0.311, 1.6456 2.0448 -0.318, 1.6122 2.0516 -0.3343, 1.585 2.0575 -0.3576, 1.5642 2.0639 -0.3877, 1.5516 2.0709 -0.4231, 1.5486 2.0776 -0.4602, 1.555 2.0836 -0.4954, 1.5704 2.09 -0.5286, 1.5944 2.0969 -0.5574, 1.6249 2.1037 -0.5787, 1.6586 2.1097 -0.5911, 1.6949 2.116 -0.5946, 1.7319 2.1229 -0.5885, 1.7658 2.1297 -0.573, 1.7935 2.1357 -0.5503, 1.815 2.1421 -0.5208, 1.8284 2.149 -0.4858, 1.8323 2.1558 -0.4487, 1.8267 2.1618 -0.4132, 1.8122 2.1681 -0.3798, 1.7888 2.175 -0.3505, 1.7588 2.1818 -0.3284, 1.7254 2.1879 -0.3152, 1.6893 2.1942 -0.3108, 1.6522 2.2011 -0.316, 1.6178 2.2079 -0.3307, 1.5895 2.214 -0.3529, 1.5675 2.2202 -0.3818, 1.5532 2.2271 -0.4164, 1.5484 2.2339 -0.4535, 1.5532 2.24 -0.4892, 1.5669 2.2462 -0.5227, 1.5895 2.2531 -0.5526, 1.6191 2.26 -0.5755, 1.5557 1.4437 -0.4865, 1.5685 1.4498 -0.5193, 1.5901 1.4566 -0.5488, 1.6188 1.4635 -0.5717, 1.6512 1.4697 -0.586, 1.686 1.4758 -0.5915, 1.7224 1.4827 -0.5879, 1.7566 1.4896 -0.5748, 1.7854 1.4958 -0.554, 1.8078 1.5019 -0.5269, 1.8231 1.5087 -0.4937, 1.8292 1.5156 -0.4575, 1.8258 1.5219 -0.4221, 1.8138 1.5279 -0.3891, 1.7929 1.5347 -0.3591, 1.7648 1.5416 -0.3355, 1.7326 1.5479 -0.3205, 1.698 1.554 -0.3141, 1.6617 1.5608 -0.3169, 1.6271 1.5677 -0.3292, 1.5977 1.574 -0.3494, 1.5747 1.58 -0.3759, 1.5587 1.5868 -0.4086, 1.5518 1.5937 -0.4447, 1.5543 1.6001 -0.4803, 1.5655 1.6061 -0.5135, 1.5856 1.6128 -0.5439, 1.6132 1.6198 -0.5682, 1.6452 1.6262 -0.584, 1.6795 1.6321 -0.5912, 1.7158 1.6389 -0.5893, 1.7507 1.6458 -0.5778, 1.7807 1.6522 -0.5582, 1.8042 1.6582 -0.5323, 1.8209 1.6649 -0.5, 1.8288 1.6719 -0.4641, 1.8271 1.6783 -0.4283, 1.8166 1.6842 -0.395, 1.7973 1.691 -0.3642, 1.7704 1.6979 -0.3392, 1.7386 1.7044 -0.3225, 1.7045 1.7103 -0.3146, 1.6683 1.717 -0.3157, 1.6331 1.7239 -0.3263, 1.6025 1.7304 -0.3452, 1.5785 1.7364 -0.3706, 1.561 1.743 -0.4023, 1.5523 1.75 -0.4381, 1.5532 1.7565 -0.474, 1.5628 1.7624 -0.5076, 1.5813 1.7691 -0.5387, 1.6077 1.776 -0.5643, 1.6392 1.7825 -0.5818, 1.673 1.7885 -0.5905, 1.7092 1.7951 -0.5903, 1.7446 1.8021 -0.5806, 1.7757 1.8086 -0.5623, 1.8003 1.8145 -0.5375, 1.8185 1.8211 -0.5063, 1.8281 1.8281 -0.4708, 1.8281 1.8347 -0.4347, 1.8192 1.8406 -0.4009, 1.8015 1.8472 -0.3694, 1.7757 1.8541 -0.3432, 1.7446 1.8607 -0.3249, 1.711 1.8666 -0.3154, 1.6749 1.8732 -0.3148, 1.6392 1.8802 -0.3237, 1.6076 1.8868 -0.3413, 1.5824 1.8927 -0.3654, 1.5636 1.8993 -0.3962, 1.5532 1.9062 -0.4314, 1.5523 1.9128 -0.4676, 1.5604 1.9188 -0.5016, 1.5773 1.9253 -0.5334, 1.6024 1.9322 -0.5602, 1.6333 1.9389 -0.5793, 1.6666 1.9448 -0.5896, 1.7026 1.9513 -0.5911, 1.7384 1.9583 -0.583, 1.7705 1.965 -0.5661, 1.7963 1.9709 -0.5426, 1.8158 1.9774 -0.5124, 1.827 1.9843 -0.4774, 1.8288 1.991 -0.4411, 1.8215 1.997 -0.4069, 1.8053 2.0034 -0.3749, 1.7809 2.0104 -0.3475, 1.7505 2.0171 -0.3276, 1.7173 2.023 -0.3165, 1.6815 2.0295 -0.3142, 1.6455 2.0364 -0.3214, 1.6129 2.0431 -0.3375, 1.5866 2.0491 -0.3605, 1.5664 2.0555 -0.3902, 1.5544 2.0624 -0.4248, 1.5518 2.0692 -0.4611, 1.5583 2.0752 -0.4956, 1.5736 2.0815 -0.5279, 1.5974 2.0885 -0.5558, 1.6274 2.0952 -0.5765, 1.6604 2.1012 -0.5883, 1.6959 2.1076 -0.5915, 1.7321 2.1145 -0.5852, 1.7651 2.1213 -0.5698, 1.7921 2.1273 -0.5473, 1.8128 2.1336 -0.5183, 1.8257 2.1405 -0.484, 1.8291 2.1473 -0.4476, 1.8234 2.1534 -0.413, 1.8089 2.1597 -0.3805, 1.7859 2.1666 -0.3519, 1.7563 2.1734 -0.3305, 1.7235 2.1794 -0.3179, 1.6882 2.1857 -0.3139, 1.6519 2.1926 -0.3193, 1.6184 2.1994 -0.334, 1.5909 2.2055 -0.3559, 1.5696 2.2118 -0.3843, 1.5559 2.2186 -0.4183, 1.5515 2.2255 -0.4546, 1.5565 2.2316 -0.4895, 1.5701 2.2378 -0.5222, 1.5925 2.2447 -0.5512, 1.6216 2.2515 -0.5734, 1.6542 2.2576 -0.5868, 1.5712 1.4237 -0.3815, 1.593 1.4086 -0.3553, 1.5715 1.4148 -0.3831, 1.5919 1.4021 -0.3556, 1.5706 1.4082 -0.3836, 1.5895 1.3941 -0.3548, 1.568 1.4002 -0.3834, 1.5858 1.3865 -0.3526, 1.5639 1.3927 -0.3823, 1.5806 1.3794 -0.3488, 1.5579 1.3856 -0.3799, 1.5747 1.3742 -0.344, 1.551 1.3804 -0.3767, 1.5682 1.3708 -0.3381, 1.5432 1.377 -0.3727, 1.5612 1.3696 -0.3314, 1.5348 1.3758 -0.3679, 1.5551 1.3706 -0.3251, 1.5273 1.3768 -0.3634, 1.5493 1.3737 -0.3186, 1.52 1.3798 -0.3586, 1.5443 1.3787 -0.3127, 1.5137 1.3848 -0.3541, 1.5405 1.3852 -0.3075, 1.5087 1.3914 -0.3501, 1.5381 1.3927 -0.3037, 1.5054 1.3989 -0.3469, 1.537 1.4013 -0.3009, 1.5037 1.4075 -0.3445, 1.5376 1.4113 -0.2994, 1.5038 1.4174 -0.343, 1.5394 1.4193 -0.2996, 1.5056 1.4255 -0.3427, 1.5425 1.4271 -0.3011, 1.509 1.4333 -0.3434, 1.5471 1.4349 -0.3043, 1.5143 1.441 -0.3452, 1.5526 1.4408 -0.3085, 1.5206 1.4469 -0.348, 1.5588 1.4451 -0.3139, 1.528 1.4512 -0.3516, 1.5657 1.4473 -0.3203, 1.5363 1.4535 -0.3561, 1.5725 1.4473 -0.3271, 1.5446 1.4535 -0.361, 1.5792 1.4447 -0.3344, 1.553 1.4509 -0.3663, 1.5845 1.4403 -0.3405, 1.5596 1.4465 -0.3709, 1.5887 1.4342 -0.346, 1.565 1.4403 -0.3751, 1.5918 1.426 -0.3507, 1.5692 1.4322 -0.3789, 1.5931 1.4176 -0.3537, 1.5567 1.4306 -0.4151, 1.5541 1.4391 -0.4131, 1.5491 1.4472 -0.4105, 1.5428 1.4533 -0.4079, 1.5351 1.4577 -0.4052, 1.5257 1.4603 -0.4022, 1.5164 1.4604 -0.3997, 1.5073 1.4581 -0.3976, 1.4991 1.4538 -0.396, 1.4923 1.4479 -0.395, 1.4867 1.4402 -0.3946, 1.4833 1.4323 -0.3948, 1.4816 1.4243 -0.3955, 1.4819 1.4143 -0.3971, 1.4842 1.4057 -0.3989, 1.4882 1.3983 -0.4011, 1.4941 1.3917 -0.4037, 1.5013 1.3867 -0.4064, 1.5096 1.3836 -0.4091, 1.518 1.3827 -0.4115, 1.5274 1.3839 -0.4139, 1.536 1.3872 -0.4158, 1.5435 1.3924 -0.417, 1.5499 1.3995 -0.4177, 1.5541 1.4071 -0.4178, 1.5566 1.4151 -0.4173, 1.5574 1.4216 -0.4166, 1.5515 1.4375 -0.4513, 1.5485 1.4459 -0.4501, 1.543 1.4541 -0.4489, 1.5362 1.4602 -0.4481, 1.5281 1.4646 -0.4474, 1.5182 1.4672 -0.447, 1.5085 1.4672 -0.447, 1.4992 1.4649 -0.4473, 1.4909 1.4606 -0.4479, 1.4841 1.4547 -0.4488, 1.4786 1.447 -0.4498, 1.4754 1.4392 -0.4509, 1.4739 1.4311 -0.4521, 1.4746 1.4212 -0.4535, 1.4773 1.4126 -0.4547, 1.4817 1.4051 -0.4558, 1.4881 1.3985 -0.4567, 1.4958 1.3936 -0.4574, 1.5045 1.3905 -0.4579, 1.5132 1.3895 -0.458, 1.5229 1.3907 -0.4579, 1.5317 1.3941 -0.4574, 1.5393 1.3993 -0.4567, 1.5456 1.4064 -0.4557, 1.5497 1.4139 -0.4546, 1.552 1.422 -0.4535, 1.5526 1.4285 -0.4526, 1.5651 1.4086 -0.3275, 1.5651 1.4086 -0.3275
            ]
        }
        coordIndex [
            0,1,2,-1,0,2,3,-1,3,2,4,-1,3,4,5,-1,6,7,4,-1,4,7,8,-1,4,8,5,-1,9,10,11,-1,6,4,12,-1,12,4,13,-1,12,13,11,-1,11,13,14,-1,11,14,9,-1,15,16,17,-1,18,19,20,-1,21,0,3,-1,3,22,21,-1,21,22,23,-1,21,23,24,-1,24,23,25,-1,25,23,26,-1,26,23,27,-1,26,27,28,-1,29,30,31,-1,30,29,32,-1,32,29,33,-1,32,33,34,-1,35,36,37,-1,37,36,38,-1,37,38,39,-1,40,41,38,-1,38,41,42,-1,38,42,39,-1,43,44,45,-1,45,44,46,-1,47,48,49,-1,49,48,50,-1,49,50,51,-1,52,53,54,-1,53,55,54,-1,54,55,56,-1,54,56,57,-1,58,59,60,-1,60,59,61,-1,61,62,60,-1,60,62,63,-1,60,63,64,-1,65,66,67,-1,66,68,67,-1,67,68,69,-1,67,69,70,-1,71,72,73,-1,73,72,74,-1,19,18,75,-1,76,77,78,-1,78,77,79,-1,78,79,80,-1,81,82,83,-1,83,82,84,-1,83,84,85,-1,85,84,86,-1,87,88,89,-1,90,91,88,-1,88,91,92,-1,88,92,89,-1,1,93,94,-1,94,93,95,-1,94,95,96,-1,2,1,97,-1,97,1,94,-1,97,94,98,-1,98,94,96,-1,98,96,99,-1,99,96,100,-1,99,100,101,-1,101,100,102,-1,101,102,103,-1,103,102,104,-1,103,104,105,-1,105,104,106,-1,105,106,107,-1,107,106,108,-1,107,108,109,-1,109,108,110,-1,109,110,111,-1,111,110,112,-1,111,112,113,-1,113,112,114,-1,113,114,115,-1,115,114,116,-1,115,116,117,-1,117,116,118,-1,117,118,119,-1,119,118,120,-1,119,120,121,-1,121,120,122,-1,121,122,123,-1,123,122,124,-1,123,124,125,-1,125,124,126,-1,125,126,127,-1,127,126,128,-1,127,128,129,-1,129,128,130,-1,129,130,131,-1,131,130,132,-1,131,132,133,-1,133,132,134,-1,133,134,135,-1,135,134,136,-1,135,136,137,-1,137,136,138,-1,137,138,139,-1,139,138,140,-1,139,140,141,-1,141,140,142,-1,141,142,143,-1,143,142,144,-1,143,144,145,-1,145,144,146,-1,145,146,147,-1,147,146,148,-1,147,148,149,-1,149,148,150,-1,149,150,151,-1,151,150,152,-1,151,152,153,-1,153,152,154,-1,153,154,155,-1,155,154,156,-1,155,156,157,-1,157,156,158,-1,157,158,159,-1,159,158,160,-1,159,160,161,-1,161,160,162,-1,161,162,163,-1,163,162,164,-1,163,164,165,-1,165,164,166,-1,165,166,167,-1,167,166,168,-1,167,168,169,-1,169,168,170,-1,169,170,171,-1,171,170,172,-1,171,172,173,-1,173,172,174,-1,173,174,175,-1,175,174,176,-1,175,176,177,-1,177,176,178,-1,177,178,179,-1,179,178,180,-1,179,180,181,-1,181,180,182,-1,181,182,183,-1,183,182,184,-1,183,184,185,-1,185,184,186,-1,185,186,187,-1,187,186,188,-1,187,188,189,-1,189,188,190,-1,189,190,191,-1,191,190,192,-1,191,192,193,-1,193,192,194,-1,193,194,195,-1,195,194,196,-1,195,196,197,-1,197,196,198,-1,197,198,199,-1,199,198,200,-1,199,200,201,-1,201,200,202,-1,201,202,203,-1,203,202,204,-1,203,204,205,-1,205,204,206,-1,205,206,207,-1,207,206,208,-1,207,208,209,-1,209,208,210,-1,209,210,211,-1,211,210,212,-1,211,212,213,-1,213,212,214,-1,213,214,215,-1,215,214,216,-1,215,216,217,-1,217,216,218,-1,217,218,219,-1,219,218,220,-1,219,220,221,-1,221,220,222,-1,221,222,223,-1,223,222,224,-1,223,224,225,-1,225,224,226,-1,225,226,227,-1,227,226,228,-1,227,228,229,-1,229,228,230,-1,229,230,231,-1,231,230,232,-1,231,232,233,-1,233,232,234,-1,233,234,235,-1,235,234,236,-1,235,236,237,-1,237,236,238,-1,237,238,239,-1,239,238,240,-1,239,240,241,-1,241,240,242,-1,241,242,243,-1,243,242,244,-1,243,244,245,-1,245,244,246,-1,245,246,247,-1,247,246,248,-1,247,248,249,-1,249,248,250,-1,249,250,251,-1,251,250,252,-1,251,252,253,-1,253,252,254,-1,253,254,255,-1,255,254,256,-1,255,256,257,-1,257,256,258,-1,257,258,259,-1,259,258,260,-1,259,260,261,-1,261,260,262,-1,261,262,263,-1,263,262,264,-1,263,264,265,-1,265,264,266,-1,265,266,267,-1,267,266,268,-1,267,268,269,-1,269,268,270,-1,269,270,271,-1,271,270,272,-1,271,272,273,-1,273,272,274,-1,273,274,275,-1,275,274,276,-1,275,276,277,-1,277,276,278,-1,277,278,279,-1,279,278,280,-1,279,280,281,-1,281,280,282,-1,281,282,283,-1,283,282,284,-1,283,284,285,-1,285,284,286,-1,285,286,287,-1,287,286,288,-1,287,288,289,-1,289,288,290,-1,289,290,291,-1,291,290,292,-1,291,292,293,-1,293,292,294,-1,293,294,295,-1,295,294,296,-1,295,296,297,-1,297,296,298,-1,297,298,299,-1,299,298,300,-1,299,300,301,-1,301,300,302,-1,301,302,303,-1,303,302,304,-1,303,304,305,-1,305,304,306,-1,305,306,307,-1,307,306,308,-1,307,308,309,-1,309,308,310,-1,309,310,311,-1,311,310,312,-1,311,312,313,-1,313,312,314,-1,313,314,315,-1,315,314,316,-1,315,316,317,-1,317,316,318,-1,317,318,319,-1,319,318,320,-1,319,320,321,-1,321,320,322,-1,321,322,323,-1,323,322,324,-1,323,324,325,-1,325,324,326,-1,325,326,327,-1,327,326,328,-1,327,328,329,-1,329,328,330,-1,329,330,331,-1,331,330,332,-1,331,332,333,-1,333,332,334,-1,333,334,335,-1,335,334,336,-1,335,336,337,-1,337,336,338,-1,337,338,339,-1,339,338,340,-1,339,340,341,-1,341,340,342,-1,341,342,343,-1,343,342,344,-1,343,344,345,-1,345,344,346,-1,345,346,347,-1,347,346,348,-1,347,348,349,-1,349,348,15,-1,4,2,350,-1,350,2,97,-1,350,97,351,-1,351,97,98,-1,351,98,352,-1,352,98,99,-1,352,99,353,-1,353,99,101,-1,353,101,354,-1,354,101,103,-1,354,103,355,-1,355,103,105,-1,355,105,356,-1,356,105,107,-1,356,107,357,-1,357,107,109,-1,357,109,358,-1,358,109,111,-1,358,111,359,-1,359,111,113,-1,359,113,360,-1,360,113,115,-1,360,115,361,-1,361,115,117,-1,361,117,362,-1,362,117,119,-1,362,119,363,-1,363,119,121,-1,363,121,364,-1,364,121,123,-1,364,123,365,-1,365,123,125,-1,365,125,366,-1,366,125,127,-1,366,127,367,-1,367,127,129,-1,367,129,368,-1,368,129,131,-1,368,131,369,-1,369,131,133,-1,369,133,370,-1,370,133,135,-1,370,135,371,-1,371,135,137,-1,371,137,372,-1,372,137,139,-1,372,139,373,-1,373,139,141,-1,373,141,374,-1,374,141,143,-1,374,143,375,-1,375,143,145,-1,375,145,376,-1,376,145,147,-1,376,147,377,-1,377,147,149,-1,377,149,378,-1,378,149,151,-1,378,151,379,-1,379,151,153,-1,379,153,380,-1,380,153,155,-1,380,155,381,-1,381,155,157,-1,381,157,382,-1,382,157,159,-1,382,159,383,-1,383,159,161,-1,383,161,384,-1,384,161,163,-1,384,163,385,-1,385,163,165,-1,385,165,386,-1,386,165,167,-1,386,167,387,-1,387,167,169,-1,387,169,388,-1,388,169,171,-1,388,171,389,-1,389,171,173,-1,389,173,390,-1,390,173,175,-1,390,175,391,-1,391,175,177,-1,391,177,392,-1,392,177,179,-1,392,179,393,-1,393,179,181,-1,393,181,394,-1,394,181,183,-1,394,183,395,-1,395,183,185,-1,395,185,396,-1,396,185,187,-1,396,187,397,-1,397,187,189,-1,397,189,398,-1,398,189,191,-1,398,191,399,-1,399,191,193,-1,399,193,400,-1,400,193,195,-1,400,195,401,-1,401,195,197,-1,401,197,402,-1,402,197,199,-1,402,199,403,-1,403,199,201,-1,403,201,404,-1,404,201,203,-1,404,203,405,-1,405,203,205,-1,405,205,406,-1,406,205,207,-1,406,207,407,-1,407,207,209,-1,407,209,408,-1,408,209,211,-1,408,211,409,-1,409,211,213,-1,409,213,410,-1,410,213,215,-1,410,215,411,-1,411,215,217,-1,411,217,412,-1,412,217,219,-1,412,219,413,-1,413,219,221,-1,413,221,414,-1,414,221,223,-1,414,223,415,-1,415,223,225,-1,415,225,416,-1,416,225,227,-1,416,227,417,-1,417,227,229,-1,417,229,418,-1,418,229,231,-1,418,231,419,-1,419,231,233,-1,419,233,420,-1,420,233,235,-1,420,235,421,-1,421,235,237,-1,421,237,422,-1,422,237,239,-1,422,239,423,-1,423,239,241,-1,423,241,424,-1,424,241,243,-1,424,243,425,-1,425,243,245,-1,425,245,426,-1,426,245,247,-1,426,247,427,-1,427,247,249,-1,427,249,428,-1,428,249,251,-1,428,251,429,-1,429,251,253,-1,429,253,430,-1,430,253,255,-1,430,255,431,-1,431,255,257,-1,431,257,432,-1,432,257,259,-1,432,259,433,-1,433,259,261,-1,433,261,434,-1,434,261,263,-1,434,263,435,-1,435,263,265,-1,435,265,436,-1,436,265,267,-1,436,267,437,-1,437,267,269,-1,437,269,438,-1,438,269,271,-1,438,271,439,-1,439,271,273,-1,439,273,440,-1,440,273,275,-1,440,275,441,-1,441,275,277,-1,441,277,442,-1,442,277,279,-1,442,279,443,-1,443,279,281,-1,443,281,444,-1,444,281,283,-1,444,283,445,-1,445,283,285,-1,445,285,446,-1,446,285,287,-1,446,287,447,-1,447,287,289,-1,447,289,448,-1,448,289,291,-1,448,291,449,-1,449,291,293,-1,449,293,450,-1,450,293,295,-1,450,295,451,-1,451,295,297,-1,451,297,452,-1,452,297,299,-1,452,299,453,-1,453,299,301,-1,453,301,454,-1,454,301,303,-1,454,303,455,-1,455,303,305,-1,455,305,456,-1,456,305,307,-1,456,307,457,-1,457,307,309,-1,457,309,458,-1,458,309,311,-1,458,311,459,-1,459,311,313,-1,459,313,460,-1,460,313,315,-1,460,315,461,-1,461,315,317,-1,461,317,462,-1,462,317,319,-1,462,319,463,-1,463,319,321,-1,463,321,464,-1,464,321,323,-1,464,323,465,-1,465,323,325,-1,465,325,466,-1,466,325,327,-1,466,327,467,-1,467,327,329,-1,467,329,468,-1,468,329,331,-1,468,331,469,-1,469,331,333,-1,469,333,470,-1,470,333,335,-1,470,335,471,-1,471,335,337,-1,471,337,472,-1,472,337,339,-1,472,339,473,-1,473,339,341,-1,473,341,474,-1,474,341,343,-1,474,343,475,-1,475,343,345,-1,475,345,476,-1,476,345,347,-1,476,347,477,-1,477,347,349,-1,13,4,478,-1,478,4,350,-1,478,350,479,-1,479,350,351,-1,479,351,480,-1,480,351,352,-1,480,352,481,-1,481,352,353,-1,481,353,482,-1,482,353,354,-1,482,354,483,-1,483,354,355,-1,483,355,484,-1,484,355,356,-1,484,356,485,-1,485,356,357,-1,485,357,486,-1,486,357,358,-1,486,358,487,-1,487,358,359,-1,487,359,488,-1,488,359,360,-1,488,360,489,-1,489,360,361,-1,489,361,490,-1,490,361,362,-1,490,362,491,-1,491,362,363,-1,491,363,492,-1,492,363,364,-1,492,364,493,-1,493,364,365,-1,493,365,494,-1,494,365,366,-1,494,366,495,-1,495,366,367,-1,495,367,496,-1,496,367,368,-1,496,368,497,-1,497,368,369,-1,497,369,498,-1,498,369,370,-1,498,370,499,-1,499,370,371,-1,499,371,500,-1,500,371,372,-1,500,372,501,-1,501,372,373,-1,501,373,502,-1,502,373,374,-1,502,374,503,-1,503,374,375,-1,503,375,504,-1,504,375,376,-1,504,376,505,-1,505,376,377,-1,505,377,506,-1,506,377,378,-1,506,378,507,-1,507,378,379,-1,507,379,508,-1,508,379,380,-1,508,380,509,-1,509,380,381,-1,509,381,510,-1,510,381,382,-1,510,382,511,-1,511,382,383,-1,511,383,512,-1,512,383,384,-1,512,384,513,-1,513,384,385,-1,513,385,514,-1,514,385,386,-1,514,386,515,-1,515,386,387,-1,515,387,516,-1,516,387,388,-1,516,388,517,-1,517,388,389,-1,517,389,518,-1,518,389,390,-1,518,390,519,-1,519,390,391,-1,519,391,520,-1,520,391,392,-1,520,392,521,-1,521,392,393,-1,521,393,522,-1,522,393,394,-1,522,394,523,-1,523,394,395,-1,523,395,524,-1,524,395,396,-1,524,396,525,-1,525,396,397,-1,525,397,526,-1,526,397,398,-1,526,398,527,-1,527,398,399,-1,527,399,528,-1,528,399,400,-1,528,400,529,-1,529,400,401,-1,529,401,530,-1,530,401,402,-1,530,402,531,-1,531,402,403,-1,531,403,532,-1,532,403,404,-1,532,404,533,-1,533,404,405,-1,533,405,534,-1,534,405,406,-1,534,406,535,-1,535,406,407,-1,535,407,536,-1,536,407,408,-1,536,408,537,-1,537,408,409,-1,537,409,538,-1,538,409,410,-1,538,410,539,-1,539,410,411,-1,539,411,540,-1,540,411,412,-1,540,412,541,-1,541,412,413,-1,541,413,542,-1,542,413,414,-1,542,414,543,-1,543,414,415,-1,543,415,544,-1,544,415,416,-1,544,416,545,-1,545,416,417,-1,545,417,546,-1,546,417,418,-1,546,418,547,-1,547,418,419,-1,547,419,548,-1,548,419,420,-1,548,420,549,-1,549,420,421,-1,549,421,550,-1,550,421,422,-1,550,422,551,-1,551,422,423,-1,551,423,552,-1,552,423,424,-1,552,424,553,-1,553,424,425,-1,553,425,554,-1,554,425,426,-1,554,426,555,-1,555,426,427,-1,555,427,556,-1,556,427,428,-1,556,428,557,-1,557,428,429,-1,557,429,558,-1,558,429,430,-1,558,430,559,-1,559,430,431,-1,559,431,560,-1,560,431,432,-1,560,432,561,-1,561,432,433,-1,561,433,562,-1,562,433,434,-1,562,434,563,-1,563,434,435,-1,563,435,564,-1,564,435,436,-1,564,436,565,-1,565,436,437,-1,565,437,566,-1,566,437,438,-1,566,438,567,-1,567,438,439,-1,567,439,568,-1,568,439,440,-1,568,440,569,-1,569,440,441,-1,569,441,570,-1,570,441,442,-1,570,442,571,-1,571,442,443,-1,571,443,572,-1,572,443,444,-1,572,444,573,-1,573,444,445,-1,573,445,574,-1,574,445,446,-1,574,446,575,-1,575,446,447,-1,575,447,576,-1,576,447,448,-1,576,448,577,-1,577,448,449,-1,577,449,578,-1,578,449,450,-1,578,450,579,-1,579,450,451,-1,579,451,580,-1,580,451,452,-1,580,452,581,-1,581,452,453,-1,581,453,582,-1,582,453,454,-1,582,454,583,-1,583,454,455,-1,583,455,584,-1,584,455,456,-1,584,456,585,-1,585,456,457,-1,585,457,586,-1,586,457,458,-1,586,458,587,-1,587,458,459,-1,587,459,588,-1,588,459,460,-1,588,460,589,-1,589,460,461,-1,589,461,590,-1,590,461,462,-1,590,462,591,-1,591,462,463,-1,591,463,592,-1,592,463,464,-1,592,464,593,-1,593,464,465,-1,593,465,594,-1,594,465,466,-1,594,466,595,-1,595,466,467,-1,595,467,596,-1,596,467,468,-1,596,468,597,-1,597,468,469,-1,597,469,598,-1,598,469,470,-1,598,470,599,-1,599,470,471,-1,599,471,600,-1,600,471,472,-1,600,472,601,-1,601,472,473,-1,601,473,602,-1,602,473,474,-1,602,474,603,-1,603,474,475,-1,603,475,604,-1,604,475,476,-1,604,476,605,-1,605,476,477,-1,14,13,606,-1,606,13,478,-1,606,478,607,-1,607,478,479,-1,607,479,608,-1,608,479,480,-1,608,480,609,-1,609,480,481,-1,609,481,610,-1,610,481,482,-1,610,482,611,-1,611,482,483,-1,611,483,612,-1,612,483,484,-1,612,484,613,-1,613,484,485,-1,613,485,614,-1,614,485,486,-1,614,486,615,-1,615,486,487,-1,615,487,616,-1,616,487,488,-1,616,488,617,-1,617,488,489,-1,617,489,618,-1,618,489,490,-1,618,490,619,-1,619,490,491,-1,619,491,620,-1,620,491,492,-1,620,492,621,-1,621,492,493,-1,621,493,622,-1,622,493,494,-1,622,494,623,-1,623,494,495,-1,623,495,624,-1,624,495,496,-1,624,496,625,-1,625,496,497,-1,625,497,626,-1,626,497,498,-1,626,498,627,-1,627,498,499,-1,627,499,628,-1,628,499,500,-1,628,500,629,-1,629,500,501,-1,629,501,630,-1,630,501,502,-1,630,502,631,-1,631,502,503,-1,631,503,632,-1,632,503,504,-1,632,504,633,-1,633,504,505,-1,633,505,634,-1,634,505,506,-1,634,506,635,-1,635,506,507,-1,635,507,636,-1,636,507,508,-1,636,508,637,-1,637,508,509,-1,637,509,638,-1,638,509,510,-1,638,510,639,-1,639,510,511,-1,639,511,640,-1,640,511,512,-1,640,512,641,-1,641,512,513,-1,641,513,642,-1,642,513,514,-1,642,514,643,-1,643,514,515,-1,643,515,644,-1,644,515,516,-1,644,516,645,-1,645,516,517,-1,645,517,646,-1,646,517,518,-1,646,518,647,-1,647,518,519,-1,647,519,648,-1,648,519,520,-1,648,520,649,-1,649,520,521,-1,649,521,650,-1,650,521,522,-1,650,522,651,-1,651,522,523,-1,651,523,652,-1,652,523,524,-1,652,524,653,-1,653,524,525,-1,653,525,654,-1,654,525,526,-1,654,526,655,-1,655,526,527,-1,655,527,656,-1,656,527,528,-1,656,528,657,-1,657,528,529,-1,657,529,658,-1,658,529,530,-1,658,530,659,-1,659,530,531,-1,659,531,660,-1,660,531,532,-1,660,532,661,-1,661,532,533,-1,661,533,662,-1,662,533,534,-1,662,534,663,-1,663,534,535,-1,663,535,664,-1,664,535,536,-1,664,536,665,-1,665,536,537,-1,665,537,666,-1,666,537,538,-1,666,538,667,-1,667,538,539,-1,667,539,668,-1,668,539,540,-1,668,540,669,-1,669,540,541,-1,669,541,670,-1,670,541,542,-1,670,542,671,-1,671,542,543,-1,671,543,672,-1,672,543,544,-1,672,544,673,-1,673,544,545,-1,673,545,674,-1,674,545,546,-1,674,546,675,-1,675,546,547,-1,675,547,676,-1,676,547,548,-1,676,548,677,-1,677,548,549,-1,677,549,678,-1,678,549,550,-1,678,550,679,-1,679,550,551,-1,679,551,680,-1,680,551,552,-1,680,552,681,-1,681,552,553,-1,681,553,682,-1,682,553,554,-1,682,554,683,-1,683,554,555,-1,683,555,684,-1,684,555,556,-1,684,556,685,-1,685,556,557,-1,685,557,686,-1,686,557,558,-1,686,558,687,-1,687,558,559,-1,687,559,688,-1,688,559,560,-1,688,560,689,-1,689,560,561,-1,689,561,690,-1,690,561,562,-1,690,562,691,-1,691,562,563,-1,691,563,692,-1,692,563,564,-1,692,564,693,-1,693,564,565,-1,693,565,694,-1,694,565,566,-1,694,566,695,-1,695,566,567,-1,695,567,696,-1,696,567,568,-1,696,568,697,-1,697,568,569,-1,697,569,698,-1,698,569,570,-1,698,570,699,-1,699,570,571,-1,699,571,700,-1,700,571,572,-1,700,572,701,-1,701,572,573,-1,701,573,702,-1,702,573,574,-1,702,574,703,-1,703,574,575,-1,703,575,704,-1,704,575,576,-1,704,576,705,-1,705,576,577,-1,705,577,706,-1,706,577,578,-1,706,578,707,-1,707,578,579,-1,707,579,708,-1,708,579,580,-1,708,580,709,-1,709,580,581,-1,709,581,710,-1,710,581,582,-1,710,582,711,-1,711,582,583,-1,711,583,712,-1,712,583,584,-1,712,584,713,-1,713,584,585,-1,713,585,714,-1,714,585,586,-1,714,586,715,-1,715,586,587,-1,715,587,716,-1,716,587,588,-1,716,588,717,-1,717,588,589,-1,717,589,718,-1,718,589,590,-1,718,590,719,-1,719,590,591,-1,719,591,720,-1,720,591,592,-1,720,592,721,-1,721,592,593,-1,721,593,722,-1,722,593,594,-1,722,594,723,-1,723,594,595,-1,723,595,724,-1,724,595,596,-1,724,596,725,-1,725,596,597,-1,725,597,726,-1,726,597,598,-1,726,598,727,-1,727,598,599,-1,727,599,728,-1,728,599,600,-1,728,600,729,-1,729,600,601,-1,729,601,730,-1,730,601,602,-1,730,602,731,-1,731,602,603,-1,731,603,732,-1,732,603,604,-1,732,604,733,-1,733,604,605,-1,9,14,734,-1,734,14,606,-1,734,606,735,-1,735,606,607,-1,735,607,736,-1,736,607,608,-1,736,608,737,-1,737,608,609,-1,737,609,738,-1,738,609,610,-1,738,610,739,-1,739,610,611,-1,739,611,740,-1,740,611,612,-1,740,612,741,-1,741,612,613,-1,741,613,742,-1,742,613,614,-1,742,614,743,-1,743,614,615,-1,743,615,744,-1,744,615,616,-1,744,616,745,-1,745,616,617,-1,745,617,746,-1,746,617,618,-1,746,618,747,-1,747,618,619,-1,747,619,748,-1,748,619,620,-1,748,620,749,-1,749,620,621,-1,749,621,750,-1,750,621,622,-1,750,622,751,-1,751,622,623,-1,751,623,752,-1,752,623,624,-1,752,624,753,-1,753,624,625,-1,753,625,754,-1,754,625,626,-1,754,626,755,-1,755,626,627,-1,755,627,756,-1,756,627,628,-1,756,628,757,-1,757,628,629,-1,757,629,758,-1,758,629,630,-1,758,630,759,-1,759,630,631,-1,759,631,760,-1,760,631,632,-1,760,632,761,-1,761,632,633,-1,761,633,762,-1,762,633,634,-1,762,634,763,-1,763,634,635,-1,763,635,764,-1,764,635,636,-1,764,636,765,-1,765,636,637,-1,765,637,766,-1,766,637,638,-1,766,638,767,-1,767,638,639,-1,767,639,768,-1,768,639,640,-1,768,640,769,-1,769,640,641,-1,769,641,770,-1,770,641,642,-1,770,642,771,-1,771,642,643,-1,771,643,772,-1,772,643,644,-1,772,644,773,-1,773,644,645,-1,773,645,774,-1,774,645,646,-1,774,646,775,-1,775,646,647,-1,775,647,776,-1,776,647,648,-1,776,648,777,-1,777,648,649,-1,777,649,778,-1,778,649,650,-1,778,650,779,-1,779,650,651,-1,779,651,780,-1,780,651,652,-1,780,652,781,-1,781,652,653,-1,781,653,782,-1,782,653,654,-1,782,654,783,-1,783,654,655,-1,783,655,784,-1,784,655,656,-1,784,656,785,-1,785,656,657,-1,785,657,786,-1,786,657,658,-1,786,658,787,-1,787,658,659,-1,787,659,788,-1,788,659,660,-1,788,660,789,-1,789,660,661,-1,789,661,790,-1,790,661,662,-1,790,662,791,-1,791,662,663,-1,791,663,792,-1,792,663,664,-1,792,664,793,-1,793,664,665,-1,793,665,794,-1,794,665,666,-1,794,666,795,-1,795,666,667,-1,795,667,796,-1,796,667,668,-1,796,668,797,-1,797,668,669,-1,797,669,798,-1,798,669,670,-1,798,670,799,-1,799,670,671,-1,799,671,800,-1,800,671,672,-1,800,672,801,-1,801,672,673,-1,801,673,802,-1,802,673,674,-1,802,674,803,-1,803,674,675,-1,803,675,804,-1,804,675,676,-1,804,676,805,-1,805,676,677,-1,805,677,806,-1,806,677,678,-1,806,678,807,-1,807,678,679,-1,807,679,808,-1,808,679,680,-1,808,680,809,-1,809,680,681,-1,809,681,810,-1,810,681,682,-1,810,682,811,-1,811,682,683,-1,811,683,812,-1,812,683,684,-1,812,684,813,-1,813,684,685,-1,813,685,814,-1,814,685,686,-1,814,686,815,-1,815,686,687,-1,815,687,816,-1,816,687,688,-1,816,688,817,-1,817,688,689,-1,817,689,818,-1,818,689,690,-1,818,690,819,-1,819,690,691,-1,819,691,820,-1,820,691,692,-1,820,692,821,-1,821,692,693,-1,821,693,822,-1,822,693,694,-1,822,694,823,-1,823,694,695,-1,823,695,824,-1,824,695,696,-1,824,696,825,-1,825,696,697,-1,825,697,826,-1,826,697,698,-1,826,698,827,-1,827,698,699,-1,827,699,828,-1,828,699,700,-1,828,700,829,-1,829,700,701,-1,829,701,830,-1,830,701,702,-1,830,702,831,-1,831,702,703,-1,831,703,832,-1,832,703,704,-1,832,704,833,-1,833,704,705,-1,833,705,834,-1,834,705,706,-1,834,706,835,-1,835,706,707,-1,835,707,836,-1,836,707,708,-1,836,708,837,-1,837,708,709,-1,837,709,838,-1,838,709,710,-1,838,710,839,-1,839,710,711,-1,839,711,840,-1,840,711,712,-1,840,712,841,-1,841,712,713,-1,841,713,842,-1,842,713,714,-1,842,714,843,-1,843,714,715,-1,843,715,844,-1,844,715,716,-1,844,716,845,-1,845,716,717,-1,845,717,846,-1,846,717,718,-1,846,718,847,-1,847,718,719,-1,847,719,848,-1,848,719,720,-1,848,720,849,-1,849,720,721,-1,849,721,850,-1,850,721,722,-1,850,722,851,-1,851,722,723,-1,851,723,852,-1,852,723,724,-1,852,724,853,-1,853,724,725,-1,853,725,854,-1,854,725,726,-1,854,726,855,-1,855,726,727,-1,855,727,856,-1,856,727,728,-1,856,728,857,-1,857,728,729,-1,857,729,858,-1,858,729,730,-1,858,730,859,-1,859,730,731,-1,859,731,860,-1,860,731,732,-1,860,732,861,-1,861,732,733,-1,10,9,862,-1,862,9,734,-1,862,734,863,-1,863,734,735,-1,863,735,864,-1,864,735,736,-1,864,736,865,-1,865,736,737,-1,865,737,866,-1,866,737,738,-1,866,738,867,-1,867,738,739,-1,867,739,868,-1,868,739,740,-1,868,740,869,-1,869,740,741,-1,869,741,870,-1,870,741,742,-1,870,742,871,-1,871,742,743,-1,871,743,872,-1,872,743,744,-1,872,744,873,-1,873,744,745,-1,873,745,874,-1,874,745,746,-1,874,746,875,-1,875,746,747,-1,875,747,876,-1,876,747,748,-1,876,748,877,-1,877,748,749,-1,877,749,878,-1,878,749,750,-1,878,750,879,-1,879,750,751,-1,879,751,880,-1,880,751,752,-1,880,752,881,-1,881,752,753,-1,881,753,882,-1,882,753,754,-1,882,754,883,-1,883,754,755,-1,883,755,884,-1,884,755,756,-1,884,756,885,-1,885,756,757,-1,885,757,886,-1,886,757,758,-1,886,758,887,-1,887,758,759,-1,887,759,888,-1,888,759,760,-1,888,760,889,-1,889,760,761,-1,889,761,890,-1,890,761,762,-1,890,762,891,-1,891,762,763,-1,891,763,892,-1,892,763,764,-1,892,764,893,-1,893,764,765,-1,893,765,894,-1,894,765,766,-1,894,766,895,-1,895,766,767,-1,895,767,896,-1,896,767,768,-1,896,768,897,-1,897,768,769,-1,897,769,898,-1,898,769,770,-1,898,770,899,-1,899,770,771,-1,899,771,900,-1,900,771,772,-1,900,772,901,-1,901,772,773,-1,901,773,902,-1,902,773,774,-1,902,774,903,-1,903,774,775,-1,903,775,904,-1,904,775,776,-1,904,776,905,-1,905,776,777,-1,905,777,906,-1,906,777,778,-1,906,778,907,-1,907,778,779,-1,907,779,908,-1,908,779,780,-1,908,780,909,-1,909,780,781,-1,909,781,910,-1,910,781,782,-1,910,782,911,-1,911,782,783,-1,911,783,912,-1,912,783,784,-1,912,784,913,-1,913,784,785,-1,913,785,914,-1,914,785,786,-1,914,786,915,-1,915,786,787,-1,915,787,916,-1,916,787,788,-1,916,788,917,-1,917,788,789,-1,917,789,918,-1,918,789,790,-1,918,790,919,-1,919,790,791,-1,919,791,920,-1,920,791,792,-1,920,792,921,-1,921,792,793,-1,921,793,922,-1,922,793,794,-1,922,794,923,-1,923,794,795,-1,923,795,924,-1,924,795,796,-1,924,796,925,-1,925,796,797,-1,925,797,926,-1,926,797,798,-1,926,798,927,-1,927,798,799,-1,927,799,928,-1,928,799,800,-1,928,800,929,-1,929,800,801,-1,929,801,930,-1,930,801,802,-1,930,802,931,-1,931,802,803,-1,931,803,932,-1,932,803,804,-1,932,804,933,-1,933,804,805,-1,933,805,934,-1,934,805,806,-1,934,806,935,-1,935,806,807,-1,935,807,936,-1,936,807,808,-1,936,808,937,-1,937,808,809,-1,937,809,938,-1,938,809,810,-1,938,810,939,-1,939,810,811,-1,939,811,940,-1,940,811,812,-1,940,812,941,-1,941,812,813,-1,941,813,942,-1,942,813,814,-1,942,814,943,-1,943,814,815,-1,943,815,944,-1,944,815,816,-1,944,816,945,-1,945,816,817,-1,945,817,946,-1,946,817,818,-1,946,818,947,-1,947,818,819,-1,947,819,948,-1,948,819,820,-1,948,820,949,-1,949,820,821,-1,949,821,950,-1,950,821,822,-1,950,822,951,-1,951,822,823,-1,951,823,952,-1,952,823,824,-1,952,824,953,-1,953,824,825,-1,953,825,954,-1,954,825,826,-1,954,826,955,-1,955,826,827,-1,955,827,956,-1,956,827,828,-1,956,828,957,-1,957,828,829,-1,957,829,958,-1,958,829,830,-1,958,830,959,-1,959,830,831,-1,959,831,960,-1,960,831,832,-1,960,832,961,-1,961,832,833,-1,961,833,962,-1,962,833,834,-1,962,834,963,-1,963,834,835,-1,963,835,964,-1,964,835,836,-1,964,836,965,-1,965,836,837,-1,965,837,966,-1,966,837,838,-1,966,838,967,-1,967,838,839,-1,967,839,968,-1,968,839,840,-1,968,840,969,-1,969,840,841,-1,969,841,970,-1,970,841,842,-1,970,842,971,-1,971,842,843,-1,971,843,972,-1,972,843,844,-1,972,844,973,-1,973,844,845,-1,973,845,974,-1,974,845,846,-1,974,846,975,-1,975,846,847,-1,975,847,976,-1,976,847,848,-1,976,848,977,-1,977,848,849,-1,977,849,978,-1,978,849,850,-1,978,850,979,-1,979,850,851,-1,979,851,980,-1,980,851,852,-1,980,852,981,-1,981,852,853,-1,981,853,982,-1,982,853,854,-1,982,854,983,-1,983,854,855,-1,983,855,984,-1,984,855,856,-1,984,856,985,-1,985,856,857,-1,985,857,986,-1,986,857,858,-1,986,858,987,-1,987,858,859,-1,987,859,988,-1,988,859,860,-1,988,860,989,-1,989,860,861,-1,11,10,990,-1,990,10,862,-1,990,862,991,-1,991,862,863,-1,991,863,992,-1,992,863,864,-1,992,864,993,-1,993,864,865,-1,993,865,994,-1,994,865,866,-1,994,866,995,-1,995,866,867,-1,995,867,996,-1,996,867,868,-1,996,868,997,-1,997,868,869,-1,997,869,998,-1,998,869,870,-1,998,870,999,-1,999,870,871,-1,999,871,1000,-1,1000,871,872,-1,1000,872,1001,-1,1001,872,873,-1,1001,873,1002,-1,1002,873,874,-1,1002,874,1003,-1,1003,874,875,-1,1003,875,1004,-1,1004,875,876,-1,1004,876,1005,-1,1005,876,877,-1,1005,877,1006,-1,1006,877,878,-1,1006,878,1007,-1,1007,878,879,-1,1007,879,1008,-1,1008,879,880,-1,1008,880,1009,-1,1009,880,881,-1,1009,881,1010,-1,1010,881,882,-1,1010,882,1011,-1,1011,882,883,-1,1011,883,1012,-1,1012,883,884,-1,1012,884,1013,-1,1013,884,885,-1,1013,885,1014,-1,1014,885,886,-1,1014,886,1015,-1,1015,886,887,-1,1015,887,1016,-1,1016,887,888,-1,1016,888,1017,-1,1017,888,889,-1,1017,889,1018,-1,1018,889,890,-1,1018,890,1019,-1,1019,890,891,-1,1019,891,1020,-1,1020,891,892,-1,1020,892,1021,-1,1021,892,893,-1,1021,893,1022,-1,1022,893,894,-1,1022,894,1023,-1,1023,894,895,-1,1023,895,1024,-1,1024,895,896,-1,1024,896,1025,-1,1025,896,897,-1,1025,897,1026,-1,1026,897,898,-1,1026,898,1027,-1,1027,898,899,-1,1027,899,1028,-1,1028,899,900,-1,1028,900,1029,-1,1029,900,901,-1,1029,901,1030,-1,1030,901,902,-1,1030,902,1031,-1,1031,902,903,-1,1031,903,1032,-1,1032,903,904,-1,1032,904,1033,-1,1033,904,905,-1,1033,905,1034,-1,1034,905,906,-1,1034,906,1035,-1,1035,906,907,-1,1035,907,1036,-1,1036,907,908,-1,1036,908,1037,-1,1037,908,909,-1,1037,909,1038,-1,1038,909,910,-1,1038,910,1039,-1,1039,910,911,-1,1039,911,1040,-1,1040,911,912,-1,1040,912,1041,-1,1041,912,913,-1,1041,913,1042,-1,1042,913,914,-1,1042,914,1043,-1,1043,914,915,-1,1043,915,1044,-1,1044,915,916,-1,1044,916,1045,-1,1045,916,917,-1,1045,917,1046,-1,1046,917,918,-1,1046,918,1047,-1,1047,918,919,-1,1047,919,1048,-1,1048,919,920,-1,1048,920,1049,-1,1049,920,921,-1,1049,921,1050,-1,1050,921,922,-1,1050,922,1051,-1,1051,922,923,-1,1051,923,1052,-1,1052,923,924,-1,1052,924,1053,-1,1053,924,925,-1,1053,925,1054,-1,1054,925,926,-1,1054,926,1055,-1,1055,926,927,-1,1055,927,1056,-1,1056,927,928,-1,1056,928,1057,-1,1057,928,929,-1,1057,929,1058,-1,1058,929,930,-1,1058,930,1059,-1,1059,930,931,-1,1059,931,1060,-1,1060,931,932,-1,1060,932,1061,-1,1061,932,933,-1,1061,933,1062,-1,1062,933,934,-1,1062,934,1063,-1,1063,934,935,-1,1063,935,1064,-1,1064,935,936,-1,1064,936,1065,-1,1065,936,937,-1,1065,937,1066,-1,1066,937,938,-1,1066,938,1067,-1,1067,938,939,-1,1067,939,1068,-1,1068,939,940,-1,1068,940,1069,-1,1069,940,941,-1,1069,941,1070,-1,1070,941,942,-1,1070,942,1071,-1,1071,942,943,-1,1071,943,1072,-1,1072,943,944,-1,1072,944,1073,-1,1073,944,945,-1,1073,945,1074,-1,1074,945,946,-1,1074,946,1075,-1,1075,946,947,-1,1075,947,1076,-1,1076,947,948,-1,1076,948,1077,-1,1077,948,949,-1,1077,949,1078,-1,1078,949,950,-1,1078,950,1079,-1,1079,950,951,-1,1079,951,1080,-1,1080,951,952,-1,1080,952,1081,-1,1081,952,953,-1,1081,953,1082,-1,1082,953,954,-1,1082,954,1083,-1,1083,954,955,-1,1083,955,1084,-1,1084,955,956,-1,1084,956,1085,-1,1085,956,957,-1,1085,957,1086,-1,1086,957,958,-1,1086,958,1087,-1,1087,958,959,-1,1087,959,1088,-1,1088,959,960,-1,1088,960,1089,-1,1089,960,961,-1,1089,961,1090,-1,1090,961,962,-1,1090,962,1091,-1,1091,962,963,-1,1091,963,1092,-1,1092,963,964,-1,1092,964,1093,-1,1093,964,965,-1,1093,965,1094,-1,1094,965,966,-1,1094,966,1095,-1,1095,966,967,-1,1095,967,1096,-1,1096,967,968,-1,1096,968,1097,-1,1097,968,969,-1,1097,969,1098,-1,1098,969,970,-1,1098,970,1099,-1,1099,970,971,-1,1099,971,1100,-1,1100,971,972,-1,1100,972,1101,-1,1101,972,973,-1,1101,973,1102,-1,1102,973,974,-1,1102,974,1103,-1,1103,974,975,-1,1103,975,1104,-1,1104,975,976,-1,1104,976,1105,-1,1105,976,977,-1,1105,977,1106,-1,1106,977,978,-1,1106,978,1107,-1,1107,978,979,-1,1107,979,1108,-1,1108,979,980,-1,1108,980,1109,-1,1109,980,981,-1,1109,981,1110,-1,1110,981,982,-1,1110,982,1111,-1,1111,982,983,-1,1111,983,1112,-1,1112,983,984,-1,1112,984,1113,-1,1113,984,985,-1,1113,985,1114,-1,1114,985,986,-1,1114,986,1115,-1,1115,986,987,-1,1115,987,1116,-1,1116,987,988,-1,1116,988,1117,-1,1117,988,989,-1,12,11,1118,-1,1118,11,990,-1,1118,990,1119,-1,1119,990,991,-1,1119,991,1120,-1,1120,991,992,-1,1120,992,1121,-1,1121,992,993,-1,1121,993,1122,-1,1122,993,994,-1,1122,994,1123,-1,1123,994,995,-1,1123,995,1124,-1,1124,995,996,-1,1124,996,1125,-1,1125,996,997,-1,1125,997,1126,-1,1126,997,998,-1,1126,998,1127,-1,1127,998,999,-1,1127,999,1128,-1,1128,999,1000,-1,1128,1000,1129,-1,1129,1000,1001,-1,1129,1001,1130,-1,1130,1001,1002,-1,1130,1002,1131,-1,1131,1002,1003,-1,1131,1003,1132,-1,1132,1003,1004,-1,1132,1004,1133,-1,1133,1004,1005,-1,1133,1005,1134,-1,1134,1005,1006,-1,1134,1006,1135,-1,1135,1006,1007,-1,1135,1007,1136,-1,1136,1007,1008,-1,1136,1008,1137,-1,1137,1008,1009,-1,1137,1009,1138,-1,1138,1009,1010,-1,1138,1010,1139,-1,1139,1010,1011,-1,1139,1011,1140,-1,1140,1011,1012,-1,1140,1012,1141,-1,1141,1012,1013,-1,1141,1013,1142,-1,1142,1013,1014,-1,1142,1014,1143,-1,1143,1014,1015,-1,1143,1015,1144,-1,1144,1015,1016,-1,1144,1016,1145,-1,1145,1016,1017,-1,1145,1017,1146,-1,1146,1017,1018,-1,1146,1018,1147,-1,1147,1018,1019,-1,1147,1019,1148,-1,1148,1019,1020,-1,1148,1020,1149,-1,1149,1020,1021,-1,1149,1021,1150,-1,1150,1021,1022,-1,1150,1022,1151,-1,1151,1022,1023,-1,1151,1023,1152,-1,1152,1023,1024,-1,1152,1024,1153,-1,1153,1024,1025,-1,1153,1025,1154,-1,1154,1025,1026,-1,1154,1026,1155,-1,1155,1026,1027,-1,1155,1027,1156,-1,1156,1027,1028,-1,1156,1028,1157,-1,1157,1028,1029,-1,1157,1029,1158,-1,1158,1029,1030,-1,1158,1030,1159,-1,1159,1030,1031,-1,1159,1031,1160,-1,1160,1031,1032,-1,1160,1032,1161,-1,1161,1032,1033,-1,1161,1033,1162,-1,1162,1033,1034,-1,1162,1034,1163,-1,1163,1034,1035,-1,1163,1035,1164,-1,1164,1035,1036,-1,1164,1036,1165,-1,1165,1036,1037,-1,1165,1037,1166,-1,1166,1037,1038,-1,1166,1038,1167,-1,1167,1038,1039,-1,1167,1039,1168,-1,1168,1039,1040,-1,1168,1040,1169,-1,1169,1040,1041,-1,1169,1041,1170,-1,1170,1041,1042,-1,1170,1042,1171,-1,1171,1042,1043,-1,1171,1043,1172,-1,1172,1043,1044,-1,1172,1044,1173,-1,1173,1044,1045,-1,1173,1045,1174,-1,1174,1045,1046,-1,1174,1046,1175,-1,1175,1046,1047,-1,1175,1047,1176,-1,1176,1047,1048,-1,1176,1048,1177,-1,1177,1048,1049,-1,1177,1049,1178,-1,1178,1049,1050,-1,1178,1050,1179,-1,1179,1050,1051,-1,1179,1051,1180,-1,1180,1051,1052,-1,1180,1052,1181,-1,1181,1052,1053,-1,1181,1053,1182,-1,1182,1053,1054,-1,1182,1054,1183,-1,1183,1054,1055,-1,1183,1055,1184,-1,1184,1055,1056,-1,1184,1056,1185,-1,1185,1056,1057,-1,1185,1057,1186,-1,1186,1057,1058,-1,1186,1058,1187,-1,1187,1058,1059,-1,1187,1059,1188,-1,1188,1059,1060,-1,1188,1060,1189,-1,1189,1060,1061,-1,1189,1061,1190,-1,1190,1061,1062,-1,1190,1062,1191,-1,1191,1062,1063,-1,1191,1063,1192,-1,1192,1063,1064,-1,1192,1064,1193,-1,1193,1064,1065,-1,1193,1065,1194,-1,1194,1065,1066,-1,1194,1066,1195,-1,1195,1066,1067,-1,1195,1067,1196,-1,1196,1067,1068,-1,1196,1068,1197,-1,1197,1068,1069,-1,1197,1069,1198,-1,1198,1069,1070,-1,1198,1070,1199,-1,1199,1070,1071,-1,1199,1071,1200,-1,1200,1071,1072,-1,1200,1072,1201,-1,1201,1072,1073,-1,1201,1073,1202,-1,1202,1073,1074,-1,1202,1074,1203,-1,1203,1074,1075,-1,1203,1075,1204,-1,1204,1075,1076,-1,1204,1076,1205,-1,1205,1076,1077,-1,1205,1077,1206,-1,1206,1077,1078,-1,1206,1078,1207,-1,1207,1078,1079,-1,1207,1079,1208,-1,1208,1079,1080,-1,1208,1080,1209,-1,1209,1080,1081,-1,1209,1081,1210,-1,1210,1081,1082,-1,1210,1082,1211,-1,1211,1082,1083,-1,1211,1083,1212,-1,1212,1083,1084,-1,1212,1084,1213,-1,1213,1084,1085,-1,1213,1085,1214,-1,1214,1085,1086,-1,1214,1086,1215,-1,1215,1086,1087,-1,1215,1087,1216,-1,1216,1087,1088,-1,1216,1088,1217,-1,1217,1088,1089,-1,1217,1089,1218,-1,1218,1089,1090,-1,1218,1090,1219,-1,1219,1090,1091,-1,1219,1091,1220,-1,1220,1091,1092,-1,1220,1092,1221,-1,1221,1092,1093,-1,1221,1093,1222,-1,1222,1093,1094,-1,1222,1094,1223,-1,1223,1094,1095,-1,1223,1095,1224,-1,1224,1095,1096,-1,1224,1096,1225,-1,1225,1096,1097,-1,1225,1097,1226,-1,1226,1097,1098,-1,1226,1098,1227,-1,1227,1098,1099,-1,1227,1099,1228,-1,1228,1099,1100,-1,1228,1100,1229,-1,1229,1100,1101,-1,1229,1101,1230,-1,1230,1101,1102,-1,1230,1102,1231,-1,1231,1102,1103,-1,1231,1103,1232,-1,1232,1103,1104,-1,1232,1104,1233,-1,1233,1104,1105,-1,1233,1105,1234,-1,1234,1105,1106,-1,1234,1106,1235,-1,1235,1106,1107,-1,1235,1107,1236,-1,1236,1107,1108,-1,1236,1108,1237,-1,1237,1108,1109,-1,1237,1109,1238,-1,1238,1109,1110,-1,1238,1110,1239,-1,1239,1110,1111,-1,1239,1111,1240,-1,1240,1111,1112,-1,1240,1112,1241,-1,1241,1112,1113,-1,1241,1113,1242,-1,1242,1113,1114,-1,1242,1114,1243,-1,1243,1114,1115,-1,1243,1115,1244,-1,1244,1115,1116,-1,1244,1116,1245,-1,1245,1116,1117,-1,6,12,1246,-1,1246,12,1118,-1,1246,1118,1247,-1,1247,1118,1119,-1,1247,1119,1248,-1,1248,1119,1120,-1,1248,1120,1249,-1,1249,1120,1121,-1,1249,1121,1250,-1,1250,1121,1122,-1,1250,1122,1251,-1,1251,1122,1123,-1,1251,1123,1252,-1,1252,1123,1124,-1,1252,1124,1253,-1,1253,1124,1125,-1,1253,1125,1254,-1,1254,1125,1126,-1,1254,1126,1255,-1,1255,1126,1127,-1,1255,1127,1256,-1,1256,1127,1128,-1,1256,1128,1257,-1,1257,1128,1129,-1,1257,1129,1258,-1,1258,1129,1130,-1,1258,1130,1259,-1,1259,1130,1131,-1,1259,1131,1260,-1,1260,1131,1132,-1,1260,1132,1261,-1,1261,1132,1133,-1,1261,1133,1262,-1,1262,1133,1134,-1,1262,1134,1263,-1,1263,1134,1135,-1,1263,1135,1264,-1,1264,1135,1136,-1,1264,1136,1265,-1,1265,1136,1137,-1,1265,1137,1266,-1,1266,1137,1138,-1,1266,1138,1267,-1,1267,1138,1139,-1,1267,1139,1268,-1,1268,1139,1140,-1,1268,1140,1269,-1,1269,1140,1141,-1,1269,1141,1270,-1,1270,1141,1142,-1,1270,1142,1271,-1,1271,1142,1143,-1,1271,1143,1272,-1,1272,1143,1144,-1,1272,1144,1273,-1,1273,1144,1145,-1,1273,1145,1274,-1,1274,1145,1146,-1,1274,1146,1275,-1,1275,1146,1147,-1,1275,1147,1276,-1,1276,1147,1148,-1,1276,1148,1277,-1,1277,1148,1149,-1,1277,1149,1278,-1,1278,1149,1150,-1,1278,1150,1279,-1,1279,1150,1151,-1,1279,1151,1280,-1,1280,1151,1152,-1,1280,1152,1281,-1,1281,1152,1153,-1,1281,1153,1282,-1,1282,1153,1154,-1,1282,1154,1283,-1,1283,1154,1155,-1,1283,1155,1284,-1,1284,1155,1156,-1,1284,1156,1285,-1,1285,1156,1157,-1,1285,1157,1286,-1,1286,1157,1158,-1,1286,1158,1287,-1,1287,1158,1159,-1,1287,1159,1288,-1,1288,1159,1160,-1,1288,1160,1289,-1,1289,1160,1161,-1,1289,1161,1290,-1,1290,1161,1162,-1,1290,1162,1291,-1,1291,1162,1163,-1,1291,1163,1292,-1,1292,1163,1164,-1,1292,1164,1293,-1,1293,1164,1165,-1,1293,1165,1294,-1,1294,1165,1166,-1,1294,1166,1295,-1,1295,1166,1167,-1,1295,1167,1296,-1,1296,1167,1168,-1,1296,1168,1297,-1,1297,1168,1169,-1,1297,1169,1298,-1,1298,1169,1170,-1,1298,1170,1299,-1,1299,1170,1171,-1,1299,1171,1300,-1,1300,1171,1172,-1,1300,1172,1301,-1,1301,1172,1173,-1,1301,1173,1302,-1,1302,1173,1174,-1,1302,1174,1303,-1,1303,1174,1175,-1,1303,1175,1304,-1,1304,1175,1176,-1,1304,1176,1305,-1,1305,1176,1177,-1,1305,1177,1306,-1,1306,1177,1178,-1,1306,1178,1307,-1,1307,1178,1179,-1,1307,1179,1308,-1,1308,1179,1180,-1,1308,1180,1309,-1,1309,1180,1181,-1,1309,1181,1310,-1,1310,1181,1182,-1,1310,1182,1311,-1,1311,1182,1183,-1,1311,1183,1312,-1,1312,1183,1184,-1,1312,1184,1313,-1,1313,1184,1185,-1,1313,1185,1314,-1,1314,1185,1186,-1,1314,1186,1315,-1,1315,1186,1187,-1,1315,1187,1316,-1,1316,1187,1188,-1,1316,1188,1317,-1,1317,1188,1189,-1,1317,1189,1318,-1,1318,1189,1190,-1,1318,1190,1319,-1,1319,1190,1191,-1,1319,1191,1320,-1,1320,1191,1192,-1,1320,1192,1321,-1,1321,1192,1193,-1,1321,1193,1322,-1,1322,1193,1194,-1,1322,1194,1323,-1,1323,1194,1195,-1,1323,1195,1324,-1,1324,1195,1196,-1,1324,1196,1325,-1,1325,1196,1197,-1,1325,1197,1326,-1,1326,1197,1198,-1,1326,1198,1327,-1,1327,1198,1199,-1,1327,1199,1328,-1,1328,1199,1200,-1,1328,1200,1329,-1,1329,1200,1201,-1,1329,1201,1330,-1,1330,1201,1202,-1,1330,1202,1331,-1,1331,1202,1203,-1,1331,1203,1332,-1,1332,1203,1204,-1,1332,1204,1333,-1,1333,1204,1205,-1,1333,1205,1334,-1,1334,1205,1206,-1,1334,1206,1335,-1,1335,1206,1207,-1,1335,1207,1336,-1,1336,1207,1208,-1,1336,1208,1337,-1,1337,1208,1209,-1,1337,1209,1338,-1,1338,1209,1210,-1,1338,1210,1339,-1,1339,1210,1211,-1,1339,1211,1340,-1,1340,1211,1212,-1,1340,1212,1341,-1,1341,1212,1213,-1,1341,1213,1342,-1,1342,1213,1214,-1,1342,1214,1343,-1,1343,1214,1215,-1,1343,1215,1344,-1,1344,1215,1216,-1,1344,1216,1345,-1,1345,1216,1217,-1,1345,1217,1346,-1,1346,1217,1218,-1,1346,1218,1347,-1,1347,1218,1219,-1,1347,1219,1348,-1,1348,1219,1220,-1,1348,1220,1349,-1,1349,1220,1221,-1,1349,1221,1350,-1,1350,1221,1222,-1,1350,1222,1351,-1,1351,1222,1223,-1,1351,1223,1352,-1,1352,1223,1224,-1,1352,1224,1353,-1,1353,1224,1225,-1,1353,1225,1354,-1,1354,1225,1226,-1,1354,1226,1355,-1,1355,1226,1227,-1,1355,1227,1356,-1,1356,1227,1228,-1,1356,1228,1357,-1,1357,1228,1229,-1,1357,1229,1358,-1,1358,1229,1230,-1,1358,1230,1359,-1,1359,1230,1231,-1,1359,1231,1360,-1,1360,1231,1232,-1,1360,1232,1361,-1,1361,1232,1233,-1,1361,1233,1362,-1,1362,1233,1234,-1,1362,1234,1363,-1,1363,1234,1235,-1,1363,1235,1364,-1,1364,1235,1236,-1,1364,1236,1365,-1,1365,1236,1237,-1,1365,1237,1366,-1,1366,1237,1238,-1,1366,1238,1367,-1,1367,1238,1239,-1,1367,1239,1368,-1,1368,1239,1240,-1,1368,1240,1369,-1,1369,1240,1241,-1,1369,1241,1370,-1,1370,1241,1242,-1,1370,1242,1371,-1,1371,1242,1243,-1,1371,1243,1372,-1,1372,1243,1244,-1,1372,1244,1373,-1,1373,1244,1245,-1,7,6,1374,-1,1374,6,1246,-1,1374,1246,1375,-1,1375,1246,1247,-1,1375,1247,1376,-1,1376,1247,1248,-1,1376,1248,1377,-1,1377,1248,1249,-1,1377,1249,1378,-1,1378,1249,1250,-1,1378,1250,1379,-1,1379,1250,1251,-1,1379,1251,1380,-1,1380,1251,1252,-1,1380,1252,1381,-1,1381,1252,1253,-1,1381,1253,1382,-1,1382,1253,1254,-1,1382,1254,1383,-1,1383,1254,1255,-1,1383,1255,1384,-1,1384,1255,1256,-1,1384,1256,1385,-1,1385,1256,1257,-1,1385,1257,1386,-1,1386,1257,1258,-1,1386,1258,1387,-1,1387,1258,1259,-1,1387,1259,1388,-1,1388,1259,1260,-1,1388,1260,1389,-1,1389,1260,1261,-1,1389,1261,1390,-1,1390,1261,1262,-1,1390,1262,1391,-1,1391,1262,1263,-1,1391,1263,1392,-1,1392,1263,1264,-1,1392,1264,1393,-1,1393,1264,1265,-1,1393,1265,1394,-1,1394,1265,1266,-1,1394,1266,1395,-1,1395,1266,1267,-1,1395,1267,1396,-1,1396,1267,1268,-1,1396,1268,1397,-1,1397,1268,1269,-1,1397,1269,1398,-1,1398,1269,1270,-1,1398,1270,1399,-1,1399,1270,1271,-1,1399,1271,1400,-1,1400,1271,1272,-1,1400,1272,1401,-1,1401,1272,1273,-1,1401,1273,1402,-1,1402,1273,1274,-1,1402,1274,1403,-1,1403,1274,1275,-1,1403,1275,1404,-1,1404,1275,1276,-1,1404,1276,1405,-1,1405,1276,1277,-1,1405,1277,1406,-1,1406,1277,1278,-1,1406,1278,1407,-1,1407,1278,1279,-1,1407,1279,1408,-1,1408,1279,1280,-1,1408,1280,1409,-1,1409,1280,1281,-1,1409,1281,1410,-1,1410,1281,1282,-1,1410,1282,1411,-1,1411,1282,1283,-1,1411,1283,1412,-1,1412,1283,1284,-1,1412,1284,1413,-1,1413,1284,1285,-1,1413,1285,1414,-1,1414,1285,1286,-1,1414,1286,1415,-1,1415,1286,1287,-1,1415,1287,1416,-1,1416,1287,1288,-1,1416,1288,1417,-1,1417,1288,1289,-1,1417,1289,1418,-1,1418,1289,1290,-1,1418,1290,1419,-1,1419,1290,1291,-1,1419,1291,1420,-1,1420,1291,1292,-1,1420,1292,1421,-1,1421,1292,1293,-1,1421,1293,1422,-1,1422,1293,1294,-1,1422,1294,1423,-1,1423,1294,1295,-1,1423,1295,1424,-1,1424,1295,1296,-1,1424,1296,1425,-1,1425,1296,1297,-1,1425,1297,1426,-1,1426,1297,1298,-1,1426,1298,1427,-1,1427,1298,1299,-1,1427,1299,1428,-1,1428,1299,1300,-1,1428,1300,1429,-1,1429,1300,1301,-1,1429,1301,1430,-1,1430,1301,1302,-1,1430,1302,1431,-1,1431,1302,1303,-1,1431,1303,1432,-1,1432,1303,1304,-1,1432,1304,1433,-1,1433,1304,1305,-1,1433,1305,1434,-1,1434,1305,1306,-1,1434,1306,1435,-1,1435,1306,1307,-1,1435,1307,1436,-1,1436,1307,1308,-1,1436,1308,1437,-1,1437,1308,1309,-1,1437,1309,1438,-1,1438,1309,1310,-1,1438,1310,1439,-1,1439,1310,1311,-1,1439,1311,1440,-1,1440,1311,1312,-1,1440,1312,1441,-1,1441,1312,1313,-1,1441,1313,1442,-1,1442,1313,1314,-1,1442,1314,1443,-1,1443,1314,1315,-1,1443,1315,1444,-1,1444,1315,1316,-1,1444,1316,1445,-1,1445,1316,1317,-1,1445,1317,1446,-1,1446,1317,1318,-1,1446,1318,1447,-1,1447,1318,1319,-1,1447,1319,1448,-1,1448,1319,1320,-1,1448,1320,1449,-1,1449,1320,1321,-1,1449,1321,1450,-1,1450,1321,1322,-1,1450,1322,1451,-1,1451,1322,1323,-1,1451,1323,1452,-1,1452,1323,1324,-1,1452,1324,1453,-1,1453,1324,1325,-1,1453,1325,1454,-1,1454,1325,1326,-1,1454,1326,1455,-1,1455,1326,1327,-1,1455,1327,1456,-1,1456,1327,1328,-1,1456,1328,1457,-1,1457,1328,1329,-1,1457,1329,1458,-1,1458,1329,1330,-1,1458,1330,1459,-1,1459,1330,1331,-1,1459,1331,1460,-1,1460,1331,1332,-1,1460,1332,1461,-1,1461,1332,1333,-1,1461,1333,1462,-1,1462,1333,1334,-1,1462,1334,1463,-1,1463,1334,1335,-1,1463,1335,1464,-1,1464,1335,1336,-1,1464,1336,1465,-1,1465,1336,1337,-1,1465,1337,1466,-1,1466,1337,1338,-1,1466,1338,1467,-1,1467,1338,1339,-1,1467,1339,1468,-1,1468,1339,1340,-1,1468,1340,1469,-1,1469,1340,1341,-1,1469,1341,1470,-1,1470,1341,1342,-1,1470,1342,1471,-1,1471,1342,1343,-1,1471,1343,1472,-1,1472,1343,1344,-1,1472,1344,1473,-1,1473,1344,1345,-1,1473,1345,1474,-1,1474,1345,1346,-1,1474,1346,1475,-1,1475,1346,1347,-1,1475,1347,1476,-1,1476,1347,1348,-1,1476,1348,1477,-1,1477,1348,1349,-1,1477,1349,1478,-1,1478,1349,1350,-1,1478,1350,1479,-1,1479,1350,1351,-1,1479,1351,1480,-1,1480,1351,1352,-1,1480,1352,1481,-1,1481,1352,1353,-1,1481,1353,1482,-1,1482,1353,1354,-1,1482,1354,1483,-1,1483,1354,1355,-1,1483,1355,1484,-1,1484,1355,1356,-1,1484,1356,1485,-1,1485,1356,1357,-1,1485,1357,1486,-1,1486,1357,1358,-1,1486,1358,1487,-1,1487,1358,1359,-1,1487,1359,1488,-1,1488,1359,1360,-1,1488,1360,1489,-1,1489,1360,1361,-1,1489,1361,1490,-1,1490,1361,1362,-1,1490,1362,1491,-1,1491,1362,1363,-1,1491,1363,1492,-1,1492,1363,1364,-1,1492,1364,1493,-1,1493,1364,1365,-1,1493,1365,1494,-1,1494,1365,1366,-1,1494,1366,1495,-1,1495,1366,1367,-1,1495,1367,1496,-1,1496,1367,1368,-1,1496,1368,1497,-1,1497,1368,1369,-1,1497,1369,1498,-1,1498,1369,1370,-1,1498,1370,1499,-1,1499,1370,1371,-1,1499,1371,1500,-1,1500,1371,1372,-1,1500,1372,1501,-1,1501,1372,1373,-1,8,7,1502,-1,1502,7,1374,-1,1502,1374,1503,-1,1503,1374,1375,-1,1503,1375,1504,-1,1504,1375,1376,-1,1504,1376,1505,-1,1505,1376,1377,-1,1505,1377,1506,-1,1506,1377,1378,-1,1506,1378,1507,-1,1507,1378,1379,-1,1507,1379,1508,-1,1508,1379,1380,-1,1508,1380,1509,-1,1509,1380,1381,-1,1509,1381,1510,-1,1510,1381,1382,-1,1510,1382,1511,-1,1511,1382,1383,-1,1511,1383,1512,-1,1512,1383,1384,-1,1512,1384,1513,-1,1513,1384,1385,-1,1513,1385,1514,-1,1514,1385,1386,-1,1514,1386,1515,-1,1515,1386,1387,-1,1515,1387,1516,-1,1516,1387,1388,-1,1516,1388,1517,-1,1517,1388,1389,-1,1517,1389,1518,-1,1518,1389,1390,-1,1518,1390,1519,-1,1519,1390,1391,-1,1519,1391,1520,-1,1520,1391,1392,-1,1520,1392,1521,-1,1521,1392,1393,-1,1521,1393,1522,-1,1522,1393,1394,-1,1522,1394,1523,-1,1523,1394,1395,-1,1523,1395,1524,-1,1524,1395,1396,-1,1524,1396,1525,-1,1525,1396,1397,-1,1525,1397,1526,-1,1526,1397,1398,-1,1526,1398,1527,-1,1527,1398,1399,-1,1527,1399,1528,-1,1528,1399,1400,-1,1528,1400,1529,-1,1529,1400,1401,-1,1529,1401,1530,-1,1530,1401,1402,-1,1530,1402,1531,-1,1531,1402,1403,-1,1531,1403,1532,-1,1532,1403,1404,-1,1532,1404,1533,-1,1533,1404,1405,-1,1533,1405,1534,-1,1534,1405,1406,-1,1534,1406,1535,-1,1535,1406,1407,-1,1535,1407,1536,-1,1536,1407,1408,-1,1536,1408,1537,-1,1537,1408,1409,-1,1537,1409,1538,-1,1538,1409,1410,-1,1538,1410,1539,-1,1539,1410,1411,-1,1539,1411,1540,-1,1540,1411,1412,-1,1540,1412,1541,-1,1541,1412,1413,-1,1541,1413,1542,-1,1542,1413,1414,-1,1542,1414,1543,-1,1543,1414,1415,-1,1543,1415,1544,-1,1544,1415,1416,-1,1544,1416,1545,-1,1545,1416,1417,-1,1545,1417,1546,-1,1546,1417,1418,-1,1546,1418,1547,-1,1547,1418,1419,-1,1547,1419,1548,-1,1548,1419,1420,-1,1548,1420,1549,-1,1549,1420,1421,-1,1549,1421,1550,-1,1550,1421,1422,-1,1550,1422,1551,-1,1551,1422,1423,-1,1551,1423,1552,-1,1552,1423,1424,-1,1552,1424,1553,-1,1553,1424,1425,-1,1553,1425,1554,-1,1554,1425,1426,-1,1554,1426,1555,-1,1555,1426,1427,-1,1555,1427,1556,-1,1556,1427,1428,-1,1556,1428,1557,-1,1557,1428,1429,-1,1557,1429,1558,-1,1558,1429,1430,-1,1558,1430,1559,-1,1559,1430,1431,-1,1559,1431,1560,-1,1560,1431,1432,-1,1560,1432,1561,-1,1561,1432,1433,-1,1561,1433,1562,-1,1562,1433,1434,-1,1562,1434,1563,-1,1563,1434,1435,-1,1563,1435,1564,-1,1564,1435,1436,-1,1564,1436,1565,-1,1565,1436,1437,-1,1565,1437,1566,-1,1566,1437,1438,-1,1566,1438,1567,-1,1567,1438,1439,-1,1567,1439,1568,-1,1568,1439,1440,-1,1568,1440,1569,-1,1569,1440,1441,-1,1569,1441,1570,-1,1570,1441,1442,-1,1570,1442,1571,-1,1571,1442,1443,-1,1571,1443,1572,-1,1572,1443,1444,-1,1572,1444,1573,-1,1573,1444,1445,-1,1573,1445,1574,-1,1574,1445,1446,-1,1574,1446,1575,-1,1575,1446,1447,-1,1575,1447,1576,-1,1576,1447,1448,-1,1576,1448,1577,-1,1577,1448,1449,-1,1577,1449,1578,-1,1578,1449,1450,-1,1578,1450,1579,-1,1579,1450,1451,-1,1579,1451,1580,-1,1580,1451,1452,-1,1580,1452,1581,-1,1581,1452,1453,-1,1581,1453,1582,-1,1582,1453,1454,-1,1582,1454,1583,-1,1583,1454,1455,-1,1583,1455,1584,-1,1584,1455,1456,-1,1584,1456,1585,-1,1585,1456,1457,-1,1585,1457,1586,-1,1586,1457,1458,-1,1586,1458,1587,-1,1587,1458,1459,-1,1587,1459,1588,-1,1588,1459,1460,-1,1588,1460,1589,-1,1589,1460,1461,-1,1589,1461,1590,-1,1590,1461,1462,-1,1590,1462,1591,-1,1591,1462,1463,-1,1591,1463,1592,-1,1592,1463,1464,-1,1592,1464,1593,-1,1593,1464,1465,-1,1593,1465,1594,-1,1594,1465,1466,-1,1594,1466,1595,-1,1595,1466,1467,-1,1595,1467,1596,-1,1596,1467,1468,-1,1596,1468,1597,-1,1597,1468,1469,-1,1597,1469,1598,-1,1598,1469,1470,-1,1598,1470,1599,-1,1599,1470,1471,-1,1599,1471,1600,-1,1600,1471,1472,-1,1600,1472,1601,-1,1601,1472,1473,-1,1601,1473,1602,-1,1602,1473,1474,-1,1602,1474,1603,-1,1603,1474,1475,-1,1603,1475,1604,-1,1604,1475,1476,-1,1604,1476,1605,-1,1605,1476,1477,-1,1605,1477,1606,-1,1606,1477,1478,-1,1606,1478,1607,-1,1607,1478,1479,-1,1607,1479,1608,-1,1608,1479,1480,-1,1608,1480,1609,-1,1609,1480,1481,-1,1609,1481,1610,-1,1610,1481,1482,-1,1610,1482,1611,-1,1611,1482,1483,-1,1611,1483,1612,-1,1612,1483,1484,-1,1612,1484,1613,-1,1613,1484,1485,-1,1613,1485,1614,-1,1614,1485,1486,-1,1614,1486,1615,-1,1615,1486,1487,-1,1615,1487,1616,-1,1616,1487,1488,-1,1616,1488,1617,-1,1617,1488,1489,-1,1617,1489,1618,-1,1618,1489,1490,-1,1618,1490,1619,-1,1619,1490,1491,-1,1619,1491,1620,-1,1620,1491,1492,-1,1620,1492,1621,-1,1621,1492,1493,-1,1621,1493,1622,-1,1622,1493,1494,-1,1622,1494,1623,-1,1623,1494,1495,-1,1623,1495,1624,-1,1624,1495,1496,-1,1624,1496,1625,-1,1625,1496,1497,-1,1625,1497,1626,-1,1626,1497,1498,-1,1626,1498,1627,-1,1627,1498,1499,-1,1627,1499,1628,-1,1628,1499,1500,-1,1628,1500,1629,-1,1629,1500,1501,-1,5,8,1630,-1,1630,8,1502,-1,1630,1502,1631,-1,1631,1502,1503,-1,1631,1503,1632,-1,1632,1503,1504,-1,1632,1504,1633,-1,1633,1504,1505,-1,1633,1505,1634,-1,1634,1505,1506,-1,1634,1506,1635,-1,1635,1506,1507,-1,1635,1507,1636,-1,1636,1507,1508,-1,1636,1508,1637,-1,1637,1508,1509,-1,1637,1509,1638,-1,1638,1509,1510,-1,1638,1510,1639,-1,1639,1510,1511,-1,1639,1511,1640,-1,1640,1511,1512,-1,1640,1512,1641,-1,1641,1512,1513,-1,1641,1513,1642,-1,1642,1513,1514,-1,1642,1514,1643,-1,1643,1514,1515,-1,1643,1515,1644,-1,1644,1515,1516,-1,1644,1516,1645,-1,1645,1516,1517,-1,1645,1517,1646,-1,1646,1517,1518,-1,1646,1518,1647,-1,1647,1518,1519,-1,1647,1519,1648,-1,1648,1519,1520,-1,1648,1520,1649,-1,1649,1520,1521,-1,1649,1521,1650,-1,1650,1521,1522,-1,1650,1522,1651,-1,1651,1522,1523,-1,1651,1523,1652,-1,1652,1523,1524,-1,1652,1524,1653,-1,1653,1524,1525,-1,1653,1525,1654,-1,1654,1525,1526,-1,1654,1526,1655,-1,1655,1526,1527,-1,1655,1527,1656,-1,1656,1527,1528,-1,1656,1528,1657,-1,1657,1528,1529,-1,1657,1529,1658,-1,1658,1529,1530,-1,1658,1530,1659,-1,1659,1530,1531,-1,1659,1531,1660,-1,1660,1531,1532,-1,1660,1532,1661,-1,1661,1532,1533,-1,1661,1533,1662,-1,1662,1533,1534,-1,1662,1534,1663,-1,1663,1534,1535,-1,1663,1535,1664,-1,1664,1535,1536,-1,1664,1536,1665,-1,1665,1536,1537,-1,1665,1537,1666,-1,1666,1537,1538,-1,1666,1538,1667,-1,1667,1538,1539,-1,1667,1539,1668,-1,1668,1539,1540,-1,1668,1540,1669,-1,1669,1540,1541,-1,1669,1541,1670,-1,1670,1541,1542,-1,1670,1542,1671,-1,1671,1542,1543,-1,1671,1543,1672,-1,1672,1543,1544,-1,1672,1544,1673,-1,1673,1544,1545,-1,1673,1545,1674,-1,1674,1545,1546,-1,1674,1546,1675,-1,1675,1546,1547,-1,1675,1547,1676,-1,1676,1547,1548,-1,1676,1548,1677,-1,1677,1548,1549,-1,1677,1549,1678,-1,1678,1549,1550,-1,1678,1550,1679,-1,1679,1550,1551,-1,1679,1551,1680,-1,1680,1551,1552,-1,1680,1552,1681,-1,1681,1552,1553,-1,1681,1553,1682,-1,1682,1553,1554,-1,1682,1554,1683,-1,1683,1554,1555,-1,1683,1555,1684,-1,1684,1555,1556,-1,1684,1556,1685,-1,1685,1556,1557,-1,1685,1557,1686,-1,1686,1557,1558,-1,1686,1558,1687,-1,1687,1558,1559,-1,1687,1559,1688,-1,1688,1559,1560,-1,1688,1560,1689,-1,1689,1560,1561,-1,1689,1561,1690,-1,1690,1561,1562,-1,1690,1562,1691,-1,1691,1562,1563,-1,1691,1563,1692,-1,1692,1563,1564,-1,1692,1564,1693,-1,1693,1564,1565,-1,1693,1565,1694,-1,1694,1565,1566,-1,1694,1566,1695,-1,1695,1566,1567,-1,1695,1567,1696,-1,1696,1567,1568,-1,1696,1568,1697,-1,1697,1568,1569,-1,1697,1569,1698,-1,1698,1569,1570,-1,1698,1570,1699,-1,1699,1570,1571,-1,1699,1571,1700,-1,1700,1571,1572,-1,1700,1572,1701,-1,1701,1572,1573,-1,1701,1573,1702,-1,1702,1573,1574,-1,1702,1574,1703,-1,1703,1574,1575,-1,1703,1575,1704,-1,1704,1575,1576,-1,1704,1576,1705,-1,1705,1576,1577,-1,1705,1577,1706,-1,1706,1577,1578,-1,1706,1578,1707,-1,1707,1578,1579,-1,1707,1579,1708,-1,1708,1579,1580,-1,1708,1580,1709,-1,1709,1580,1581,-1,1709,1581,1710,-1,1710,1581,1582,-1,1710,1582,1711,-1,1711,1582,1583,-1,1711,1583,1712,-1,1712,1583,1584,-1,1712,1584,1713,-1,1713,1584,1585,-1,1713,1585,1714,-1,1714,1585,1586,-1,1714,1586,1715,-1,1715,1586,1587,-1,1715,1587,1716,-1,1716,1587,1588,-1,1716,1588,1717,-1,1717,1588,1589,-1,1717,1589,1718,-1,1718,1589,1590,-1,1718,1590,1719,-1,1719,1590,1591,-1,1719,1591,1720,-1,1720,1591,1592,-1,1720,1592,1721,-1,1721,1592,1593,-1,1721,1593,1722,-1,1722,1593,1594,-1,1722,1594,1723,-1,1723,1594,1595,-1,1723,1595,1724,-1,1724,1595,1596,-1,1724,1596,1725,-1,1725,1596,1597,-1,1725,1597,1726,-1,1726,1597,1598,-1,1726,1598,1727,-1,1727,1598,1599,-1,1727,1599,1728,-1,1728,1599,1600,-1,1728,1600,1729,-1,1729,1600,1601,-1,1729,1601,1730,-1,1730,1601,1602,-1,1730,1602,1731,-1,1731,1602,1603,-1,1731,1603,1732,-1,1732,1603,1604,-1,1732,1604,1733,-1,1733,1604,1605,-1,1733,1605,1734,-1,1734,1605,1606,-1,1734,1606,1735,-1,1735,1606,1607,-1,1735,1607,1736,-1,1736,1607,1608,-1,1736,1608,1737,-1,1737,1608,1609,-1,1737,1609,1738,-1,1738,1609,1610,-1,1738,1610,1739,-1,1739,1610,1611,-1,1739,1611,1740,-1,1740,1611,1612,-1,1740,1612,1741,-1,1741,1612,1613,-1,1741,1613,1742,-1,1742,1613,1614,-1,1742,1614,1743,-1,1743,1614,1615,-1,1743,1615,1744,-1,1744,1615,1616,-1,1744,1616,1745,-1,1745,1616,1617,-1,1745,1617,1746,-1,1746,1617,1618,-1,1746,1618,1747,-1,1747,1618,1619,-1,1747,1619,1748,-1,1748,1619,1620,-1,1748,1620,1749,-1,1749,1620,1621,-1,1749,1621,1750,-1,1750,1621,1622,-1,1750,1622,1751,-1,1751,1622,1623,-1,1751,1623,1752,-1,1752,1623,1624,-1,1752,1624,1753,-1,1753,1624,1625,-1,1753,1625,1754,-1,1754,1625,1626,-1,1754,1626,1755,-1,1755,1626,1627,-1,1755,1627,1756,-1,1756,1627,1628,-1,1756,1628,1757,-1,1757,1628,1629,-1,15,17,349,-1,349,17,1758,-1,349,1758,477,-1,477,1758,1759,-1,477,1759,605,-1,605,1759,1760,-1,605,1760,733,-1,733,1760,1761,-1,733,1761,861,-1,861,1761,1762,-1,861,1762,989,-1,989,1762,1763,-1,989,1763,1117,-1,1117,1763,1764,-1,1117,1764,1245,-1,1245,1764,1765,-1,1245,1765,1373,-1,1373,1765,1766,-1,1373,1766,1501,-1,1501,1766,1767,-1,1501,1767,1629,-1,1629,1767,1768,-1,1629,1768,1757,-1,1757,1768,1769,-1,1757,1769,1770,-1,3,5,22,-1,22,5,1630,-1,22,1630,1771,-1,1771,1630,1631,-1,1771,1631,1772,-1,1772,1631,1632,-1,1772,1632,1773,-1,1773,1632,1633,-1,1773,1633,1774,-1,1774,1633,1634,-1,1774,1634,1775,-1,1775,1634,1635,-1,1775,1635,1776,-1,1776,1635,1636,-1,1776,1636,1777,-1,1777,1636,1637,-1,1777,1637,1778,-1,1778,1637,1638,-1,1778,1638,1779,-1,1779,1638,1639,-1,1779,1639,1780,-1,1780,1639,1640,-1,1780,1640,1781,-1,1781,1640,1641,-1,1781,1641,1782,-1,1782,1641,1642,-1,1782,1642,1783,-1,1783,1642,1643,-1,1783,1643,1784,-1,1784,1643,1644,-1,1784,1644,1785,-1,1785,1644,1645,-1,1785,1645,1786,-1,1786,1645,1646,-1,1786,1646,1787,-1,1787,1646,1647,-1,1787,1647,1788,-1,1788,1647,1648,-1,1788,1648,1789,-1,1789,1648,1649,-1,1789,1649,1790,-1,1790,1649,1650,-1,1790,1650,1791,-1,1791,1650,1651,-1,1791,1651,1792,-1,1792,1651,1652,-1,1792,1652,1793,-1,1793,1652,1653,-1,1793,1653,1794,-1,1794,1653,1654,-1,1794,1654,1795,-1,1795,1654,1655,-1,1795,1655,1796,-1,1796,1655,1656,-1,1796,1656,1797,-1,1797,1656,1657,-1,1797,1657,1798,-1,1798,1657,1658,-1,1798,1658,1799,-1,1799,1658,1659,-1,1799,1659,1800,-1,1800,1659,1660,-1,1800,1660,1801,-1,1801,1660,1661,-1,1801,1661,1802,-1,1802,1661,1662,-1,1802,1662,1803,-1,1803,1662,1663,-1,1803,1663,1804,-1,1804,1663,1664,-1,1804,1664,1805,-1,1805,1664,1665,-1,1805,1665,1806,-1,1806,1665,1666,-1,1806,1666,1807,-1,1807,1666,1667,-1,1807,1667,1808,-1,1808,1667,1668,-1,1808,1668,1809,-1,1809,1668,1669,-1,1809,1669,1810,-1,1810,1669,1670,-1,1810,1670,1811,-1,1811,1670,1671,-1,1811,1671,1812,-1,1812,1671,1672,-1,1812,1672,1813,-1,1813,1672,1673,-1,1813,1673,1814,-1,1814,1673,1674,-1,1814,1674,1815,-1,1815,1674,1675,-1,1815,1675,1816,-1,1816,1675,1676,-1,1816,1676,1817,-1,1817,1676,1677,-1,1817,1677,1818,-1,1818,1677,1678,-1,1818,1678,1819,-1,1819,1678,1679,-1,1819,1679,1820,-1,1820,1679,1680,-1,1820,1680,1821,-1,1821,1680,1681,-1,1821,1681,1822,-1,1822,1681,1682,-1,1822,1682,1823,-1,1823,1682,1683,-1,1823,1683,1824,-1,1824,1683,1684,-1,1824,1684,1825,-1,1825,1684,1685,-1,1825,1685,1826,-1,1826,1685,1686,-1,1826,1686,1827,-1,1827,1686,1687,-1,1827,1687,1828,-1,1828,1687,1688,-1,1828,1688,1829,-1,1829,1688,1689,-1,1829,1689,1830,-1,1830,1689,1690,-1,1830,1690,1831,-1,1831,1690,1691,-1,1831,1691,1832,-1,1832,1691,1692,-1,1832,1692,1833,-1,1833,1692,1693,-1,1833,1693,1834,-1,1834,1693,1694,-1,1834,1694,1835,-1,1835,1694,1695,-1,1835,1695,1836,-1,1836,1695,1696,-1,1836,1696,1837,-1,1837,1696,1697,-1,1837,1697,1838,-1,1838,1697,1698,-1,1838,1698,1839,-1,1839,1698,1699,-1,1839,1699,1840,-1,1840,1699,1700,-1,1840,1700,1841,-1,1841,1700,1701,-1,1841,1701,1842,-1,1842,1701,1702,-1,1842,1702,1843,-1,1843,1702,1703,-1,1843,1703,1844,-1,1844,1703,1704,-1,1844,1704,1845,-1,1845,1704,1705,-1,1845,1705,1846,-1,1846,1705,1706,-1,1846,1706,1847,-1,1847,1706,1707,-1,1847,1707,1848,-1,1848,1707,1708,-1,1848,1708,1849,-1,1849,1708,1709,-1,1849,1709,1850,-1,1850,1709,1710,-1,1850,1710,1851,-1,1851,1710,1711,-1,1851,1711,1852,-1,1852,1711,1712,-1,1852,1712,1853,-1,1853,1712,1713,-1,1853,1713,1854,-1,1854,1713,1714,-1,1854,1714,1855,-1,1855,1714,1715,-1,1855,1715,1856,-1,1856,1715,1716,-1,1856,1716,1857,-1,1857,1716,1717,-1,1857,1717,1858,-1,1858,1717,1718,-1,1858,1718,1859,-1,1859,1718,1719,-1,1859,1719,1860,-1,1860,1719,1720,-1,1860,1720,1861,-1,1861,1720,1721,-1,1861,1721,1862,-1,1862,1721,1722,-1,1862,1722,1863,-1,1863,1722,1723,-1,1863,1723,1864,-1,1864,1723,1724,-1,1864,1724,1865,-1,1865,1724,1725,-1,1865,1725,1866,-1,1866,1725,1726,-1,1866,1726,1867,-1,1867,1726,1727,-1,1867,1727,1868,-1,1868,1727,1728,-1,1868,1728,1869,-1,1869,1728,1729,-1,1869,1729,1870,-1,1870,1729,1730,-1,1870,1730,1871,-1,1871,1730,1731,-1,1871,1731,1872,-1,1872,1731,1732,-1,1872,1732,1873,-1,1873,1732,1733,-1,1873,1733,1874,-1,1874,1733,1734,-1,1874,1734,1875,-1,1875,1734,1735,-1,1875,1735,1876,-1,1876,1735,1736,-1,1876,1736,1877,-1,1877,1736,1737,-1,1877,1737,1878,-1,1878,1737,1738,-1,1878,1738,1879,-1,1879,1738,1739,-1,1879,1739,1880,-1,1880,1739,1740,-1,1880,1740,1881,-1,1881,1740,1741,-1,1881,1741,1882,-1,1882,1741,1742,-1,1882,1742,1883,-1,1883,1742,1743,-1,1883,1743,1884,-1,1884,1743,1744,-1,1884,1744,1885,-1,1885,1744,1745,-1,1885,1745,1886,-1,1886,1745,1746,-1,1886,1746,1887,-1,1887,1746,1747,-1,1887,1747,1888,-1,1888,1747,1748,-1,1888,1748,1889,-1,1889,1748,1749,-1,1889,1749,1890,-1,1890,1749,1750,-1,1890,1750,1891,-1,1891,1750,1751,-1,1891,1751,1892,-1,1892,1751,1752,-1,1892,1752,1893,-1,1893,1752,1753,-1,1893,1753,1894,-1,1894,1753,1754,-1,1894,1754,1895,-1,1895,1754,1755,-1,1895,1755,1896,-1,1896,1755,1756,-1,1896,1756,1770,-1,1770,1756,1757,-1,1769,1897,1770,-1,1770,1897,1898,-1,1770,1898,1896,-1,1896,1898,1899,-1,1896,1899,1895,-1,1895,1899,1900,-1,1895,1900,1894,-1,1894,1900,1901,-1,1894,1901,1893,-1,1893,1901,1902,-1,1893,1902,1892,-1,1892,1902,1903,-1,1892,1903,1891,-1,1891,1903,1904,-1,1891,1904,1890,-1,1890,1904,1905,-1,1890,1905,1889,-1,1889,1905,1906,-1,1889,1906,1888,-1,1888,1906,1907,-1,1888,1907,1887,-1,1887,1907,1908,-1,1887,1908,1886,-1,1886,1908,1909,-1,1886,1909,1885,-1,1885,1909,1910,-1,1885,1910,1884,-1,1884,1910,1911,-1,1884,1911,1883,-1,1883,1911,1912,-1,1883,1912,1882,-1,1882,1912,1913,-1,1882,1913,1881,-1,1881,1913,1914,-1,1881,1914,1880,-1,1880,1914,1915,-1,1880,1915,1879,-1,1879,1915,1916,-1,1879,1916,1878,-1,1878,1916,1917,-1,1878,1917,1877,-1,1877,1917,1918,-1,1877,1918,1876,-1,1876,1918,1919,-1,1876,1919,1875,-1,1875,1919,1920,-1,1875,1920,1874,-1,1874,1920,1921,-1,1874,1921,1873,-1,1873,1921,1922,-1,1873,1922,1872,-1,1872,1922,1923,-1,1872,1923,1871,-1,1871,1923,1924,-1,1871,1924,1870,-1,1870,1924,1925,-1,1870,1925,1869,-1,1869,1925,1926,-1,1869,1926,1868,-1,1868,1926,1927,-1,1868,1927,1867,-1,1867,1927,1928,-1,1867,1928,1866,-1,1866,1928,1929,-1,1866,1929,1865,-1,1865,1929,1930,-1,1865,1930,1864,-1,1864,1930,1931,-1,1864,1931,1863,-1,1863,1931,1932,-1,1863,1932,1862,-1,1862,1932,1933,-1,1862,1933,1861,-1,1861,1933,1934,-1,1861,1934,1860,-1,1860,1934,1935,-1,1860,1935,1859,-1,1859,1935,1936,-1,1859,1936,1858,-1,1858,1936,1937,-1,1858,1937,1857,-1,1857,1937,1938,-1,1857,1938,1856,-1,1856,1938,1939,-1,1856,1939,1855,-1,1855,1939,1940,-1,1855,1940,1854,-1,1854,1940,1941,-1,1854,1941,1853,-1,1853,1941,1942,-1,1853,1942,1852,-1,1852,1942,1943,-1,1852,1943,1851,-1,1851,1943,1944,-1,1851,1944,1850,-1,1850,1944,1945,-1,1850,1945,1849,-1,1849,1945,1946,-1,1849,1946,1848,-1,1848,1946,1947,-1,1848,1947,1847,-1,1847,1947,1948,-1,1847,1948,1846,-1,1846,1948,1949,-1,1846,1949,1845,-1,1845,1949,1950,-1,1845,1950,1844,-1,1844,1950,1951,-1,1844,1951,1843,-1,1843,1951,1952,-1,1843,1952,1842,-1,1842,1952,1953,-1,1842,1953,1841,-1,1841,1953,1954,-1,1841,1954,1840,-1,1840,1954,1955,-1,1840,1955,1839,-1,1839,1955,1956,-1,1839,1956,1838,-1,1838,1956,1957,-1,1838,1957,1837,-1,1837,1957,1958,-1,1837,1958,1836,-1,1836,1958,1959,-1,1836,1959,1835,-1,1835,1959,1960,-1,1835,1960,1834,-1,1834,1960,1961,-1,1834,1961,1833,-1,1833,1961,1962,-1,1833,1962,1832,-1,1832,1962,1963,-1,1832,1963,1831,-1,1831,1963,1964,-1,1831,1964,1830,-1,1830,1964,1965,-1,1830,1965,1829,-1,1829,1965,1966,-1,1829,1966,1828,-1,1828,1966,1967,-1,1828,1967,1827,-1,1827,1967,1968,-1,1827,1968,1826,-1,1826,1968,1969,-1,1826,1969,1825,-1,1825,1969,1970,-1,1825,1970,1824,-1,1824,1970,1971,-1,1824,1971,1823,-1,1823,1971,1972,-1,1823,1972,1822,-1,1822,1972,1973,-1,1822,1973,1821,-1,1821,1973,1974,-1,1821,1974,1820,-1,1820,1974,1975,-1,1820,1975,1819,-1,1819,1975,1976,-1,1819,1976,1818,-1,1818,1976,1977,-1,1818,1977,1817,-1,1817,1977,1978,-1,1817,1978,1816,-1,1816,1978,1979,-1,1816,1979,1815,-1,1815,1979,1980,-1,1815,1980,1814,-1,1814,1980,1981,-1,1814,1981,1813,-1,1813,1981,1982,-1,1813,1982,1812,-1,1812,1982,1983,-1,1812,1983,1811,-1,1811,1983,1984,-1,1811,1984,1810,-1,1810,1984,1985,-1,1810,1985,1809,-1,1809,1985,1986,-1,1809,1986,1808,-1,1808,1986,1987,-1,1808,1987,1807,-1,1807,1987,1988,-1,1807,1988,1806,-1,1806,1988,1989,-1,1806,1989,1805,-1,1805,1989,1990,-1,1805,1990,1804,-1,1804,1990,1991,-1,1804,1991,1803,-1,1803,1991,1992,-1,1803,1992,1802,-1,1802,1992,1993,-1,1802,1993,1801,-1,1801,1993,1994,-1,1801,1994,1800,-1,1800,1994,1995,-1,1800,1995,1799,-1,1799,1995,1996,-1,1799,1996,1798,-1,1798,1996,1997,-1,1798,1997,1797,-1,1797,1997,1998,-1,1797,1998,1796,-1,1796,1998,1999,-1,1796,1999,1795,-1,1795,1999,2000,-1,1795,2000,1794,-1,1794,2000,2001,-1,1794,2001,1793,-1,1793,2001,2002,-1,1793,2002,1792,-1,1792,2002,2003,-1,1792,2003,1791,-1,1791,2003,2004,-1,1791,2004,1790,-1,1790,2004,2005,-1,1790,2005,1789,-1,1789,2005,2006,-1,1789,2006,1788,-1,1788,2006,2007,-1,1788,2007,1787,-1,1787,2007,2008,-1,1787,2008,1786,-1,1786,2008,2009,-1,1786,2009,1785,-1,1785,2009,2010,-1,1785,2010,1784,-1,1784,2010,2011,-1,1784,2011,1783,-1,1783,2011,2012,-1,1783,2012,1782,-1,1782,2012,2013,-1,1782,2013,1781,-1,1781,2013,2014,-1,1781,2014,1780,-1,1780,2014,2015,-1,1780,2015,1779,-1,1779,2015,2016,-1,1779,2016,1778,-1,1778,2016,2017,-1,1778,2017,1777,-1,1777,2017,2018,-1,1777,2018,1776,-1,1776,2018,2019,-1,1776,2019,1775,-1,1775,2019,2020,-1,1775,2020,1774,-1,1774,2020,2021,-1,1774,2021,1773,-1,1773,2021,2022,-1,1773,2022,1772,-1,1772,2022,2023,-1,1772,2023,1771,-1,1771,2023,27,-1,1771,27,22,-1,22,27,23,-1,1897,2024,1898,-1,1898,2024,2025,-1,1898,2025,1899,-1,1899,2025,2026,-1,1899,2026,1900,-1,1900,2026,2027,-1,1900,2027,1901,-1,1901,2027,2028,-1,1901,2028,1902,-1,1902,2028,2029,-1,1902,2029,1903,-1,1903,2029,2030,-1,1903,2030,1904,-1,1904,2030,2031,-1,1904,2031,1905,-1,1905,2031,2032,-1,1905,2032,1906,-1,1906,2032,2033,-1,1906,2033,1907,-1,1907,2033,2034,-1,1907,2034,1908,-1,1908,2034,2035,-1,1908,2035,1909,-1,1909,2035,2036,-1,1909,2036,1910,-1,1910,2036,2037,-1,1910,2037,1911,-1,1911,2037,2038,-1,1911,2038,1912,-1,1912,2038,2039,-1,1912,2039,1913,-1,1913,2039,2040,-1,1913,2040,1914,-1,1914,2040,2041,-1,1914,2041,1915,-1,1915,2041,2042,-1,1915,2042,1916,-1,1916,2042,2043,-1,1916,2043,1917,-1,1917,2043,2044,-1,1917,2044,1918,-1,1918,2044,2045,-1,1918,2045,1919,-1,1919,2045,2046,-1,1919,2046,1920,-1,1920,2046,2047,-1,1920,2047,1921,-1,1921,2047,2048,-1,1921,2048,1922,-1,1922,2048,2049,-1,1922,2049,1923,-1,1923,2049,2050,-1,1923,2050,1924,-1,1924,2050,2051,-1,1924,2051,1925,-1,1925,2051,2052,-1,1925,2052,1926,-1,1926,2052,2053,-1,1926,2053,1927,-1,1927,2053,2054,-1,1927,2054,1928,-1,1928,2054,2055,-1,1928,2055,1929,-1,1929,2055,2056,-1,1929,2056,1930,-1,1930,2056,2057,-1,1930,2057,1931,-1,1931,2057,2058,-1,1931,2058,1932,-1,1932,2058,2059,-1,1932,2059,1933,-1,1933,2059,2060,-1,1933,2060,1934,-1,1934,2060,2061,-1,1934,2061,1935,-1,1935,2061,2062,-1,1935,2062,1936,-1,1936,2062,2063,-1,1936,2063,1937,-1,1937,2063,2064,-1,1937,2064,1938,-1,1938,2064,2065,-1,1938,2065,1939,-1,1939,2065,2066,-1,1939,2066,1940,-1,1940,2066,2067,-1,1940,2067,1941,-1,1941,2067,2068,-1,1941,2068,1942,-1,1942,2068,2069,-1,1942,2069,1943,-1,1943,2069,2070,-1,1943,2070,1944,-1,1944,2070,2071,-1,1944,2071,1945,-1,1945,2071,2072,-1,1945,2072,1946,-1,1946,2072,2073,-1,1946,2073,1947,-1,1947,2073,2074,-1,1947,2074,1948,-1,1948,2074,2075,-1,1948,2075,1949,-1,1949,2075,2076,-1,1949,2076,1950,-1,1950,2076,2077,-1,1950,2077,1951,-1,1951,2077,2078,-1,1951,2078,1952,-1,1952,2078,2079,-1,1952,2079,1953,-1,1953,2079,2080,-1,1953,2080,1954,-1,1954,2080,2081,-1,1954,2081,1955,-1,1955,2081,2082,-1,1955,2082,1956,-1,1956,2082,2083,-1,1956,2083,1957,-1,1957,2083,2084,-1,1957,2084,1958,-1,1958,2084,2085,-1,1958,2085,1959,-1,1959,2085,2086,-1,1959,2086,1960,-1,1960,2086,2087,-1,1960,2087,1961,-1,1961,2087,2088,-1,1961,2088,1962,-1,1962,2088,2089,-1,1962,2089,1963,-1,1963,2089,2090,-1,1963,2090,1964,-1,1964,2090,2091,-1,1964,2091,1965,-1,1965,2091,2092,-1,1965,2092,1966,-1,1966,2092,2093,-1,1966,2093,1967,-1,1967,2093,2094,-1,1967,2094,1968,-1,1968,2094,2095,-1,1968,2095,1969,-1,1969,2095,2096,-1,1969,2096,1970,-1,1970,2096,2097,-1,1970,2097,1971,-1,1971,2097,2098,-1,1971,2098,1972,-1,1972,2098,2099,-1,1972,2099,1973,-1,1973,2099,2100,-1,1973,2100,1974,-1,1974,2100,2101,-1,1974,2101,1975,-1,1975,2101,2102,-1,1975,2102,1976,-1,1976,2102,2103,-1,1976,2103,1977,-1,1977,2103,2104,-1,1977,2104,1978,-1,1978,2104,2105,-1,1978,2105,1979,-1,1979,2105,2106,-1,1979,2106,1980,-1,1980,2106,2107,-1,1980,2107,1981,-1,1981,2107,2108,-1,1981,2108,1982,-1,1982,2108,2109,-1,1982,2109,1983,-1,1983,2109,2110,-1,1983,2110,1984,-1,1984,2110,2111,-1,1984,2111,1985,-1,1985,2111,2112,-1,1985,2112,1986,-1,1986,2112,2113,-1,1986,2113,1987,-1,1987,2113,2114,-1,1987,2114,1988,-1,1988,2114,2115,-1,1988,2115,1989,-1,1989,2115,2116,-1,1989,2116,1990,-1,1990,2116,2117,-1,1990,2117,1991,-1,1991,2117,2118,-1,1991,2118,1992,-1,1992,2118,2119,-1,1992,2119,1993,-1,1993,2119,2120,-1,1993,2120,1994,-1,1994,2120,2121,-1,1994,2121,1995,-1,1995,2121,2122,-1,1995,2122,1996,-1,1996,2122,2123,-1,1996,2123,1997,-1,1997,2123,2124,-1,1997,2124,1998,-1,1998,2124,2125,-1,1998,2125,1999,-1,1999,2125,2126,-1,1999,2126,2000,-1,2000,2126,2127,-1,2000,2127,2001,-1,2001,2127,2128,-1,2001,2128,2002,-1,2002,2128,2129,-1,2002,2129,2003,-1,2003,2129,2130,-1,2003,2130,2004,-1,2004,2130,2131,-1,2004,2131,2005,-1,2005,2131,2132,-1,2005,2132,2006,-1,2006,2132,2133,-1,2006,2133,2007,-1,2007,2133,2134,-1,2007,2134,2008,-1,2008,2134,2135,-1,2008,2135,2009,-1,2009,2135,2136,-1,2009,2136,2010,-1,2010,2136,2137,-1,2010,2137,2011,-1,2011,2137,2138,-1,2011,2138,2012,-1,2012,2138,2139,-1,2012,2139,2013,-1,2013,2139,2140,-1,2013,2140,2014,-1,2014,2140,2141,-1,2014,2141,2015,-1,2015,2141,2142,-1,2015,2142,2016,-1,2016,2142,2143,-1,2016,2143,2017,-1,2017,2143,2144,-1,2017,2144,2018,-1,2018,2144,2145,-1,2018,2145,2019,-1,2019,2145,2146,-1,2019,2146,2020,-1,2020,2146,2147,-1,2020,2147,2021,-1,2021,2147,2148,-1,2021,2148,2022,-1,2022,2148,2149,-1,2022,2149,2023,-1,2023,2149,33,-1,2023,33,27,-1,27,33,29,-1,27,29,28,-1,28,29,31,-1,2024,2150,2025,-1,2025,2150,2151,-1,2025,2151,2026,-1,2026,2151,2152,-1,2026,2152,2027,-1,2027,2152,2153,-1,2027,2153,2028,-1,2028,2153,2154,-1,2028,2154,2029,-1,2029,2154,2155,-1,2029,2155,2030,-1,2030,2155,2156,-1,2030,2156,2031,-1,2031,2156,2157,-1,2031,2157,2032,-1,2032,2157,2158,-1,2032,2158,2033,-1,2033,2158,2159,-1,2033,2159,2034,-1,2034,2159,2160,-1,2034,2160,2035,-1,2035,2160,2161,-1,2035,2161,2036,-1,2036,2161,2162,-1,2036,2162,2037,-1,2037,2162,2163,-1,2037,2163,2038,-1,2038,2163,2164,-1,2038,2164,2039,-1,2039,2164,2165,-1,2039,2165,2040,-1,2040,2165,2166,-1,2040,2166,2041,-1,2041,2166,2167,-1,2041,2167,2042,-1,2042,2167,2168,-1,2042,2168,2043,-1,2043,2168,2169,-1,2043,2169,2044,-1,2044,2169,2170,-1,2044,2170,2045,-1,2045,2170,2171,-1,2045,2171,2046,-1,2046,2171,2172,-1,2046,2172,2047,-1,2047,2172,2173,-1,2047,2173,2048,-1,2048,2173,2174,-1,2048,2174,2049,-1,2049,2174,2175,-1,2049,2175,2050,-1,2050,2175,2176,-1,2050,2176,2051,-1,2051,2176,2177,-1,2051,2177,2052,-1,2052,2177,2178,-1,2052,2178,2053,-1,2053,2178,2179,-1,2053,2179,2054,-1,2054,2179,2180,-1,2054,2180,2055,-1,2055,2180,2181,-1,2055,2181,2056,-1,2056,2181,2182,-1,2056,2182,2057,-1,2057,2182,2183,-1,2057,2183,2058,-1,2058,2183,2184,-1,2058,2184,2059,-1,2059,2184,2185,-1,2059,2185,2060,-1,2060,2185,2186,-1,2060,2186,2061,-1,2061,2186,2187,-1,2061,2187,2062,-1,2062,2187,2188,-1,2062,2188,2063,-1,2063,2188,2189,-1,2063,2189,2064,-1,2064,2189,2190,-1,2064,2190,2065,-1,2065,2190,2191,-1,2065,2191,2066,-1,2066,2191,2192,-1,2066,2192,2067,-1,2067,2192,2193,-1,2067,2193,2068,-1,2068,2193,2194,-1,2068,2194,2069,-1,2069,2194,2195,-1,2069,2195,2070,-1,2070,2195,2196,-1,2070,2196,2071,-1,2071,2196,2197,-1,2071,2197,2072,-1,2072,2197,2198,-1,2072,2198,2073,-1,2073,2198,2199,-1,2073,2199,2074,-1,2074,2199,2200,-1,2074,2200,2075,-1,2075,2200,2201,-1,2075,2201,2076,-1,2076,2201,2202,-1,2076,2202,2077,-1,2077,2202,2203,-1,2077,2203,2078,-1,2078,2203,2204,-1,2078,2204,2079,-1,2079,2204,2205,-1,2079,2205,2080,-1,2080,2205,2206,-1,2080,2206,2081,-1,2081,2206,2207,-1,2081,2207,2082,-1,2082,2207,2208,-1,2082,2208,2083,-1,2083,2208,2209,-1,2083,2209,2084,-1,2084,2209,2210,-1,2084,2210,2085,-1,2085,2210,2211,-1,2085,2211,2086,-1,2086,2211,2212,-1,2086,2212,2087,-1,2087,2212,2213,-1,2087,2213,2088,-1,2088,2213,2214,-1,2088,2214,2089,-1,2089,2214,2215,-1,2089,2215,2090,-1,2090,2215,2216,-1,2090,2216,2091,-1,2091,2216,2217,-1,2091,2217,2092,-1,2092,2217,2218,-1,2092,2218,2093,-1,2093,2218,2219,-1,2093,2219,2094,-1,2094,2219,2220,-1,2094,2220,2095,-1,2095,2220,2221,-1,2095,2221,2096,-1,2096,2221,2222,-1,2096,2222,2097,-1,2097,2222,2223,-1,2097,2223,2098,-1,2098,2223,2224,-1,2098,2224,2099,-1,2099,2224,2225,-1,2099,2225,2100,-1,2100,2225,2226,-1,2100,2226,2101,-1,2101,2226,2227,-1,2101,2227,2102,-1,2102,2227,2228,-1,2102,2228,2103,-1,2103,2228,2229,-1,2103,2229,2104,-1,2104,2229,2230,-1,2104,2230,2105,-1,2105,2230,2231,-1,2105,2231,2106,-1,2106,2231,2232,-1,2106,2232,2107,-1,2107,2232,2233,-1,2107,2233,2108,-1,2108,2233,2234,-1,2108,2234,2109,-1,2109,2234,2235,-1,2109,2235,2110,-1,2110,2235,2236,-1,2110,2236,2111,-1,2111,2236,2237,-1,2111,2237,2112,-1,2112,2237,2238,-1,2112,2238,2113,-1,2113,2238,2239,-1,2113,2239,2114,-1,2114,2239,2240,-1,2114,2240,2115,-1,2115,2240,2241,-1,2115,2241,2116,-1,2116,2241,2242,-1,2116,2242,2117,-1,2117,2242,2243,-1,2117,2243,2118,-1,2118,2243,2244,-1,2118,2244,2119,-1,2119,2244,2245,-1,2119,2245,2120,-1,2120,2245,2246,-1,2120,2246,2121,-1,2121,2246,2247,-1,2121,2247,2122,-1,2122,2247,2248,-1,2122,2248,2123,-1,2123,2248,2249,-1,2123,2249,2124,-1,2124,2249,2250,-1,2124,2250,2125,-1,2125,2250,2251,-1,2125,2251,2126,-1,2126,2251,2252,-1,2126,2252,2127,-1,2127,2252,2253,-1,2127,2253,2128,-1,2128,2253,2254,-1,2128,2254,2129,-1,2129,2254,2255,-1,2129,2255,2130,-1,2130,2255,2256,-1,2130,2256,2131,-1,2131,2256,2257,-1,2131,2257,2132,-1,2132,2257,2258,-1,2132,2258,2133,-1,2133,2258,2259,-1,2133,2259,2134,-1,2134,2259,2260,-1,2134,2260,2135,-1,2135,2260,2261,-1,2135,2261,2136,-1,2136,2261,2262,-1,2136,2262,2137,-1,2137,2262,2263,-1,2137,2263,2138,-1,2138,2263,2264,-1,2138,2264,2139,-1,2139,2264,2265,-1,2139,2265,2140,-1,2140,2265,2266,-1,2140,2266,2141,-1,2141,2266,2267,-1,2141,2267,2142,-1,2142,2267,2268,-1,2142,2268,2143,-1,2143,2268,2269,-1,2143,2269,2144,-1,2144,2269,2270,-1,2144,2270,2145,-1,2145,2270,2271,-1,2145,2271,2146,-1,2146,2271,2272,-1,2146,2272,2147,-1,2147,2272,2273,-1,2147,2273,2148,-1,2148,2273,40,-1,2148,40,2149,-1,2149,40,38,-1,2149,38,33,-1,33,38,36,-1,33,36,34,-1,34,36,35,-1,2150,2274,2151,-1,2151,2274,2275,-1,2151,2275,2152,-1,2152,2275,2276,-1,2152,2276,2153,-1,2153,2276,2277,-1,2153,2277,2154,-1,2154,2277,2278,-1,2154,2278,2155,-1,2155,2278,2279,-1,2155,2279,2156,-1,2156,2279,2280,-1,2156,2280,2157,-1,2157,2280,2281,-1,2157,2281,2158,-1,2158,2281,2282,-1,2158,2282,2159,-1,2159,2282,2283,-1,2159,2283,2160,-1,2160,2283,2284,-1,2160,2284,2161,-1,2161,2284,2285,-1,2161,2285,2162,-1,2162,2285,2286,-1,2162,2286,2163,-1,2163,2286,2287,-1,2163,2287,2164,-1,2164,2287,2288,-1,2164,2288,2165,-1,2165,2288,2289,-1,2165,2289,2166,-1,2166,2289,2290,-1,2166,2290,2167,-1,2167,2290,2291,-1,2167,2291,2168,-1,2168,2291,2292,-1,2168,2292,2169,-1,2169,2292,2293,-1,2169,2293,2170,-1,2170,2293,2294,-1,2170,2294,2171,-1,2171,2294,2295,-1,2171,2295,2172,-1,2172,2295,2296,-1,2172,2296,2173,-1,2173,2296,2297,-1,2173,2297,2174,-1,2174,2297,2298,-1,2174,2298,2175,-1,2175,2298,2299,-1,2175,2299,2176,-1,2176,2299,2300,-1,2176,2300,2177,-1,2177,2300,2301,-1,2177,2301,2178,-1,2178,2301,2302,-1,2178,2302,2179,-1,2179,2302,2303,-1,2179,2303,2180,-1,2180,2303,2304,-1,2180,2304,2181,-1,2181,2304,2305,-1,2181,2305,2182,-1,2182,2305,2306,-1,2182,2306,2183,-1,2183,2306,2307,-1,2183,2307,2184,-1,2184,2307,2308,-1,2184,2308,2185,-1,2185,2308,2309,-1,2185,2309,2186,-1,2186,2309,2310,-1,2186,2310,2187,-1,2187,2310,2311,-1,2187,2311,2188,-1,2188,2311,2312,-1,2188,2312,2189,-1,2189,2312,2313,-1,2189,2313,2190,-1,2190,2313,2314,-1,2190,2314,2191,-1,2191,2314,2315,-1,2191,2315,2192,-1,2192,2315,2316,-1,2192,2316,2193,-1,2193,2316,2317,-1,2193,2317,2194,-1,2194,2317,2318,-1,2194,2318,2195,-1,2195,2318,2319,-1,2195,2319,2196,-1,2196,2319,2320,-1,2196,2320,2197,-1,2197,2320,2321,-1,2197,2321,2198,-1,2198,2321,2322,-1,2198,2322,2199,-1,2199,2322,2323,-1,2199,2323,2200,-1,2200,2323,2324,-1,2200,2324,2201,-1,2201,2324,2325,-1,2201,2325,2202,-1,2202,2325,2326,-1,2202,2326,2203,-1,2203,2326,2327,-1,2203,2327,2204,-1,2204,2327,2328,-1,2204,2328,2205,-1,2205,2328,2329,-1,2205,2329,2206,-1,2206,2329,2330,-1,2206,2330,2207,-1,2207,2330,2331,-1,2207,2331,2208,-1,2208,2331,2332,-1,2208,2332,2209,-1,2209,2332,2333,-1,2209,2333,2210,-1,2210,2333,2334,-1,2210,2334,2211,-1,2211,2334,2335,-1,2211,2335,2212,-1,2212,2335,2336,-1,2212,2336,2213,-1,2213,2336,2337,-1,2213,2337,2214,-1,2214,2337,2338,-1,2214,2338,2215,-1,2215,2338,2339,-1,2215,2339,2216,-1,2216,2339,2340,-1,2216,2340,2217,-1,2217,2340,2341,-1,2217,2341,2218,-1,2218,2341,2342,-1,2218,2342,2219,-1,2219,2342,2343,-1,2219,2343,2220,-1,2220,2343,2344,-1,2220,2344,2221,-1,2221,2344,2345,-1,2221,2345,2222,-1,2222,2345,2346,-1,2222,2346,2223,-1,2223,2346,2347,-1,2223,2347,2224,-1,2224,2347,2348,-1,2224,2348,2225,-1,2225,2348,2349,-1,2225,2349,2226,-1,2226,2349,2350,-1,2226,2350,2227,-1,2227,2350,2351,-1,2227,2351,2228,-1,2228,2351,2352,-1,2228,2352,2229,-1,2229,2352,2353,-1,2229,2353,2230,-1,2230,2353,2354,-1,2230,2354,2231,-1,2231,2354,2355,-1,2231,2355,2232,-1,2232,2355,2356,-1,2232,2356,2233,-1,2233,2356,2357,-1,2233,2357,2234,-1,2234,2357,2358,-1,2234,2358,2235,-1,2235,2358,2359,-1,2235,2359,2236,-1,2236,2359,2360,-1,2236,2360,2237,-1,2237,2360,2361,-1,2237,2361,2238,-1,2238,2361,2362,-1,2238,2362,2239,-1,2239,2362,2363,-1,2239,2363,2240,-1,2240,2363,2364,-1,2240,2364,2241,-1,2241,2364,2365,-1,2241,2365,2242,-1,2242,2365,2366,-1,2242,2366,2243,-1,2243,2366,2367,-1,2243,2367,2244,-1,2244,2367,2368,-1,2244,2368,2245,-1,2245,2368,2369,-1,2245,2369,2246,-1,2246,2369,2370,-1,2246,2370,2247,-1,2247,2370,2371,-1,2247,2371,2248,-1,2248,2371,2372,-1,2248,2372,2249,-1,2249,2372,2373,-1,2249,2373,2250,-1,2250,2373,2374,-1,2250,2374,2251,-1,2251,2374,2375,-1,2251,2375,2252,-1,2252,2375,2376,-1,2252,2376,2253,-1,2253,2376,2377,-1,2253,2377,2254,-1,2254,2377,2378,-1,2254,2378,2255,-1,2255,2378,2379,-1,2255,2379,2256,-1,2256,2379,2380,-1,2256,2380,2257,-1,2257,2380,2381,-1,2257,2381,2258,-1,2258,2381,2382,-1,2258,2382,2259,-1,2259,2382,2383,-1,2259,2383,2260,-1,2260,2383,2384,-1,2260,2384,2261,-1,2261,2384,2385,-1,2261,2385,2262,-1,2262,2385,2386,-1,2262,2386,2263,-1,2263,2386,2387,-1,2263,2387,2264,-1,2264,2387,2388,-1,2264,2388,2265,-1,2265,2388,2389,-1,2265,2389,2266,-1,2266,2389,2390,-1,2266,2390,2267,-1,2267,2390,2391,-1,2267,2391,2268,-1,2268,2391,2392,-1,2268,2392,2269,-1,2269,2392,2393,-1,2269,2393,2270,-1,2270,2393,2394,-1,2270,2394,2271,-1,2271,2394,2395,-1,2271,2395,2272,-1,2272,2395,2396,-1,2272,2396,2273,-1,2273,2396,2397,-1,2273,2397,40,-1,40,2397,45,-1,40,45,41,-1,41,45,46,-1,2274,2398,2275,-1,2275,2398,2399,-1,2275,2399,2276,-1,2276,2399,2400,-1,2276,2400,2277,-1,2277,2400,2401,-1,2277,2401,2278,-1,2278,2401,2402,-1,2278,2402,2279,-1,2279,2402,2403,-1,2279,2403,2280,-1,2280,2403,2404,-1,2280,2404,2281,-1,2281,2404,2405,-1,2281,2405,2282,-1,2282,2405,2406,-1,2282,2406,2283,-1,2283,2406,2407,-1,2283,2407,2284,-1,2284,2407,2408,-1,2284,2408,2285,-1,2285,2408,2409,-1,2285,2409,2286,-1,2286,2409,2410,-1,2286,2410,2287,-1,2287,2410,2411,-1,2287,2411,2288,-1,2288,2411,2412,-1,2288,2412,2289,-1,2289,2412,2413,-1,2289,2413,2290,-1,2290,2413,2414,-1,2290,2414,2291,-1,2291,2414,2415,-1,2291,2415,2292,-1,2292,2415,2416,-1,2292,2416,2293,-1,2293,2416,2417,-1,2293,2417,2294,-1,2294,2417,2418,-1,2294,2418,2295,-1,2295,2418,2419,-1,2295,2419,2296,-1,2296,2419,2420,-1,2296,2420,2297,-1,2297,2420,2421,-1,2297,2421,2298,-1,2298,2421,2422,-1,2298,2422,2299,-1,2299,2422,2423,-1,2299,2423,2300,-1,2300,2423,2424,-1,2300,2424,2301,-1,2301,2424,2425,-1,2301,2425,2302,-1,2302,2425,2426,-1,2302,2426,2303,-1,2303,2426,2427,-1,2303,2427,2304,-1,2304,2427,2428,-1,2304,2428,2305,-1,2305,2428,2429,-1,2305,2429,2306,-1,2306,2429,2430,-1,2306,2430,2307,-1,2307,2430,2431,-1,2307,2431,2308,-1,2308,2431,2432,-1,2308,2432,2309,-1,2309,2432,2433,-1,2309,2433,2310,-1,2310,2433,2434,-1,2310,2434,2311,-1,2311,2434,2435,-1,2311,2435,2312,-1,2312,2435,2436,-1,2312,2436,2313,-1,2313,2436,2437,-1,2313,2437,2314,-1,2314,2437,2438,-1,2314,2438,2315,-1,2315,2438,2439,-1,2315,2439,2316,-1,2316,2439,2440,-1,2316,2440,2317,-1,2317,2440,2441,-1,2317,2441,2318,-1,2318,2441,2442,-1,2318,2442,2319,-1,2319,2442,2443,-1,2319,2443,2320,-1,2320,2443,2444,-1,2320,2444,2321,-1,2321,2444,2445,-1,2321,2445,2322,-1,2322,2445,2446,-1,2322,2446,2323,-1,2323,2446,2447,-1,2323,2447,2324,-1,2324,2447,2448,-1,2324,2448,2325,-1,2325,2448,2449,-1,2325,2449,2326,-1,2326,2449,2450,-1,2326,2450,2327,-1,2327,2450,2451,-1,2327,2451,2328,-1,2328,2451,2452,-1,2328,2452,2329,-1,2329,2452,2453,-1,2329,2453,2330,-1,2330,2453,2454,-1,2330,2454,2331,-1,2331,2454,2455,-1,2331,2455,2332,-1,2332,2455,2456,-1,2332,2456,2333,-1,2333,2456,2457,-1,2333,2457,2334,-1,2334,2457,2458,-1,2334,2458,2335,-1,2335,2458,2459,-1,2335,2459,2336,-1,2336,2459,2460,-1,2336,2460,2337,-1,2337,2460,2461,-1,2337,2461,2338,-1,2338,2461,2462,-1,2338,2462,2339,-1,2339,2462,2463,-1,2339,2463,2340,-1,2340,2463,2464,-1,2340,2464,2341,-1,2341,2464,2465,-1,2341,2465,2342,-1,2342,2465,2466,-1,2342,2466,2343,-1,2343,2466,2467,-1,2343,2467,2344,-1,2344,2467,2468,-1,2344,2468,2345,-1,2345,2468,2469,-1,2345,2469,2346,-1,2346,2469,2470,-1,2346,2470,2347,-1,2347,2470,2471,-1,2347,2471,2348,-1,2348,2471,2472,-1,2348,2472,2349,-1,2349,2472,2473,-1,2349,2473,2350,-1,2350,2473,2474,-1,2350,2474,2351,-1,2351,2474,2475,-1,2351,2475,2352,-1,2352,2475,2476,-1,2352,2476,2353,-1,2353,2476,2477,-1,2353,2477,2354,-1,2354,2477,2478,-1,2354,2478,2355,-1,2355,2478,2479,-1,2355,2479,2356,-1,2356,2479,2480,-1,2356,2480,2357,-1,2357,2480,2481,-1,2357,2481,2358,-1,2358,2481,2482,-1,2358,2482,2359,-1,2359,2482,2483,-1,2359,2483,2360,-1,2360,2483,2484,-1,2360,2484,2361,-1,2361,2484,2485,-1,2361,2485,2362,-1,2362,2485,2486,-1,2362,2486,2363,-1,2363,2486,2487,-1,2363,2487,2364,-1,2364,2487,2488,-1,2364,2488,2365,-1,2365,2488,2489,-1,2365,2489,2366,-1,2366,2489,2490,-1,2366,2490,2367,-1,2367,2490,2491,-1,2367,2491,2368,-1,2368,2491,2492,-1,2368,2492,2369,-1,2369,2492,2493,-1,2369,2493,2370,-1,2370,2493,2494,-1,2370,2494,2371,-1,2371,2494,2495,-1,2371,2495,2372,-1,2372,2495,2496,-1,2372,2496,2373,-1,2373,2496,2497,-1,2373,2497,2374,-1,2374,2497,2498,-1,2374,2498,2375,-1,2375,2498,2499,-1,2375,2499,2376,-1,2376,2499,2500,-1,2376,2500,2377,-1,2377,2500,2501,-1,2377,2501,2378,-1,2378,2501,2502,-1,2378,2502,2379,-1,2379,2502,2503,-1,2379,2503,2380,-1,2380,2503,2504,-1,2380,2504,2381,-1,2381,2504,2505,-1,2381,2505,2382,-1,2382,2505,2506,-1,2382,2506,2383,-1,2383,2506,2507,-1,2383,2507,2384,-1,2384,2507,2508,-1,2384,2508,2385,-1,2385,2508,2509,-1,2385,2509,2386,-1,2386,2509,2510,-1,2386,2510,2387,-1,2387,2510,2511,-1,2387,2511,2388,-1,2388,2511,2512,-1,2388,2512,2389,-1,2389,2512,2513,-1,2389,2513,2390,-1,2390,2513,2514,-1,2390,2514,2391,-1,2391,2514,2515,-1,2391,2515,2392,-1,2392,2515,2516,-1,2392,2516,2393,-1,2393,2516,2517,-1,2393,2517,2394,-1,2394,2517,2518,-1,2394,2518,2395,-1,2395,2518,2519,-1,2395,2519,2396,-1,2396,2519,2520,-1,2396,2520,2397,-1,2397,2520,50,-1,2397,50,45,-1,45,50,48,-1,45,48,43,-1,43,48,47,-1,2398,2521,2399,-1,2399,2521,2522,-1,2399,2522,2400,-1,2400,2522,2523,-1,2400,2523,2401,-1,2401,2523,2524,-1,2401,2524,2402,-1,2402,2524,2525,-1,2402,2525,2403,-1,2403,2525,2526,-1,2403,2526,2404,-1,2404,2526,2527,-1,2404,2527,2405,-1,2405,2527,2528,-1,2405,2528,2406,-1,2406,2528,2529,-1,2406,2529,2407,-1,2407,2529,2530,-1,2407,2530,2408,-1,2408,2530,2531,-1,2408,2531,2409,-1,2409,2531,2532,-1,2409,2532,2410,-1,2410,2532,2533,-1,2410,2533,2411,-1,2411,2533,2534,-1,2411,2534,2412,-1,2412,2534,2535,-1,2412,2535,2413,-1,2413,2535,2536,-1,2413,2536,2414,-1,2414,2536,2537,-1,2414,2537,2415,-1,2415,2537,2538,-1,2415,2538,2416,-1,2416,2538,2539,-1,2416,2539,2417,-1,2417,2539,2540,-1,2417,2540,2418,-1,2418,2540,2541,-1,2418,2541,2419,-1,2419,2541,2542,-1,2419,2542,2420,-1,2420,2542,2543,-1,2420,2543,2421,-1,2421,2543,2544,-1,2421,2544,2422,-1,2422,2544,2545,-1,2422,2545,2423,-1,2423,2545,2546,-1,2423,2546,2424,-1,2424,2546,2547,-1,2424,2547,2425,-1,2425,2547,2548,-1,2425,2548,2426,-1,2426,2548,2549,-1,2426,2549,2427,-1,2427,2549,2550,-1,2427,2550,2428,-1,2428,2550,2551,-1,2428,2551,2429,-1,2429,2551,2552,-1,2429,2552,2430,-1,2430,2552,2553,-1,2430,2553,2431,-1,2431,2553,2554,-1,2431,2554,2432,-1,2432,2554,2555,-1,2432,2555,2433,-1,2433,2555,2556,-1,2433,2556,2434,-1,2434,2556,2557,-1,2434,2557,2435,-1,2435,2557,2558,-1,2435,2558,2436,-1,2436,2558,2559,-1,2436,2559,2437,-1,2437,2559,2560,-1,2437,2560,2438,-1,2438,2560,2561,-1,2438,2561,2439,-1,2439,2561,2562,-1,2439,2562,2440,-1,2440,2562,2563,-1,2440,2563,2441,-1,2441,2563,2564,-1,2441,2564,2442,-1,2442,2564,2565,-1,2442,2565,2443,-1,2443,2565,2566,-1,2443,2566,2444,-1,2444,2566,2567,-1,2444,2567,2445,-1,2445,2567,2568,-1,2445,2568,2446,-1,2446,2568,2569,-1,2446,2569,2447,-1,2447,2569,2570,-1,2447,2570,2448,-1,2448,2570,2571,-1,2448,2571,2449,-1,2449,2571,2572,-1,2449,2572,2450,-1,2450,2572,2573,-1,2450,2573,2451,-1,2451,2573,2574,-1,2451,2574,2452,-1,2452,2574,2575,-1,2452,2575,2453,-1,2453,2575,2576,-1,2453,2576,2454,-1,2454,2576,2577,-1,2454,2577,2455,-1,2455,2577,2578,-1,2455,2578,2456,-1,2456,2578,2579,-1,2456,2579,2457,-1,2457,2579,2580,-1,2457,2580,2458,-1,2458,2580,2581,-1,2458,2581,2459,-1,2459,2581,2582,-1,2459,2582,2460,-1,2460,2582,2583,-1,2460,2583,2461,-1,2461,2583,2584,-1,2461,2584,2462,-1,2462,2584,2585,-1,2462,2585,2463,-1,2463,2585,2586,-1,2463,2586,2464,-1,2464,2586,2587,-1,2464,2587,2465,-1,2465,2587,2588,-1,2465,2588,2466,-1,2466,2588,2589,-1,2466,2589,2467,-1,2467,2589,2590,-1,2467,2590,2468,-1,2468,2590,2591,-1,2468,2591,2469,-1,2469,2591,2592,-1,2469,2592,2470,-1,2470,2592,2593,-1,2470,2593,2471,-1,2471,2593,2594,-1,2471,2594,2472,-1,2472,2594,2595,-1,2472,2595,2473,-1,2473,2595,2596,-1,2473,2596,2474,-1,2474,2596,2597,-1,2474,2597,2475,-1,2475,2597,2598,-1,2475,2598,2476,-1,2476,2598,2599,-1,2476,2599,2477,-1,2477,2599,2600,-1,2477,2600,2478,-1,2478,2600,2601,-1,2478,2601,2479,-1,2479,2601,2602,-1,2479,2602,2480,-1,2480,2602,2603,-1,2480,2603,2481,-1,2481,2603,2604,-1,2481,2604,2482,-1,2482,2604,2605,-1,2482,2605,2483,-1,2483,2605,2606,-1,2483,2606,2484,-1,2484,2606,2607,-1,2484,2607,2485,-1,2485,2607,2608,-1,2485,2608,2486,-1,2486,2608,2609,-1,2486,2609,2487,-1,2487,2609,2610,-1,2487,2610,2488,-1,2488,2610,2611,-1,2488,2611,2489,-1,2489,2611,2612,-1,2489,2612,2490,-1,2490,2612,2613,-1,2490,2613,2491,-1,2491,2613,2614,-1,2491,2614,2492,-1,2492,2614,2615,-1,2492,2615,2493,-1,2493,2615,2616,-1,2493,2616,2494,-1,2494,2616,2617,-1,2494,2617,2495,-1,2495,2617,2618,-1,2495,2618,2496,-1,2496,2618,2619,-1,2496,2619,2497,-1,2497,2619,2620,-1,2497,2620,2498,-1,2498,2620,2621,-1,2498,2621,2499,-1,2499,2621,2622,-1,2499,2622,2500,-1,2500,2622,2623,-1,2500,2623,2501,-1,2501,2623,2624,-1,2501,2624,2502,-1,2502,2624,2625,-1,2502,2625,2503,-1,2503,2625,2626,-1,2503,2626,2504,-1,2504,2626,2627,-1,2504,2627,2505,-1,2505,2627,2628,-1,2505,2628,2506,-1,2506,2628,2629,-1,2506,2629,2507,-1,2507,2629,2630,-1,2507,2630,2508,-1,2508,2630,2631,-1,2508,2631,2509,-1,2509,2631,2632,-1,2509,2632,2510,-1,2510,2632,2633,-1,2510,2633,2511,-1,2511,2633,2634,-1,2511,2634,2512,-1,2512,2634,2635,-1,2512,2635,2513,-1,2513,2635,2636,-1,2513,2636,2514,-1,2514,2636,2637,-1,2514,2637,2515,-1,2515,2637,2638,-1,2515,2638,2516,-1,2516,2638,2639,-1,2516,2639,2517,-1,2517,2639,2640,-1,2517,2640,2518,-1,2518,2640,2641,-1,2518,2641,2519,-1,2519,2641,2642,-1,2519,2642,2520,-1,2520,2642,2643,-1,2520,2643,50,-1,50,2643,54,-1,50,54,51,-1,51,54,57,-1,2521,2644,2522,-1,2522,2644,2645,-1,2522,2645,2523,-1,2523,2645,2646,-1,2523,2646,2524,-1,2524,2646,2647,-1,2524,2647,2525,-1,2525,2647,2648,-1,2525,2648,2526,-1,2526,2648,2649,-1,2526,2649,2527,-1,2527,2649,2650,-1,2527,2650,2528,-1,2528,2650,2651,-1,2528,2651,2529,-1,2529,2651,2652,-1,2529,2652,2530,-1,2530,2652,2653,-1,2530,2653,2531,-1,2531,2653,2654,-1,2531,2654,2532,-1,2532,2654,2655,-1,2532,2655,2533,-1,2533,2655,2656,-1,2533,2656,2534,-1,2534,2656,2657,-1,2534,2657,2535,-1,2535,2657,2658,-1,2535,2658,2536,-1,2536,2658,2659,-1,2536,2659,2537,-1,2537,2659,2660,-1,2537,2660,2538,-1,2538,2660,2661,-1,2538,2661,2539,-1,2539,2661,2662,-1,2539,2662,2540,-1,2540,2662,2663,-1,2540,2663,2541,-1,2541,2663,2664,-1,2541,2664,2542,-1,2542,2664,2665,-1,2542,2665,2543,-1,2543,2665,2666,-1,2543,2666,2544,-1,2544,2666,2667,-1,2544,2667,2545,-1,2545,2667,2668,-1,2545,2668,2546,-1,2546,2668,2669,-1,2546,2669,2547,-1,2547,2669,2670,-1,2547,2670,2548,-1,2548,2670,2671,-1,2548,2671,2549,-1,2549,2671,2672,-1,2549,2672,2550,-1,2550,2672,2673,-1,2550,2673,2551,-1,2551,2673,2674,-1,2551,2674,2552,-1,2552,2674,2675,-1,2552,2675,2553,-1,2553,2675,2676,-1,2553,2676,2554,-1,2554,2676,2677,-1,2554,2677,2555,-1,2555,2677,2678,-1,2555,2678,2556,-1,2556,2678,2679,-1,2556,2679,2557,-1,2557,2679,2680,-1,2557,2680,2558,-1,2558,2680,2681,-1,2558,2681,2559,-1,2559,2681,2682,-1,2559,2682,2560,-1,2560,2682,2683,-1,2560,2683,2561,-1,2561,2683,2684,-1,2561,2684,2562,-1,2562,2684,2685,-1,2562,2685,2563,-1,2563,2685,2686,-1,2563,2686,2564,-1,2564,2686,2687,-1,2564,2687,2565,-1,2565,2687,2688,-1,2565,2688,2566,-1,2566,2688,2689,-1,2566,2689,2567,-1,2567,2689,2690,-1,2567,2690,2568,-1,2568,2690,2691,-1,2568,2691,2569,-1,2569,2691,2692,-1,2569,2692,2570,-1,2570,2692,2693,-1,2570,2693,2571,-1,2571,2693,2694,-1,2571,2694,2572,-1,2572,2694,2695,-1,2572,2695,2573,-1,2573,2695,2696,-1,2573,2696,2574,-1,2574,2696,2697,-1,2574,2697,2575,-1,2575,2697,2698,-1,2575,2698,2576,-1,2576,2698,2699,-1,2576,2699,2577,-1,2577,2699,2700,-1,2577,2700,2578,-1,2578,2700,2701,-1,2578,2701,2579,-1,2579,2701,2702,-1,2579,2702,2580,-1,2580,2702,2703,-1,2580,2703,2581,-1,2581,2703,2704,-1,2581,2704,2582,-1,2582,2704,2705,-1,2582,2705,2583,-1,2583,2705,2706,-1,2583,2706,2584,-1,2584,2706,2707,-1,2584,2707,2585,-1,2585,2707,2708,-1,2585,2708,2586,-1,2586,2708,2709,-1,2586,2709,2587,-1,2587,2709,2710,-1,2587,2710,2588,-1,2588,2710,2711,-1,2588,2711,2589,-1,2589,2711,2712,-1,2589,2712,2590,-1,2590,2712,2713,-1,2590,2713,2591,-1,2591,2713,2714,-1,2591,2714,2592,-1,2592,2714,2715,-1,2592,2715,2593,-1,2593,2715,2716,-1,2593,2716,2594,-1,2594,2716,2717,-1,2594,2717,2595,-1,2595,2717,2718,-1,2595,2718,2596,-1,2596,2718,2719,-1,2596,2719,2597,-1,2597,2719,2720,-1,2597,2720,2598,-1,2598,2720,2721,-1,2598,2721,2599,-1,2599,2721,2722,-1,2599,2722,2600,-1,2600,2722,2723,-1,2600,2723,2601,-1,2601,2723,2724,-1,2601,2724,2602,-1,2602,2724,2725,-1,2602,2725,2603,-1,2603,2725,2726,-1,2603,2726,2604,-1,2604,2726,2727,-1,2604,2727,2605,-1,2605,2727,2728,-1,2605,2728,2606,-1,2606,2728,2729,-1,2606,2729,2607,-1,2607,2729,2730,-1,2607,2730,2608,-1,2608,2730,2731,-1,2608,2731,2609,-1,2609,2731,2732,-1,2609,2732,2610,-1,2610,2732,2733,-1,2610,2733,2611,-1,2611,2733,2734,-1,2611,2734,2612,-1,2612,2734,2735,-1,2612,2735,2613,-1,2613,2735,2736,-1,2613,2736,2614,-1,2614,2736,2737,-1,2614,2737,2615,-1,2615,2737,2738,-1,2615,2738,2616,-1,2616,2738,2739,-1,2616,2739,2617,-1,2617,2739,2740,-1,2617,2740,2618,-1,2618,2740,2741,-1,2618,2741,2619,-1,2619,2741,2742,-1,2619,2742,2620,-1,2620,2742,2743,-1,2620,2743,2621,-1,2621,2743,2744,-1,2621,2744,2622,-1,2622,2744,2745,-1,2622,2745,2623,-1,2623,2745,2746,-1,2623,2746,2624,-1,2624,2746,2747,-1,2624,2747,2625,-1,2625,2747,2748,-1,2625,2748,2626,-1,2626,2748,2749,-1,2626,2749,2627,-1,2627,2749,2750,-1,2627,2750,2628,-1,2628,2750,2751,-1,2628,2751,2629,-1,2629,2751,2752,-1,2629,2752,2630,-1,2630,2752,2753,-1,2630,2753,2631,-1,2631,2753,2754,-1,2631,2754,2632,-1,2632,2754,2755,-1,2632,2755,2633,-1,2633,2755,2756,-1,2633,2756,2634,-1,2634,2756,2757,-1,2634,2757,2635,-1,2635,2757,2758,-1,2635,2758,2636,-1,2636,2758,2759,-1,2636,2759,2637,-1,2637,2759,2760,-1,2637,2760,2638,-1,2638,2760,2761,-1,2638,2761,2639,-1,2639,2761,2762,-1,2639,2762,2640,-1,2640,2762,2763,-1,2640,2763,2641,-1,2641,2763,2764,-1,2641,2764,2642,-1,2642,2764,2765,-1,2642,2765,2643,-1,2643,2765,2766,-1,2643,2766,54,-1,54,2766,67,-1,54,67,52,-1,52,67,70,-1,2644,2767,2645,-1,2645,2767,2768,-1,2645,2768,2646,-1,2646,2768,2769,-1,2646,2769,2647,-1,2647,2769,2770,-1,2647,2770,2648,-1,2648,2770,2771,-1,2648,2771,2649,-1,2649,2771,2772,-1,2649,2772,2650,-1,2650,2772,2773,-1,2650,2773,2651,-1,2651,2773,2774,-1,2651,2774,2652,-1,2652,2774,2775,-1,2652,2775,2653,-1,2653,2775,2776,-1,2653,2776,2654,-1,2654,2776,2777,-1,2654,2777,2655,-1,2655,2777,2778,-1,2655,2778,2656,-1,2656,2778,2779,-1,2656,2779,2657,-1,2657,2779,2780,-1,2657,2780,2658,-1,2658,2780,2781,-1,2658,2781,2659,-1,2659,2781,2782,-1,2659,2782,2660,-1,2660,2782,2783,-1,2660,2783,2661,-1,2661,2783,2784,-1,2661,2784,2662,-1,2662,2784,2785,-1,2662,2785,2663,-1,2663,2785,2786,-1,2663,2786,2664,-1,2664,2786,2787,-1,2664,2787,2665,-1,2665,2787,2788,-1,2665,2788,2666,-1,2666,2788,2789,-1,2666,2789,2667,-1,2667,2789,2790,-1,2667,2790,2668,-1,2668,2790,2791,-1,2668,2791,2669,-1,2669,2791,2792,-1,2669,2792,2670,-1,2670,2792,2793,-1,2670,2793,2671,-1,2671,2793,2794,-1,2671,2794,2672,-1,2672,2794,2795,-1,2672,2795,2673,-1,2673,2795,2796,-1,2673,2796,2674,-1,2674,2796,2797,-1,2674,2797,2675,-1,2675,2797,2798,-1,2675,2798,2676,-1,2676,2798,2799,-1,2676,2799,2677,-1,2677,2799,2800,-1,2677,2800,2678,-1,2678,2800,2801,-1,2678,2801,2679,-1,2679,2801,2802,-1,2679,2802,2680,-1,2680,2802,2803,-1,2680,2803,2681,-1,2681,2803,2804,-1,2681,2804,2682,-1,2682,2804,2805,-1,2682,2805,2683,-1,2683,2805,2806,-1,2683,2806,2684,-1,2684,2806,2807,-1,2684,2807,2685,-1,2685,2807,2808,-1,2685,2808,2686,-1,2686,2808,2809,-1,2686,2809,2687,-1,2687,2809,2810,-1,2687,2810,2688,-1,2688,2810,2811,-1,2688,2811,2689,-1,2689,2811,2812,-1,2689,2812,2690,-1,2690,2812,2813,-1,2690,2813,2691,-1,2691,2813,2814,-1,2691,2814,2692,-1,2692,2814,2815,-1,2692,2815,2693,-1,2693,2815,2816,-1,2693,2816,2694,-1,2694,2816,2817,-1,2694,2817,2695,-1,2695,2817,2818,-1,2695,2818,2696,-1,2696,2818,2819,-1,2696,2819,2697,-1,2697,2819,2820,-1,2697,2820,2698,-1,2698,2820,2821,-1,2698,2821,2699,-1,2699,2821,2822,-1,2699,2822,2700,-1,2700,2822,2823,-1,2700,2823,2701,-1,2701,2823,2824,-1,2701,2824,2702,-1,2702,2824,2825,-1,2702,2825,2703,-1,2703,2825,2826,-1,2703,2826,2704,-1,2704,2826,2827,-1,2704,2827,2705,-1,2705,2827,2828,-1,2705,2828,2706,-1,2706,2828,2829,-1,2706,2829,2707,-1,2707,2829,2830,-1,2707,2830,2708,-1,2708,2830,2831,-1,2708,2831,2709,-1,2709,2831,2832,-1,2709,2832,2710,-1,2710,2832,2833,-1,2710,2833,2711,-1,2711,2833,2834,-1,2711,2834,2712,-1,2712,2834,2835,-1,2712,2835,2713,-1,2713,2835,2836,-1,2713,2836,2714,-1,2714,2836,2837,-1,2714,2837,2715,-1,2715,2837,2838,-1,2715,2838,2716,-1,2716,2838,2839,-1,2716,2839,2717,-1,2717,2839,2840,-1,2717,2840,2718,-1,2718,2840,2841,-1,2718,2841,2719,-1,2719,2841,2842,-1,2719,2842,2720,-1,2720,2842,2843,-1,2720,2843,2721,-1,2721,2843,2844,-1,2721,2844,2722,-1,2722,2844,2845,-1,2722,2845,2723,-1,2723,2845,2846,-1,2723,2846,2724,-1,2724,2846,2847,-1,2724,2847,2725,-1,2725,2847,2848,-1,2725,2848,2726,-1,2726,2848,2849,-1,2726,2849,2727,-1,2727,2849,2850,-1,2727,2850,2728,-1,2728,2850,2851,-1,2728,2851,2729,-1,2729,2851,2852,-1,2729,2852,2730,-1,2730,2852,2853,-1,2730,2853,2731,-1,2731,2853,2854,-1,2731,2854,2732,-1,2732,2854,2855,-1,2732,2855,2733,-1,2733,2855,2856,-1,2733,2856,2734,-1,2734,2856,2857,-1,2734,2857,2735,-1,2735,2857,2858,-1,2735,2858,2736,-1,2736,2858,2859,-1,2736,2859,2737,-1,2737,2859,2860,-1,2737,2860,2738,-1,2738,2860,2861,-1,2738,2861,2739,-1,2739,2861,2862,-1,2739,2862,2740,-1,2740,2862,2863,-1,2740,2863,2741,-1,2741,2863,2864,-1,2741,2864,2742,-1,2742,2864,2865,-1,2742,2865,2743,-1,2743,2865,2866,-1,2743,2866,2744,-1,2744,2866,2867,-1,2744,2867,2745,-1,2745,2867,2868,-1,2745,2868,2746,-1,2746,2868,2869,-1,2746,2869,2747,-1,2747,2869,2870,-1,2747,2870,2748,-1,2748,2870,2871,-1,2748,2871,2749,-1,2749,2871,2872,-1,2749,2872,2750,-1,2750,2872,2873,-1,2750,2873,2751,-1,2751,2873,2874,-1,2751,2874,2752,-1,2752,2874,2875,-1,2752,2875,2753,-1,2753,2875,2876,-1,2753,2876,2754,-1,2754,2876,2877,-1,2754,2877,2755,-1,2755,2877,2878,-1,2755,2878,2756,-1,2756,2878,2879,-1,2756,2879,2757,-1,2757,2879,2880,-1,2757,2880,2758,-1,2758,2880,2881,-1,2758,2881,2759,-1,2759,2881,2882,-1,2759,2882,2760,-1,2760,2882,2883,-1,2760,2883,2761,-1,2761,2883,2884,-1,2761,2884,2762,-1,2762,2884,2885,-1,2762,2885,2763,-1,2763,2885,2886,-1,2763,2886,2764,-1,2764,2886,2887,-1,2764,2887,2765,-1,2765,2887,2888,-1,2765,2888,2766,-1,2766,2888,2889,-1,2766,2889,67,-1,67,2889,60,-1,67,60,65,-1,65,60,64,-1,2767,2890,2768,-1,2768,2890,2891,-1,2768,2891,2769,-1,2769,2891,2892,-1,2769,2892,2770,-1,2770,2892,2893,-1,2770,2893,2771,-1,2771,2893,2894,-1,2771,2894,2772,-1,2772,2894,2895,-1,2772,2895,2773,-1,2773,2895,2896,-1,2773,2896,2774,-1,2774,2896,2897,-1,2774,2897,2775,-1,2775,2897,2898,-1,2775,2898,2776,-1,2776,2898,2899,-1,2776,2899,2777,-1,2777,2899,2900,-1,2777,2900,2778,-1,2778,2900,2901,-1,2778,2901,2779,-1,2779,2901,2902,-1,2779,2902,2780,-1,2780,2902,2903,-1,2780,2903,2781,-1,2781,2903,2904,-1,2781,2904,2782,-1,2782,2904,2905,-1,2782,2905,2783,-1,2783,2905,2906,-1,2783,2906,2784,-1,2784,2906,2907,-1,2784,2907,2785,-1,2785,2907,2908,-1,2785,2908,2786,-1,2786,2908,2909,-1,2786,2909,2787,-1,2787,2909,2910,-1,2787,2910,2788,-1,2788,2910,2911,-1,2788,2911,2789,-1,2789,2911,2912,-1,2789,2912,2790,-1,2790,2912,2913,-1,2790,2913,2791,-1,2791,2913,2914,-1,2791,2914,2792,-1,2792,2914,2915,-1,2792,2915,2793,-1,2793,2915,2916,-1,2793,2916,2794,-1,2794,2916,2917,-1,2794,2917,2795,-1,2795,2917,2918,-1,2795,2918,2796,-1,2796,2918,2919,-1,2796,2919,2797,-1,2797,2919,2920,-1,2797,2920,2798,-1,2798,2920,2921,-1,2798,2921,2799,-1,2799,2921,2922,-1,2799,2922,2800,-1,2800,2922,2923,-1,2800,2923,2801,-1,2801,2923,2924,-1,2801,2924,2802,-1,2802,2924,2925,-1,2802,2925,2803,-1,2803,2925,2926,-1,2803,2926,2804,-1,2804,2926,2927,-1,2804,2927,2805,-1,2805,2927,2928,-1,2805,2928,2806,-1,2806,2928,2929,-1,2806,2929,2807,-1,2807,2929,2930,-1,2807,2930,2808,-1,2808,2930,2931,-1,2808,2931,2809,-1,2809,2931,2932,-1,2809,2932,2810,-1,2810,2932,2933,-1,2810,2933,2811,-1,2811,2933,2934,-1,2811,2934,2812,-1,2812,2934,2935,-1,2812,2935,2813,-1,2813,2935,2936,-1,2813,2936,2814,-1,2814,2936,2937,-1,2814,2937,2815,-1,2815,2937,2938,-1,2815,2938,2816,-1,2816,2938,2939,-1,2816,2939,2817,-1,2817,2939,2940,-1,2817,2940,2818,-1,2818,2940,2941,-1,2818,2941,2819,-1,2819,2941,2942,-1,2819,2942,2820,-1,2820,2942,2943,-1,2820,2943,2821,-1,2821,2943,2944,-1,2821,2944,2822,-1,2822,2944,2945,-1,2822,2945,2823,-1,2823,2945,2946,-1,2823,2946,2824,-1,2824,2946,2947,-1,2824,2947,2825,-1,2825,2947,2948,-1,2825,2948,2826,-1,2826,2948,2949,-1,2826,2949,2827,-1,2827,2949,2950,-1,2827,2950,2828,-1,2828,2950,2951,-1,2828,2951,2829,-1,2829,2951,2952,-1,2829,2952,2830,-1,2830,2952,2953,-1,2830,2953,2831,-1,2831,2953,2954,-1,2831,2954,2832,-1,2832,2954,2955,-1,2832,2955,2833,-1,2833,2955,2956,-1,2833,2956,2834,-1,2834,2956,2957,-1,2834,2957,2835,-1,2835,2957,2958,-1,2835,2958,2836,-1,2836,2958,2959,-1,2836,2959,2837,-1,2837,2959,2960,-1,2837,2960,2838,-1,2838,2960,2961,-1,2838,2961,2839,-1,2839,2961,2962,-1,2839,2962,2840,-1,2840,2962,2963,-1,2840,2963,2841,-1,2841,2963,2964,-1,2841,2964,2842,-1,2842,2964,2965,-1,2842,2965,2843,-1,2843,2965,2966,-1,2843,2966,2844,-1,2844,2966,2967,-1,2844,2967,2845,-1,2845,2967,2968,-1,2845,2968,2846,-1,2846,2968,2969,-1,2846,2969,2847,-1,2847,2969,2970,-1,2847,2970,2848,-1,2848,2970,2971,-1,2848,2971,2849,-1,2849,2971,2972,-1,2849,2972,2850,-1,2850,2972,2973,-1,2850,2973,2851,-1,2851,2973,2974,-1,2851,2974,2852,-1,2852,2974,2975,-1,2852,2975,2853,-1,2853,2975,2976,-1,2853,2976,2854,-1,2854,2976,2977,-1,2854,2977,2855,-1,2855,2977,2978,-1,2855,2978,2856,-1,2856,2978,2979,-1,2856,2979,2857,-1,2857,2979,2980,-1,2857,2980,2858,-1,2858,2980,2981,-1,2858,2981,2859,-1,2859,2981,2982,-1,2859,2982,2860,-1,2860,2982,2983,-1,2860,2983,2861,-1,2861,2983,2984,-1,2861,2984,2862,-1,2862,2984,2985,-1,2862,2985,2863,-1,2863,2985,2986,-1,2863,2986,2864,-1,2864,2986,2987,-1,2864,2987,2865,-1,2865,2987,2988,-1,2865,2988,2866,-1,2866,2988,2989,-1,2866,2989,2867,-1,2867,2989,2990,-1,2867,2990,2868,-1,2868,2990,2991,-1,2868,2991,2869,-1,2869,2991,2992,-1,2869,2992,2870,-1,2870,2992,2993,-1,2870,2993,2871,-1,2871,2993,2994,-1,2871,2994,2872,-1,2872,2994,2995,-1,2872,2995,2873,-1,2873,2995,2996,-1,2873,2996,2874,-1,2874,2996,2997,-1,2874,2997,2875,-1,2875,2997,2998,-1,2875,2998,2876,-1,2876,2998,2999,-1,2876,2999,2877,-1,2877,2999,3000,-1,2877,3000,2878,-1,2878,3000,3001,-1,2878,3001,2879,-1,2879,3001,3002,-1,2879,3002,2880,-1,2880,3002,3003,-1,2880,3003,2881,-1,2881,3003,3004,-1,2881,3004,2882,-1,2882,3004,3005,-1,2882,3005,2883,-1,2883,3005,3006,-1,2883,3006,2884,-1,2884,3006,3007,-1,2884,3007,2885,-1,2885,3007,3008,-1,2885,3008,2886,-1,2886,3008,3009,-1,2886,3009,2887,-1,2887,3009,3010,-1,2887,3010,2888,-1,2888,3010,3011,-1,2888,3011,2889,-1,2889,3011,3012,-1,2889,3012,60,-1,60,3012,73,-1,60,73,58,-1,58,73,74,-1,2890,3013,2891,-1,2891,3013,3014,-1,2891,3014,2892,-1,2892,3014,3015,-1,2892,3015,2893,-1,2893,3015,3016,-1,2893,3016,2894,-1,2894,3016,3017,-1,2894,3017,2895,-1,2895,3017,3018,-1,2895,3018,2896,-1,2896,3018,3019,-1,2896,3019,2897,-1,2897,3019,3020,-1,2897,3020,2898,-1,2898,3020,3021,-1,2898,3021,2899,-1,2899,3021,3022,-1,2899,3022,2900,-1,2900,3022,3023,-1,2900,3023,2901,-1,2901,3023,3024,-1,2901,3024,2902,-1,2902,3024,3025,-1,2902,3025,2903,-1,2903,3025,3026,-1,2903,3026,2904,-1,2904,3026,3027,-1,2904,3027,2905,-1,2905,3027,3028,-1,2905,3028,2906,-1,2906,3028,3029,-1,2906,3029,2907,-1,2907,3029,3030,-1,2907,3030,2908,-1,2908,3030,3031,-1,2908,3031,2909,-1,2909,3031,3032,-1,2909,3032,2910,-1,2910,3032,3033,-1,2910,3033,2911,-1,2911,3033,3034,-1,2911,3034,2912,-1,2912,3034,3035,-1,2912,3035,2913,-1,2913,3035,3036,-1,2913,3036,2914,-1,2914,3036,3037,-1,2914,3037,2915,-1,2915,3037,3038,-1,2915,3038,2916,-1,2916,3038,3039,-1,2916,3039,2917,-1,2917,3039,3040,-1,2917,3040,2918,-1,2918,3040,3041,-1,2918,3041,2919,-1,2919,3041,3042,-1,2919,3042,2920,-1,2920,3042,3043,-1,2920,3043,2921,-1,2921,3043,3044,-1,2921,3044,2922,-1,2922,3044,3045,-1,2922,3045,2923,-1,2923,3045,3046,-1,2923,3046,2924,-1,2924,3046,3047,-1,2924,3047,2925,-1,2925,3047,3048,-1,2925,3048,2926,-1,2926,3048,3049,-1,2926,3049,2927,-1,2927,3049,3050,-1,2927,3050,2928,-1,2928,3050,3051,-1,2928,3051,2929,-1,2929,3051,3052,-1,2929,3052,2930,-1,2930,3052,3053,-1,2930,3053,2931,-1,2931,3053,3054,-1,2931,3054,2932,-1,2932,3054,3055,-1,2932,3055,2933,-1,2933,3055,3056,-1,2933,3056,2934,-1,2934,3056,3057,-1,2934,3057,2935,-1,2935,3057,3058,-1,2935,3058,2936,-1,2936,3058,3059,-1,2936,3059,2937,-1,2937,3059,3060,-1,2937,3060,2938,-1,2938,3060,3061,-1,2938,3061,2939,-1,2939,3061,3062,-1,2939,3062,2940,-1,2940,3062,3063,-1,2940,3063,2941,-1,2941,3063,3064,-1,2941,3064,2942,-1,2942,3064,3065,-1,2942,3065,2943,-1,2943,3065,3066,-1,2943,3066,2944,-1,2944,3066,3067,-1,2944,3067,2945,-1,2945,3067,3068,-1,2945,3068,2946,-1,2946,3068,3069,-1,2946,3069,2947,-1,2947,3069,3070,-1,2947,3070,2948,-1,2948,3070,3071,-1,2948,3071,2949,-1,2949,3071,3072,-1,2949,3072,2950,-1,2950,3072,3073,-1,2950,3073,2951,-1,2951,3073,3074,-1,2951,3074,2952,-1,2952,3074,3075,-1,2952,3075,2953,-1,2953,3075,3076,-1,2953,3076,2954,-1,2954,3076,3077,-1,2954,3077,2955,-1,2955,3077,3078,-1,2955,3078,2956,-1,2956,3078,3079,-1,2956,3079,2957,-1,2957,3079,3080,-1,2957,3080,2958,-1,2958,3080,3081,-1,2958,3081,2959,-1,2959,3081,3082,-1,2959,3082,2960,-1,2960,3082,3083,-1,2960,3083,2961,-1,2961,3083,3084,-1,2961,3084,2962,-1,2962,3084,3085,-1,2962,3085,2963,-1,2963,3085,3086,-1,2963,3086,2964,-1,2964,3086,3087,-1,2964,3087,2965,-1,2965,3087,3088,-1,2965,3088,2966,-1,2966,3088,3089,-1,2966,3089,2967,-1,2967,3089,3090,-1,2967,3090,2968,-1,2968,3090,3091,-1,2968,3091,2969,-1,2969,3091,3092,-1,2969,3092,2970,-1,2970,3092,3093,-1,2970,3093,2971,-1,2971,3093,3094,-1,2971,3094,2972,-1,2972,3094,3095,-1,2972,3095,2973,-1,2973,3095,3096,-1,2973,3096,2974,-1,2974,3096,3097,-1,2974,3097,2975,-1,2975,3097,3098,-1,2975,3098,2976,-1,2976,3098,3099,-1,2976,3099,2977,-1,2977,3099,3100,-1,2977,3100,2978,-1,2978,3100,3101,-1,2978,3101,2979,-1,2979,3101,3102,-1,2979,3102,2980,-1,2980,3102,3103,-1,2980,3103,2981,-1,2981,3103,3104,-1,2981,3104,2982,-1,2982,3104,3105,-1,2982,3105,2983,-1,2983,3105,3106,-1,2983,3106,2984,-1,2984,3106,3107,-1,2984,3107,2985,-1,2985,3107,3108,-1,2985,3108,2986,-1,2986,3108,3109,-1,2986,3109,2987,-1,2987,3109,3110,-1,2987,3110,2988,-1,2988,3110,3111,-1,2988,3111,2989,-1,2989,3111,3112,-1,2989,3112,2990,-1,2990,3112,3113,-1,2990,3113,2991,-1,2991,3113,3114,-1,2991,3114,2992,-1,2992,3114,3115,-1,2992,3115,2993,-1,2993,3115,3116,-1,2993,3116,2994,-1,2994,3116,3117,-1,2994,3117,2995,-1,2995,3117,3118,-1,2995,3118,2996,-1,2996,3118,3119,-1,2996,3119,2997,-1,2997,3119,3120,-1,2997,3120,2998,-1,2998,3120,3121,-1,2998,3121,2999,-1,2999,3121,3122,-1,2999,3122,3000,-1,3000,3122,3123,-1,3000,3123,3001,-1,3001,3123,3124,-1,3001,3124,3002,-1,3002,3124,3125,-1,3002,3125,3003,-1,3003,3125,3126,-1,3003,3126,3004,-1,3004,3126,3127,-1,3004,3127,3005,-1,3005,3127,3128,-1,3005,3128,3006,-1,3006,3128,3129,-1,3006,3129,3007,-1,3007,3129,3130,-1,3007,3130,3008,-1,3008,3130,3131,-1,3008,3131,3009,-1,3009,3131,3132,-1,3009,3132,3010,-1,3010,3132,3133,-1,3010,3133,3011,-1,3011,3133,3134,-1,3011,3134,3012,-1,3012,3134,3135,-1,3012,3135,73,-1,73,3135,75,-1,73,75,71,-1,71,75,18,-1,3013,3136,3014,-1,3014,3136,3137,-1,3014,3137,3015,-1,3015,3137,3138,-1,3015,3138,3016,-1,3016,3138,3139,-1,3016,3139,3017,-1,3017,3139,3140,-1,3017,3140,3018,-1,3018,3140,3141,-1,3018,3141,3019,-1,3019,3141,3142,-1,3019,3142,3020,-1,3020,3142,3143,-1,3020,3143,3021,-1,3021,3143,3144,-1,3021,3144,3022,-1,3022,3144,3145,-1,3022,3145,3023,-1,3023,3145,3146,-1,3023,3146,3024,-1,3024,3146,3147,-1,3024,3147,3025,-1,3025,3147,3148,-1,3025,3148,3026,-1,3026,3148,3149,-1,3026,3149,3027,-1,3027,3149,3150,-1,3027,3150,3028,-1,3028,3150,3151,-1,3028,3151,3029,-1,3029,3151,3152,-1,3029,3152,3030,-1,3030,3152,3153,-1,3030,3153,3031,-1,3031,3153,3154,-1,3031,3154,3032,-1,3032,3154,3155,-1,3032,3155,3033,-1,3033,3155,3156,-1,3033,3156,3034,-1,3034,3156,3157,-1,3034,3157,3035,-1,3035,3157,3158,-1,3035,3158,3036,-1,3036,3158,3159,-1,3036,3159,3037,-1,3037,3159,3160,-1,3037,3160,3038,-1,3038,3160,3161,-1,3038,3161,3039,-1,3039,3161,3162,-1,3039,3162,3040,-1,3040,3162,3163,-1,3040,3163,3041,-1,3041,3163,3164,-1,3041,3164,3042,-1,3042,3164,3165,-1,3042,3165,3043,-1,3043,3165,3166,-1,3043,3166,3044,-1,3044,3166,3167,-1,3044,3167,3045,-1,3045,3167,3168,-1,3045,3168,3046,-1,3046,3168,3169,-1,3046,3169,3047,-1,3047,3169,3170,-1,3047,3170,3048,-1,3048,3170,3171,-1,3048,3171,3049,-1,3049,3171,3172,-1,3049,3172,3050,-1,3050,3172,3173,-1,3050,3173,3051,-1,3051,3173,3174,-1,3051,3174,3052,-1,3052,3174,3175,-1,3052,3175,3053,-1,3053,3175,3176,-1,3053,3176,3054,-1,3054,3176,3177,-1,3054,3177,3055,-1,3055,3177,3178,-1,3055,3178,3056,-1,3056,3178,3179,-1,3056,3179,3057,-1,3057,3179,3180,-1,3057,3180,3058,-1,3058,3180,3181,-1,3058,3181,3059,-1,3059,3181,3182,-1,3059,3182,3060,-1,3060,3182,3183,-1,3060,3183,3061,-1,3061,3183,3184,-1,3061,3184,3062,-1,3062,3184,3185,-1,3062,3185,3063,-1,3063,3185,3186,-1,3063,3186,3064,-1,3064,3186,3187,-1,3064,3187,3065,-1,3065,3187,3188,-1,3065,3188,3066,-1,3066,3188,3189,-1,3066,3189,3067,-1,3067,3189,3190,-1,3067,3190,3068,-1,3068,3190,3191,-1,3068,3191,3069,-1,3069,3191,3192,-1,3069,3192,3070,-1,3070,3192,3193,-1,3070,3193,3071,-1,3071,3193,3194,-1,3071,3194,3072,-1,3072,3194,3195,-1,3072,3195,3073,-1,3073,3195,3196,-1,3073,3196,3074,-1,3074,3196,3197,-1,3074,3197,3075,-1,3075,3197,3198,-1,3075,3198,3076,-1,3076,3198,3199,-1,3076,3199,3077,-1,3077,3199,3200,-1,3077,3200,3078,-1,3078,3200,3201,-1,3078,3201,3079,-1,3079,3201,3202,-1,3079,3202,3080,-1,3080,3202,3203,-1,3080,3203,3081,-1,3081,3203,3204,-1,3081,3204,3082,-1,3082,3204,3205,-1,3082,3205,3083,-1,3083,3205,3206,-1,3083,3206,3084,-1,3084,3206,3207,-1,3084,3207,3085,-1,3085,3207,3208,-1,3085,3208,3086,-1,3086,3208,3209,-1,3086,3209,3087,-1,3087,3209,3210,-1,3087,3210,3088,-1,3088,3210,3211,-1,3088,3211,3089,-1,3089,3211,3212,-1,3089,3212,3090,-1,3090,3212,3213,-1,3090,3213,3091,-1,3091,3213,3214,-1,3091,3214,3092,-1,3092,3214,3215,-1,3092,3215,3093,-1,3093,3215,3216,-1,3093,3216,3094,-1,3094,3216,3217,-1,3094,3217,3095,-1,3095,3217,3218,-1,3095,3218,3096,-1,3096,3218,3219,-1,3096,3219,3097,-1,3097,3219,3220,-1,3097,3220,3098,-1,3098,3220,3221,-1,3098,3221,3099,-1,3099,3221,3222,-1,3099,3222,3100,-1,3100,3222,3223,-1,3100,3223,3101,-1,3101,3223,3224,-1,3101,3224,3102,-1,3102,3224,3225,-1,3102,3225,3103,-1,3103,3225,3226,-1,3103,3226,3104,-1,3104,3226,3227,-1,3104,3227,3105,-1,3105,3227,3228,-1,3105,3228,3106,-1,3106,3228,3229,-1,3106,3229,3107,-1,3107,3229,3230,-1,3107,3230,3108,-1,3108,3230,3231,-1,3108,3231,3109,-1,3109,3231,3232,-1,3109,3232,3110,-1,3110,3232,3233,-1,3110,3233,3111,-1,3111,3233,3234,-1,3111,3234,3112,-1,3112,3234,3235,-1,3112,3235,3113,-1,3113,3235,3236,-1,3113,3236,3114,-1,3114,3236,3237,-1,3114,3237,3115,-1,3115,3237,3238,-1,3115,3238,3116,-1,3116,3238,3239,-1,3116,3239,3117,-1,3117,3239,3240,-1,3117,3240,3118,-1,3118,3240,3241,-1,3118,3241,3119,-1,3119,3241,3242,-1,3119,3242,3120,-1,3120,3242,3243,-1,3120,3243,3121,-1,3121,3243,3244,-1,3121,3244,3122,-1,3122,3244,3245,-1,3122,3245,3123,-1,3123,3245,3246,-1,3123,3246,3124,-1,3124,3246,3247,-1,3124,3247,3125,-1,3125,3247,3248,-1,3125,3248,3126,-1,3126,3248,3249,-1,3126,3249,3127,-1,3127,3249,3250,-1,3127,3250,3128,-1,3128,3250,3251,-1,3128,3251,3129,-1,3129,3251,3252,-1,3129,3252,3130,-1,3130,3252,3253,-1,3130,3253,3131,-1,3131,3253,3254,-1,3131,3254,3132,-1,3132,3254,3255,-1,3132,3255,3133,-1,3133,3255,3256,-1,3133,3256,3134,-1,3134,3256,3257,-1,3134,3257,3135,-1,3135,3257,3258,-1,3135,3258,75,-1,75,3258,3259,-1,75,3259,19,-1,19,3259,77,-1,19,77,20,-1,20,77,76,-1,3136,3260,3137,-1,3137,3260,3261,-1,3137,3261,3138,-1,3138,3261,3262,-1,3138,3262,3139,-1,3139,3262,3263,-1,3139,3263,3140,-1,3140,3263,3264,-1,3140,3264,3141,-1,3141,3264,3265,-1,3141,3265,3142,-1,3142,3265,3266,-1,3142,3266,3143,-1,3143,3266,3267,-1,3143,3267,3144,-1,3144,3267,3268,-1,3144,3268,3145,-1,3145,3268,3269,-1,3145,3269,3146,-1,3146,3269,3270,-1,3146,3270,3147,-1,3147,3270,3271,-1,3147,3271,3148,-1,3148,3271,3272,-1,3148,3272,3149,-1,3149,3272,3273,-1,3149,3273,3150,-1,3150,3273,3274,-1,3150,3274,3151,-1,3151,3274,3275,-1,3151,3275,3152,-1,3152,3275,3276,-1,3152,3276,3153,-1,3153,3276,3277,-1,3153,3277,3154,-1,3154,3277,3278,-1,3154,3278,3155,-1,3155,3278,3279,-1,3155,3279,3156,-1,3156,3279,3280,-1,3156,3280,3157,-1,3157,3280,3281,-1,3157,3281,3158,-1,3158,3281,3282,-1,3158,3282,3159,-1,3159,3282,3283,-1,3159,3283,3160,-1,3160,3283,3284,-1,3160,3284,3161,-1,3161,3284,3285,-1,3161,3285,3162,-1,3162,3285,3286,-1,3162,3286,3163,-1,3163,3286,3287,-1,3163,3287,3164,-1,3164,3287,3288,-1,3164,3288,3165,-1,3165,3288,3289,-1,3165,3289,3166,-1,3166,3289,3290,-1,3166,3290,3167,-1,3167,3290,3291,-1,3167,3291,3168,-1,3168,3291,3292,-1,3168,3292,3169,-1,3169,3292,3293,-1,3169,3293,3170,-1,3170,3293,3294,-1,3170,3294,3171,-1,3171,3294,3295,-1,3171,3295,3172,-1,3172,3295,3296,-1,3172,3296,3173,-1,3173,3296,3297,-1,3173,3297,3174,-1,3174,3297,3298,-1,3174,3298,3175,-1,3175,3298,3299,-1,3175,3299,3176,-1,3176,3299,3300,-1,3176,3300,3177,-1,3177,3300,3301,-1,3177,3301,3178,-1,3178,3301,3302,-1,3178,3302,3179,-1,3179,3302,3303,-1,3179,3303,3180,-1,3180,3303,3304,-1,3180,3304,3181,-1,3181,3304,3305,-1,3181,3305,3182,-1,3182,3305,3306,-1,3182,3306,3183,-1,3183,3306,3307,-1,3183,3307,3184,-1,3184,3307,3308,-1,3184,3308,3185,-1,3185,3308,3309,-1,3185,3309,3186,-1,3186,3309,3310,-1,3186,3310,3187,-1,3187,3310,3311,-1,3187,3311,3188,-1,3188,3311,3312,-1,3188,3312,3189,-1,3189,3312,3313,-1,3189,3313,3190,-1,3190,3313,3314,-1,3190,3314,3191,-1,3191,3314,3315,-1,3191,3315,3192,-1,3192,3315,3316,-1,3192,3316,3193,-1,3193,3316,3317,-1,3193,3317,3194,-1,3194,3317,3318,-1,3194,3318,3195,-1,3195,3318,3319,-1,3195,3319,3196,-1,3196,3319,3320,-1,3196,3320,3197,-1,3197,3320,3321,-1,3197,3321,3198,-1,3198,3321,3322,-1,3198,3322,3199,-1,3199,3322,3323,-1,3199,3323,3200,-1,3200,3323,3324,-1,3200,3324,3201,-1,3201,3324,3325,-1,3201,3325,3202,-1,3202,3325,3326,-1,3202,3326,3203,-1,3203,3326,3327,-1,3203,3327,3204,-1,3204,3327,3328,-1,3204,3328,3205,-1,3205,3328,3329,-1,3205,3329,3206,-1,3206,3329,3330,-1,3206,3330,3207,-1,3207,3330,3331,-1,3207,3331,3208,-1,3208,3331,3332,-1,3208,3332,3209,-1,3209,3332,3333,-1,3209,3333,3210,-1,3210,3333,3334,-1,3210,3334,3211,-1,3211,3334,3335,-1,3211,3335,3212,-1,3212,3335,3336,-1,3212,3336,3213,-1,3213,3336,3337,-1,3213,3337,3214,-1,3214,3337,3338,-1,3214,3338,3215,-1,3215,3338,3339,-1,3215,3339,3216,-1,3216,3339,3340,-1,3216,3340,3217,-1,3217,3340,3341,-1,3217,3341,3218,-1,3218,3341,3342,-1,3218,3342,3219,-1,3219,3342,3343,-1,3219,3343,3220,-1,3220,3343,3344,-1,3220,3344,3221,-1,3221,3344,3345,-1,3221,3345,3222,-1,3222,3345,3346,-1,3222,3346,3223,-1,3223,3346,3347,-1,3223,3347,3224,-1,3224,3347,3348,-1,3224,3348,3225,-1,3225,3348,3349,-1,3225,3349,3226,-1,3226,3349,3350,-1,3226,3350,3227,-1,3227,3350,3351,-1,3227,3351,3228,-1,3228,3351,3352,-1,3228,3352,3229,-1,3229,3352,3353,-1,3229,3353,3230,-1,3230,3353,3354,-1,3230,3354,3231,-1,3231,3354,3355,-1,3231,3355,3232,-1,3232,3355,3356,-1,3232,3356,3233,-1,3233,3356,3357,-1,3233,3357,3234,-1,3234,3357,3358,-1,3234,3358,3235,-1,3235,3358,3359,-1,3235,3359,3236,-1,3236,3359,3360,-1,3236,3360,3237,-1,3237,3360,3361,-1,3237,3361,3238,-1,3238,3361,3362,-1,3238,3362,3239,-1,3239,3362,3363,-1,3239,3363,3240,-1,3240,3363,3364,-1,3240,3364,3241,-1,3241,3364,3365,-1,3241,3365,3242,-1,3242,3365,3366,-1,3242,3366,3243,-1,3243,3366,3367,-1,3243,3367,3244,-1,3244,3367,3368,-1,3244,3368,3245,-1,3245,3368,3369,-1,3245,3369,3246,-1,3246,3369,3370,-1,3246,3370,3247,-1,3247,3370,3371,-1,3247,3371,3248,-1,3248,3371,3372,-1,3248,3372,3249,-1,3249,3372,3373,-1,3249,3373,3250,-1,3250,3373,3374,-1,3250,3374,3251,-1,3251,3374,3375,-1,3251,3375,3252,-1,3252,3375,3376,-1,3252,3376,3253,-1,3253,3376,3377,-1,3253,3377,3254,-1,3254,3377,3378,-1,3254,3378,3255,-1,3255,3378,3379,-1,3255,3379,3256,-1,3256,3379,3380,-1,3256,3380,3257,-1,3257,3380,3381,-1,3257,3381,3258,-1,3258,3381,3382,-1,3258,3382,3259,-1,3259,3382,3383,-1,3259,3383,77,-1,77,3383,3384,-1,77,3384,79,-1,79,3384,82,-1,79,82,80,-1,80,82,81,-1,3260,3385,3261,-1,3261,3385,3386,-1,3261,3386,3262,-1,3262,3386,3387,-1,3262,3387,3263,-1,3263,3387,3388,-1,3263,3388,3264,-1,3264,3388,3389,-1,3264,3389,3265,-1,3265,3389,3390,-1,3265,3390,3266,-1,3266,3390,3391,-1,3266,3391,3267,-1,3267,3391,3392,-1,3267,3392,3268,-1,3268,3392,3393,-1,3268,3393,3269,-1,3269,3393,3394,-1,3269,3394,3270,-1,3270,3394,3395,-1,3270,3395,3271,-1,3271,3395,3396,-1,3271,3396,3272,-1,3272,3396,3397,-1,3272,3397,3273,-1,3273,3397,3398,-1,3273,3398,3274,-1,3274,3398,3399,-1,3274,3399,3275,-1,3275,3399,3400,-1,3275,3400,3276,-1,3276,3400,3401,-1,3276,3401,3277,-1,3277,3401,3402,-1,3277,3402,3278,-1,3278,3402,3403,-1,3278,3403,3279,-1,3279,3403,3404,-1,3279,3404,3280,-1,3280,3404,3405,-1,3280,3405,3281,-1,3281,3405,3406,-1,3281,3406,3282,-1,3282,3406,3407,-1,3282,3407,3283,-1,3283,3407,3408,-1,3283,3408,3284,-1,3284,3408,3409,-1,3284,3409,3285,-1,3285,3409,3410,-1,3285,3410,3286,-1,3286,3410,3411,-1,3286,3411,3287,-1,3287,3411,3412,-1,3287,3412,3288,-1,3288,3412,3413,-1,3288,3413,3289,-1,3289,3413,3414,-1,3289,3414,3290,-1,3290,3414,3415,-1,3290,3415,3291,-1,3291,3415,3416,-1,3291,3416,3292,-1,3292,3416,3417,-1,3292,3417,3293,-1,3293,3417,3418,-1,3293,3418,3294,-1,3294,3418,3419,-1,3294,3419,3295,-1,3295,3419,3420,-1,3295,3420,3296,-1,3296,3420,3421,-1,3296,3421,3297,-1,3297,3421,3422,-1,3297,3422,3298,-1,3298,3422,3423,-1,3298,3423,3299,-1,3299,3423,3424,-1,3299,3424,3300,-1,3300,3424,3425,-1,3300,3425,3301,-1,3301,3425,3426,-1,3301,3426,3302,-1,3302,3426,3427,-1,3302,3427,3303,-1,3303,3427,3428,-1,3303,3428,3304,-1,3304,3428,3429,-1,3304,3429,3305,-1,3305,3429,3430,-1,3305,3430,3306,-1,3306,3430,3431,-1,3306,3431,3307,-1,3307,3431,3432,-1,3307,3432,3308,-1,3308,3432,3433,-1,3308,3433,3309,-1,3309,3433,3434,-1,3309,3434,3310,-1,3310,3434,3435,-1,3310,3435,3311,-1,3311,3435,3436,-1,3311,3436,3312,-1,3312,3436,3437,-1,3312,3437,3313,-1,3313,3437,3438,-1,3313,3438,3314,-1,3314,3438,3439,-1,3314,3439,3315,-1,3315,3439,3440,-1,3315,3440,3316,-1,3316,3440,3441,-1,3316,3441,3317,-1,3317,3441,3442,-1,3317,3442,3318,-1,3318,3442,3443,-1,3318,3443,3319,-1,3319,3443,3444,-1,3319,3444,3320,-1,3320,3444,3445,-1,3320,3445,3321,-1,3321,3445,3446,-1,3321,3446,3322,-1,3322,3446,3447,-1,3322,3447,3323,-1,3323,3447,3448,-1,3323,3448,3324,-1,3324,3448,3449,-1,3324,3449,3325,-1,3325,3449,3450,-1,3325,3450,3326,-1,3326,3450,3451,-1,3326,3451,3327,-1,3327,3451,3452,-1,3327,3452,3328,-1,3328,3452,3453,-1,3328,3453,3329,-1,3329,3453,3454,-1,3329,3454,3330,-1,3330,3454,3455,-1,3330,3455,3331,-1,3331,3455,3456,-1,3331,3456,3332,-1,3332,3456,3457,-1,3332,3457,3333,-1,3333,3457,3458,-1,3333,3458,3334,-1,3334,3458,3459,-1,3334,3459,3335,-1,3335,3459,3460,-1,3335,3460,3336,-1,3336,3460,3461,-1,3336,3461,3337,-1,3337,3461,3462,-1,3337,3462,3338,-1,3338,3462,3463,-1,3338,3463,3339,-1,3339,3463,3464,-1,3339,3464,3340,-1,3340,3464,3465,-1,3340,3465,3341,-1,3341,3465,3466,-1,3341,3466,3342,-1,3342,3466,3467,-1,3342,3467,3343,-1,3343,3467,3468,-1,3343,3468,3344,-1,3344,3468,3469,-1,3344,3469,3345,-1,3345,3469,3470,-1,3345,3470,3346,-1,3346,3470,3471,-1,3346,3471,3347,-1,3347,3471,3472,-1,3347,3472,3348,-1,3348,3472,3473,-1,3348,3473,3349,-1,3349,3473,3474,-1,3349,3474,3350,-1,3350,3474,3475,-1,3350,3475,3351,-1,3351,3475,3476,-1,3351,3476,3352,-1,3352,3476,3477,-1,3352,3477,3353,-1,3353,3477,3478,-1,3353,3478,3354,-1,3354,3478,3479,-1,3354,3479,3355,-1,3355,3479,3480,-1,3355,3480,3356,-1,3356,3480,3481,-1,3356,3481,3357,-1,3357,3481,3482,-1,3357,3482,3358,-1,3358,3482,3483,-1,3358,3483,3359,-1,3359,3483,3484,-1,3359,3484,3360,-1,3360,3484,3485,-1,3360,3485,3361,-1,3361,3485,3486,-1,3361,3486,3362,-1,3362,3486,3487,-1,3362,3487,3363,-1,3363,3487,3488,-1,3363,3488,3364,-1,3364,3488,3489,-1,3364,3489,3365,-1,3365,3489,3490,-1,3365,3490,3366,-1,3366,3490,3491,-1,3366,3491,3367,-1,3367,3491,3492,-1,3367,3492,3368,-1,3368,3492,3493,-1,3368,3493,3369,-1,3369,3493,3494,-1,3369,3494,3370,-1,3370,3494,3495,-1,3370,3495,3371,-1,3371,3495,3496,-1,3371,3496,3372,-1,3372,3496,3497,-1,3372,3497,3373,-1,3373,3497,3498,-1,3373,3498,3374,-1,3374,3498,3499,-1,3374,3499,3375,-1,3375,3499,3500,-1,3375,3500,3376,-1,3376,3500,3501,-1,3376,3501,3377,-1,3377,3501,3502,-1,3377,3502,3378,-1,3378,3502,3503,-1,3378,3503,3379,-1,3379,3503,3504,-1,3379,3504,3380,-1,3380,3504,3505,-1,3380,3505,3381,-1,3381,3505,3506,-1,3381,3506,3382,-1,3382,3506,3507,-1,3382,3507,3383,-1,3383,3507,3508,-1,3383,3508,3384,-1,3384,3508,3509,-1,3384,3509,82,-1,82,3509,3510,-1,82,3510,84,-1,84,3510,87,-1,84,87,86,-1,86,87,89,-1,3511,3512,3513,-1,3513,3512,3514,-1,3513,3514,3515,-1,3515,3514,3516,-1,3515,3516,3517,-1,3517,3516,3518,-1,3517,3518,3519,-1,3519,3518,3520,-1,3519,3520,3521,-1,3521,3520,3522,-1,3521,3522,3523,-1,3523,3522,3524,-1,3523,3524,3525,-1,3525,3524,3526,-1,3525,3526,3527,-1,3527,3526,3528,-1,3527,3528,3529,-1,3529,3528,3530,-1,3529,3530,3531,-1,3531,3530,3532,-1,3531,3532,3533,-1,3533,3532,3534,-1,3533,3534,3535,-1,3535,3534,3536,-1,3535,3536,3537,-1,3537,3536,3538,-1,3537,3538,3539,-1,3539,3538,3540,-1,3539,3540,3541,-1,3541,3540,3542,-1,3541,3542,3543,-1,3543,3542,3544,-1,3543,3544,3545,-1,3545,3544,3546,-1,3545,3546,3547,-1,3547,3546,3548,-1,3547,3548,3549,-1,3549,3548,3550,-1,3549,3550,3551,-1,3551,3550,3552,-1,3551,3552,3553,-1,3553,3552,3554,-1,3553,3554,3555,-1,3555,3554,3556,-1,3555,3556,3557,-1,3557,3556,3558,-1,3557,3558,3559,-1,3559,3558,3560,-1,3559,3560,3561,-1,3561,3560,3562,-1,3561,3562,3563,-1,3563,3562,3564,-1,3563,3564,3511,-1,3511,3564,3512,-1,3513,3565,3511,-1,3511,3565,3566,-1,3511,3566,3563,-1,3563,3566,3567,-1,3563,3567,3561,-1,3561,3567,3568,-1,3561,3568,3559,-1,3559,3568,3569,-1,3559,3569,3557,-1,3557,3569,3570,-1,3557,3570,3555,-1,3555,3570,3571,-1,3555,3571,3553,-1,3553,3571,3572,-1,3553,3572,3551,-1,3551,3572,3573,-1,3551,3573,3549,-1,3549,3573,3574,-1,3549,3574,3547,-1,3547,3574,3575,-1,3547,3575,3545,-1,3545,3575,3576,-1,3545,3576,3543,-1,3543,3576,3577,-1,3543,3577,3541,-1,3541,3577,3578,-1,3541,3578,3539,-1,3539,3578,3579,-1,3539,3579,3537,-1,3537,3579,3580,-1,3537,3580,3535,-1,3535,3580,3581,-1,3535,3581,3533,-1,3533,3581,3582,-1,3533,3582,3531,-1,3531,3582,3583,-1,3531,3583,3529,-1,3529,3583,3584,-1,3529,3584,3527,-1,3527,3584,3585,-1,3527,3585,3525,-1,3525,3585,3586,-1,3525,3586,3523,-1,3523,3586,3587,-1,3523,3587,3521,-1,3521,3587,3588,-1,3521,3588,3519,-1,3519,3588,3589,-1,3519,3589,3517,-1,3517,3589,3590,-1,3517,3590,3515,-1,3515,3590,3591,-1,3515,3591,3513,-1,3513,3591,3565,-1,3591,3592,3565,-1,3565,3592,3593,-1,3565,3593,3566,-1,3566,3593,3594,-1,3566,3594,3567,-1,3567,3594,3595,-1,3567,3595,3568,-1,3568,3595,3596,-1,3568,3596,3569,-1,3569,3596,3597,-1,3569,3597,3570,-1,3570,3597,3598,-1,3570,3598,3571,-1,3571,3598,3599,-1,3571,3599,3572,-1,3572,3599,3600,-1,3572,3600,3573,-1,3573,3600,3601,-1,3573,3601,3574,-1,3574,3601,3602,-1,3574,3602,3575,-1,3575,3602,3603,-1,3575,3603,3576,-1,3576,3603,3604,-1,3576,3604,3577,-1,3577,3604,3605,-1,3577,3605,3578,-1,3578,3605,3606,-1,3578,3606,3579,-1,3579,3606,3607,-1,3579,3607,3580,-1,3580,3607,3608,-1,3580,3608,3581,-1,3581,3608,3609,-1,3581,3609,3582,-1,3582,3609,3610,-1,3582,3610,3583,-1,3583,3610,3611,-1,3583,3611,3584,-1,3584,3611,3612,-1,3584,3612,3585,-1,3585,3612,3613,-1,3585,3613,3586,-1,3586,3613,3614,-1,3586,3614,3587,-1,3587,3614,3615,-1,3587,3615,3588,-1,3588,3615,3616,-1,3588,3616,3589,-1,3589,3616,3617,-1,3589,3617,3590,-1,3590,3617,3618,-1,3590,3618,3591,-1,3591,3618,3592,-1,3618,3385,3592,-1,3592,3385,3260,-1,3592,3260,3593,-1,3593,3260,3136,-1,3593,3136,3594,-1,3594,3136,3013,-1,3594,3013,3595,-1,3595,3013,2890,-1,3595,2890,3596,-1,3596,2890,2767,-1,3596,2767,3597,-1,3597,2767,2644,-1,3597,2644,3598,-1,3598,2644,2521,-1,3598,2521,3599,-1,3599,2521,2398,-1,3599,2398,3600,-1,3600,2398,2274,-1,3600,2274,3601,-1,3601,2274,2150,-1,3601,2150,3602,-1,3602,2150,2024,-1,3602,2024,3603,-1,3603,2024,1897,-1,3603,1897,3604,-1,3604,1897,1769,-1,3604,1769,3605,-1,3605,1769,1768,-1,3605,1768,3606,-1,3606,1768,1767,-1,3606,1767,3607,-1,3607,1767,1766,-1,3607,1766,3608,-1,3608,1766,1765,-1,3608,1765,3609,-1,3609,1765,1764,-1,3609,1764,3610,-1,3610,1764,1763,-1,3610,1763,3611,-1,3611,1763,1762,-1,3611,1762,3612,-1,3612,1762,1761,-1,3612,1761,3613,-1,3613,1761,1760,-1,3613,1760,3614,-1,3614,1760,1759,-1,3614,1759,3615,-1,3615,1759,1758,-1,3615,1758,3616,-1,3616,1758,17,-1,3616,17,3617,-1,3617,17,16,-1,3617,16,3618,-1,3618,16,3385,-1,95,90,96,-1,96,90,88,-1,96,88,100,-1,100,88,87,-1,100,87,102,-1,102,87,3510,-1,102,3510,104,-1,104,3510,3509,-1,104,3509,106,-1,106,3509,3508,-1,106,3508,108,-1,108,3508,3507,-1,108,3507,110,-1,110,3507,3506,-1,110,3506,112,-1,112,3506,3505,-1,112,3505,114,-1,114,3505,3504,-1,114,3504,116,-1,116,3504,3503,-1,116,3503,118,-1,118,3503,3502,-1,118,3502,120,-1,120,3502,3501,-1,120,3501,122,-1,122,3501,3500,-1,122,3500,124,-1,124,3500,3499,-1,124,3499,126,-1,126,3499,3498,-1,126,3498,128,-1,128,3498,3497,-1,128,3497,130,-1,130,3497,3496,-1,130,3496,132,-1,132,3496,3495,-1,132,3495,134,-1,134,3495,3494,-1,134,3494,136,-1,136,3494,3493,-1,136,3493,138,-1,138,3493,3492,-1,138,3492,140,-1,140,3492,3491,-1,140,3491,142,-1,142,3491,3490,-1,142,3490,144,-1,144,3490,3489,-1,144,3489,146,-1,146,3489,3488,-1,146,3488,148,-1,148,3488,3487,-1,148,3487,150,-1,150,3487,3486,-1,150,3486,152,-1,152,3486,3485,-1,152,3485,154,-1,154,3485,3484,-1,154,3484,156,-1,156,3484,3483,-1,156,3483,158,-1,158,3483,3482,-1,158,3482,160,-1,160,3482,3481,-1,160,3481,162,-1,162,3481,3480,-1,162,3480,164,-1,164,3480,3479,-1,164,3479,166,-1,166,3479,3478,-1,166,3478,168,-1,168,3478,3477,-1,168,3477,170,-1,170,3477,3476,-1,170,3476,172,-1,172,3476,3475,-1,172,3475,174,-1,174,3475,3474,-1,174,3474,176,-1,176,3474,3473,-1,176,3473,178,-1,178,3473,3472,-1,178,3472,180,-1,180,3472,3471,-1,180,3471,182,-1,182,3471,3470,-1,182,3470,184,-1,184,3470,3469,-1,184,3469,186,-1,186,3469,3468,-1,186,3468,188,-1,188,3468,3467,-1,188,3467,190,-1,190,3467,3466,-1,190,3466,192,-1,192,3466,3465,-1,192,3465,194,-1,194,3465,3464,-1,194,3464,196,-1,196,3464,3463,-1,196,3463,198,-1,198,3463,3462,-1,198,3462,200,-1,200,3462,3461,-1,200,3461,202,-1,202,3461,3460,-1,202,3460,204,-1,204,3460,3459,-1,204,3459,206,-1,206,3459,3458,-1,206,3458,208,-1,208,3458,3457,-1,208,3457,210,-1,210,3457,3456,-1,210,3456,212,-1,212,3456,3455,-1,212,3455,214,-1,214,3455,3454,-1,214,3454,216,-1,216,3454,3453,-1,216,3453,218,-1,218,3453,3452,-1,218,3452,220,-1,220,3452,3451,-1,220,3451,222,-1,222,3451,3450,-1,222,3450,224,-1,224,3450,3449,-1,224,3449,226,-1,226,3449,3448,-1,226,3448,228,-1,228,3448,3447,-1,228,3447,230,-1,230,3447,3446,-1,230,3446,232,-1,232,3446,3445,-1,232,3445,234,-1,234,3445,3444,-1,234,3444,236,-1,236,3444,3443,-1,236,3443,238,-1,238,3443,3442,-1,238,3442,240,-1,240,3442,3441,-1,240,3441,242,-1,242,3441,3440,-1,242,3440,244,-1,244,3440,3439,-1,244,3439,246,-1,246,3439,3438,-1,246,3438,248,-1,248,3438,3437,-1,248,3437,250,-1,250,3437,3436,-1,250,3436,252,-1,252,3436,3435,-1,252,3435,254,-1,254,3435,3434,-1,254,3434,256,-1,256,3434,3433,-1,256,3433,258,-1,258,3433,3432,-1,258,3432,260,-1,260,3432,3431,-1,260,3431,262,-1,262,3431,3430,-1,262,3430,264,-1,264,3430,3429,-1,264,3429,266,-1,266,3429,3428,-1,266,3428,268,-1,268,3428,3427,-1,268,3427,270,-1,270,3427,3426,-1,270,3426,272,-1,272,3426,3425,-1,272,3425,274,-1,274,3425,3424,-1,274,3424,276,-1,276,3424,3423,-1,276,3423,278,-1,278,3423,3422,-1,278,3422,280,-1,280,3422,3421,-1,280,3421,282,-1,282,3421,3420,-1,282,3420,284,-1,284,3420,3419,-1,284,3419,286,-1,286,3419,3418,-1,286,3418,288,-1,288,3418,3417,-1,288,3417,290,-1,290,3417,3416,-1,290,3416,292,-1,292,3416,3415,-1,292,3415,294,-1,294,3415,3414,-1,294,3414,296,-1,296,3414,3413,-1,296,3413,298,-1,298,3413,3412,-1,298,3412,300,-1,300,3412,3411,-1,300,3411,302,-1,302,3411,3410,-1,302,3410,304,-1,304,3410,3409,-1,304,3409,306,-1,306,3409,3408,-1,306,3408,308,-1,308,3408,3407,-1,308,3407,310,-1,310,3407,3406,-1,310,3406,312,-1,312,3406,3405,-1,312,3405,314,-1,314,3405,3404,-1,314,3404,316,-1,316,3404,3403,-1,316,3403,318,-1,318,3403,3402,-1,318,3402,320,-1,320,3402,3401,-1,320,3401,322,-1,322,3401,3400,-1,322,3400,324,-1,324,3400,3399,-1,324,3399,326,-1,326,3399,3398,-1,326,3398,328,-1,328,3398,3397,-1,328,3397,330,-1,330,3397,3396,-1,330,3396,332,-1,332,3396,3395,-1,332,3395,334,-1,334,3395,3394,-1,334,3394,336,-1,336,3394,3393,-1,336,3393,338,-1,338,3393,3392,-1,338,3392,340,-1,340,3392,3391,-1,340,3391,342,-1,342,3391,3390,-1,342,3390,344,-1,344,3390,3389,-1,344,3389,346,-1,346,3389,3388,-1,346,3388,348,-1,348,3388,3387,-1,348,3387,15,-1,15,3387,3386,-1,15,3386,16,-1,16,3386,3385,-1,3516,3514,3619,-1,3619,3514,3512,-1,3619,3512,3564,-1,3522,3520,3619,-1,3619,3520,3518,-1,3619,3518,3516,-1,3528,3526,3619,-1,3619,3526,3524,-1,3619,3524,3522,-1,3534,3532,3619,-1,3619,3532,3530,-1,3619,3530,3528,-1,3540,3538,3619,-1,3619,3538,3536,-1,3619,3536,3534,-1,3546,3544,3619,-1,3619,3544,3542,-1,3619,3542,3540,-1,3552,3550,3619,-1,3619,3550,3548,-1,3619,3548,3546,-1,3558,3556,3619,-1,3619,3556,3554,-1,3619,3554,3552,-1,3564,3562,3619,-1,3619,3562,3560,-1,3619,3560,3558,-1,
        ]
    }
}
Shape{
    appearance Appearance {
        material  Material 	{
            diffuseColor 0.25098039215686274 0.25098039215686274 0.25098039215686274
            specularColor 0.12549019607843137 0.12549019607843137 0.12549019607843137
            ambientIntensity 0.2
            transparency 0
            shininess 0.5
        }
    }
    geometry IndexedFaceSet {
        ccw TRUE
        solid FALSE
        coord DEF co Coordinate {
            point [
                -2.6772 2.0472 -0.4724, -2.6772 2.0472 -0.748, -2.6673 2.0472 -0.4724, -2.4803 2.0472 -0.748, -2.6673 2.0472 -0.1575, -2.4803 2.0472 -0.1575, -2.6772 1.063 -0.4724, -2.6772 1.063 -0.1575, -2.6772 0.8661 -0.1575, -2.6772 1.1177 -0.748, -2.6772 0.8661 -0.748, -2.6276 0.8661 -0.1575, -2.6276 0.8661 -0.5118, -2.4803 0.8661 -0.5118, -2.4803 0.8661 -0.748, -2.4803 0.9843 -0.5118, -2.4803 0.9843 -0.1575, -2.4803 1.1177 -0.748, -2.6276 0.9843 -0.1575, -2.6673 1.063 -0.1575, -2.2441 0.8661 -0.748, -2.2441 0.8661 -0.5118, -2.0472 0.8661 -0.748, -2.0472 0.8661 -0.5118, -2.2441 0.9843 -0.5118, -2.2441 1.1177 -0.748, -2.2441 2.0472 -0.748, -2.2441 2.0472 -0.1575, -2.2441 0.9843 -0.1575, -2.0472 0.9843 -0.5118, -2.0472 0.9843 -0.1575, -2.0472 2.0472 -0.1575, -2.0472 1.1177 -0.748, -2.0472 2.0472 -0.748, -1.811 0.8661 -0.748, -1.811 0.8661 -0.5118, -1.7028 0.8661 -0.748, -1.6142 0.8661 -0.5118, -1.6142 0.8661 -0.748, -1.811 0.9843 -0.5118, -1.811 1.1177 -0.748, -1.811 2.0472 -0.748, -1.811 2.0472 -0.1575, -1.811 0.9843 -0.1575, -1.6142 0.9843 -0.5118, -1.6142 0.9843 -0.1575, -1.6142 2.0472 -0.1575, -1.6142 1.1177 -0.748, -1.6142 2.0472 -0.748, -1.7028 2.0472 -0.748, -1.378 0.8661 -0.748, -1.378 0.8661 -0.5118, -1.1811 0.8661 -0.748, -1.1811 0.8661 -0.5118, -1.378 0.9843 -0.5118, -1.378 1.1177 -0.748, -1.378 2.0472 -0.748, -1.378 2.0472 -0.1575, -1.378 0.9843 -0.1575, -1.1811 0.9843 -0.5118, -1.1811 0.9843 -0.1575, -1.1811 2.0472 -0.1575, -1.1811 1.1177 -0.748, -1.1811 2.0472 -0.748, -0.9449 0.8661 -0.748, -0.9449 0.8661 -0.5118, -0.748 0.8661 -0.748, -0.748 0.8661 -0.5118, -0.9449 0.9843 -0.5118, -0.9449 1.1177 -0.748, -0.9449 2.0472 -0.748, -0.9449 2.0472 -0.1575, -0.9449 0.9843 -0.1575, -0.748 0.9843 -0.5118, -0.748 0.9843 -0.1575, -0.748 2.0472 -0.1575, -0.748 1.1177 -0.748, -0.748 2.0472 -0.748, -0.5118 0.8661 -0.748, -0.5118 0.8661 -0.5118, -0.315 0.8661 -0.748, -0.315 0.8661 -0.5118, -0.5118 0.9843 -0.5118, -0.5118 1.1177 -0.748, -0.5118 2.0472 -0.748, -0.5118 2.0472 -0.1575, -0.5118 0.9843 -0.1575, -0.315 0.9843 -0.5118, -0.315 0.9843 -0.1575, -0.315 2.0472 -0.1575, -0.315 1.1177 -0.748, -0.315 2.0472 -0.748, -0.0787 0.8661 -0.748, -0.0787 0.8661 -0.5118, 0.1181 0.8661 -0.748, 0.1181 0.8661 -0.5118, -0.0787 0.9843 -0.5118, -0.0787 1.1177 -0.748, -0.0787 2.0472 -0.748, -0.0787 2.0472 -0.1575, -0.0787 0.9843 -0.1575, 0.1181 0.9843 -0.5118, 0.1181 0.9843 -0.1575, 0.1181 2.0472 -0.1575, 0.1181 1.1177 -0.748, 0.1181 2.0472 -0.748, 0.3543 0.8661 -0.748, 0.3543 0.8661 -0.5118, 0.5512 0.8661 -0.748, 0.5512 0.8661 -0.5118, 0.3543 0.9843 -0.5118, 0.3543 1.1177 -0.748, 0.3543 2.0472 -0.748, 0.3543 2.0472 -0.1575, 0.3543 0.9843 -0.1575, 0.5512 0.9843 -0.5118, 0.5512 0.9843 -0.1575, 0.5512 2.0472 -0.1575, 0.5512 1.1177 -0.748, 0.5512 2.0472 -0.748, 0.7874 0.8661 -0.748, 0.7874 0.8661 -0.5118, 0.9843 0.8661 -0.748, 0.9843 0.8661 -0.5118, 0.9843 0.9843 -0.5118, 0.9843 0.9843 -0.1575, 0.9843 2.0472 -0.1575, 0.9843 1.1177 -0.748, 0.9843 2.0472 -0.748, 0.7874 0.9843 -0.5118, 0.7874 1.1177 -0.748, 0.7874 2.0472 -0.748, 0.7874 2.0472 -0.1575, 0.7874 0.9843 -0.1575, -1.9488 -1.5354 -0.9606, -1.9896 -1.5301 -0.748, -1.9896 -1.5301 -0.9606, -2.0276 -1.5143 -0.748, -2.0276 -1.5143 -0.9606, -2.0602 -1.4893 -0.748, -2.0602 -1.4893 -0.9606, -2.0852 -1.4567 -0.748, -2.0852 -1.4567 -0.9606, -2.1009 -1.4187 -0.748, -2.1009 -1.4187 -0.9606, -2.1063 -1.378 -0.748, -2.1063 -1.378 -0.9606, -2.1009 -1.3372 -0.748, -2.1009 -1.3372 -0.9606, -2.0852 -1.2992 -0.748, -2.0852 -1.2992 -0.9606, -2.0602 -1.2666 -0.748, -2.0602 -1.2666 -0.9606, -2.0276 -1.2416 -0.748, -2.0276 -1.2416 -0.9606, -1.9896 -1.2258 -0.748, -1.9896 -1.2258 -0.9606, -1.9488 -1.2205 -0.748, -1.9488 -1.2205 -0.9606, -1.9291 -1.2231 -0.748, -1.9081 -1.2258 -0.9606, -1.9081 -1.2258 -0.748, -1.8701 -1.2416 -0.748, -1.8701 -1.2416 -0.9606, -1.8375 -1.2666 -0.748, -1.8375 -1.2666 -0.9606, -1.8124 -1.2992 -0.748, -1.8124 -1.2992 -0.9606, -1.7967 -1.3372 -0.748, -1.7967 -1.3372 -0.9606, -1.7913 -1.378 -0.748, -1.7913 -1.378 -0.9606, -1.7967 -1.4187 -0.748, -1.7967 -1.4187 -0.9606, -1.8124 -1.4567 -0.748, -1.8124 -1.4567 -0.9606, -1.8375 -1.4893 -0.748, -1.8375 -1.4893 -0.9606, -1.8701 -1.5143 -0.748, -1.8701 -1.5143 -0.9606, -1.9081 -1.5301 -0.748, -1.9081 -1.5301 -0.9606, -1.9291 -1.5328 -0.748, -1.9488 -1.5354 -0.748, -2.0511 -1.437 -1.0, -2.0629 -1.4085 -1.0, -1.9488 -1.378 -1.0, -2.0669 -1.378 -1.0, -2.0629 -1.3474 -1.0, -1.9794 -1.492 -1.0, -2.0079 -1.4802 -1.0, -2.0323 -1.4615 -1.0, -1.8898 -1.4802 -1.0, -1.9182 -1.492 -1.0, -1.9488 -1.4961 -1.0, -1.8347 -1.4085 -1.0, -1.8465 -1.437 -1.0, -1.8653 -1.4615 -1.0, -1.8465 -1.3189 -1.0, -1.8347 -1.3474 -1.0, -1.8307 -1.378 -1.0, -1.9182 -1.2639 -1.0, -1.8898 -1.2757 -1.0, -1.8653 -1.2944 -1.0, -2.0079 -1.2757 -1.0, -1.9794 -1.2639 -1.0, -1.9488 -1.2598 -1.0, -2.0511 -1.3189 -1.0, -2.0323 -1.2944 -1.0, 1.3583 -1.378 -0.748, 1.3529 -1.3372 -0.9606, 1.3529 -1.3372 -0.748, 1.3372 -1.2992 -0.9606, 1.3372 -1.2992 -0.748, 1.3121 -1.2666 -0.9606, 1.3121 -1.2666 -0.748, 1.2795 -1.2416 -0.9606, 1.2795 -1.2416 -0.748, 1.2415 -1.2258 -0.9606, 1.2415 -1.2258 -0.748, 1.2008 -1.2205 -0.9606, 1.2008 -1.2205 -0.748, 1.16 -1.2258 -0.9606, 1.16 -1.2258 -0.748, 1.122 -1.2416 -0.9606, 1.122 -1.2416 -0.748, 1.0894 -1.2666 -0.9606, 1.0894 -1.2666 -0.748, 1.0644 -1.2992 -0.9606, 1.0644 -1.2992 -0.748, 1.0487 -1.3372 -0.9606, 1.0487 -1.3372 -0.748, 1.0433 -1.378 -0.9606, 1.0433 -1.378 -0.748, 1.0487 -1.4187 -0.9606, 1.0487 -1.4187 -0.748, 1.0644 -1.4567 -0.9606, 1.0644 -1.4567 -0.748, 1.0894 -1.4893 -0.9606, 1.0894 -1.4893 -0.748, 1.122 -1.5143 -0.9606, 1.122 -1.5143 -0.748, 1.16 -1.5301 -0.9606, 1.16 -1.5301 -0.748, 1.2008 -1.5354 -0.9606, 1.2008 -1.5354 -0.748, 1.2415 -1.5301 -0.9606, 1.2415 -1.5301 -0.748, 1.2795 -1.5143 -0.9606, 1.2795 -1.5143 -0.748, 1.3121 -1.4893 -0.9606, 1.3121 -1.4893 -0.748, 1.3372 -1.4567 -0.9606, 1.3372 -1.4567 -0.748, 1.3529 -1.4187 -0.9606, 1.3529 -1.4187 -0.748, 1.3583 -1.378 -0.9606, 1.0985 -1.437 -1.0, 1.0867 -1.4085 -1.0, 1.2008 -1.378 -1.0, 1.0827 -1.378 -1.0, 1.0867 -1.3474 -1.0, 1.1702 -1.492 -1.0, 1.1417 -1.4802 -1.0, 1.1173 -1.4615 -1.0, 1.2598 -1.4802 -1.0, 1.2314 -1.492 -1.0, 1.2008 -1.4961 -1.0, 1.3149 -1.4085 -1.0, 1.3031 -1.437 -1.0, 1.2843 -1.4615 -1.0, 1.3031 -1.3189 -1.0, 1.3149 -1.3474 -1.0, 1.3189 -1.378 -1.0, 1.2314 -1.2639 -1.0, 1.2598 -1.2757 -1.0, 1.2843 -1.2944 -1.0, 1.1417 -1.2757 -1.0, 1.1702 -1.2639 -1.0, 1.2008 -1.2598 -1.0, 1.0985 -1.3189 -1.0, 1.1173 -1.2944 -1.0, 0.8522 -2.7611 -0.748, 0.8522 -2.7611 -0.5118, 0.6693 -2.7082 -0.748, 0.548 -2.6731 -0.5118, -0.0765 -2.5718 -0.5118, 0.2362 -2.6097 -0.748, 0.2378 -2.6099 -0.5118, 0.2378 -2.6099 -0.748, 0.548 -2.6731 -0.748, -0.3928 -2.5591 -0.5118, -0.3928 -2.5591 -0.748, -0.0765 -2.5718 -0.748, 1.3767 -2.9359 -0.748, 1.4272 -2.9528 -0.748, 1.4272 -2.9528 -0.5118, 1.0138 -2.815 -0.748, -0.6299 -2.5591 -0.748, -2.6276 -2.5591 -0.0787, -2.8248 -2.5591 -0.0827, -2.6276 -2.5591 -0.5118, -2.8248 -2.5591 -0.748, -2.3622 -2.5591 -0.748, -2.8209 -2.5591 -0.0787, -2.8219 -2.5591 -0.0789, -2.8228 -2.5591 -0.0793, -2.8236 -2.5591 -0.0799, -2.8243 -2.5591 -0.0807, -2.8247 -2.5591 -0.0817, -1.9291 -2.5591 -0.748, -1.7028 -2.5591 -0.748, -1.063 -2.5591 -0.748, 2.7815 -1.1898 -0.4724, 2.1841 -1.1898 -0.4724, 2.7815 -1.1898 -0.0787, 2.1841 -1.1898 -0.0787, -2.0727 -1.3447 -0.9987, -2.0599 -1.3138 -0.9987, -2.0395 -1.2872 -0.9987, -2.013 -1.2668 -0.9987, -1.982 -1.254 -0.9987, -1.9488 -1.2497 -0.9987, -1.9156 -1.254 -0.9987, -1.8847 -1.2668 -0.9987, -1.8581 -1.2872 -0.9987, -1.8377 -1.3138 -0.9987, -1.8249 -1.3447 -0.9987, -1.8205 -1.378 -0.9987, -1.8249 -1.4112 -0.9987, -1.8377 -1.4421 -0.9987, -1.8581 -1.4687 -0.9987, -1.8847 -1.4891 -0.9987, -1.9156 -1.5019 -0.9987, -1.9488 -1.5063 -0.9987, -1.982 -1.5019 -0.9987, -2.013 -1.4891 -0.9987, -2.0395 -1.4687 -0.9987, -2.0599 -1.4421 -0.9987, -2.0727 -1.4112 -0.9987, -2.0771 -1.378 -0.9987, -2.0819 -1.3423 -0.9947, -2.0682 -1.3091 -0.9947, -2.0463 -1.2805 -0.9947, -2.0177 -1.2586 -0.9947, -1.9845 -1.2449 -0.9947, -1.9488 -1.2402 -0.9947, -1.9132 -1.2449 -0.9947, -1.8799 -1.2586 -0.9947, -1.8514 -1.2805 -0.9947, -1.8295 -1.3091 -0.9947, -1.8157 -1.3423 -0.9947, -1.811 -1.378 -0.9947, -1.8157 -1.4136 -0.9947, -1.8295 -1.4469 -0.9947, -1.8514 -1.4754 -0.9947, -1.8799 -1.4973 -0.9947, -1.9132 -1.5111 -0.9947, -1.9488 -1.5157 -0.9947, -1.9845 -1.5111 -0.9947, -2.0177 -1.4973 -0.9947, -2.0463 -1.4754 -0.9947, -2.0682 -1.4469 -0.9947, -2.0819 -1.4136 -0.9947, -2.0866 -1.378 -0.9947, -2.0898 -1.3402 -0.9885, -2.0752 -1.305 -0.9885, -2.052 -1.2748 -0.9885, -2.0218 -1.2516 -0.9885, -1.9866 -1.237 -0.9885, -1.9488 -1.232 -0.9885, -1.911 -1.237 -0.9885, -1.8758 -1.2516 -0.9885, -1.8456 -1.2748 -0.9885, -1.8224 -1.305 -0.9885, -1.8078 -1.3402 -0.9885, -1.8029 -1.378 -0.9885, -1.8078 -1.4157 -0.9885, -1.8224 -1.4509 -0.9885, -1.8456 -1.4812 -0.9885, -1.8758 -1.5043 -0.9885, -1.911 -1.5189 -0.9885, -1.9488 -1.5239 -0.9885, -1.9866 -1.5189 -0.9885, -2.0218 -1.5043 -0.9885, -2.052 -1.4812 -0.9885, -2.0752 -1.4509 -0.9885, -2.0898 -1.4157 -0.9885, -2.0948 -1.378 -0.9885, -2.0958 -1.3386 -0.9803, -2.0806 -1.3018 -0.9803, -2.0564 -1.2703 -0.9803, -2.0249 -1.2461 -0.9803, -1.9882 -1.2309 -0.9803, -1.9488 -1.2257 -0.9803, -1.9094 -1.2309 -0.9803, -1.8727 -1.2461 -0.9803, -1.8412 -1.2703 -0.9803, -1.817 -1.3018 -0.9803, -1.8018 -1.3386 -0.9803, -1.7966 -1.378 -0.9803, -1.8018 -1.4173 -0.9803, -1.817 -1.4541 -0.9803, -1.8412 -1.4856 -0.9803, -1.8727 -1.5098 -0.9803, -1.9094 -1.525 -0.9803, -1.9488 -1.5302 -0.9803, -1.9882 -1.525 -0.9803, -2.0249 -1.5098 -0.9803, -2.0564 -1.4856 -0.9803, -2.0806 -1.4541 -0.9803, -2.0958 -1.4173 -0.9803, -2.101 -1.378 -0.9803, -2.0996 -1.3375 -0.9708, -2.084 -1.2999 -0.9708, -2.0592 -1.2675 -0.9708, -2.0269 -1.2427 -0.9708, -1.9892 -1.2271 -0.9708, -1.9488 -1.2218 -0.9708, -1.9084 -1.2271 -0.9708, -1.8707 -1.2427 -0.9708, -1.8384 -1.2675 -0.9708, -1.8136 -1.2999 -0.9708, -1.798 -1.3375 -0.9708, -1.7927 -1.378 -0.9708, -1.798 -1.4184 -0.9708, -1.8136 -1.456 -0.9708, -1.8384 -1.4884 -0.9708, -1.8707 -1.5132 -0.9708, -1.9084 -1.5288 -0.9708, -1.9488 -1.5341 -0.9708, -1.9892 -1.5288 -0.9708, -2.0269 -1.5132 -0.9708, -2.0592 -1.4884 -0.9708, -2.084 -1.456 -0.9708, -2.0996 -1.4184 -0.9708, -2.105 -1.378 -0.9708, 1.0769 -1.3447 -0.9987, 1.0897 -1.3138 -0.9987, 1.1101 -1.2872 -0.9987, 1.1366 -1.2668 -0.9987, 1.1676 -1.254 -0.9987, 1.2008 -1.2497 -0.9987, 1.234 -1.254 -0.9987, 1.2649 -1.2668 -0.9987, 1.2915 -1.2872 -0.9987, 1.3119 -1.3138 -0.9987, 1.3247 -1.3447 -0.9987, 1.3291 -1.378 -0.9987, 1.3247 -1.4112 -0.9987, 1.3119 -1.4421 -0.9987, 1.2915 -1.4687 -0.9987, 1.2649 -1.4891 -0.9987, 1.234 -1.5019 -0.9987, 1.2008 -1.5063 -0.9987, 1.1676 -1.5019 -0.9987, 1.1366 -1.4891 -0.9987, 1.1101 -1.4687 -0.9987, 1.0897 -1.4421 -0.9987, 1.0769 -1.4112 -0.9987, 1.0725 -1.378 -0.9987, 1.0677 -1.3423 -0.9947, 1.0815 -1.3091 -0.9947, 1.1034 -1.2805 -0.9947, 1.1319 -1.2586 -0.9947, 1.1651 -1.2449 -0.9947, 1.2008 -1.2402 -0.9947, 1.2365 -1.2449 -0.9947, 1.2697 -1.2586 -0.9947, 1.2982 -1.2805 -0.9947, 1.3201 -1.3091 -0.9947, 1.3339 -1.3423 -0.9947, 1.3386 -1.378 -0.9947, 1.3339 -1.4136 -0.9947, 1.3201 -1.4469 -0.9947, 1.2982 -1.4754 -0.9947, 1.2697 -1.4973 -0.9947, 1.2365 -1.5111 -0.9947, 1.2008 -1.5157 -0.9947, 1.1651 -1.5111 -0.9947, 1.1319 -1.4973 -0.9947, 1.1034 -1.4754 -0.9947, 1.0815 -1.4469 -0.9947, 1.0677 -1.4136 -0.9947, 1.063 -1.378 -0.9947, 1.0598 -1.3402 -0.9885, 1.0744 -1.305 -0.9885, 1.0976 -1.2748 -0.9885, 1.1278 -1.2516 -0.9885, 1.163 -1.237 -0.9885, 1.2008 -1.232 -0.9885, 1.2386 -1.237 -0.9885, 1.2738 -1.2516 -0.9885, 1.304 -1.2748 -0.9885, 1.3272 -1.305 -0.9885, 1.3418 -1.3402 -0.9885, 1.3467 -1.378 -0.9885, 1.3418 -1.4157 -0.9885, 1.3272 -1.4509 -0.9885, 1.304 -1.4812 -0.9885, 1.2738 -1.5043 -0.9885, 1.2386 -1.5189 -0.9885, 1.2008 -1.5239 -0.9885, 1.163 -1.5189 -0.9885, 1.1278 -1.5043 -0.9885, 1.0976 -1.4812 -0.9885, 1.0744 -1.4509 -0.9885, 1.0598 -1.4157 -0.9885, 1.0548 -1.378 -0.9885, 1.0538 -1.3386 -0.9803, 1.069 -1.3018 -0.9803, 1.0932 -1.2703 -0.9803, 1.1247 -1.2461 -0.9803, 1.1614 -1.2309 -0.9803, 1.2008 -1.2257 -0.9803, 1.2402 -1.2309 -0.9803, 1.2769 -1.2461 -0.9803, 1.3084 -1.2703 -0.9803, 1.3326 -1.3018 -0.9803, 1.3478 -1.3386 -0.9803, 1.353 -1.378 -0.9803, 1.3478 -1.4173 -0.9803, 1.3326 -1.4541 -0.9803, 1.3084 -1.4856 -0.9803, 1.2769 -1.5098 -0.9803, 1.2402 -1.525 -0.9803, 1.2008 -1.5302 -0.9803, 1.1614 -1.525 -0.9803, 1.1247 -1.5098 -0.9803, 1.0932 -1.4856 -0.9803, 1.069 -1.4541 -0.9803, 1.0538 -1.4173 -0.9803, 1.0486 -1.378 -0.9803, 1.05 -1.3375 -0.9708, 1.0656 -1.2999 -0.9708, 1.0904 -1.2675 -0.9708, 1.1227 -1.2427 -0.9708, 1.1604 -1.2271 -0.9708, 1.2008 -1.2218 -0.9708, 1.2412 -1.2271 -0.9708, 1.2789 -1.2427 -0.9708, 1.3112 -1.2675 -0.9708, 1.336 -1.2999 -0.9708, 1.3516 -1.3375 -0.9708, 1.3569 -1.378 -0.9708, 1.3516 -1.4184 -0.9708, 1.336 -1.456 -0.9708, 1.3112 -1.4884 -0.9708, 1.2789 -1.5132 -0.9708, 1.2412 -1.5288 -0.9708, 1.2008 -1.5341 -0.9708, 1.1604 -1.5288 -0.9708, 1.1227 -1.5132 -0.9708, 1.0904 -1.4884 -0.9708, 1.0656 -1.456 -0.9708, 1.05 -1.4184 -0.9708, 1.0446 -1.378 -0.9708, 1.0446 -1.378 -0.9708
            ]
        }
        coordIndex [
            0,1,2,-1,2,1,3,-1,2,3,4,-1,4,3,5,-1,6,7,8,-1,1,0,9,-1,9,0,6,-1,9,6,10,-1,10,6,8,-1,8,11,12,-1,13,14,12,-1,12,14,10,-1,12,10,8,-1,15,16,5,-1,14,13,17,-1,17,13,15,-1,17,15,3,-1,3,15,5,-1,18,11,8,-1,19,4,5,-1,8,7,18,-1,18,7,19,-1,18,19,16,-1,16,19,5,-1,20,21,22,-1,22,21,23,-1,21,20,24,-1,24,20,25,-1,25,26,24,-1,24,26,27,-1,24,27,28,-1,29,30,31,-1,22,23,32,-1,32,23,29,-1,32,29,33,-1,33,29,31,-1,31,27,33,-1,33,27,26,-1,27,31,28,-1,28,31,30,-1,34,35,36,-1,36,35,37,-1,36,37,38,-1,35,34,39,-1,39,34,40,-1,40,41,39,-1,39,41,42,-1,39,42,43,-1,44,45,46,-1,38,37,47,-1,47,37,44,-1,47,44,48,-1,48,44,46,-1,48,46,49,-1,49,46,42,-1,49,42,41,-1,42,46,43,-1,43,46,45,-1,50,51,52,-1,52,51,53,-1,51,50,54,-1,54,50,55,-1,55,56,54,-1,54,56,57,-1,54,57,58,-1,59,60,61,-1,52,53,62,-1,62,53,59,-1,62,59,63,-1,63,59,61,-1,61,57,63,-1,63,57,56,-1,57,61,58,-1,58,61,60,-1,64,65,66,-1,66,65,67,-1,65,64,68,-1,68,64,69,-1,69,70,68,-1,68,70,71,-1,68,71,72,-1,73,74,75,-1,66,67,76,-1,76,67,73,-1,76,73,77,-1,77,73,75,-1,75,71,77,-1,77,71,70,-1,71,75,72,-1,72,75,74,-1,78,79,80,-1,80,79,81,-1,79,78,82,-1,82,78,83,-1,83,84,82,-1,82,84,85,-1,82,85,86,-1,87,88,89,-1,80,81,90,-1,90,81,87,-1,90,87,91,-1,91,87,89,-1,89,85,91,-1,91,85,84,-1,85,89,86,-1,86,89,88,-1,92,93,94,-1,94,93,95,-1,93,92,96,-1,96,92,97,-1,97,98,96,-1,96,98,99,-1,96,99,100,-1,101,102,103,-1,94,95,104,-1,104,95,101,-1,104,101,105,-1,105,101,103,-1,103,99,105,-1,105,99,98,-1,99,103,100,-1,100,103,102,-1,106,107,108,-1,108,107,109,-1,107,106,110,-1,110,106,111,-1,111,112,110,-1,110,112,113,-1,110,113,114,-1,115,116,117,-1,108,109,118,-1,118,109,115,-1,118,115,119,-1,119,115,117,-1,117,113,119,-1,119,113,112,-1,113,117,114,-1,114,117,116,-1,120,121,122,-1,122,121,123,-1,124,125,126,-1,122,123,127,-1,127,123,124,-1,127,124,128,-1,128,124,126,-1,121,120,129,-1,129,120,130,-1,130,131,129,-1,129,131,132,-1,129,132,133,-1,126,132,128,-1,128,132,131,-1,126,125,132,-1,132,125,133,-1,134,135,136,-1,136,135,137,-1,136,137,138,-1,138,137,139,-1,138,139,140,-1,140,139,141,-1,140,141,142,-1,142,141,143,-1,142,143,144,-1,144,143,145,-1,144,145,146,-1,146,145,147,-1,146,147,148,-1,148,147,149,-1,148,149,150,-1,150,149,151,-1,150,151,152,-1,152,151,153,-1,152,153,154,-1,154,153,155,-1,154,155,156,-1,156,155,157,-1,156,157,158,-1,158,157,159,-1,158,159,160,-1,159,161,160,-1,160,161,162,-1,160,162,163,-1,163,162,164,-1,163,164,165,-1,165,164,166,-1,165,166,167,-1,167,166,168,-1,167,168,169,-1,169,168,170,-1,169,170,171,-1,171,170,172,-1,171,172,173,-1,173,172,174,-1,173,174,175,-1,175,174,176,-1,175,176,177,-1,177,176,178,-1,177,178,179,-1,179,178,180,-1,179,180,181,-1,181,180,182,-1,181,182,134,-1,134,182,183,-1,134,183,135,-1,184,185,186,-1,186,185,187,-1,186,187,188,-1,189,190,186,-1,186,190,191,-1,186,191,184,-1,192,193,186,-1,186,193,194,-1,186,194,189,-1,195,196,186,-1,186,196,197,-1,186,197,192,-1,198,199,186,-1,186,199,200,-1,186,200,195,-1,201,202,186,-1,186,202,203,-1,186,203,198,-1,204,205,186,-1,186,205,206,-1,186,206,201,-1,188,207,186,-1,186,207,208,-1,186,208,204,-1,209,210,211,-1,211,210,212,-1,211,212,213,-1,213,212,214,-1,213,214,215,-1,215,214,216,-1,215,216,217,-1,217,216,218,-1,217,218,219,-1,219,218,220,-1,219,220,221,-1,221,220,222,-1,221,222,223,-1,223,222,224,-1,223,224,225,-1,225,224,226,-1,225,226,227,-1,227,226,228,-1,227,228,229,-1,229,228,230,-1,229,230,231,-1,231,230,232,-1,231,232,233,-1,233,232,234,-1,233,234,235,-1,235,234,236,-1,235,236,237,-1,237,236,238,-1,237,238,239,-1,239,238,240,-1,239,240,241,-1,241,240,242,-1,241,242,243,-1,243,242,244,-1,243,244,245,-1,245,244,246,-1,245,246,247,-1,247,246,248,-1,247,248,249,-1,249,248,250,-1,249,250,251,-1,251,250,252,-1,251,252,253,-1,253,252,254,-1,253,254,255,-1,255,254,256,-1,255,256,209,-1,209,256,210,-1,257,258,259,-1,259,258,260,-1,259,260,261,-1,262,263,259,-1,259,263,264,-1,259,264,257,-1,265,266,259,-1,259,266,267,-1,259,267,262,-1,268,269,259,-1,259,269,270,-1,259,270,265,-1,271,272,259,-1,259,272,273,-1,259,273,268,-1,274,275,259,-1,259,275,276,-1,259,276,271,-1,277,278,259,-1,259,278,279,-1,259,279,274,-1,261,280,259,-1,259,280,281,-1,259,281,277,-1,282,283,284,-1,284,283,285,-1,286,287,288,-1,288,287,289,-1,288,289,285,-1,285,289,290,-1,285,290,284,-1,291,292,286,-1,286,292,293,-1,286,293,287,-1,294,295,296,-1,294,296,297,-1,297,296,283,-1,297,283,282,-1,298,292,291,-1,299,300,301,-1,301,300,302,-1,301,302,303,-1,299,304,300,-1,300,304,305,-1,300,305,306,-1,306,307,300,-1,300,307,308,-1,300,308,309,-1,303,310,301,-1,301,310,311,-1,301,311,291,-1,291,311,312,-1,291,312,298,-1,313,314,315,-1,315,314,316,-1,187,317,188,-1,188,317,318,-1,188,318,207,-1,207,318,319,-1,207,319,208,-1,208,319,320,-1,208,320,204,-1,204,320,321,-1,204,321,205,-1,205,321,322,-1,205,322,206,-1,206,322,323,-1,206,323,201,-1,201,323,324,-1,201,324,202,-1,202,324,325,-1,202,325,203,-1,203,325,326,-1,203,326,198,-1,198,326,327,-1,198,327,199,-1,199,327,328,-1,199,328,200,-1,200,328,329,-1,200,329,195,-1,195,329,330,-1,195,330,196,-1,196,330,331,-1,196,331,197,-1,197,331,332,-1,197,332,192,-1,192,332,333,-1,192,333,193,-1,193,333,334,-1,193,334,194,-1,194,334,335,-1,194,335,189,-1,189,335,336,-1,189,336,190,-1,190,336,337,-1,190,337,191,-1,191,337,338,-1,191,338,184,-1,184,338,339,-1,184,339,185,-1,185,339,340,-1,185,340,187,-1,187,340,317,-1,340,341,317,-1,317,341,342,-1,317,342,318,-1,318,342,343,-1,318,343,319,-1,319,343,344,-1,319,344,320,-1,320,344,345,-1,320,345,321,-1,321,345,346,-1,321,346,322,-1,322,346,347,-1,322,347,323,-1,323,347,348,-1,323,348,324,-1,324,348,349,-1,324,349,325,-1,325,349,350,-1,325,350,326,-1,326,350,351,-1,326,351,327,-1,327,351,352,-1,327,352,328,-1,328,352,353,-1,328,353,329,-1,329,353,354,-1,329,354,330,-1,330,354,355,-1,330,355,331,-1,331,355,356,-1,331,356,332,-1,332,356,357,-1,332,357,333,-1,333,357,358,-1,333,358,334,-1,334,358,359,-1,334,359,335,-1,335,359,360,-1,335,360,336,-1,336,360,361,-1,336,361,337,-1,337,361,362,-1,337,362,338,-1,338,362,363,-1,338,363,339,-1,339,363,364,-1,339,364,340,-1,340,364,341,-1,364,365,341,-1,341,365,366,-1,341,366,342,-1,342,366,367,-1,342,367,343,-1,343,367,368,-1,343,368,344,-1,344,368,369,-1,344,369,345,-1,345,369,370,-1,345,370,346,-1,346,370,371,-1,346,371,347,-1,347,371,372,-1,347,372,348,-1,348,372,373,-1,348,373,349,-1,349,373,374,-1,349,374,350,-1,350,374,375,-1,350,375,351,-1,351,375,376,-1,351,376,352,-1,352,376,377,-1,352,377,353,-1,353,377,378,-1,353,378,354,-1,354,378,379,-1,354,379,355,-1,355,379,380,-1,355,380,356,-1,356,380,381,-1,356,381,357,-1,357,381,382,-1,357,382,358,-1,358,382,383,-1,358,383,359,-1,359,383,384,-1,359,384,360,-1,360,384,385,-1,360,385,361,-1,361,385,386,-1,361,386,362,-1,362,386,387,-1,362,387,363,-1,363,387,388,-1,363,388,364,-1,364,388,365,-1,388,389,365,-1,365,389,390,-1,365,390,366,-1,366,390,391,-1,366,391,367,-1,367,391,392,-1,367,392,368,-1,368,392,393,-1,368,393,369,-1,369,393,394,-1,369,394,370,-1,370,394,395,-1,370,395,371,-1,371,395,396,-1,371,396,372,-1,372,396,397,-1,372,397,373,-1,373,397,398,-1,373,398,374,-1,374,398,399,-1,374,399,375,-1,375,399,400,-1,375,400,376,-1,376,400,401,-1,376,401,377,-1,377,401,402,-1,377,402,378,-1,378,402,403,-1,378,403,379,-1,379,403,404,-1,379,404,380,-1,380,404,405,-1,380,405,381,-1,381,405,406,-1,381,406,382,-1,382,406,407,-1,382,407,383,-1,383,407,408,-1,383,408,384,-1,384,408,409,-1,384,409,385,-1,385,409,410,-1,385,410,386,-1,386,410,411,-1,386,411,387,-1,387,411,412,-1,387,412,388,-1,388,412,389,-1,412,413,389,-1,389,413,414,-1,389,414,390,-1,390,414,415,-1,390,415,391,-1,391,415,416,-1,391,416,392,-1,392,416,417,-1,392,417,393,-1,393,417,418,-1,393,418,394,-1,394,418,419,-1,394,419,395,-1,395,419,420,-1,395,420,396,-1,396,420,421,-1,396,421,397,-1,397,421,422,-1,397,422,398,-1,398,422,423,-1,398,423,399,-1,399,423,424,-1,399,424,400,-1,400,424,425,-1,400,425,401,-1,401,425,426,-1,401,426,402,-1,402,426,427,-1,402,427,403,-1,403,427,428,-1,403,428,404,-1,404,428,429,-1,404,429,405,-1,405,429,430,-1,405,430,406,-1,406,430,431,-1,406,431,407,-1,407,431,432,-1,407,432,408,-1,408,432,433,-1,408,433,409,-1,409,433,434,-1,409,434,410,-1,410,434,435,-1,410,435,411,-1,411,435,436,-1,411,436,412,-1,412,436,413,-1,436,148,413,-1,413,148,150,-1,413,150,414,-1,414,150,152,-1,414,152,415,-1,415,152,154,-1,415,154,416,-1,416,154,156,-1,416,156,417,-1,417,156,158,-1,417,158,418,-1,418,158,160,-1,418,160,419,-1,419,160,163,-1,419,163,420,-1,420,163,165,-1,420,165,421,-1,421,165,167,-1,421,167,422,-1,422,167,169,-1,422,169,423,-1,423,169,171,-1,423,171,424,-1,424,171,173,-1,424,173,425,-1,425,173,175,-1,425,175,426,-1,426,175,177,-1,426,177,427,-1,427,177,179,-1,427,179,428,-1,428,179,181,-1,428,181,429,-1,429,181,134,-1,429,134,430,-1,430,134,136,-1,430,136,431,-1,431,136,138,-1,431,138,432,-1,432,138,140,-1,432,140,433,-1,433,140,142,-1,433,142,434,-1,434,142,144,-1,434,144,435,-1,435,144,146,-1,435,146,436,-1,436,146,148,-1,260,437,261,-1,261,437,438,-1,261,438,280,-1,280,438,439,-1,280,439,281,-1,281,439,440,-1,281,440,277,-1,277,440,441,-1,277,441,278,-1,278,441,442,-1,278,442,279,-1,279,442,443,-1,279,443,274,-1,274,443,444,-1,274,444,275,-1,275,444,445,-1,275,445,276,-1,276,445,446,-1,276,446,271,-1,271,446,447,-1,271,447,272,-1,272,447,448,-1,272,448,273,-1,273,448,449,-1,273,449,268,-1,268,449,450,-1,268,450,269,-1,269,450,451,-1,269,451,270,-1,270,451,452,-1,270,452,265,-1,265,452,453,-1,265,453,266,-1,266,453,454,-1,266,454,267,-1,267,454,455,-1,267,455,262,-1,262,455,456,-1,262,456,263,-1,263,456,457,-1,263,457,264,-1,264,457,458,-1,264,458,257,-1,257,458,459,-1,257,459,258,-1,258,459,460,-1,258,460,260,-1,260,460,437,-1,460,461,437,-1,437,461,462,-1,437,462,438,-1,438,462,463,-1,438,463,439,-1,439,463,464,-1,439,464,440,-1,440,464,465,-1,440,465,441,-1,441,465,466,-1,441,466,442,-1,442,466,467,-1,442,467,443,-1,443,467,468,-1,443,468,444,-1,444,468,469,-1,444,469,445,-1,445,469,470,-1,445,470,446,-1,446,470,471,-1,446,471,447,-1,447,471,472,-1,447,472,448,-1,448,472,473,-1,448,473,449,-1,449,473,474,-1,449,474,450,-1,450,474,475,-1,450,475,451,-1,451,475,476,-1,451,476,452,-1,452,476,477,-1,452,477,453,-1,453,477,478,-1,453,478,454,-1,454,478,479,-1,454,479,455,-1,455,479,480,-1,455,480,456,-1,456,480,481,-1,456,481,457,-1,457,481,482,-1,457,482,458,-1,458,482,483,-1,458,483,459,-1,459,483,484,-1,459,484,460,-1,460,484,461,-1,484,485,461,-1,461,485,486,-1,461,486,462,-1,462,486,487,-1,462,487,463,-1,463,487,488,-1,463,488,464,-1,464,488,489,-1,464,489,465,-1,465,489,490,-1,465,490,466,-1,466,490,491,-1,466,491,467,-1,467,491,492,-1,467,492,468,-1,468,492,493,-1,468,493,469,-1,469,493,494,-1,469,494,470,-1,470,494,495,-1,470,495,471,-1,471,495,496,-1,471,496,472,-1,472,496,497,-1,472,497,473,-1,473,497,498,-1,473,498,474,-1,474,498,499,-1,474,499,475,-1,475,499,500,-1,475,500,476,-1,476,500,501,-1,476,501,477,-1,477,501,502,-1,477,502,478,-1,478,502,503,-1,478,503,479,-1,479,503,504,-1,479,504,480,-1,480,504,505,-1,480,505,481,-1,481,505,506,-1,481,506,482,-1,482,506,507,-1,482,507,483,-1,483,507,508,-1,483,508,484,-1,484,508,485,-1,508,509,485,-1,485,509,510,-1,485,510,486,-1,486,510,511,-1,486,511,487,-1,487,511,512,-1,487,512,488,-1,488,512,513,-1,488,513,489,-1,489,513,514,-1,489,514,490,-1,490,514,515,-1,490,515,491,-1,491,515,516,-1,491,516,492,-1,492,516,517,-1,492,517,493,-1,493,517,518,-1,493,518,494,-1,494,518,519,-1,494,519,495,-1,495,519,520,-1,495,520,496,-1,496,520,521,-1,496,521,497,-1,497,521,522,-1,497,522,498,-1,498,522,523,-1,498,523,499,-1,499,523,524,-1,499,524,500,-1,500,524,525,-1,500,525,501,-1,501,525,526,-1,501,526,502,-1,502,526,527,-1,502,527,503,-1,503,527,528,-1,503,528,504,-1,504,528,529,-1,504,529,505,-1,505,529,530,-1,505,530,506,-1,506,530,531,-1,506,531,507,-1,507,531,532,-1,507,532,508,-1,508,532,509,-1,532,533,509,-1,509,533,534,-1,509,534,510,-1,510,534,535,-1,510,535,511,-1,511,535,536,-1,511,536,512,-1,512,536,537,-1,512,537,513,-1,513,537,538,-1,513,538,514,-1,514,538,539,-1,514,539,515,-1,515,539,540,-1,515,540,516,-1,516,540,541,-1,516,541,517,-1,517,541,542,-1,517,542,518,-1,518,542,543,-1,518,543,519,-1,519,543,544,-1,519,544,520,-1,520,544,545,-1,520,545,521,-1,521,545,546,-1,521,546,522,-1,522,546,547,-1,522,547,523,-1,523,547,548,-1,523,548,524,-1,524,548,549,-1,524,549,525,-1,525,549,550,-1,525,550,526,-1,526,550,551,-1,526,551,527,-1,527,551,552,-1,527,552,528,-1,528,552,553,-1,528,553,529,-1,529,553,554,-1,529,554,530,-1,530,554,555,-1,530,555,531,-1,531,555,556,-1,531,556,532,-1,532,556,533,-1,556,230,533,-1,533,230,228,-1,533,228,534,-1,534,228,226,-1,534,226,535,-1,535,226,224,-1,535,224,536,-1,536,224,222,-1,536,222,537,-1,537,222,220,-1,537,220,538,-1,538,220,218,-1,538,218,539,-1,539,218,216,-1,539,216,540,-1,540,216,214,-1,540,214,541,-1,541,214,212,-1,541,212,542,-1,542,212,210,-1,542,210,543,-1,543,210,256,-1,543,256,544,-1,544,256,254,-1,544,254,545,-1,545,254,252,-1,545,252,546,-1,546,252,250,-1,546,250,547,-1,547,250,248,-1,547,248,548,-1,548,248,246,-1,548,246,549,-1,549,246,244,-1,549,244,550,-1,550,244,242,-1,550,242,551,-1,551,242,240,-1,551,240,552,-1,552,240,238,-1,552,238,553,-1,553,238,236,-1,553,236,554,-1,554,236,234,-1,554,234,555,-1,555,234,232,-1,555,232,556,-1,556,232,230,-1,
        ]
    }
}
Shape{
    appearance Appearance {
        material  Material 	{
            diffuseColor 0.7529411764705882 0.7529411764705882 0.7529411764705882
            specularColor 0.3764705882352941 0.3764705882352941 0.3764705882352941
            ambientIntensity 0.2
            transparency 0
            shininess 0.5
        }
    }
    geometry IndexedFaceSet {
        ccw TRUE
        solid FALSE
        coord DEF co Coordinate {
            point [
                2.9035 1.4865 -0.4289, 2.9035 1.5287 -0.4289, 2.9035 1.5287 -0.3909, 2.9035 1.3427 -0.5634, 2.9035 1.3412 -0.5635, 2.9035 1.3727 -0.5635, 2.9035 -2.9528 -0.748, 2.9035 -1.6142 -0.748, 2.9035 -1.6142 -0.6164, 2.9035 -1.2752 -0.685, 2.9035 -0.9055 -0.685, 2.9035 -0.9055 -0.6164, 2.9035 1.6335 -0.3507, 2.9035 1.6199 -0.3142, 2.9035 1.5709 -0.3142, 2.9035 0.8244 -0.2045, 2.9035 0.8412 -0.2161, 2.9035 1.0623 -0.2161, 2.9035 0.8625 -0.2308, 2.9035 0.8947 -0.2683, 2.9035 1.0001 -0.3909, 2.9035 1.0623 -0.3909, 2.9035 0.9917 -0.3701, 2.9035 0.9724 -0.3431, 2.9035 0.9466 -0.3213, 2.9035 0.9137 -0.3057, 2.9035 0.9184 -0.3073, 2.9035 0.6455 -0.2026, 2.9035 0.6895 -0.1865, 2.9035 -1.2752 -0.1321, 2.9035 0.7335 -0.1814, 2.9035 1.0623 -0.1321, 2.9035 0.7772 -0.1866, 2.9035 0.6234 -0.2161, 2.9035 -1.2752 -0.2161, 2.9035 0.6196 -0.2184, 2.9035 -1.2752 -0.3909, 2.9035 0.4047 -0.3909, 2.9035 0.409 -0.3672, 2.9035 0.4241 -0.3331, 2.9035 0.4469 -0.3038, 2.9035 0.5187 -0.2629, 2.9035 0.556 -0.2583, 2.9035 0.5973 -0.2375, 2.9035 0.5669 -0.2589, 2.9035 0.5779 -0.2602, 2.9035 0.4533 -0.2978, 2.9035 0.4835 -0.2765, 2.9035 0.4718 -0.5407, 2.9035 0.4422 -0.5154, 2.9035 -1.2752 -0.5635, 2.9035 0.4205 -0.4845, 2.9035 0.5061 -0.5574, 2.9035 0.5193 -0.5635, 2.9035 0.5181 -0.561, 2.9035 0.4069 -0.4491, 2.9035 0.4023 -0.412, 2.9035 0.4026 -0.4029, 2.9035 -0.9042 -0.5961, 2.9035 -0.9002 -0.5866, 2.9035 -0.894 -0.5785, 2.9035 -0.8858 -0.5722, 2.9035 -0.8465 -0.5722, 2.9035 -0.8383 -0.5785, 2.9035 -0.832 -0.5866, 2.9035 -0.8281 -0.5961, 2.9035 0.5276 -0.5813, 2.9035 -0.8763 -0.5683, 2.9035 -0.8661 -0.5669, 2.9035 -0.856 -0.5683, 2.9035 1.0623 -0.6164, 2.9035 0.6475 -0.6164, 2.9035 1.0623 -0.748, 2.9035 0.6312 -0.6226, 2.9035 0.6082 -0.6255, 2.9035 0.6046 -0.6254, 2.9035 -0.8268 -0.748, 2.9035 0.5822 -0.6219, 2.9035 -0.8268 -0.6164, 2.9035 0.569 -0.6164, 2.9035 -0.8268 -0.6063, 2.9035 0.5603 -0.6127, 2.9035 0.5417 -0.5987, 2.9035 1.0623 -0.5635, 2.9035 0.6971 -0.5635, 2.9035 0.697 -0.5639, 2.9035 0.6858 -0.585, 2.9035 0.6712 -0.6014, 2.9035 0.6523 -0.6145, 2.9035 0.8183 -0.5075, 2.9035 0.8248 -0.505, 2.9035 0.8359 -0.4509, 2.9035 0.9726 -0.5202, 2.9035 0.9467 -0.542, 2.9035 0.6794 -0.467, 2.9035 0.8065 -0.4006, 2.9035 0.6628 -0.4519, 2.9035 0.6427 -0.4411, 2.9035 0.8124 -0.5117, 2.9035 0.9914 -0.4939, 2.9035 0.9484 -0.4226, 2.9035 0.9439 -0.4044, 2.9035 0.9366 -0.3909, 2.9035 0.4645 -0.3909, 2.9035 1.0033 -0.399, 2.9035 1.0077 -0.43, 2.9035 1.0033 -0.4639, 2.9035 0.8321 -0.504, 2.9035 0.8331 -0.5041, 2.9035 0.8359 -0.5047, 2.9035 0.47 -0.448, 2.9035 0.4813 -0.4672, 2.9035 0.5295 -0.477, 2.9035 0.4983 -0.4846, 2.9035 0.519 -0.4974, 2.9035 0.5646 -0.4456, 2.9035 0.5452 -0.4591, 2.9035 0.4621 -0.4101, 2.9035 0.4632 -0.4247, 2.9035 0.5856 -0.4376, 2.9035 0.6082 -0.4348, 2.9035 0.6197 -0.4354, 2.9035 0.8027 -0.5334, 2.9035 0.803 -0.5297, 2.9035 0.7031 -0.5211, 2.9035 0.8049 -0.5225, 2.9035 0.8085 -0.516, 2.9035 0.9296 -0.4812, 2.9035 0.94 -0.4664, 2.9035 0.9466 -0.4494, 2.9035 0.9488 -0.431, 2.9035 0.8249 -0.562, 2.9035 0.8186 -0.5595, 2.9035 0.8125 -0.5551, 2.9035 0.8103 -0.5529, 2.9035 0.8061 -0.5469, 2.9035 0.8036 -0.5405, 2.9035 0.7026 -0.5405, 2.9035 0.7031 -0.5306, 2.9035 0.9178 -0.5562, 2.9035 0.8862 -0.5629, 2.9035 0.8302 -0.5629, 2.9035 0.8378 -0.505, 2.9035 0.8805 -0.505, 2.9035 0.8976 -0.5017, 2.9035 0.9143 -0.494, 2.9035 0.9283 -0.4825, 2.9035 0.8468 -0.3, 2.9035 0.8254 -0.2744, 2.9035 0.6073 -0.3294, 2.9035 0.823 -0.2722, 2.9035 0.7963 -0.2537, 2.9035 0.6218 -0.2994, 2.9035 0.6005 -0.3258, 2.9035 0.5792 -0.318, 2.9035 0.9351 -0.388, 2.9035 0.9242 -0.3758, 2.9035 0.8748 -0.357, 2.9035 0.9094 -0.3656, 2.9035 0.8929 -0.3592, 2.9035 0.8672 -0.357, 2.9035 0.8614 -0.3305, 2.9035 0.5237 -0.3213, 2.9035 0.5025 -0.3325, 2.9035 0.5471 -0.3157, 2.9035 0.4862 -0.3471, 2.9035 0.4731 -0.366, 2.9035 0.643 -0.274, 2.9035 0.7666 -0.2423, 2.9035 0.6685 -0.2554, 2.9035 0.7344 -0.2384, 2.9035 0.6995 -0.2429, 2.9035 0.557 -0.3152, 2.9035 0.4649 -0.3871, 2.9035 1.6525 -0.3507, 2.9035 1.5709 -0.3909, 2.9035 1.6017 -0.2172, 2.9035 2.126 -0.3909, 2.9035 2.126 -0.2161, 2.9035 1.5709 -0.2161, 2.9035 1.5833 -0.2172, 2.9035 1.5709 -0.2497, 2.9035 1.5515 -0.3507, 2.9035 1.5324 -0.3507, 2.9035 1.5643 -0.3142, 2.9035 1.3912 -0.3355, 2.9035 1.3912 -0.3507, 2.9035 1.4038 -0.3909, 2.9035 1.3882 -0.2326, 2.9035 1.4038 -0.2161, 2.9035 1.3882 -0.2172, 2.9035 1.3727 -0.2161, 2.9035 1.3727 -0.2172, 2.9035 1.3366 -0.2906, 2.9035 1.3366 -0.3355, 2.9035 1.3727 -0.2906, 2.9035 1.3727 -0.3355, 2.9035 1.3844 -0.2906, 2.9035 1.3844 -0.2753, 2.9035 1.3366 -0.2326, 2.9035 1.3366 -0.2753, 2.9035 1.3727 -0.2326, 2.9035 1.3727 -0.2753, 2.9035 1.3727 -0.3909, 2.9035 1.3727 -0.3507, 2.9035 1.3117 -0.3909, 2.9035 1.3194 -0.2172, 2.9035 1.3117 -0.2161, 2.9035 1.3194 -0.3507, 2.9035 1.2927 -0.2204, 2.9035 1.2786 -0.2164, 2.9035 1.2754 -0.2161, 2.9035 1.2927 -0.2385, 2.9035 1.2613 -0.2305, 2.9035 1.2552 -0.2308, 2.9035 1.2463 -0.3363, 2.9035 1.2582 -0.3376, 2.9035 1.2644 -0.3374, 2.9035 1.2912 -0.2377, 2.9035 1.2795 -0.3346, 2.9035 1.2927 -0.3287, 2.9035 1.2927 -0.3452, 2.9035 1.2904 -0.3463, 2.9035 1.2276 -0.327, 2.9035 1.2111 -0.2912, 2.9035 1.224 -0.3235, 2.9035 1.2133 -0.3043, 2.9035 1.2177 -0.315, 2.9035 1.2777 -0.2325, 2.9035 1.2437 -0.2332, 2.9035 1.2333 -0.2383, 2.9035 1.2249 -0.2453, 2.9035 1.2239 -0.2464, 2.9035 1.2175 -0.2557, 2.9035 1.213 -0.2672, 2.9035 1.2109 -0.2855, 2.9035 1.2365 -0.3329, 2.9035 1.2761 -0.351, 2.9035 1.2558 -0.3529, 2.9035 1.1988 -0.3909, 2.9035 1.2454 -0.3523, 2.9035 1.2314 -0.3489, 2.9035 1.219 -0.3426, 2.9035 1.2099 -0.3347, 2.9035 1.2088 -0.3335, 2.9035 1.2611 -0.215, 2.9035 1.3117 -0.1321, 2.9035 1.2518 -0.2161, 2.9035 1.1988 -0.1321, 2.9035 1.1988 -0.2161, 2.9035 1.2024 -0.2473, 2.9035 1.2121 -0.2346, 2.9035 1.2154 -0.2315, 2.9035 1.2279 -0.2227, 2.9035 1.2418 -0.2173, 2.9035 1.2008 -0.3221, 2.9035 1.1988 -0.3168, 2.9035 1.1908 -0.3909, 2.9035 1.1908 -0.2161, 2.9035 1.196 -0.2621, 2.9035 1.1988 -0.2558, 2.9035 1.1954 -0.3081, 2.9035 1.1928 -0.2865, 2.9035 1.193 -0.2795, 2.9035 -1.5354 -0.685, 2.9035 -1.2752 -0.6164, 2.9035 -0.9055 -0.6063, 2.9035 -1.6142 -0.6063, 2.9035 -1.6128 -0.5961, 2.9035 -2.9528 -0.5635, 2.9035 -1.6089 -0.5866, 2.9035 -1.6026 -0.5785, 2.9035 -1.5407 -0.5866, 2.9035 -1.5368 -0.5961, 2.9035 -1.5354 -0.6063, 2.9035 -1.5354 -0.6164, 2.9035 -1.5748 -0.5669, 2.9035 -1.5646 -0.5683, 2.9035 -1.5945 -0.5722, 2.9035 -1.585 -0.5683, 2.9035 -1.5551 -0.5722, 2.9035 -1.547 -0.5785, 2.9035 -2.9528 -0.6164, 2.9035 1.5246 -0.2908, 2.9035 1.5214 -0.3064, 2.9035 1.5148 -0.3202, 2.9035 1.5049 -0.332, 2.9035 1.4775 -0.2161, 2.9035 1.4775 -0.2205, 2.9035 1.5287 -0.2161, 2.9035 1.4909 -0.2254, 2.9035 1.5179 -0.2512, 2.9035 1.5228 -0.2639, 2.9035 1.525 -0.2823, 2.9035 1.5049 -0.2349, 2.9035 1.5097 -0.2395, 2.9035 1.4909 -0.342, 2.9035 1.4775 -0.3472, 2.9035 1.4775 -0.3909, 2.9035 1.4757 -0.3479, 2.9035 1.4531 -0.3507, 2.9035 1.4164 -0.3507, 2.9035 1.4164 -0.2172, 2.9035 1.4545 -0.2172, 2.9035 1.4748 -0.2195, 2.9035 1.2082 -0.5216, 2.9035 1.2116 -0.5168, 2.9035 1.214 -0.49, 2.9035 1.2504 -0.5612, 2.9035 1.2441 -0.5635, 2.9035 1.2646 -0.5624, 2.9035 1.2562 -0.5574, 2.9035 1.2185 -0.5611, 2.9035 1.1988 -0.5635, 2.9035 1.225 -0.5635, 2.9035 1.2253 -0.5635, 2.9035 1.2076 -0.5501, 2.9035 1.2056 -0.5445, 2.9035 1.2047 -0.5369, 2.9035 1.264 -0.468, 2.9035 1.3067 -0.4814, 2.9035 1.3098 -0.4769, 2.9035 1.2168 -0.5124, 2.9035 1.224 -0.5088, 2.9035 1.2241 -0.4834, 2.9035 1.2363 -0.5058, 2.9035 1.2509 -0.4791, 2.9035 1.2453 -0.4785, 2.9035 1.2346 -0.4797, 2.9035 1.2129 -0.5571, 2.9035 1.2111 -0.5553, 2.9035 1.2646 -0.5477, 2.9035 1.2642 -0.5477, 2.9035 1.2615 -0.5517, 2.9035 1.2048 -0.5346, 2.9035 1.2059 -0.5274, 2.9035 1.23 -0.4669, 2.9035 1.2469 -0.4649, 2.9035 1.257 -0.4658, 2.9035 1.214 -0.4738, 2.9035 1.2175 -0.4717, 2.9035 1.2696 -0.4712, 2.9035 1.274 -0.4754, 2.9035 1.3047 -0.4868, 2.9035 1.2774 -0.4808, 2.9035 1.28 -0.4885, 2.9035 1.2646 -0.5018, 2.9035 1.264 -0.4944, 2.9035 1.2623 -0.4885, 2.9035 1.2603 -0.485, 2.9035 1.3115 -0.5107, 2.9035 1.304 -0.5418, 2.9035 1.3117 -0.5108, 2.9035 1.3104 -0.5458, 2.9035 1.3117 -0.5463, 2.9035 1.3088 -0.5079, 2.9035 1.3066 -0.5044, 2.9035 1.2813 -0.5011, 2.9035 1.3048 -0.4993, 2.9035 1.3041 -0.4928, 2.9035 1.2578 -0.4823, 2.9035 1.2548 -0.4804, 2.9035 1.2349 -0.5646, 2.9035 1.1988 -0.6164, 2.9035 1.2436 -0.5637, 2.9035 1.3117 -0.6164, 2.9035 1.304 -0.559, 2.9035 1.2813 -0.5624, 2.9035 1.3117 -0.5619, 2.9035 1.3117 -0.5635, 2.9035 1.3144 -0.5629, 2.9035 1.32 -0.5635, 2.9035 1.3298 -0.5646, 2.9035 1.3638 -0.4691, 2.9035 1.3638 -0.4854, 2.9035 1.3148 -0.4725, 2.9035 1.32 -0.4694, 2.9035 1.3675 -0.5432, 2.9035 1.3655 -0.5485, 2.9035 1.3624 -0.5529, 2.9035 1.3117 -0.4752, 2.9035 1.3292 -0.4662, 2.9035 1.3412 -0.4649, 2.9035 1.3526 -0.4659, 2.9035 1.3627 -0.5207, 2.9035 1.3659 -0.5253, 2.9035 1.3676 -0.5302, 2.9035 1.3683 -0.5365, 2.9035 1.3576 -0.5571, 2.9035 1.3521 -0.5603, 2.9035 1.3395 -0.4785, 2.9035 1.3346 -0.4788, 2.9035 1.3213 -0.4913, 2.9035 1.3301 -0.48, 2.9035 1.3264 -0.482, 2.9035 1.3214 -0.4935, 2.9035 1.3221 -0.4961, 2.9035 1.3233 -0.4984, 2.9035 1.3249 -0.5002, 2.9035 1.3308 -0.5039, 2.9035 1.3505 -0.4797, 2.9035 1.3412 -0.5084, 2.9035 1.3599 -0.4832, 2.9035 1.3476 -0.511, 2.9035 1.3588 -0.5171, 2.9035 1.3239 -0.4843, 2.9035 1.3224 -0.4864, 2.9035 1.3216 -0.4886, 2.9035 1.3209 -0.5498, 2.9035 1.3294 -0.5205, 2.9035 1.3194 -0.5159, 2.9035 1.3315 -0.551, 2.9035 1.3322 -0.551, 2.9035 1.3403 -0.5251, 2.9035 1.3408 -0.55, 2.9035 1.3512 -0.5381, 2.9035 1.351 -0.536, 2.9035 1.3451 -0.5485, 2.9035 1.3466 -0.5475, 2.9035 1.3485 -0.5458, 2.9035 1.35 -0.5437, 2.9035 1.3508 -0.5413, 2.9035 1.3502 -0.5334, 2.9035 1.349 -0.5312, 2.9035 1.3469 -0.529, 2.9035 1.4512 -0.4671, 2.9035 1.4685 -0.4671, 2.9035 1.4775 -0.5635, 2.9035 1.4206 -0.5387, 2.9035 1.4227 -0.5466, 2.9035 1.4231 -0.5466, 2.9035 1.4038 -0.4903, 2.9035 1.4252 -0.5389, 2.9035 1.4239 -0.5433, 2.9035 1.4038 -0.5635, 2.9035 1.4038 -0.5352, 2.9035 1.377 -0.4671, 2.9035 1.3957 -0.4671, 2.9035 1.4144 -0.5622, 2.9035 1.4139 -0.5635, 2.9035 1.4071 -0.5795, 2.9035 1.3727 -0.6164, 2.9035 1.3805 -0.6059, 2.9035 1.3805 -0.591, 2.9035 1.4007 -0.589, 2.9035 1.4038 -0.5856, 2.9035 1.4038 -0.5855, 2.9035 1.3839 -0.5922, 2.9035 1.39 -0.593, 2.9035 1.4038 -0.6043, 2.9035 1.398 -0.6065, 2.9035 1.4038 -0.6164, 2.9035 1.3913 -0.6073, 2.9035 1.3876 -0.6072, 2.9035 1.3941 -0.5925, 2.9035 1.3977 -0.5911, 2.9035 1.4253 -0.5768, 2.9035 1.4177 -0.5915, 2.9035 1.4775 -0.6164, 2.9035 1.4305 -0.5635, 2.9035 1.4116 -0.5989, 2.9035 1.4104 -0.5999, 2.9035 1.4046 -0.604, 2.9035 1.5553 -0.4289, 2.9035 1.5553 -0.4443, 2.9035 1.5583 -0.5472, 2.9035 1.5709 -0.5635, 2.9035 1.5583 -0.5624, 2.9035 1.5287 -0.5635, 2.9035 1.5038 -0.5023, 2.9035 1.5038 -0.5472, 2.9035 1.5287 -0.5023, 2.9035 1.5287 -0.5472, 2.9035 1.5515 -0.5023, 2.9035 1.5515 -0.487, 2.9035 1.5287 -0.487, 2.9035 1.5287 -0.4443, 2.9035 1.5038 -0.487, 2.9035 1.5038 -0.4443, 2.9035 1.5287 -0.5624, 2.9035 1.4865 -0.5624, 2.9035 1.6918 -0.5025, 2.9035 1.6885 -0.5181, 2.9035 1.6996 -0.5624, 2.9035 1.682 -0.5319, 2.9035 1.672 -0.5437, 2.9035 1.7504 -0.4289, 2.9035 1.7688 -0.4289, 2.9035 1.6922 -0.494, 2.9035 1.69 -0.4756, 2.9035 1.6216 -0.4289, 2.9035 1.642 -0.4312, 2.9035 1.658 -0.5537, 2.9035 1.6428 -0.5597, 2.9035 1.6202 -0.5624, 2.9035 1.672 -0.4466, 2.9035 1.6768 -0.4513, 2.9035 1.685 -0.4629, 2.9035 1.787 -0.5259, 2.9035 1.7314 -0.5259, 2.9035 1.8006 -0.5624, 2.9035 1.7186 -0.5624, 2.9035 2.126 -0.5635, 2.9035 1.6581 -0.4371, 2.9035 1.8196 -0.5624, 2.9035 1.5835 -0.5624, 2.9035 1.5835 -0.4289, 2.9035 2.126 -0.6164, 2.9035 1.5709 -0.6164, 2.9035 1.5287 -0.6164, 2.9035 2.126 -0.1321, 2.9035 1.5709 -0.1321, 2.9035 1.5287 -0.1321, 2.9035 1.4775 -0.1321, 2.9035 1.4038 -0.1321, 2.9035 1.3727 -0.1321, 2.9035 2.126 -0.748, 2.9035 1.5709 -0.748, 2.9035 1.5287 -0.748, 2.9035 1.4775 -0.748, 2.9035 1.4038 -0.748, 2.9035 1.3727 -0.748, 2.9035 1.3117 -0.748, 2.9035 1.1988 -0.748, 2.9035 1.1908 -0.748, 2.9035 1.1908 -0.6164, 2.9035 1.1908 -0.5635, 2.9035 1.1887 -0.5472, 2.9035 1.1887 -0.5624, 2.9035 1.117 -0.5624, 2.9035 1.1857 -0.4443, 2.9035 1.117 -0.4289, 2.9035 1.1857 -0.4289, 2.9035 1.1342 -0.5023, 2.9035 1.1342 -0.5472, 2.9035 1.1819 -0.5023, 2.9035 1.1819 -0.487, 2.9035 1.1342 -0.487, 2.9035 1.1342 -0.4443, 2.9035 1.1342 -0.2172, 2.9035 1.1342 -0.3355, 2.9035 1.1873 -0.3355, 2.9035 1.117 -0.3507, 2.9035 1.117 -0.2172, 2.9035 1.1873 -0.3507, 2.9035 1.1908 -0.1321, 2.9035 -2.9528 -0.3909, 2.9035 -2.9528 -0.2161, 2.9035 -2.9528 -0.1321, 2.9035 2.126 -0.0827, 2.9035 1.5709 -0.0827, 2.9035 1.5287 -0.0827, 2.9035 1.4775 -0.0827, 2.9035 1.4038 -0.0827, 2.9035 1.3727 -0.0827, 2.9035 1.3117 -0.0827, 2.9035 1.1988 -0.0827, 2.9035 1.1908 -0.0827, 2.9035 1.0623 -0.0827, 2.9035 -1.2752 -0.0827, 2.9035 -2.9528 -0.0827, -2.8209 -2.5591 -0.0787, -2.8209 1.063 -0.0787, -2.6673 1.063 -0.0787, 2.8209 0.0945 -0.0787, 2.8209 -0.1867 -0.0787, 1.7865 -0.1867 -0.0787, 2.8209 1.1102 -0.0787, -2.8209 2.6378 -0.0787, -2.8209 2.7559 -0.0787, -2.6673 2.6378 -0.0787, -2.1161 2.7559 -0.0787, -1.9587 2.752 -0.0787, 1.1909 2.752 -0.0787, -1.9587 2.5984 -0.0787, 1.1909 2.5984 -0.0787, 2.066 -2.0863 -0.0787, 2.1841 -2.0863 -0.0787, 2.8209 -2.9528 -0.0787, 2.3681 2.3464 -0.0787, 1.3484 2.7559 -0.0787, 2.3966 2.3582 -0.0787, 2.4272 2.7559 -0.0787, 2.4272 2.3622 -0.0787, 2.3436 2.3276 -0.0787, 2.3249 2.3031 -0.0787, 1.3484 2.5984 -0.0787, 2.3131 2.2747 -0.0787, 2.3091 2.2441 -0.0787, 2.3131 2.2135 -0.0787, 2.3249 2.185 -0.0787, 2.3436 2.1606 -0.0787, 2.3681 2.1418 -0.0787, 2.3966 2.13 -0.0787, 2.4272 2.126 -0.0787, 2.8209 2.126 -0.0787, 0.8522 -2.7611 -0.0787, 0.548 -2.6731 -0.0787, 1.7865 -0.9593 -0.0787, 0.2378 -2.6099 -0.0787, -0.0765 -2.5718 -0.0787, -0.3928 -2.5591 -0.0787, 1.9046 -0.9104 -0.0787, 1.9046 -0.4499 -0.0787, 2.1841 -1.1898 -0.0787, 2.7815 -0.4499 -0.0787, 2.7815 -2.0863 -0.0787, 2.8209 -2.0863 -0.0787, -2.1161 2.5984 -0.0787, 2.066 -1.2387 -0.0787, 1.4272 -2.9528 -0.0787, 1.1909 2.752 0.0, -1.9587 2.752 0.0, 1.1909 2.5984 0.0, -1.9587 2.5984 0.0, -2.8209 2.7559 0.0, -2.8209 2.6378 0.0, -2.6673 2.6378 0.0, 2.3966 2.3582 0.0, 2.4272 2.3622 0.0, 2.4272 2.7559 0.0, 2.066 -2.0863 0.0, 2.066 -1.2387 0.0, 1.7865 -0.9593 0.0, 2.8209 -2.9528 0.0, 2.8209 -2.0863 0.0, 1.4272 -2.9528 0.0, 2.7815 -2.0863 0.0, -2.6673 1.063 0.0, -2.8209 1.063 0.0, -2.8209 -2.5591 0.0, -0.3928 -2.5591 0.0, -0.0765 -2.5718 0.0, 0.2378 -2.6099 0.0, 0.548 -2.6731 0.0, 0.8522 -2.7611 0.0, 2.3681 2.3464 0.0, 1.3484 2.7559 0.0, 2.3436 2.3276 0.0, 1.9046 -0.4499 0.0, 1.9046 -0.9104 0.0, 2.7815 -0.4499 0.0, 2.1841 -1.1898 0.0, 2.1841 -2.0863 0.0, -2.1161 2.5984 0.0, -2.1161 2.7559 0.0, 2.8209 -0.1867 0.0, 2.8209 2.126 0.0, 2.4272 2.126 0.0, 2.3966 2.13 0.0, 2.3681 2.1418 0.0, 2.3436 2.1606 0.0, 1.3484 2.5984 0.0, 2.3249 2.185 0.0, 2.3131 2.2135 0.0, 2.3091 2.2441 0.0, 2.3131 2.2747 0.0, 2.3249 2.3031 0.0, 1.7865 -0.1867 0.0, 2.4311 2.7559 -0.0827, 2.5098 2.7559 -0.0827, 2.4311 2.7559 -0.685, 2.5098 2.7559 -0.685, 2.5098 2.3622 -0.685, 2.5098 2.3622 -0.0827, 2.4311 2.3622 -0.0827, 2.4311 2.3622 -0.685, -2.8423 2.7559 -0.0028, -2.8423 2.6378 -0.0028, -2.8622 2.7559 -0.0111, -2.8622 2.6378 -0.0111, -2.8793 2.7559 -0.0242, -2.8793 2.6378 -0.0242, -2.8925 2.7559 -0.0413, -2.8925 2.6378 -0.0413, -2.9007 2.7559 -0.0613, -2.9007 2.6378 -0.0613, -2.9035 2.7559 -0.0827, -2.9035 2.6378 -0.0827, -2.8248 2.6378 -0.0827, -2.8248 2.7559 -0.0827, -2.8247 2.6378 -0.0817, -2.8247 2.7559 -0.0817, -2.8243 2.6378 -0.0807, -2.8243 2.7559 -0.0807, -2.8236 2.6378 -0.0799, -2.8236 2.7559 -0.0799, -2.8228 2.6378 -0.0793, -2.8228 2.7559 -0.0793, -2.8219 2.6378 -0.0789, -2.8219 2.7559 -0.0789, 2.8248 -1.6142 -0.748, 2.8248 -2.9528 -0.748, 2.8248 -2.9528 -0.0827, 2.8248 -1.6089 -0.5866, 2.8248 -1.6128 -0.5961, 2.8248 2.126 -0.748, 2.8248 -0.8268 -0.748, 2.8248 2.126 -0.0827, 2.8248 -0.8268 -0.6063, 2.8248 1.1102 -0.0827, 2.8248 -0.8281 -0.5961, 2.8248 0.0945 -0.0827, 2.8248 -0.832 -0.5866, 2.8248 -0.8661 -0.5669, 2.8248 -0.8763 -0.5683, 2.8248 -0.9213 -0.0827, 2.8248 -0.8858 -0.5722, 2.8248 -1.937 -0.0827, 2.8248 -0.9055 -0.685, 2.8248 -1.5354 -0.685, 2.8248 -0.9055 -0.6063, 2.8248 -1.5354 -0.6063, 2.8248 -0.9042 -0.5961, 2.8248 -1.5368 -0.5961, 2.8248 -1.6142 -0.6063, 2.8248 -1.5407 -0.5866, 2.8248 -1.547 -0.5785, 2.8248 -1.5551 -0.5722, 2.8248 -1.5748 -0.5669, 2.8248 -1.585 -0.5683, 2.8248 -1.5646 -0.5683, 2.8248 -1.5945 -0.5722, 2.8248 -1.6026 -0.5785, 2.8248 -0.8383 -0.5785, 2.8248 -0.8465 -0.5722, 2.8248 -0.856 -0.5683, 2.8248 -0.9002 -0.5866, 2.8248 -0.894 -0.5785, -2.9035 2.2835 -0.748, -2.8248 2.2835 -0.748, -2.9035 -0.8268 -0.748, -2.8248 -0.8268 -0.748, -2.9035 2.3622 -0.6063, -2.9035 2.3609 -0.5961, -2.9035 2.6378 -0.4724, -2.9035 -2.5591 -0.0827, -2.9035 -1.6089 -0.5709, -2.9035 -1.6128 -0.5804, -2.9035 1.063 -0.0827, -2.9035 -1.5407 -0.5709, -2.9035 -1.547 -0.5627, -2.9035 2.3622 -0.685, -2.9035 2.7559 -0.685, -2.9035 1.063 -0.4724, -2.9035 2.2835 -0.6063, -2.9035 2.2848 -0.5961, -2.9035 -0.8858 -0.5565, -2.9035 -0.894 -0.5627, -2.9035 -0.9002 -0.5709, -2.9035 -0.9042 -0.5804, -2.9035 -2.5591 -0.748, -2.9035 -1.6142 -0.5906, -2.9035 -1.6142 -0.748, -2.9035 2.3569 -0.5866, -2.9035 2.3507 -0.5785, -2.9035 2.3425 -0.5722, -2.9035 2.3031 -0.5722, -2.9035 2.295 -0.5785, -2.9035 2.2887 -0.5866, -2.9035 -0.8465 -0.5565, -2.9035 -0.8383 -0.5627, -2.9035 -0.832 -0.5709, -2.9035 -0.9055 -0.6693, -2.9035 -1.5354 -0.6693, -2.9035 -0.9055 -0.5906, -2.9035 -1.5354 -0.5906, -2.9035 -1.5368 -0.5804, -2.9035 -1.5551 -0.5565, -2.9035 -1.5646 -0.5525, -2.9035 -1.5748 -0.5512, -2.9035 -1.585 -0.5525, -2.9035 -0.8268 -0.5906, -2.9035 -0.8281 -0.5804, -2.9035 -1.5945 -0.5565, -2.9035 -1.6026 -0.5627, -2.9035 2.333 -0.5683, -2.9035 2.3228 -0.5669, -2.9035 2.3126 -0.5683, -2.9035 -0.856 -0.5525, -2.9035 -0.8661 -0.5512, -2.9035 -0.8763 -0.5525, -2.8248 2.7559 -0.685, -2.8248 2.6378 -0.4724, -2.8248 -1.6128 -0.5804, -2.8248 -1.6089 -0.5709, -2.8248 -2.5591 -0.0827, -2.8248 1.063 -0.4724, -2.8248 2.2835 -0.6063, -2.8248 2.2848 -0.5961, -2.8248 2.3425 -0.5722, -2.8248 2.3507 -0.5785, -2.8248 2.3569 -0.5866, -2.8248 2.3609 -0.5961, -2.8248 2.3622 -0.6063, -2.8248 2.3622 -0.685, -2.8248 -1.6142 -0.5906, -2.8248 -2.5591 -0.748, -2.8248 -1.6142 -0.748, -2.8248 -1.6026 -0.5627, -2.8248 -1.5945 -0.5565, -2.8248 -1.585 -0.5525, -2.8248 -1.5354 -0.5906, -2.8248 -1.5354 -0.6693, -2.8248 -0.9055 -0.6693, -2.8248 -0.894 -0.5627, -2.8248 -1.5407 -0.5709, -2.8248 -0.9002 -0.5709, -2.8248 -0.9042 -0.5804, -2.8248 -0.8465 -0.5565, -2.8248 -0.8383 -0.5627, -2.8248 1.063 -0.0827, -2.8248 2.2887 -0.5866, -2.8248 2.295 -0.5785, -2.8248 2.3031 -0.5722, -2.8248 -1.547 -0.5627, -2.8248 -1.5368 -0.5804, -2.8248 -0.9055 -0.5906, -2.8248 -0.856 -0.5525, -2.8248 2.3126 -0.5683, -2.8248 2.3228 -0.5669, -2.8248 2.333 -0.5683, -2.8248 -1.5748 -0.5512, -2.8248 -1.5646 -0.5525, -2.8248 -1.5551 -0.5565, -2.8248 -0.832 -0.5709, -2.8248 -0.8281 -0.5804, -2.8248 -0.8268 -0.5906, -2.8248 -0.8858 -0.5565, -2.8248 -0.8763 -0.5525, -2.8248 -0.8661 -0.5512, -2.8219 -2.5591 -0.0789, -2.8423 -2.5591 -0.0028, -2.8228 -2.5591 -0.0793, -2.8622 -2.5591 -0.0111, -2.8236 -2.5591 -0.0799, -2.8793 -2.5591 -0.0242, -2.8243 -2.5591 -0.0807, -2.8925 -2.5591 -0.0413, -2.8247 -2.5591 -0.0817, -2.9007 -2.5591 -0.0613, -2.8423 1.063 -0.0028, -2.8622 1.063 -0.0111, -2.8793 1.063 -0.0242, -2.8925 1.063 -0.0413, -2.9007 1.063 -0.0613, -2.8247 1.063 -0.0817, -2.8243 1.063 -0.0807, -2.8236 1.063 -0.0799, -2.8228 1.063 -0.0793, -2.8219 1.063 -0.0789, 2.431 2.3622 -0.0817, 2.507 2.3622 -0.0613, 2.4306 2.3622 -0.0807, 2.4988 2.3622 -0.0413, 2.4299 2.3622 -0.0799, 2.4856 2.3622 -0.0242, 2.4291 2.3622 -0.0793, 2.4685 2.3622 -0.0111, 2.4282 2.3622 -0.0789, 2.4486 2.3622 -0.0028, 2.4282 2.7559 -0.0789, 2.4486 2.7559 -0.0028, 2.4291 2.7559 -0.0793, 2.4685 2.7559 -0.0111, 2.4299 2.7559 -0.0799, 2.4856 2.7559 -0.0242, 2.4306 2.7559 -0.0807, 2.4988 2.7559 -0.0413, 2.431 2.7559 -0.0817, 2.507 2.7559 -0.0613, 2.8247 -2.9528 -0.0817, 2.9007 -2.9528 -0.0613, 2.8243 -2.9528 -0.0807, 2.8925 -2.9528 -0.0413, 2.8236 -2.9528 -0.0799, 2.8793 -2.9528 -0.0242, 2.8228 -2.9528 -0.0793, 2.8622 -2.9528 -0.0111, 2.8219 -2.9528 -0.0789, 2.8423 -2.9528 -0.0028, 2.8423 2.126 -0.0028, 2.8622 2.126 -0.0111, 2.8793 2.126 -0.0242, 2.8925 2.126 -0.0413, 2.9007 2.126 -0.0613, 2.8209 -1.937 -0.0787, 2.8219 -1.937 -0.0789, 2.8247 -1.937 -0.0817, 2.8243 -1.937 -0.0807, 2.8236 -1.937 -0.0799, 2.8228 -1.937 -0.0793, 2.8247 -0.9213 -0.0817, 2.8243 -0.9213 -0.0807, 2.8236 -0.9213 -0.0799, 2.8228 -0.9213 -0.0793, 2.8219 -0.9213 -0.0789, 2.8209 -0.9213 -0.0787, 2.8219 0.0945 -0.0789, 2.8228 0.0945 -0.0793, 2.8236 0.0945 -0.0799, 2.8243 0.0945 -0.0807, 2.8247 0.0945 -0.0817, 2.8247 1.1102 -0.0817, 2.8243 1.1102 -0.0807, 2.8236 1.1102 -0.0799, 2.8228 1.1102 -0.0793, 2.8219 1.1102 -0.0789, 2.8247 2.126 -0.0817, 2.8243 2.126 -0.0807, 2.8236 2.126 -0.0799, 2.8228 2.126 -0.0793, 2.8219 2.126 -0.0789, -2.9037 2.7559 -0.6861, -2.8276 2.7559 -0.7064, -2.9041 2.7559 -0.687, -2.8359 2.7559 -0.7264, -2.9047 2.7559 -0.6878, -2.849 2.7559 -0.7435, -2.9055 2.7559 -0.6884, -2.8661 2.7559 -0.7566, -2.9065 2.7559 -0.6888, -2.8861 2.7559 -0.7649, -2.9075 2.7559 -0.689, -2.9075 2.7559 -0.7677, -2.9075 2.3622 -0.689, -2.9075 2.3622 -0.7677, -2.9065 2.3622 -0.6888, -2.8861 2.3622 -0.7649, -2.9055 2.3622 -0.6884, -2.8661 2.3622 -0.7566, -2.9047 2.3622 -0.6878, -2.849 2.3622 -0.7435, -2.9041 2.3622 -0.687, -2.8359 2.3622 -0.7264, -2.9037 2.3622 -0.6861, -2.8276 2.3622 -0.7064, -3.0315 2.3622 -0.7677, -3.0315 2.3622 -0.689, -3.0315 2.7559 -0.689, -3.0315 2.7559 -0.7677, -3.1076 2.4206 -0.7677, -3.1102 2.4409 -0.7677, -3.0997 2.4016 -0.7677, -3.0872 2.3853 -0.7677, -3.0519 2.3649 -0.7677, -3.0709 2.3728 -0.7677, -3.1076 2.6975 -0.7677, -3.0997 2.7165 -0.7677, -3.0872 2.7328 -0.7677, -3.0709 2.7454 -0.7677, -3.0519 2.7532 -0.7677, -3.1102 2.6772 -0.7677, -3.1076 2.6975 -0.689, -3.1102 2.6772 -0.689, -3.0997 2.7165 -0.689, -3.0872 2.7328 -0.689, -3.0519 2.7532 -0.689, -3.0709 2.7454 -0.689, -3.1076 2.4206 -0.689, -3.0997 2.4016 -0.689, -3.0872 2.3853 -0.689, -3.0709 2.3728 -0.689, -3.0519 2.3649 -0.689, -3.1102 2.4409 -0.689, -2.9037 -0.9055 -0.6703, -2.8276 -0.9055 -0.6907, -2.9041 -0.9055 -0.6713, -2.8359 -0.9055 -0.7106, -2.9047 -0.9055 -0.6721, -2.849 -0.9055 -0.7278, -2.9055 -0.9055 -0.6727, -2.8661 -0.9055 -0.7409, -2.9065 -0.9055 -0.6731, -2.8861 -0.9055 -0.7492, -2.9075 -0.9055 -0.6732, -2.9075 -0.9055 -0.752, -2.9075 -1.5354 -0.6732, -2.9075 -1.5354 -0.752, -2.9065 -1.5354 -0.6731, -2.8861 -1.5354 -0.7492, -2.9055 -1.5354 -0.6727, -2.8661 -1.5354 -0.7409, -2.9047 -1.5354 -0.6721, -2.849 -1.5354 -0.7278, -2.9041 -1.5354 -0.6713, -2.8359 -1.5354 -0.7106, -2.9037 -1.5354 -0.6703, -2.8276 -1.5354 -0.6907, -3.0315 -1.5354 -0.752, -3.0315 -1.5354 -0.6732, -3.0315 -0.9055 -0.6732, -3.0315 -0.9055 -0.752, -3.1102 -1.4567 -0.752, -3.1102 -0.9843 -0.752, -3.0997 -0.9449 -0.752, -3.0872 -0.9286 -0.752, -3.0709 -0.9161 -0.752, -3.0519 -0.9082 -0.752, -3.0997 -1.4961 -0.752, -3.0872 -1.5124 -0.752, -3.0519 -1.5327 -0.752, -3.0709 -1.5249 -0.752, -3.1076 -0.9639 -0.752, -3.1076 -1.4771 -0.752, -3.1076 -0.9639 -0.6732, -3.1102 -0.9843 -0.6732, -3.0997 -0.9449 -0.6732, -3.0872 -0.9286 -0.6732, -3.0519 -0.9082 -0.6732, -3.0709 -0.9161 -0.6732, -3.1076 -1.4771 -0.6732, -3.0997 -1.4961 -0.6732, -3.0872 -1.5124 -0.6732, -3.0519 -1.5327 -0.6732, -3.0709 -1.5249 -0.6732, -3.1102 -1.4567 -0.6732, 2.9037 -1.5354 -0.6861, 2.8276 -1.5354 -0.7064, 2.9041 -1.5354 -0.687, 2.8359 -1.5354 -0.7264, 2.9047 -1.5354 -0.6878, 2.849 -1.5354 -0.7435, 2.9055 -1.5354 -0.6884, 2.8661 -1.5354 -0.7566, 2.9065 -1.5354 -0.6888, 2.8861 -1.5354 -0.7649, 2.9075 -1.5354 -0.689, 2.9075 -1.5354 -0.7677, 2.9075 -0.9055 -0.689, 2.9075 -0.9055 -0.7677, 2.9065 -0.9055 -0.6888, 2.8861 -0.9055 -0.7649, 2.9055 -0.9055 -0.6884, 2.8661 -0.9055 -0.7566, 2.9047 -0.9055 -0.6878, 2.849 -0.9055 -0.7435, 2.9041 -0.9055 -0.687, 2.8359 -0.9055 -0.7264, 2.9037 -0.9055 -0.6861, 2.8276 -0.9055 -0.7064, 3.0315 -1.5354 -0.689, 3.0315 -1.5354 -0.7677, 3.0315 -0.9055 -0.7677, 3.0315 -0.9055 -0.689, 3.0519 -0.9082 -0.7677, 3.0709 -0.9161 -0.7677, 3.0872 -0.9286 -0.7677, 3.0997 -0.9449 -0.7677, 3.1076 -1.4771 -0.7677, 3.0997 -1.4961 -0.7677, 3.0872 -1.5124 -0.7677, 3.0519 -1.5327 -0.7677, 3.0709 -1.5249 -0.7677, 3.1076 -0.9639 -0.7677, 3.1102 -0.9843 -0.7677, 3.1102 -1.4567 -0.7677, 3.1102 -1.4567 -0.689, 3.1102 -0.9843 -0.689, 3.1076 -0.9639 -0.689, 3.0997 -0.9449 -0.689, 3.0997 -1.4961 -0.689, 3.0872 -1.5124 -0.689, 3.0519 -1.5327 -0.689, 3.0709 -1.5249 -0.689, 3.0872 -0.9286 -0.689, 3.0709 -0.9161 -0.689, 3.0519 -0.9082 -0.689, 3.1076 -1.4771 -0.689, 3.1076 -1.4771 -0.689
            ]
        }
        coordIndex [
            0,1,2,-1,3,4,5,-1,6,7,8,-1,9,10,11,-1,12,13,14,-1,15,16,17,-1,17,16,18,-1,17,18,19,-1,20,21,22,-1,22,21,17,-1,22,17,23,-1,23,17,24,-1,19,25,17,-1,17,25,26,-1,17,26,24,-1,27,28,29,-1,29,28,30,-1,29,30,31,-1,31,30,32,-1,27,29,33,-1,33,29,34,-1,33,34,35,-1,34,36,37,-1,37,38,34,-1,34,38,39,-1,34,39,40,-1,34,41,35,-1,35,41,42,-1,35,42,43,-1,43,42,44,-1,43,44,45,-1,40,46,34,-1,34,46,47,-1,34,47,41,-1,48,49,50,-1,50,49,51,-1,48,50,52,-1,52,50,53,-1,52,53,54,-1,51,55,50,-1,50,55,56,-1,50,56,36,-1,36,56,57,-1,36,57,37,-1,58,59,50,-1,50,59,60,-1,50,60,61,-1,62,63,53,-1,63,64,53,-1,53,64,65,-1,53,65,66,-1,61,67,50,-1,50,67,68,-1,50,68,53,-1,53,68,69,-1,53,69,62,-1,70,71,72,-1,72,71,73,-1,73,74,72,-1,72,74,75,-1,72,75,76,-1,76,75,77,-1,76,77,78,-1,78,77,79,-1,78,79,80,-1,80,79,81,-1,80,81,65,-1,65,81,82,-1,65,82,66,-1,83,84,70,-1,70,84,85,-1,70,85,86,-1,86,87,70,-1,70,87,88,-1,70,88,71,-1,89,90,91,-1,92,93,83,-1,94,95,96,-1,96,95,97,-1,89,91,98,-1,92,83,99,-1,100,101,95,-1,95,101,102,-1,95,102,103,-1,20,104,21,-1,21,104,105,-1,21,105,83,-1,83,105,106,-1,83,106,99,-1,90,107,91,-1,91,107,108,-1,91,108,109,-1,110,111,112,-1,112,111,113,-1,112,113,114,-1,115,103,116,-1,116,103,117,-1,116,117,112,-1,112,117,118,-1,112,118,110,-1,115,119,103,-1,103,119,120,-1,103,120,95,-1,95,120,121,-1,95,121,97,-1,122,123,124,-1,124,123,125,-1,124,125,91,-1,91,125,126,-1,91,126,98,-1,127,128,91,-1,91,128,129,-1,91,129,95,-1,95,129,130,-1,95,130,100,-1,131,132,84,-1,84,132,133,-1,84,133,134,-1,134,135,84,-1,84,135,136,-1,84,136,137,-1,137,136,122,-1,137,122,138,-1,138,122,124,-1,93,139,83,-1,83,139,140,-1,83,140,84,-1,84,140,141,-1,84,141,131,-1,109,142,91,-1,91,142,143,-1,91,143,144,-1,144,145,91,-1,91,145,146,-1,91,146,127,-1,147,148,149,-1,148,150,149,-1,149,150,151,-1,149,151,152,-1,102,149,103,-1,103,149,153,-1,103,153,154,-1,155,156,157,-1,157,156,158,-1,157,158,159,-1,155,157,102,-1,102,157,160,-1,102,160,149,-1,149,160,161,-1,149,161,147,-1,162,163,164,-1,164,163,165,-1,164,165,166,-1,152,151,167,-1,167,151,168,-1,167,168,169,-1,169,168,170,-1,169,170,171,-1,154,172,103,-1,103,172,164,-1,103,164,173,-1,173,164,166,-1,174,12,175,-1,176,174,177,-1,177,178,176,-1,176,178,179,-1,176,179,180,-1,180,179,181,-1,182,183,2,-1,12,14,175,-1,175,14,184,-1,175,184,182,-1,185,186,187,-1,188,189,190,-1,190,189,191,-1,190,191,192,-1,193,194,195,-1,195,194,196,-1,195,196,197,-1,197,196,185,-1,197,185,198,-1,199,200,201,-1,201,200,202,-1,201,202,188,-1,187,186,203,-1,203,186,204,-1,203,204,205,-1,192,191,206,-1,206,191,207,-1,206,207,208,-1,209,207,210,-1,210,207,211,-1,204,208,205,-1,205,208,207,-1,205,207,212,-1,212,207,209,-1,213,214,215,-1,216,217,218,-1,218,217,219,-1,218,219,212,-1,212,219,220,-1,212,220,205,-1,205,220,221,-1,205,221,222,-1,223,224,225,-1,225,224,226,-1,225,226,227,-1,216,218,215,-1,215,218,228,-1,215,228,213,-1,214,229,215,-1,215,229,230,-1,215,230,231,-1,231,232,215,-1,215,232,233,-1,215,233,234,-1,234,235,215,-1,215,235,224,-1,215,224,236,-1,236,224,223,-1,222,237,205,-1,205,237,238,-1,205,238,239,-1,239,238,240,-1,239,240,241,-1,241,242,239,-1,239,242,243,-1,239,243,244,-1,245,246,247,-1,247,246,248,-1,249,250,251,-1,251,252,249,-1,249,252,253,-1,249,253,254,-1,244,255,239,-1,239,255,256,-1,239,256,257,-1,258,259,249,-1,249,259,260,-1,249,260,250,-1,256,261,257,-1,257,261,262,-1,257,262,258,-1,258,262,263,-1,258,263,259,-1,264,9,265,-1,265,9,11,-1,265,11,50,-1,50,11,266,-1,50,266,58,-1,267,268,269,-1,269,268,270,-1,269,270,271,-1,272,273,50,-1,50,273,274,-1,50,274,265,-1,265,274,275,-1,265,275,264,-1,276,277,50,-1,271,278,269,-1,269,278,279,-1,269,279,276,-1,277,280,50,-1,50,280,281,-1,50,281,272,-1,267,269,8,-1,8,269,282,-1,8,282,6,-1,283,284,2,-1,2,284,285,-1,2,285,286,-1,287,288,289,-1,289,288,290,-1,291,292,289,-1,289,292,293,-1,290,294,289,-1,289,294,295,-1,289,295,291,-1,181,179,183,-1,183,179,289,-1,183,289,2,-1,2,289,293,-1,2,293,283,-1,296,297,298,-1,298,297,299,-1,300,301,187,-1,187,301,189,-1,187,189,185,-1,185,189,188,-1,185,188,198,-1,198,188,202,-1,301,302,189,-1,189,302,303,-1,189,303,287,-1,287,303,304,-1,287,304,288,-1,305,306,307,-1,308,309,310,-1,308,310,311,-1,312,313,314,-1,314,313,315,-1,316,317,313,-1,313,317,318,-1,319,320,321,-1,306,322,307,-1,307,322,323,-1,307,323,324,-1,324,323,325,-1,326,327,325,-1,325,327,328,-1,325,328,324,-1,312,329,313,-1,313,329,330,-1,313,330,316,-1,331,332,310,-1,310,332,333,-1,310,333,311,-1,239,334,335,-1,336,337,239,-1,239,337,338,-1,305,307,335,-1,335,307,339,-1,335,339,239,-1,239,339,340,-1,239,340,336,-1,319,341,320,-1,320,341,342,-1,320,342,343,-1,343,342,344,-1,343,344,345,-1,346,347,325,-1,325,347,348,-1,325,348,349,-1,350,351,352,-1,352,351,353,-1,352,353,354,-1,355,356,357,-1,357,356,358,-1,357,358,345,-1,345,358,359,-1,345,359,343,-1,349,360,325,-1,325,360,361,-1,325,361,326,-1,362,363,364,-1,364,363,365,-1,364,365,309,-1,350,355,351,-1,351,355,357,-1,351,357,366,-1,366,357,367,-1,366,367,368,-1,368,367,369,-1,368,369,370,-1,370,369,371,-1,372,371,365,-1,365,371,369,-1,365,369,309,-1,309,369,367,-1,309,367,310,-1,373,374,5,-1,375,376,205,-1,377,378,5,-1,5,378,379,-1,338,319,239,-1,239,319,321,-1,239,321,205,-1,205,321,380,-1,205,380,375,-1,376,381,205,-1,205,381,382,-1,205,382,203,-1,203,382,383,-1,203,383,373,-1,384,385,374,-1,374,385,386,-1,374,386,5,-1,5,386,387,-1,5,387,377,-1,379,388,5,-1,5,388,389,-1,5,389,3,-1,390,391,392,-1,392,391,393,-1,392,393,394,-1,392,395,390,-1,390,395,396,-1,390,396,397,-1,397,398,390,-1,390,398,399,-1,390,399,400,-1,400,399,401,-1,400,401,402,-1,402,401,403,-1,402,403,374,-1,374,403,404,-1,374,404,384,-1,405,406,394,-1,394,406,407,-1,394,407,392,-1,408,409,354,-1,354,409,410,-1,354,410,352,-1,408,411,409,-1,409,411,412,-1,409,412,413,-1,413,412,414,-1,413,415,416,-1,414,417,413,-1,413,417,418,-1,413,418,419,-1,419,420,413,-1,413,420,421,-1,413,421,415,-1,416,422,413,-1,413,422,423,-1,413,423,424,-1,425,426,298,-1,298,426,427,-1,428,429,430,-1,299,300,298,-1,298,300,187,-1,298,187,425,-1,425,187,431,-1,425,431,432,-1,432,431,428,-1,432,428,433,-1,433,428,430,-1,434,435,5,-1,5,435,436,-1,373,5,203,-1,203,5,436,-1,203,436,187,-1,187,436,437,-1,187,437,431,-1,438,435,439,-1,439,435,434,-1,439,434,440,-1,441,442,443,-1,444,445,434,-1,434,445,446,-1,434,446,440,-1,372,365,4,-1,4,365,441,-1,4,441,5,-1,5,441,443,-1,5,443,434,-1,434,443,447,-1,434,447,448,-1,449,450,451,-1,451,450,452,-1,451,452,441,-1,441,452,453,-1,441,453,442,-1,448,454,434,-1,434,454,455,-1,434,455,444,-1,456,457,458,-1,456,458,459,-1,457,460,458,-1,458,460,461,-1,458,461,451,-1,451,461,462,-1,451,462,449,-1,182,2,175,-1,175,2,1,-1,175,1,463,-1,463,464,175,-1,175,464,465,-1,175,465,466,-1,466,465,467,-1,466,467,468,-1,469,470,471,-1,471,470,472,-1,471,472,473,-1,473,472,465,-1,473,465,474,-1,474,465,464,-1,474,464,475,-1,475,464,476,-1,475,476,477,-1,477,476,478,-1,467,479,468,-1,468,479,480,-1,468,480,427,-1,427,480,0,-1,427,0,298,-1,298,0,2,-1,298,2,296,-1,296,2,286,-1,481,482,483,-1,483,482,484,-1,483,484,485,-1,175,486,487,-1,481,483,488,-1,488,483,486,-1,488,486,489,-1,490,491,175,-1,485,492,483,-1,483,492,493,-1,483,493,494,-1,495,496,486,-1,486,496,497,-1,486,497,489,-1,498,499,500,-1,500,499,501,-1,500,501,502,-1,175,491,486,-1,486,491,503,-1,486,503,495,-1,174,175,177,-1,177,175,487,-1,177,487,502,-1,502,487,504,-1,502,504,500,-1,501,483,502,-1,502,483,494,-1,502,494,466,-1,466,494,505,-1,466,505,175,-1,175,505,506,-1,175,506,490,-1,507,502,508,-1,508,502,466,-1,508,466,509,-1,509,466,468,-1,509,468,458,-1,458,468,427,-1,458,427,459,-1,459,427,426,-1,178,510,179,-1,179,510,511,-1,179,511,289,-1,289,511,512,-1,289,512,287,-1,287,512,513,-1,287,513,189,-1,189,513,514,-1,189,514,191,-1,191,514,515,-1,191,515,207,-1,207,515,246,-1,207,246,211,-1,211,246,245,-1,516,507,517,-1,517,507,508,-1,517,508,518,-1,518,508,509,-1,518,509,519,-1,519,509,458,-1,519,458,520,-1,520,458,451,-1,520,451,521,-1,521,451,441,-1,521,441,522,-1,522,441,365,-1,522,365,523,-1,523,365,363,-1,523,363,524,-1,524,363,525,-1,524,525,72,-1,362,315,363,-1,363,315,313,-1,363,313,525,-1,525,313,526,-1,527,528,526,-1,526,528,529,-1,318,334,313,-1,313,334,239,-1,313,239,526,-1,526,239,257,-1,526,257,527,-1,527,257,530,-1,72,525,70,-1,70,525,526,-1,70,526,83,-1,83,526,529,-1,83,529,21,-1,21,529,531,-1,21,531,257,-1,257,531,532,-1,257,532,530,-1,533,534,535,-1,535,534,527,-1,535,527,536,-1,536,527,530,-1,536,530,537,-1,537,530,538,-1,539,540,541,-1,542,543,17,-1,17,543,539,-1,17,539,258,-1,258,539,541,-1,258,541,257,-1,257,541,544,-1,257,544,21,-1,21,544,542,-1,21,542,17,-1,254,247,249,-1,249,247,248,-1,249,248,258,-1,258,248,545,-1,258,545,17,-1,17,545,31,-1,17,31,15,-1,15,31,32,-1,276,50,269,-1,269,50,36,-1,269,36,546,-1,546,36,34,-1,546,34,547,-1,547,34,29,-1,547,29,548,-1,510,549,511,-1,511,549,550,-1,511,550,512,-1,512,550,551,-1,512,551,513,-1,513,551,552,-1,513,552,514,-1,514,552,553,-1,514,553,515,-1,515,553,554,-1,515,554,246,-1,246,554,555,-1,246,555,248,-1,248,555,556,-1,248,556,545,-1,545,556,557,-1,545,557,31,-1,31,557,558,-1,31,558,29,-1,29,558,559,-1,29,559,548,-1,548,559,560,-1,561,562,563,-1,564,565,566,-1,564,566,567,-1,568,569,570,-1,570,569,571,-1,570,571,563,-1,572,573,574,-1,574,573,575,-1,576,577,578,-1,579,580,581,-1,581,580,582,-1,581,582,583,-1,579,584,580,-1,580,584,585,-1,580,585,586,-1,586,585,587,-1,586,587,588,-1,588,589,586,-1,586,589,590,-1,586,590,591,-1,592,593,567,-1,567,593,594,-1,567,594,595,-1,596,597,598,-1,598,597,599,-1,598,599,600,-1,600,601,598,-1,598,601,561,-1,598,561,566,-1,602,603,604,-1,604,603,605,-1,604,605,577,-1,577,605,606,-1,577,606,578,-1,578,606,607,-1,571,608,563,-1,563,608,574,-1,563,574,561,-1,561,574,575,-1,561,575,566,-1,566,575,586,-1,566,586,567,-1,567,586,591,-1,567,591,592,-1,598,609,596,-1,596,609,576,-1,596,576,610,-1,610,576,578,-1,611,612,613,-1,613,612,614,-1,615,616,617,-1,618,619,620,-1,621,622,623,-1,624,625,626,-1,626,625,627,-1,628,629,630,-1,630,631,628,-1,628,631,632,-1,628,632,633,-1,633,634,628,-1,628,634,635,-1,628,635,626,-1,618,620,636,-1,636,620,637,-1,636,637,638,-1,639,640,641,-1,641,640,642,-1,641,642,627,-1,627,642,643,-1,627,643,626,-1,643,621,626,-1,626,621,614,-1,626,614,628,-1,628,614,644,-1,628,644,617,-1,617,644,645,-1,617,645,615,-1,646,647,648,-1,648,649,646,-1,646,649,650,-1,646,650,651,-1,652,653,654,-1,654,655,652,-1,652,655,656,-1,652,656,637,-1,637,656,657,-1,637,657,638,-1,621,623,614,-1,614,623,658,-1,614,658,613,-1,613,658,646,-1,613,646,652,-1,652,646,651,-1,652,651,653,-1,574,614,572,-1,572,614,612,-1,613,575,611,-1,611,575,573,-1,659,660,661,-1,661,660,662,-1,662,660,663,-1,663,660,664,-1,665,659,666,-1,666,659,661,-1,616,615,667,-1,616,667,668,-1,668,667,669,-1,668,669,670,-1,670,669,671,-1,670,671,672,-1,672,671,673,-1,672,673,674,-1,674,673,675,-1,674,675,676,-1,676,675,677,-1,676,677,678,-1,679,680,681,-1,681,680,682,-1,681,682,683,-1,683,682,684,-1,683,684,685,-1,685,684,686,-1,685,686,687,-1,687,686,688,-1,687,688,689,-1,689,688,690,-1,689,690,568,-1,568,690,569,-1,7,6,691,-1,691,6,692,-1,693,694,695,-1,696,697,698,-1,698,697,699,-1,698,699,700,-1,700,699,701,-1,700,701,702,-1,702,701,703,-1,704,705,706,-1,706,705,707,-1,706,707,708,-1,709,710,711,-1,711,710,712,-1,711,712,713,-1,713,712,714,-1,693,695,692,-1,692,695,715,-1,692,715,691,-1,714,716,713,-1,713,716,717,-1,713,717,718,-1,719,720,693,-1,719,693,721,-1,720,722,693,-1,693,722,723,-1,693,723,694,-1,703,724,702,-1,702,724,725,-1,702,725,706,-1,706,725,726,-1,706,726,704,-1,718,721,713,-1,713,721,693,-1,713,693,727,-1,727,693,708,-1,727,708,728,-1,728,708,707,-1,516,517,696,-1,696,517,518,-1,696,518,519,-1,519,520,696,-1,696,520,521,-1,696,521,697,-1,697,521,522,-1,697,522,523,-1,523,524,697,-1,697,524,72,-1,697,72,76,-1,729,730,731,-1,731,730,732,-1,733,734,735,-1,736,737,738,-1,739,740,741,-1,742,733,743,-1,743,733,735,-1,743,735,677,-1,677,735,678,-1,729,744,745,-1,745,744,746,-1,747,748,740,-1,740,748,749,-1,740,749,750,-1,736,738,751,-1,751,738,752,-1,751,752,753,-1,734,754,735,-1,735,754,755,-1,735,755,756,-1,757,758,744,-1,744,758,759,-1,744,759,746,-1,760,739,761,-1,761,739,762,-1,763,764,765,-1,765,764,766,-1,765,766,750,-1,750,766,767,-1,750,767,740,-1,741,768,739,-1,739,768,769,-1,739,769,736,-1,736,769,770,-1,736,770,771,-1,729,731,744,-1,744,731,772,-1,744,772,739,-1,739,772,773,-1,739,773,762,-1,771,774,736,-1,736,774,775,-1,736,775,737,-1,756,776,735,-1,735,776,777,-1,735,777,744,-1,744,777,778,-1,744,778,757,-1,760,779,739,-1,739,779,780,-1,739,780,740,-1,740,780,781,-1,740,781,747,-1,680,679,782,-1,782,679,783,-1,784,785,786,-1,732,730,787,-1,787,730,788,-1,787,788,789,-1,790,791,783,-1,791,792,783,-1,783,792,793,-1,783,793,782,-1,782,793,794,-1,782,794,795,-1,784,786,796,-1,796,786,797,-1,796,797,798,-1,785,799,786,-1,786,799,800,-1,786,800,801,-1,802,803,804,-1,805,806,807,-1,807,806,808,-1,809,810,811,-1,789,812,787,-1,787,812,813,-1,787,813,814,-1,815,806,811,-1,806,816,808,-1,808,816,802,-1,808,802,817,-1,817,802,804,-1,809,811,818,-1,814,819,787,-1,787,819,820,-1,787,820,783,-1,783,820,821,-1,783,821,790,-1,801,822,786,-1,786,822,823,-1,786,823,811,-1,811,823,824,-1,811,824,815,-1,810,825,811,-1,811,825,826,-1,811,826,787,-1,787,826,827,-1,787,827,732,-1,805,828,806,-1,806,828,829,-1,806,829,811,-1,811,829,830,-1,811,830,818,-1,797,751,798,-1,798,751,753,-1,677,680,743,-1,743,680,782,-1,624,626,578,-1,578,626,610,-1,615,645,569,-1,569,645,571,-1,601,631,561,-1,561,631,630,-1,580,637,582,-1,582,637,620,-1,644,608,645,-1,645,608,571,-1,614,574,644,-1,644,574,608,-1,637,580,652,-1,652,580,586,-1,652,586,613,-1,613,586,575,-1,596,635,597,-1,597,635,634,-1,597,634,599,-1,599,634,633,-1,599,633,600,-1,600,633,632,-1,600,632,601,-1,601,632,631,-1,635,596,626,-1,626,596,610,-1,561,630,831,-1,831,630,832,-1,831,832,833,-1,833,832,834,-1,833,834,835,-1,835,834,836,-1,835,836,837,-1,837,836,838,-1,837,838,839,-1,839,838,840,-1,839,840,786,-1,786,840,736,-1,680,677,682,-1,682,677,675,-1,682,675,684,-1,684,675,673,-1,684,673,686,-1,686,673,671,-1,686,671,688,-1,688,671,669,-1,688,669,690,-1,690,669,667,-1,690,667,569,-1,569,667,615,-1,630,629,841,-1,630,841,832,-1,832,841,842,-1,832,842,834,-1,834,842,843,-1,834,843,836,-1,836,843,844,-1,836,844,838,-1,838,844,845,-1,838,845,840,-1,840,845,739,-1,840,739,736,-1,786,811,839,-1,839,811,846,-1,839,846,837,-1,837,846,847,-1,837,847,835,-1,835,847,848,-1,835,848,833,-1,833,848,849,-1,833,849,831,-1,831,849,850,-1,831,850,561,-1,561,850,562,-1,751,797,736,-1,736,797,786,-1,666,663,665,-1,665,663,664,-1,665,664,851,-1,851,664,852,-1,851,852,853,-1,853,852,854,-1,853,854,855,-1,855,854,856,-1,855,856,857,-1,857,856,858,-1,857,858,859,-1,859,858,860,-1,859,860,583,-1,583,860,619,-1,582,620,861,-1,861,620,862,-1,861,862,863,-1,863,862,864,-1,863,864,865,-1,865,864,866,-1,865,866,867,-1,867,866,868,-1,867,868,869,-1,869,868,870,-1,869,870,659,-1,659,870,660,-1,620,619,860,-1,620,860,862,-1,862,860,858,-1,862,858,864,-1,864,858,856,-1,864,856,866,-1,866,856,854,-1,866,854,868,-1,868,854,852,-1,868,852,870,-1,870,852,664,-1,870,664,660,-1,659,665,869,-1,869,665,851,-1,869,851,867,-1,867,851,853,-1,867,853,865,-1,865,853,855,-1,865,855,863,-1,863,855,857,-1,863,857,861,-1,861,857,859,-1,861,859,582,-1,582,859,583,-1,693,560,871,-1,871,560,872,-1,871,872,873,-1,873,872,874,-1,873,874,875,-1,875,874,876,-1,875,876,877,-1,877,876,878,-1,877,878,879,-1,879,878,880,-1,879,880,578,-1,578,880,624,-1,625,624,880,-1,881,647,646,-1,625,880,646,-1,872,560,559,-1,646,880,881,-1,881,880,878,-1,881,878,882,-1,882,878,876,-1,882,876,883,-1,883,876,874,-1,883,874,884,-1,884,874,872,-1,884,872,885,-1,885,872,559,-1,885,559,558,-1,558,557,885,-1,885,557,556,-1,885,556,555,-1,555,554,885,-1,885,554,553,-1,885,553,552,-1,552,551,885,-1,885,551,550,-1,885,550,549,-1,607,886,887,-1,708,693,888,-1,888,693,871,-1,888,871,889,-1,889,871,873,-1,889,873,890,-1,890,873,875,-1,890,875,891,-1,891,875,877,-1,891,877,887,-1,887,877,879,-1,887,879,607,-1,607,879,578,-1,706,708,892,-1,892,708,888,-1,892,888,893,-1,893,888,889,-1,893,889,894,-1,894,889,890,-1,894,890,895,-1,895,890,891,-1,895,891,896,-1,896,891,887,-1,896,887,897,-1,897,887,886,-1,565,564,898,-1,897,565,896,-1,896,565,898,-1,896,898,895,-1,895,898,899,-1,895,899,894,-1,894,899,900,-1,894,900,893,-1,893,900,901,-1,893,901,892,-1,892,901,902,-1,892,902,706,-1,706,902,702,-1,700,702,903,-1,903,702,902,-1,903,902,904,-1,904,902,901,-1,904,901,905,-1,905,901,900,-1,905,900,906,-1,906,900,899,-1,906,899,907,-1,907,899,898,-1,907,898,567,-1,567,898,564,-1,698,700,908,-1,908,700,903,-1,908,903,909,-1,909,903,904,-1,909,904,910,-1,910,904,905,-1,910,905,911,-1,911,905,906,-1,911,906,912,-1,912,906,907,-1,912,907,595,-1,595,907,567,-1,548,560,693,-1,692,6,282,-1,282,269,692,-1,692,269,546,-1,692,546,693,-1,693,546,547,-1,693,547,548,-1,583,619,581,-1,581,619,618,-1,581,618,579,-1,579,618,636,-1,579,636,584,-1,584,636,638,-1,584,638,585,-1,585,638,657,-1,585,657,587,-1,587,657,656,-1,587,656,588,-1,588,656,655,-1,588,655,589,-1,589,655,654,-1,589,654,590,-1,590,654,653,-1,590,653,591,-1,591,653,651,-1,591,651,592,-1,592,651,650,-1,592,650,593,-1,593,650,649,-1,593,649,594,-1,594,649,648,-1,507,516,696,-1,594,648,595,-1,595,648,647,-1,595,647,912,-1,912,647,881,-1,912,881,911,-1,911,881,882,-1,911,882,910,-1,910,882,883,-1,910,883,909,-1,909,883,884,-1,909,884,908,-1,908,884,885,-1,908,885,698,-1,698,885,549,-1,698,549,510,-1,510,178,698,-1,698,178,177,-1,698,177,696,-1,696,177,502,-1,696,502,507,-1,729,745,730,-1,730,745,788,-1,733,794,734,-1,734,794,793,-1,734,793,754,-1,754,793,792,-1,754,792,755,-1,755,792,791,-1,755,791,756,-1,756,791,790,-1,756,790,776,-1,776,790,821,-1,776,821,777,-1,777,821,820,-1,777,820,778,-1,778,820,819,-1,778,819,757,-1,757,819,814,-1,757,814,758,-1,758,814,813,-1,758,813,759,-1,759,813,812,-1,759,812,746,-1,746,812,789,-1,746,789,745,-1,745,789,788,-1,733,742,794,-1,794,742,795,-1,732,827,731,-1,731,827,772,-1,753,752,798,-1,798,752,796,-1,766,802,767,-1,767,802,816,-1,767,816,740,-1,740,816,806,-1,740,806,741,-1,741,806,815,-1,741,815,768,-1,768,815,824,-1,768,824,769,-1,769,824,823,-1,769,823,770,-1,770,823,822,-1,770,822,771,-1,771,822,801,-1,771,801,774,-1,774,801,800,-1,774,800,775,-1,775,800,799,-1,775,799,737,-1,737,799,785,-1,737,785,738,-1,738,785,784,-1,738,784,752,-1,752,784,796,-1,766,764,802,-1,802,764,803,-1,763,765,804,-1,804,765,817,-1,772,827,773,-1,773,827,826,-1,773,826,762,-1,762,826,825,-1,762,825,761,-1,761,825,810,-1,761,810,760,-1,760,810,809,-1,760,809,779,-1,779,809,818,-1,779,818,780,-1,780,818,830,-1,780,830,781,-1,781,830,829,-1,781,829,747,-1,747,829,828,-1,747,828,748,-1,748,828,805,-1,748,805,749,-1,749,805,807,-1,749,807,750,-1,750,807,808,-1,750,808,765,-1,765,808,817,-1,266,711,58,-1,58,711,713,-1,58,713,59,-1,59,713,727,-1,59,727,60,-1,60,727,728,-1,60,728,61,-1,61,728,707,-1,61,707,67,-1,67,707,705,-1,67,705,68,-1,68,705,704,-1,68,704,69,-1,69,704,726,-1,69,726,62,-1,62,726,725,-1,62,725,63,-1,63,725,724,-1,63,724,64,-1,64,724,703,-1,64,703,65,-1,65,703,701,-1,65,701,80,-1,80,701,699,-1,10,709,11,-1,11,709,711,-1,11,711,266,-1,274,712,275,-1,275,712,710,-1,275,710,264,-1,267,715,268,-1,268,715,695,-1,268,695,270,-1,270,695,694,-1,270,694,271,-1,271,694,723,-1,271,723,278,-1,278,723,722,-1,278,722,279,-1,279,722,720,-1,279,720,276,-1,276,720,719,-1,276,719,277,-1,277,719,721,-1,277,721,280,-1,280,721,718,-1,280,718,281,-1,281,718,717,-1,281,717,272,-1,272,717,716,-1,272,716,273,-1,273,716,714,-1,273,714,274,-1,274,714,712,-1,80,699,78,-1,78,699,697,-1,78,697,76,-1,7,691,8,-1,8,691,715,-1,8,715,267,-1,743,782,913,-1,913,782,914,-1,913,914,915,-1,915,914,916,-1,915,916,917,-1,917,916,918,-1,917,918,919,-1,919,918,920,-1,919,920,921,-1,921,920,922,-1,921,922,923,-1,923,922,924,-1,925,926,927,-1,927,926,928,-1,927,928,929,-1,929,928,930,-1,929,930,931,-1,931,930,932,-1,931,932,933,-1,933,932,934,-1,933,934,935,-1,935,934,936,-1,935,936,742,-1,742,936,795,-1,782,795,936,-1,782,936,914,-1,914,936,934,-1,914,934,916,-1,916,934,932,-1,916,932,918,-1,918,932,930,-1,918,930,920,-1,920,930,928,-1,920,928,922,-1,922,928,926,-1,922,926,924,-1,923,925,921,-1,921,925,927,-1,921,927,919,-1,919,927,929,-1,919,929,917,-1,917,929,931,-1,917,931,915,-1,915,931,933,-1,915,933,913,-1,913,933,935,-1,913,935,743,-1,743,935,742,-1,937,926,938,-1,938,926,925,-1,939,923,940,-1,940,923,924,-1,924,926,940,-1,940,926,937,-1,941,942,943,-1,943,942,944,-1,937,945,942,-1,942,945,946,-1,942,946,944,-1,947,948,940,-1,948,949,940,-1,940,949,950,-1,940,950,951,-1,937,942,940,-1,940,942,952,-1,940,952,947,-1,925,923,938,-1,938,923,939,-1,953,954,955,-1,955,954,956,-1,939,957,954,-1,954,957,958,-1,954,958,956,-1,959,960,938,-1,960,961,938,-1,938,961,962,-1,938,962,963,-1,939,954,938,-1,938,954,964,-1,938,964,959,-1,964,954,942,-1,942,954,952,-1,763,804,965,-1,965,804,966,-1,965,966,967,-1,967,966,968,-1,967,968,969,-1,969,968,970,-1,969,970,971,-1,971,970,972,-1,971,972,973,-1,973,972,974,-1,973,974,975,-1,975,974,976,-1,977,978,979,-1,979,978,980,-1,979,980,981,-1,981,980,982,-1,981,982,983,-1,983,982,984,-1,983,984,985,-1,985,984,986,-1,985,986,987,-1,987,986,988,-1,987,988,764,-1,764,988,803,-1,804,803,988,-1,804,988,966,-1,966,988,986,-1,966,986,968,-1,968,986,984,-1,968,984,970,-1,970,984,982,-1,970,982,972,-1,972,982,980,-1,972,980,974,-1,974,980,978,-1,974,978,976,-1,975,977,973,-1,973,977,979,-1,973,979,971,-1,971,979,981,-1,971,981,969,-1,969,981,983,-1,969,983,967,-1,967,983,985,-1,967,985,965,-1,965,985,987,-1,965,987,763,-1,763,987,764,-1,989,978,990,-1,990,978,977,-1,991,975,992,-1,992,975,976,-1,993,994,976,-1,995,996,992,-1,992,996,997,-1,992,997,998,-1,999,989,1000,-1,1000,989,1001,-1,1000,1001,1002,-1,976,994,992,-1,992,994,1003,-1,992,1003,995,-1,976,978,993,-1,993,978,989,-1,993,989,1004,-1,1004,989,999,-1,977,975,990,-1,990,975,991,-1,1005,1006,1007,-1,1007,1006,1008,-1,991,1009,1006,-1,1006,1009,1010,-1,1006,1010,1008,-1,1011,1012,990,-1,990,1012,1013,-1,990,1013,1014,-1,1014,1013,1015,-1,991,1006,990,-1,990,1006,1016,-1,990,1016,1011,-1,994,993,1006,-1,1006,993,1016,-1,264,710,1017,-1,1017,710,1018,-1,1017,1018,1019,-1,1019,1018,1020,-1,1019,1020,1021,-1,1021,1020,1022,-1,1021,1022,1023,-1,1023,1022,1024,-1,1023,1024,1025,-1,1025,1024,1026,-1,1025,1026,1027,-1,1027,1026,1028,-1,1029,1030,1031,-1,1031,1030,1032,-1,1031,1032,1033,-1,1033,1032,1034,-1,1033,1034,1035,-1,1035,1034,1036,-1,1035,1036,1037,-1,1037,1036,1038,-1,1037,1038,1039,-1,1039,1038,1040,-1,1039,1040,10,-1,10,1040,709,-1,710,709,1040,-1,710,1040,1018,-1,1018,1040,1038,-1,1018,1038,1020,-1,1020,1038,1036,-1,1020,1036,1022,-1,1022,1036,1034,-1,1022,1034,1024,-1,1024,1034,1032,-1,1024,1032,1026,-1,1026,1032,1030,-1,1026,1030,1028,-1,9,264,1017,-1,10,9,1039,-1,1039,9,1017,-1,1039,1017,1037,-1,1037,1017,1019,-1,1037,1019,1035,-1,1035,1019,1021,-1,1035,1021,1033,-1,1033,1021,1023,-1,1033,1023,1031,-1,1031,1023,1025,-1,1031,1025,1029,-1,1029,1025,1027,-1,1041,1027,1042,-1,1042,1027,1028,-1,1043,1030,1044,-1,1044,1030,1029,-1,1028,1030,1042,-1,1042,1030,1043,-1,1045,1046,1043,-1,1043,1046,1047,-1,1043,1047,1048,-1,1049,1050,1042,-1,1042,1050,1051,-1,1042,1051,1052,-1,1052,1051,1053,-1,1048,1054,1043,-1,1043,1054,1055,-1,1043,1055,1042,-1,1042,1055,1056,-1,1042,1056,1049,-1,1057,1058,1029,-1,1029,1058,1044,-1,1044,1058,1059,-1,1044,1059,1060,-1,1061,1041,1062,-1,1062,1041,1063,-1,1062,1063,1064,-1,1060,1065,1044,-1,1044,1065,1066,-1,1044,1066,1067,-1,1029,1027,1057,-1,1057,1027,1041,-1,1057,1041,1068,-1,1068,1041,1061,-1,1058,1057,1055,-1,1055,1057,1056,-1,
        ]
    }
}
Shape{
    appearance Appearance {
        material  Material 	{
            diffuseColor 0.25098039215686274 0.25098039215686274 0.25098039215686274
            specularColor 0.12549019607843137 0.12549019607843137 0.12549019607843137
            ambientIntensity 0.2
            transparency 0
            shininess 0.5
        }
    }
    geometry IndexedFaceSet {
        ccw TRUE
        solid FALSE
        coord DEF co Coordinate {
            point [
                2.7815 -2.0863 0.0, 2.7815 -2.0863 -0.0787, 2.7815 -0.4499 0.0, 2.7815 -0.4499 -0.0787, 1.9046 -0.4499 0.0, 1.9046 -0.4499 -0.0787, 1.9046 -0.9104 0.0, 1.9046 -0.9104 -0.0787, 2.1841 -1.1898 0.0, 2.1841 -1.1898 -0.0787, 2.1841 -2.0863 0.0, 2.1841 -2.0863 -0.0787, 2.066 -2.0863 0.0, 2.066 -2.0863 -0.0787, 2.066 -1.2387 0.0, 2.066 -1.2387 -0.0787, 1.7865 -0.9593 0.0, 1.7865 -0.9593 -0.0787, 1.7865 -0.1867 0.0, 1.7865 -0.1867 -0.0787, 2.8209 -1.937 -0.0787, 2.8209 -2.0863 -0.0787, 2.8209 -2.0863 0.0, 2.8209 -0.9213 -0.0787, 2.8209 -0.1867 0.0, 2.8209 -0.1867 -0.0787, -2.6673 2.6378 0.0, -2.6673 2.6378 -0.0787, -2.6673 1.063 0.0, -2.6673 1.063 -0.0787, -2.8209 2.6378 -0.0787, -2.8209 2.6378 0.0, -2.8219 2.6378 -0.0789, -2.8423 2.6378 -0.0028, -2.8228 2.6378 -0.0793, -2.8622 2.6378 -0.0111, -2.8236 2.6378 -0.0799, -2.8793 2.6378 -0.0242, -2.8243 2.6378 -0.0807, -2.8925 2.6378 -0.0413, -2.8247 2.6378 -0.0817, -2.9007 2.6378 -0.0613, -2.8248 2.6378 -0.0827, -2.9035 2.6378 -0.0827, -2.8248 2.6378 -0.4724, -2.9035 2.6378 -0.4724, -2.8248 1.063 -0.4724, -2.9035 1.063 -0.4724, -2.8248 1.063 -0.0827, -2.9035 1.063 -0.0827, -2.8247 1.063 -0.0817, -2.9007 1.063 -0.0613, -2.8243 1.063 -0.0807, -2.8925 1.063 -0.0413, -2.8236 1.063 -0.0799, -2.8793 1.063 -0.0242, -2.8228 1.063 -0.0793, -2.8622 1.063 -0.0111, -2.8219 1.063 -0.0789, -2.8423 1.063 -0.0028, -2.8209 1.063 -0.0787, -2.8209 1.063 0.0, -2.8209 1.063 0.0
            ]
        }
        coordIndex [
            0,1,2,-1,2,1,3,-1,2,3,4,-1,4,3,5,-1,4,5,6,-1,6,5,7,-1,6,7,8,-1,8,7,9,-1,8,9,10,-1,10,9,11,-1,10,11,12,-1,12,11,13,-1,12,13,14,-1,14,13,15,-1,14,15,16,-1,16,15,17,-1,16,17,18,-1,18,17,19,-1,20,21,22,-1,20,22,23,-1,23,22,24,-1,23,24,25,-1,22,21,0,-1,0,21,1,-1,18,19,24,-1,24,19,25,-1,26,27,28,-1,28,27,29,-1,27,26,30,-1,30,26,31,-1,30,31,32,-1,32,31,33,-1,32,33,34,-1,34,33,35,-1,34,35,36,-1,36,35,37,-1,36,37,38,-1,38,37,39,-1,38,39,40,-1,40,39,41,-1,40,41,42,-1,42,41,43,-1,42,43,44,-1,44,43,45,-1,46,47,48,-1,48,47,49,-1,48,49,50,-1,50,49,51,-1,50,51,52,-1,52,51,53,-1,52,53,54,-1,54,53,55,-1,54,55,56,-1,56,55,57,-1,56,57,58,-1,58,57,59,-1,58,59,60,-1,60,59,61,-1,60,61,29,-1,29,61,28,-1,47,46,45,-1,45,46,44,-1,
        ]
    }
}
Shape{
    appearance Appearance {
        material  Material 	{
            diffuseColor 0.7529411764705882 0.7529411764705882 0.7529411764705882
            specularColor 0.3764705882352941 0.3764705882352941 0.3764705882352941
            ambientIntensity 0.2
            transparency 0
            shininess 0.5
        }
    }
    geometry IndexedFaceSet {
        ccw TRUE
        solid FALSE
        coord DEF co Coordinate {
            point [
                2.5098 2.3622 -0.685, 2.4311 2.3622 -0.685, 2.51 2.3622 -0.6861, 2.4339 2.3622 -0.7064, 2.5104 2.3622 -0.687, 2.4422 2.3622 -0.7264, 2.511 2.3622 -0.6878, 2.4553 2.3622 -0.7435, 2.5118 2.3622 -0.6884, 2.4724 2.3622 -0.7566, 2.5128 2.3622 -0.6888, 2.4924 2.3622 -0.7649, 2.5138 2.3622 -0.689, 2.5138 2.3622 -0.7677, 2.5138 2.7559 -0.689, 2.5138 2.7559 -0.7677, 2.5128 2.7559 -0.6888, 2.4924 2.7559 -0.7649, 2.5118 2.7559 -0.6884, 2.4724 2.7559 -0.7566, 2.511 2.7559 -0.6878, 2.4553 2.7559 -0.7435, 2.5104 2.7559 -0.687, 2.4422 2.7559 -0.7264, 2.51 2.7559 -0.6861, 2.4339 2.7559 -0.7064, 2.5098 2.7559 -0.685, 2.4311 2.7559 -0.685, 2.6378 2.3622 -0.689, 2.6378 2.3622 -0.7677, 2.6378 2.7559 -0.7677, 2.6378 2.7559 -0.689, 2.6772 2.7454 -0.7677, 2.6935 2.7328 -0.7677, 2.706 2.7165 -0.7677, 2.7165 2.6772 -0.7677, 2.7165 2.4409 -0.7677, 2.6582 2.7532 -0.7677, 2.7139 2.6975 -0.7677, 2.706 2.4016 -0.7677, 2.6935 2.3853 -0.7677, 2.6772 2.3728 -0.7677, 2.7139 2.4206 -0.7677, 2.6582 2.3649 -0.7677, 2.6772 2.3728 -0.689, 2.6935 2.3853 -0.689, 2.706 2.4016 -0.689, 2.7165 2.4409 -0.689, 2.7165 2.6772 -0.689, 2.6582 2.3649 -0.689, 2.7139 2.4206 -0.689, 2.706 2.7165 -0.689, 2.6935 2.7328 -0.689, 2.6772 2.7454 -0.689, 2.7139 2.6975 -0.689, 2.6582 2.7532 -0.689, -1.9587 2.752 -0.0787, -1.9587 2.752 0.0, -1.9587 2.753 -0.0789, -1.9587 2.7734 -0.0028, -1.9587 2.7539 -0.0793, -1.9587 2.7933 -0.0111, -1.9587 2.7548 -0.0799, -1.9587 2.8104 -0.0242, -1.9587 2.7554 -0.0807, -1.9587 2.8236 -0.0413, -1.9587 2.7558 -0.0817, -1.9587 2.8318 -0.0613, -1.9587 2.7559 -0.0827, -1.9587 2.8346 -0.0827, 1.1909 2.7559 -0.0827, 1.1909 2.8346 -0.0827, 1.1909 2.7558 -0.0817, 1.1909 2.8318 -0.0613, 1.1909 2.7554 -0.0807, 1.1909 2.8236 -0.0413, 1.1909 2.7548 -0.0799, 1.1909 2.8104 -0.0242, 1.1909 2.7539 -0.0793, 1.1909 2.7933 -0.0111, 1.1909 2.753 -0.0789, 1.1909 2.7734 -0.0028, 1.1909 2.752 -0.0787, 1.1909 2.752 0.0, 1.1909 2.7559 -0.2362, 1.1909 2.8346 -0.2362, -1.9587 2.8346 -0.2362, -1.9587 2.7559 -0.2362, -3.0315 2.3622 -0.7677, -3.0315 2.3622 -0.689, -3.0519 2.3649 -0.689, -3.0519 2.3649 -0.7677, -3.0709 2.3728 -0.689, -3.0709 2.3728 -0.7677, -3.0872 2.3853 -0.689, -3.0872 2.3853 -0.7677, -3.0997 2.4016 -0.689, -3.0997 2.4016 -0.7677, -3.1076 2.4206 -0.689, -3.1076 2.4206 -0.7677, -3.1102 2.4409 -0.689, -3.1102 2.4409 -0.7677, -3.1102 2.6772 -0.7677, -3.1102 2.6772 -0.689, -3.1076 2.6975 -0.689, -3.1076 2.6975 -0.7677, -3.0997 2.7165 -0.689, -3.0997 2.7165 -0.7677, -3.0872 2.7328 -0.689, -3.0872 2.7328 -0.7677, -3.0709 2.7454 -0.689, -3.0709 2.7454 -0.7677, -3.0519 2.7532 -0.689, -3.0519 2.7532 -0.7677, -3.0315 2.7559 -0.689, -3.0315 2.7559 -0.7677, -3.1102 -0.9843 -0.752, -3.1102 -0.9843 -0.6732, -3.1076 -0.9639 -0.6732, -3.1076 -0.9639 -0.752, -3.0997 -0.9449 -0.6732, -3.0997 -0.9449 -0.752, -3.0872 -0.9286 -0.6732, -3.0872 -0.9286 -0.752, -3.0709 -0.9161 -0.6732, -3.0709 -0.9161 -0.752, -3.0519 -0.9082 -0.6732, -3.0519 -0.9082 -0.752, -3.0315 -0.9055 -0.6732, -3.0315 -0.9055 -0.752, -3.0315 -1.5354 -0.752, -3.0315 -1.5354 -0.6732, -3.0519 -1.5327 -0.6732, -3.0519 -1.5327 -0.752, -3.0709 -1.5249 -0.6732, -3.0709 -1.5249 -0.752, -3.0872 -1.5124 -0.6732, -3.0872 -1.5124 -0.752, -3.0997 -1.4961 -0.6732, -3.0997 -1.4961 -0.752, -3.1076 -1.4771 -0.6732, -3.1076 -1.4771 -0.752, -3.1102 -1.4567 -0.6732, -3.1102 -1.4567 -0.752, 3.0315 -0.9055 -0.7677, 3.0315 -0.9055 -0.689, 3.0519 -0.9082 -0.689, 3.0519 -0.9082 -0.7677, 3.0709 -0.9161 -0.689, 3.0709 -0.9161 -0.7677, 3.0872 -0.9286 -0.689, 3.0872 -0.9286 -0.7677, 3.0997 -0.9449 -0.689, 3.0997 -0.9449 -0.7677, 3.1076 -0.9639 -0.689, 3.1076 -0.9639 -0.7677, 3.1102 -0.9843 -0.689, 3.1102 -0.9843 -0.7677, 3.1102 -1.4567 -0.7677, 3.1102 -1.4567 -0.689, 3.1076 -1.4771 -0.689, 3.1076 -1.4771 -0.7677, 3.0997 -1.4961 -0.689, 3.0997 -1.4961 -0.7677, 3.0872 -1.5124 -0.689, 3.0872 -1.5124 -0.7677, 3.0709 -1.5249 -0.689, 3.0709 -1.5249 -0.7677, 3.0519 -1.5327 -0.689, 3.0519 -1.5327 -0.7677, 3.0315 -1.5354 -0.689, 3.0315 -1.5354 -0.7677, 3.0315 -1.5354 -0.7677
            ]
        }
        coordIndex [
            0,1,2,-1,2,1,3,-1,2,3,4,-1,4,3,5,-1,4,5,6,-1,6,5,7,-1,6,7,8,-1,8,7,9,-1,8,9,10,-1,10,9,11,-1,10,11,12,-1,12,11,13,-1,14,15,16,-1,16,15,17,-1,16,17,18,-1,18,17,19,-1,18,19,20,-1,20,19,21,-1,20,21,22,-1,22,21,23,-1,22,23,24,-1,24,23,25,-1,24,25,26,-1,26,25,27,-1,1,27,25,-1,1,25,3,-1,3,25,23,-1,3,23,5,-1,5,23,21,-1,5,21,7,-1,7,21,19,-1,7,19,9,-1,9,19,17,-1,9,17,11,-1,11,17,15,-1,11,15,13,-1,12,14,10,-1,10,14,16,-1,10,16,8,-1,8,16,18,-1,8,18,6,-1,6,18,20,-1,6,20,4,-1,4,20,22,-1,4,22,2,-1,2,22,24,-1,2,24,0,-1,0,24,26,-1,28,12,29,-1,29,12,13,-1,30,15,31,-1,31,15,14,-1,29,13,15,-1,32,33,34,-1,15,30,29,-1,29,30,35,-1,29,35,36,-1,30,37,35,-1,35,37,32,-1,35,32,38,-1,38,32,34,-1,39,40,41,-1,36,42,29,-1,29,42,39,-1,29,39,43,-1,43,39,41,-1,31,14,12,-1,44,45,46,-1,12,28,31,-1,31,28,47,-1,31,47,48,-1,28,49,47,-1,47,49,44,-1,47,44,50,-1,50,44,46,-1,51,52,53,-1,48,54,31,-1,31,54,51,-1,31,51,55,-1,55,51,53,-1,48,47,35,-1,35,47,36,-1,56,57,58,-1,58,57,59,-1,58,59,60,-1,60,59,61,-1,60,61,62,-1,62,61,63,-1,62,63,64,-1,64,63,65,-1,64,65,66,-1,66,65,67,-1,66,67,68,-1,68,67,69,-1,70,71,72,-1,72,71,73,-1,72,73,74,-1,74,73,75,-1,74,75,76,-1,76,75,77,-1,76,77,78,-1,78,77,79,-1,78,79,80,-1,80,79,81,-1,80,81,82,-1,82,81,83,-1,57,83,81,-1,57,81,59,-1,59,81,79,-1,59,79,61,-1,61,79,77,-1,61,77,63,-1,63,77,75,-1,63,75,65,-1,65,75,73,-1,65,73,67,-1,67,73,71,-1,67,71,69,-1,68,70,66,-1,66,70,72,-1,66,72,64,-1,64,72,74,-1,64,74,62,-1,62,74,76,-1,62,76,60,-1,60,76,78,-1,60,78,58,-1,58,78,80,-1,58,80,56,-1,56,80,82,-1,84,85,70,-1,70,85,71,-1,86,87,69,-1,69,87,68,-1,85,86,71,-1,71,86,69,-1,68,87,70,-1,70,87,84,-1,86,85,87,-1,87,85,84,-1,88,89,90,-1,88,90,91,-1,91,90,92,-1,91,92,93,-1,93,92,94,-1,93,94,95,-1,95,94,96,-1,95,96,97,-1,97,96,98,-1,97,98,99,-1,99,98,100,-1,99,100,101,-1,102,103,104,-1,102,104,105,-1,105,104,106,-1,105,106,107,-1,107,106,108,-1,107,108,109,-1,109,108,110,-1,109,110,111,-1,111,110,112,-1,111,112,113,-1,113,112,114,-1,113,114,115,-1,116,117,118,-1,116,118,119,-1,119,118,120,-1,119,120,121,-1,121,120,122,-1,121,122,123,-1,123,122,124,-1,123,124,125,-1,125,124,126,-1,125,126,127,-1,127,126,128,-1,127,128,129,-1,130,131,132,-1,130,132,133,-1,133,132,134,-1,133,134,135,-1,135,134,136,-1,135,136,137,-1,137,136,138,-1,137,138,139,-1,139,138,140,-1,139,140,141,-1,141,140,142,-1,141,142,143,-1,144,145,146,-1,144,146,147,-1,147,146,148,-1,147,148,149,-1,149,148,150,-1,149,150,151,-1,151,150,152,-1,151,152,153,-1,153,152,154,-1,153,154,155,-1,155,154,156,-1,155,156,157,-1,158,159,160,-1,158,160,161,-1,161,160,162,-1,161,162,163,-1,163,162,164,-1,163,164,165,-1,165,164,166,-1,165,166,167,-1,167,166,168,-1,167,168,169,-1,169,168,170,-1,169,170,171,-1,30,31,55,-1,30,55,37,-1,37,55,53,-1,37,53,32,-1,32,53,52,-1,32,52,33,-1,33,52,51,-1,33,51,34,-1,34,51,54,-1,34,54,38,-1,38,54,48,-1,38,48,35,-1,36,47,50,-1,36,50,42,-1,42,50,46,-1,42,46,39,-1,39,46,45,-1,39,45,40,-1,40,45,44,-1,40,44,41,-1,41,44,49,-1,41,49,43,-1,43,49,28,-1,43,28,29,-1,
        ]
    }
}
Shape{
    appearance Appearance {
        material  Material 	{
            diffuseColor 0.0 0.0 0.0
            specularColor 0.0 0.0 0.0
            ambientIntensity 0.2
            transparency 0
            shininess 0.5
        }
    }
    geometry IndexedFaceSet {
        ccw TRUE
        solid FALSE
        coord DEF co Coordinate {
            point [
                2.9036 1.1873 -0.3355, 2.9036 1.1873 -0.3507, 2.9035 1.1873 -0.3355, 2.9035 1.1873 -0.3507, 2.9036 1.1342 -0.3355, 2.9035 1.1342 -0.3355, 2.9036 1.1342 -0.2172, 2.9035 1.1342 -0.2172, 2.9036 1.117 -0.2172, 2.9035 1.117 -0.2172, 2.9036 1.117 -0.3507, 2.9035 1.117 -0.3507, 2.9036 1.2558 -0.3529, 2.9035 1.2558 -0.3529, 2.9035 1.2761 -0.351, 2.9036 1.2761 -0.351, 2.9035 1.2904 -0.3463, 2.9036 1.2904 -0.3463, 2.9035 1.2927 -0.3452, 2.9036 1.2927 -0.3452, 2.9036 1.2927 -0.3287, 2.9035 1.2927 -0.3287, 2.9035 1.2795 -0.3346, 2.9036 1.2795 -0.3346, 2.9035 1.2644 -0.3374, 2.9036 1.2644 -0.3374, 2.9035 1.2582 -0.3376, 2.9036 1.2582 -0.3376, 2.9035 1.2463 -0.3363, 2.9036 1.2463 -0.3363, 2.9035 1.2365 -0.3329, 2.9036 1.2365 -0.3329, 2.9035 1.2276 -0.327, 2.9036 1.2276 -0.327, 2.9035 1.224 -0.3235, 2.9036 1.224 -0.3235, 2.9035 1.2177 -0.315, 2.9036 1.2177 -0.315, 2.9035 1.2133 -0.3043, 2.9036 1.2133 -0.3043, 2.9035 1.2111 -0.2912, 2.9036 1.2111 -0.2912, 2.9035 1.2109 -0.2855, 2.9036 1.2109 -0.2855, 2.9035 1.213 -0.2672, 2.9036 1.213 -0.2672, 2.9035 1.2175 -0.2557, 2.9036 1.2175 -0.2557, 2.9035 1.2239 -0.2464, 2.9036 1.2239 -0.2464, 2.9035 1.2249 -0.2453, 2.9036 1.2249 -0.2453, 2.9035 1.2333 -0.2383, 2.9036 1.2333 -0.2383, 2.9035 1.2437 -0.2332, 2.9036 1.2437 -0.2332, 2.9035 1.2552 -0.2308, 2.9036 1.2552 -0.2308, 2.9035 1.2613 -0.2305, 2.9036 1.2613 -0.2305, 2.9035 1.2777 -0.2325, 2.9036 1.2777 -0.2325, 2.9035 1.2912 -0.2377, 2.9036 1.2912 -0.2377, 2.9035 1.2927 -0.2385, 2.9036 1.2927 -0.2385, 2.9036 1.2927 -0.2204, 2.9035 1.2927 -0.2204, 2.9035 1.2611 -0.215, 2.9036 1.2611 -0.215, 2.9035 1.2754 -0.2161, 2.9036 1.2786 -0.2164, 2.9035 1.2786 -0.2164, 2.9035 1.2518 -0.2161, 2.9036 1.2418 -0.2173, 2.9035 1.2418 -0.2173, 2.9035 1.2279 -0.2227, 2.9036 1.2279 -0.2227, 2.9035 1.2154 -0.2315, 2.9036 1.2154 -0.2315, 2.9035 1.2121 -0.2346, 2.9036 1.2121 -0.2346, 2.9035 1.2024 -0.2473, 2.9036 1.2024 -0.2473, 2.9035 1.1988 -0.2558, 2.9036 1.196 -0.2621, 2.9035 1.196 -0.2621, 2.9035 1.193 -0.2795, 2.9036 1.193 -0.2795, 2.9035 1.1928 -0.2865, 2.9036 1.1928 -0.2865, 2.9035 1.1954 -0.3081, 2.9036 1.1954 -0.3081, 2.9035 1.1988 -0.3168, 2.9036 1.2008 -0.3221, 2.9035 1.2008 -0.3221, 2.9035 1.2088 -0.3335, 2.9036 1.2088 -0.3335, 2.9035 1.2099 -0.3347, 2.9036 1.2099 -0.3347, 2.9035 1.219 -0.3426, 2.9036 1.219 -0.3426, 2.9035 1.2314 -0.3489, 2.9036 1.2314 -0.3489, 2.9035 1.2454 -0.3523, 2.9036 1.2454 -0.3523, 2.9036 1.3912 -0.3355, 2.9036 1.3912 -0.3507, 2.9035 1.3912 -0.3355, 2.9035 1.3912 -0.3507, 2.9035 1.3366 -0.3355, 2.9036 1.3366 -0.3355, 2.9035 1.3727 -0.3355, 2.9036 1.3366 -0.2906, 2.9035 1.3366 -0.2906, 2.9035 1.3844 -0.2906, 2.9036 1.3844 -0.2906, 2.9035 1.3727 -0.2906, 2.9036 1.3844 -0.2753, 2.9035 1.3844 -0.2753, 2.9035 1.3366 -0.2753, 2.9036 1.3366 -0.2753, 2.9035 1.3727 -0.2753, 2.9036 1.3366 -0.2326, 2.9035 1.3366 -0.2326, 2.9035 1.3882 -0.2326, 2.9036 1.3882 -0.2326, 2.9035 1.3727 -0.2326, 2.9036 1.3882 -0.2172, 2.9035 1.3882 -0.2172, 2.9035 1.3194 -0.2172, 2.9036 1.3194 -0.2172, 2.9035 1.3727 -0.2172, 2.9036 1.3194 -0.3507, 2.9035 1.3194 -0.3507, 2.9035 1.3727 -0.3507, 2.9036 1.5049 -0.332, 2.9036 1.4911 -0.323, 2.9036 1.4909 -0.342, 2.9036 1.4825 -0.329, 2.9036 1.4757 -0.3479, 2.9036 1.4714 -0.3333, 2.9036 1.4531 -0.3507, 2.9036 1.453 -0.3355, 2.9036 1.4164 -0.3507, 2.9036 1.4336 -0.3355, 2.9036 1.4164 -0.2172, 2.9036 1.4336 -0.2326, 2.9036 1.4545 -0.2172, 2.9036 1.4538 -0.2326, 2.9036 1.4547 -0.2326, 2.9036 1.4748 -0.2195, 2.9036 1.4719 -0.2347, 2.9036 1.4909 -0.2254, 2.9036 1.4833 -0.2391, 2.9036 1.5049 -0.2349, 2.9036 1.4923 -0.2451, 2.9036 1.5097 -0.2395, 2.9036 1.4961 -0.2489, 2.9036 1.5179 -0.2512, 2.9036 1.5012 -0.2563, 2.9036 1.5228 -0.2639, 2.9036 1.505 -0.2661, 2.9036 1.525 -0.2823, 2.9036 1.5069 -0.2827, 2.9036 1.5246 -0.2908, 2.9036 1.5064 -0.2915, 2.9036 1.5214 -0.3064, 2.9036 1.5038 -0.3037, 2.9036 1.5148 -0.3202, 2.9036 1.4992 -0.3136, 2.9036 1.4927 -0.3216, 2.9035 1.4531 -0.3507, 2.9035 1.4164 -0.3507, 2.9035 1.5049 -0.332, 2.9035 1.4757 -0.3479, 2.9035 1.4775 -0.3472, 2.9035 1.4909 -0.342, 2.9035 1.5148 -0.3202, 2.9035 1.5214 -0.3064, 2.9035 1.5246 -0.2908, 2.9035 1.525 -0.2823, 2.9035 1.5228 -0.2639, 2.9035 1.5179 -0.2512, 2.9035 1.5097 -0.2395, 2.9035 1.5049 -0.2349, 2.9035 1.4545 -0.2172, 2.9035 1.4909 -0.2254, 2.9035 1.4775 -0.2205, 2.9035 1.4748 -0.2195, 2.9035 1.4164 -0.2172, 2.9035 1.4538 -0.2326, 2.9035 1.4336 -0.2326, 2.9035 1.4336 -0.3355, 2.9035 1.453 -0.3355, 2.9035 1.4927 -0.3216, 2.9035 1.4911 -0.323, 2.9035 1.4825 -0.329, 2.9035 1.4714 -0.3333, 2.9035 1.5069 -0.2827, 2.9035 1.5064 -0.2915, 2.9035 1.5038 -0.3037, 2.9035 1.4992 -0.3136, 2.9035 1.4923 -0.2451, 2.9035 1.4961 -0.2489, 2.9035 1.5012 -0.2563, 2.9035 1.505 -0.2661, 2.9035 1.4547 -0.2326, 2.9035 1.4719 -0.2347, 2.9035 1.4833 -0.2391, 2.9035 1.4833 -0.2391
            ]
        }
        coordIndex [
            0,1,2,-1,2,1,3,-1,4,0,5,-1,5,0,2,-1,6,4,7,-1,7,4,5,-1,8,6,9,-1,9,6,7,-1,10,8,11,-1,11,8,9,-1,1,10,3,-1,3,10,11,-1,6,8,4,-1,4,8,10,-1,4,10,0,-1,0,10,1,-1,12,13,14,-1,12,14,15,-1,15,14,16,-1,15,16,17,-1,17,16,18,-1,17,18,19,-1,20,19,21,-1,21,19,18,-1,20,21,22,-1,20,22,23,-1,23,22,24,-1,23,24,25,-1,25,24,26,-1,25,26,27,-1,27,26,28,-1,27,28,29,-1,29,28,30,-1,29,30,31,-1,31,30,32,-1,31,32,33,-1,33,32,34,-1,33,34,35,-1,35,34,36,-1,35,36,37,-1,37,36,38,-1,37,38,39,-1,39,38,40,-1,39,40,41,-1,41,40,42,-1,41,42,43,-1,43,42,44,-1,43,44,45,-1,45,44,46,-1,45,46,47,-1,47,46,48,-1,47,48,49,-1,49,48,50,-1,49,50,51,-1,51,50,52,-1,51,52,53,-1,53,52,54,-1,53,54,55,-1,55,54,56,-1,55,56,57,-1,57,56,58,-1,57,58,59,-1,59,58,60,-1,59,60,61,-1,61,60,62,-1,61,62,63,-1,63,62,64,-1,63,64,65,-1,66,65,67,-1,67,65,64,-1,68,69,70,-1,70,69,71,-1,70,71,72,-1,72,71,66,-1,72,66,67,-1,69,68,73,-1,69,73,74,-1,73,75,74,-1,74,75,76,-1,74,76,77,-1,77,76,78,-1,77,78,79,-1,79,78,80,-1,79,80,81,-1,81,80,82,-1,81,82,83,-1,83,82,84,-1,83,84,85,-1,84,86,85,-1,85,86,87,-1,85,87,88,-1,88,87,89,-1,88,89,90,-1,90,89,91,-1,90,91,92,-1,92,91,93,-1,92,93,94,-1,93,95,94,-1,94,95,96,-1,94,96,97,-1,97,96,98,-1,97,98,99,-1,99,98,100,-1,99,100,101,-1,101,100,102,-1,101,102,103,-1,103,102,104,-1,103,104,105,-1,105,104,13,-1,105,13,12,-1,81,51,79,-1,79,51,53,-1,79,53,77,-1,90,43,88,-1,88,43,45,-1,88,45,85,-1,85,45,83,-1,83,45,47,-1,83,47,81,-1,81,47,49,-1,81,49,51,-1,77,53,74,-1,74,53,55,-1,74,55,69,-1,19,20,17,-1,17,20,23,-1,17,23,15,-1,15,23,25,-1,15,25,12,-1,12,25,27,-1,12,27,105,-1,105,27,29,-1,105,29,103,-1,103,29,31,-1,103,31,101,-1,101,31,33,-1,101,33,99,-1,99,33,35,-1,99,35,97,-1,97,35,37,-1,97,37,94,-1,94,37,92,-1,92,37,39,-1,92,39,90,-1,90,39,41,-1,90,41,43,-1,55,57,69,-1,69,57,59,-1,69,59,71,-1,71,59,61,-1,71,61,66,-1,66,61,63,-1,66,63,65,-1,106,107,108,-1,108,107,109,-1,110,111,112,-1,112,111,106,-1,112,106,108,-1,113,111,114,-1,114,111,110,-1,115,116,117,-1,117,116,113,-1,117,113,114,-1,118,116,119,-1,119,116,115,-1,120,121,122,-1,122,121,118,-1,122,118,119,-1,123,121,124,-1,124,121,120,-1,125,126,127,-1,127,126,123,-1,127,123,124,-1,128,126,129,-1,129,126,125,-1,130,131,132,-1,132,131,128,-1,132,128,129,-1,133,131,134,-1,134,131,130,-1,109,107,135,-1,135,107,133,-1,135,133,134,-1,133,107,106,-1,106,111,133,-1,133,111,113,-1,133,113,131,-1,126,128,123,-1,123,128,131,-1,123,131,121,-1,121,131,113,-1,121,113,118,-1,118,113,116,-1,136,137,138,-1,138,137,139,-1,138,139,140,-1,140,139,141,-1,140,141,142,-1,142,141,143,-1,142,143,144,-1,144,143,145,-1,144,145,146,-1,146,145,147,-1,146,147,148,-1,147,149,148,-1,148,149,150,-1,148,150,151,-1,151,150,152,-1,151,152,153,-1,153,152,154,-1,153,154,155,-1,155,154,156,-1,155,156,157,-1,157,156,158,-1,157,158,159,-1,159,158,160,-1,159,160,161,-1,161,160,162,-1,161,162,163,-1,163,162,164,-1,163,164,165,-1,165,164,166,-1,165,166,167,-1,167,166,168,-1,167,168,169,-1,169,168,170,-1,169,170,136,-1,136,170,171,-1,136,171,137,-1,142,144,172,-1,172,144,173,-1,174,136,138,-1,142,172,175,-1,142,175,140,-1,140,175,176,-1,140,176,138,-1,138,176,177,-1,138,177,174,-1,136,174,178,-1,136,178,169,-1,169,178,179,-1,169,179,167,-1,167,179,180,-1,167,180,165,-1,165,180,181,-1,165,181,163,-1,163,181,182,-1,163,182,161,-1,161,182,183,-1,161,183,159,-1,159,183,184,-1,159,184,157,-1,157,184,185,-1,157,185,155,-1,186,148,151,-1,155,185,187,-1,155,187,153,-1,153,187,188,-1,153,188,151,-1,151,188,189,-1,151,189,186,-1,146,148,190,-1,190,148,186,-1,144,146,173,-1,173,146,190,-1,149,147,191,-1,191,147,192,-1,147,145,192,-1,192,145,193,-1,145,143,193,-1,193,143,194,-1,171,195,196,-1,171,196,137,-1,137,196,197,-1,137,197,139,-1,139,197,198,-1,139,198,141,-1,141,198,194,-1,141,194,143,-1,164,199,200,-1,164,200,166,-1,166,200,201,-1,166,201,168,-1,168,201,202,-1,168,202,170,-1,170,202,195,-1,170,195,171,-1,156,203,204,-1,156,204,158,-1,158,204,205,-1,158,205,160,-1,160,205,206,-1,160,206,162,-1,162,206,199,-1,162,199,164,-1,149,191,207,-1,149,207,150,-1,150,207,208,-1,150,208,152,-1,152,208,209,-1,152,209,154,-1,154,209,203,-1,154,203,156,-1,
        ]
    }
}
Shape{
    appearance Appearance {
        material  Material 	{
            diffuseColor 0.7529411764705882 0.7529411764705882 0.7529411764705882
            specularColor 0.3764705882352941 0.3764705882352941 0.3764705882352941
            ambientIntensity 0.2
            transparency 0
            shininess 0.5
        }
    }
    geometry IndexedFaceSet {
        ccw TRUE
        solid FALSE
        coord DEF co Coordinate {
            point [
                2.9035 1.4825 -0.329, 2.9035 1.4911 -0.323, 2.9035 1.4547 -0.2326, 2.9035 1.4336 -0.2326, 2.9035 1.4336 -0.3355, 2.9035 1.4538 -0.2326, 2.9035 1.453 -0.3355, 2.9035 1.4714 -0.3333, 2.9035 1.4927 -0.3216, 2.9035 1.4992 -0.3136, 2.9035 1.5038 -0.3037, 2.9035 1.5069 -0.2827, 2.9035 1.4923 -0.2451, 2.9035 1.4833 -0.2391, 2.9035 1.505 -0.2661, 2.9035 1.5012 -0.2563, 2.9035 1.4961 -0.2489, 2.9035 1.5064 -0.2915, 2.9035 1.4719 -0.2347, 2.9035 1.4719 -0.2347
            ]
        }
        coordIndex [
            0,1,2,-1,3,4,5,-1,5,4,6,-1,5,6,2,-1,2,6,7,-1,2,7,0,-1,1,8,2,-1,2,8,9,-1,2,9,10,-1,11,12,13,-1,14,15,11,-1,11,15,16,-1,11,16,12,-1,10,17,2,-1,2,17,11,-1,2,11,18,-1,18,11,13,-1,
        ]
    }
}
Shape{
    appearance Appearance {
        material  Material 	{
            diffuseColor 0.0 0.0 0.0
            specularColor 0.0 0.0 0.0
            ambientIntensity 0.2
            transparency 0
            shininess 0.5
        }
    }
    geometry IndexedFaceSet {
        ccw TRUE
        solid FALSE
        coord DEF co Coordinate {
            point [
                2.9036 1.5698 -0.2991, 2.9036 1.5643 -0.3142, 2.9036 1.6146 -0.2991, 2.9036 1.6199 -0.3142, 2.9036 1.5897 -0.2436, 2.9036 1.5833 -0.2172, 2.9036 1.5324 -0.3507, 2.9036 1.5515 -0.3507, 2.9036 1.5909 -0.2397, 2.9036 1.5919 -0.2343, 2.9036 1.6017 -0.2172, 2.9036 1.5923 -0.2343, 2.9036 1.5934 -0.2399, 2.9036 1.5944 -0.2436, 2.9036 1.6525 -0.3507, 2.9036 1.6335 -0.3507, 2.9035 1.6017 -0.2172, 2.9035 1.6525 -0.3507, 2.9035 1.5833 -0.2172, 2.9035 1.5324 -0.3507, 2.9035 1.5709 -0.2497, 2.9035 1.5515 -0.3507, 2.9035 1.5643 -0.3142, 2.9035 1.6199 -0.3142, 2.9035 1.5709 -0.3142, 2.9035 1.6335 -0.3507, 2.9035 1.5698 -0.2991, 2.9035 1.6146 -0.2991, 2.9035 1.5944 -0.2436, 2.9035 1.5923 -0.2343, 2.9035 1.5934 -0.2399, 2.9035 1.5919 -0.2343, 2.9035 1.5897 -0.2436, 2.9035 1.5909 -0.2397, 2.9035 1.5909 -0.2397
            ]
        }
        coordIndex [
            0,1,2,-1,2,1,3,-1,4,5,0,-1,0,5,6,-1,0,6,1,-1,1,6,7,-1,4,8,5,-1,5,8,9,-1,5,9,10,-1,10,9,11,-1,10,11,12,-1,12,13,10,-1,10,13,2,-1,10,2,14,-1,14,2,3,-1,14,3,15,-1,10,14,16,-1,16,14,17,-1,5,10,18,-1,18,10,16,-1,19,6,20,-1,20,6,5,-1,20,5,18,-1,7,6,21,-1,21,6,19,-1,1,7,22,-1,22,7,21,-1,23,3,24,-1,24,3,1,-1,24,1,22,-1,15,3,25,-1,25,3,23,-1,14,15,17,-1,17,15,25,-1,0,2,26,-1,26,2,27,-1,2,13,27,-1,27,13,28,-1,11,29,30,-1,11,30,12,-1,12,30,28,-1,12,28,13,-1,11,9,29,-1,29,9,31,-1,4,32,33,-1,4,33,8,-1,8,33,31,-1,8,31,9,-1,4,0,32,-1,32,0,26,-1,
        ]
    }
}
Shape{
    appearance Appearance {
        material  Material 	{
            diffuseColor 0.7529411764705882 0.7529411764705882 0.7529411764705882
            specularColor 0.3764705882352941 0.3764705882352941 0.3764705882352941
            ambientIntensity 0.2
            transparency 0
            shininess 0.5
        }
    }
    geometry IndexedFaceSet {
        ccw TRUE
        solid FALSE
        coord DEF co Coordinate {
            point [
                2.9035 1.5923 -0.2343, 2.9035 1.5919 -0.2343, 2.9035 1.5934 -0.2399, 2.9035 1.5909 -0.2397, 2.9035 1.5944 -0.2436, 2.9035 1.5897 -0.2436, 2.9035 1.6146 -0.2991, 2.9035 1.5698 -0.2991, 2.9035 1.5698 -0.2991
            ]
        }
        coordIndex [
            0,1,2,-1,2,1,3,-1,2,3,4,-1,4,3,5,-1,4,5,6,-1,6,5,7,-1,
        ]
    }
}
Shape{
    appearance Appearance {
        material  Material 	{
            diffuseColor 0.0 0.0 0.0
            specularColor 0.0 0.0 0.0
            ambientIntensity 0.2
            transparency 0
            shininess 0.5
        }
    }
    geometry IndexedFaceSet {
        ccw TRUE
        solid FALSE
        coord DEF co Coordinate {
            point [
                2.9036 1.1887 -0.5472, 2.9036 1.1887 -0.5624, 2.9035 1.1887 -0.5472, 2.9035 1.1887 -0.5624, 2.9036 1.1342 -0.5472, 2.9035 1.1342 -0.5472, 2.9036 1.1342 -0.5023, 2.9035 1.1342 -0.5023, 2.9036 1.1819 -0.5023, 2.9035 1.1819 -0.5023, 2.9036 1.1819 -0.487, 2.9035 1.1819 -0.487, 2.9036 1.1342 -0.487, 2.9035 1.1342 -0.487, 2.9036 1.1342 -0.4443, 2.9035 1.1342 -0.4443, 2.9036 1.1857 -0.4443, 2.9035 1.1857 -0.4443, 2.9036 1.1857 -0.4289, 2.9035 1.1857 -0.4289, 2.9036 1.117 -0.4289, 2.9035 1.117 -0.4289, 2.9036 1.117 -0.5624, 2.9035 1.117 -0.5624, 2.9036 1.2642 -0.5477, 2.9036 1.2646 -0.5477, 2.9036 1.2635 -0.5323, 2.9036 1.2646 -0.5248, 2.9036 1.2813 -0.5011, 2.9036 1.2646 -0.5237, 2.9036 1.2646 -0.5146, 2.9036 1.2646 -0.5624, 2.9036 1.2813 -0.5624, 2.9036 1.2218 -0.5329, 2.9036 1.2226 -0.529, 2.9036 1.2082 -0.5216, 2.9036 1.2611 -0.5382, 2.9036 1.2574 -0.5432, 2.9036 1.2615 -0.5517, 2.9036 1.2553 -0.5452, 2.9036 1.2562 -0.5574, 2.9036 1.2506 -0.5484, 2.9036 1.2504 -0.5612, 2.9036 1.2455 -0.5502, 2.9036 1.2436 -0.5637, 2.9036 1.2393 -0.5509, 2.9036 1.2349 -0.5646, 2.9036 1.2336 -0.5503, 2.9036 1.225 -0.5635, 2.9036 1.2299 -0.5489, 2.9036 1.2185 -0.5611, 2.9036 1.2265 -0.5466, 2.9036 1.2129 -0.5571, 2.9036 1.2251 -0.5452, 2.9036 1.2116 -0.5168, 2.9036 1.2241 -0.5259, 2.9036 1.2168 -0.5124, 2.9036 1.2261 -0.5234, 2.9036 1.224 -0.5088, 2.9036 1.2282 -0.5218, 2.9036 1.232 -0.52, 2.9036 1.2363 -0.5058, 2.9036 1.2423 -0.5176, 2.9036 1.2646 -0.5018, 2.9036 1.2059 -0.5274, 2.9036 1.2048 -0.5346, 2.9036 1.2217 -0.5355, 2.9036 1.2047 -0.5369, 2.9036 1.2221 -0.5393, 2.9036 1.2056 -0.5445, 2.9036 1.2232 -0.5424, 2.9036 1.2076 -0.5501, 2.9036 1.2111 -0.5553, 2.9036 1.214 -0.4738, 2.9036 1.214 -0.49, 2.9036 1.2175 -0.4717, 2.9036 1.2241 -0.4834, 2.9036 1.23 -0.4669, 2.9036 1.2346 -0.4797, 2.9036 1.2469 -0.4649, 2.9036 1.2453 -0.4785, 2.9036 1.257 -0.4658, 2.9036 1.2509 -0.4791, 2.9036 1.264 -0.468, 2.9036 1.2548 -0.4804, 2.9036 1.2696 -0.4712, 2.9036 1.2578 -0.4823, 2.9036 1.274 -0.4754, 2.9036 1.2603 -0.485, 2.9036 1.2774 -0.4808, 2.9036 1.2623 -0.4885, 2.9036 1.28 -0.4885, 2.9036 1.264 -0.4944, 2.9035 1.2469 -0.4649, 2.9035 1.23 -0.4669, 2.9035 1.2175 -0.4717, 2.9035 1.214 -0.4738, 2.9035 1.214 -0.49, 2.9035 1.2241 -0.4834, 2.9035 1.2346 -0.4797, 2.9035 1.2453 -0.4785, 2.9035 1.2509 -0.4791, 2.9035 1.2548 -0.4804, 2.9035 1.2578 -0.4823, 2.9035 1.2603 -0.485, 2.9035 1.2623 -0.4885, 2.9035 1.264 -0.4944, 2.9035 1.2646 -0.5018, 2.9035 1.2363 -0.5058, 2.9035 1.224 -0.5088, 2.9035 1.2168 -0.5124, 2.9035 1.2116 -0.5168, 2.9035 1.2082 -0.5216, 2.9035 1.2059 -0.5274, 2.9035 1.2048 -0.5346, 2.9035 1.2047 -0.5369, 2.9035 1.2056 -0.5445, 2.9035 1.2076 -0.5501, 2.9035 1.2111 -0.5553, 2.9035 1.2129 -0.5571, 2.9035 1.2349 -0.5646, 2.9035 1.2253 -0.5635, 2.9035 1.225 -0.5635, 2.9035 1.2185 -0.5611, 2.9035 1.2436 -0.5637, 2.9035 1.2441 -0.5635, 2.9035 1.2504 -0.5612, 2.9035 1.2562 -0.5574, 2.9035 1.2615 -0.5517, 2.9035 1.2642 -0.5477, 2.9035 1.2646 -0.5477, 2.9035 1.2646 -0.5624, 2.9035 1.2813 -0.5624, 2.9035 1.2813 -0.5011, 2.9035 1.28 -0.4885, 2.9035 1.2774 -0.4808, 2.9035 1.274 -0.4754, 2.9035 1.2696 -0.4712, 2.9035 1.264 -0.468, 2.9035 1.257 -0.4658, 2.9035 1.2261 -0.5234, 2.9035 1.2282 -0.5218, 2.9035 1.232 -0.52, 2.9035 1.2423 -0.5176, 2.9035 1.2217 -0.5355, 2.9035 1.2218 -0.5329, 2.9035 1.2226 -0.529, 2.9035 1.2241 -0.5259, 2.9035 1.2265 -0.5466, 2.9035 1.2251 -0.5452, 2.9035 1.2232 -0.5424, 2.9035 1.2221 -0.5393, 2.9035 1.2393 -0.5509, 2.9035 1.2336 -0.5503, 2.9035 1.2299 -0.5489, 2.9035 1.2574 -0.5432, 2.9035 1.2553 -0.5452, 2.9035 1.2506 -0.5484, 2.9035 1.2455 -0.5502, 2.9035 1.2646 -0.5237, 2.9035 1.2646 -0.5248, 2.9035 1.2635 -0.5323, 2.9035 1.2611 -0.5382, 2.9035 1.2646 -0.5146, 2.9035 1.2646 -0.5146
            ]
        }
        coordIndex [
            0,1,2,-1,2,1,3,-1,4,0,5,-1,5,0,2,-1,6,4,7,-1,7,4,5,-1,8,6,9,-1,9,6,7,-1,10,8,11,-1,11,8,9,-1,12,10,13,-1,13,10,11,-1,14,12,15,-1,15,12,13,-1,16,14,17,-1,17,14,15,-1,18,16,19,-1,19,16,17,-1,20,18,21,-1,21,18,19,-1,22,20,23,-1,23,20,21,-1,1,22,3,-1,3,22,23,-1,22,1,0,-1,0,4,22,-1,22,4,6,-1,22,6,20,-1,16,18,14,-1,14,18,20,-1,14,20,12,-1,12,20,6,-1,12,6,10,-1,10,6,8,-1,24,25,26,-1,27,28,29,-1,29,28,30,-1,31,32,25,-1,25,32,28,-1,25,28,26,-1,26,28,27,-1,33,34,35,-1,26,36,24,-1,24,36,37,-1,24,37,38,-1,38,37,39,-1,38,39,40,-1,40,39,41,-1,40,41,42,-1,42,41,43,-1,42,43,44,-1,44,43,45,-1,44,45,46,-1,46,45,47,-1,46,47,48,-1,48,47,49,-1,48,49,50,-1,50,49,51,-1,50,51,52,-1,52,51,53,-1,35,34,54,-1,54,34,55,-1,54,55,56,-1,56,55,57,-1,56,57,58,-1,57,59,58,-1,58,59,60,-1,58,60,61,-1,61,60,62,-1,61,62,63,-1,35,64,33,-1,33,64,65,-1,33,65,66,-1,66,65,67,-1,66,67,68,-1,68,67,69,-1,68,69,70,-1,70,69,71,-1,70,71,53,-1,53,71,72,-1,53,72,52,-1,73,74,75,-1,75,74,76,-1,75,76,77,-1,77,76,78,-1,77,78,79,-1,79,78,80,-1,79,80,81,-1,81,80,82,-1,81,82,83,-1,83,82,84,-1,83,84,85,-1,85,84,86,-1,85,86,87,-1,87,86,88,-1,87,88,89,-1,89,88,90,-1,89,90,91,-1,91,90,92,-1,91,92,28,-1,28,92,63,-1,28,63,30,-1,30,63,62,-1,79,93,94,-1,79,94,77,-1,77,94,95,-1,77,95,75,-1,75,95,96,-1,75,96,73,-1,74,73,97,-1,97,73,96,-1,74,97,98,-1,74,98,76,-1,76,98,99,-1,76,99,78,-1,78,99,100,-1,78,100,80,-1,80,100,101,-1,80,101,82,-1,82,101,102,-1,82,102,84,-1,84,102,103,-1,84,103,86,-1,86,103,104,-1,86,104,88,-1,88,104,105,-1,88,105,90,-1,90,105,106,-1,90,106,92,-1,92,106,107,-1,92,107,63,-1,61,63,108,-1,108,63,107,-1,61,108,109,-1,61,109,58,-1,58,109,110,-1,58,110,56,-1,56,110,111,-1,56,111,54,-1,54,111,112,-1,54,112,35,-1,35,112,113,-1,35,113,64,-1,64,113,114,-1,64,114,65,-1,65,114,115,-1,65,115,67,-1,67,115,116,-1,67,116,69,-1,69,116,117,-1,69,117,71,-1,71,117,118,-1,71,118,72,-1,72,118,119,-1,72,119,52,-1,120,46,121,-1,121,46,48,-1,121,48,122,-1,122,48,50,-1,122,50,123,-1,123,50,52,-1,123,52,119,-1,46,120,124,-1,46,124,44,-1,44,124,125,-1,44,125,42,-1,125,126,42,-1,42,126,127,-1,42,127,40,-1,40,127,128,-1,40,128,38,-1,38,128,129,-1,38,129,24,-1,25,24,130,-1,130,24,129,-1,31,25,131,-1,131,25,130,-1,32,31,132,-1,132,31,131,-1,28,32,133,-1,133,32,132,-1,28,133,134,-1,28,134,91,-1,91,134,135,-1,91,135,89,-1,89,135,136,-1,89,136,87,-1,87,136,137,-1,87,137,85,-1,85,137,138,-1,85,138,83,-1,83,138,139,-1,83,139,81,-1,81,139,93,-1,81,93,79,-1,57,140,141,-1,57,141,59,-1,59,141,142,-1,59,142,60,-1,60,142,143,-1,60,143,62,-1,66,144,145,-1,66,145,33,-1,33,145,146,-1,33,146,34,-1,34,146,147,-1,34,147,55,-1,55,147,140,-1,55,140,57,-1,51,148,149,-1,51,149,53,-1,53,149,150,-1,53,150,70,-1,70,150,151,-1,70,151,68,-1,68,151,144,-1,68,144,66,-1,45,152,153,-1,45,153,47,-1,47,153,154,-1,47,154,49,-1,49,154,148,-1,49,148,51,-1,37,155,156,-1,37,156,39,-1,39,156,157,-1,39,157,41,-1,41,157,158,-1,41,158,43,-1,43,158,152,-1,43,152,45,-1,29,159,160,-1,29,160,27,-1,27,160,161,-1,27,161,26,-1,26,161,162,-1,26,162,36,-1,36,162,155,-1,36,155,37,-1,29,30,159,-1,159,30,163,-1,30,62,163,-1,163,62,143,-1,
        ]
    }
}
Shape{
    appearance Appearance {
        material  Material 	{
            diffuseColor 0.7529411764705882 0.7529411764705882 0.7529411764705882
            specularColor 0.3764705882352941 0.3764705882352941 0.3764705882352941
            ambientIntensity 0.2
            transparency 0
            shininess 0.5
        }
    }
    geometry IndexedFaceSet {
        ccw TRUE
        solid FALSE
        coord DEF co Coordinate {
            point [
                2.9035 1.2646 -0.5248, 2.9035 1.2646 -0.5237, 2.9035 1.2261 -0.5234, 2.9035 1.2646 -0.5146, 2.9035 1.2423 -0.5176, 2.9035 1.232 -0.52, 2.9035 1.2282 -0.5218, 2.9035 1.2635 -0.5323, 2.9035 1.2241 -0.5259, 2.9035 1.2611 -0.5382, 2.9035 1.2251 -0.5452, 2.9035 1.2265 -0.5466, 2.9035 1.2553 -0.5452, 2.9035 1.2232 -0.5424, 2.9035 1.2506 -0.5484, 2.9035 1.2455 -0.5502, 2.9035 1.2393 -0.5509, 2.9035 1.2226 -0.529, 2.9035 1.2218 -0.5329, 2.9035 1.2574 -0.5432, 2.9035 1.2217 -0.5355, 2.9035 1.2221 -0.5393, 2.9035 1.2299 -0.5489, 2.9035 1.2336 -0.5503, 2.9035 1.2336 -0.5503
            ]
        }
        coordIndex [
            0,1,2,-1,1,3,4,-1,4,5,1,-1,1,5,6,-1,1,6,2,-1,0,2,7,-1,7,2,8,-1,7,8,9,-1,10,11,12,-1,10,12,13,-1,14,12,15,-1,15,12,16,-1,8,17,9,-1,9,17,18,-1,9,18,19,-1,19,18,20,-1,19,20,12,-1,12,20,21,-1,12,21,13,-1,11,22,12,-1,12,22,23,-1,12,23,16,-1,
        ]
    }
}
Shape{
    appearance Appearance {
        material  Material 	{
            diffuseColor 0.0 0.0 0.0
            specularColor 0.0 0.0 0.0
            ambientIntensity 0.2
            transparency 0
            shininess 0.5
        }
    }
    geometry IndexedFaceSet {
        ccw TRUE
        solid FALSE
        coord DEF co Coordinate {
            point [
                2.9035 1.304 -0.5418, 2.9036 1.304 -0.5418, 2.9036 1.3104 -0.5458, 2.9036 1.3315 -0.551, 2.9035 1.3315 -0.551, 2.9035 1.3209 -0.5498, 2.9036 1.3209 -0.5498, 2.9035 1.3117 -0.5463, 2.9035 1.3104 -0.5458, 2.9036 1.304 -0.559, 2.9035 1.304 -0.559, 2.9036 1.3144 -0.5629, 2.9035 1.3117 -0.5619, 2.9035 1.3298 -0.5646, 2.9036 1.3298 -0.5646, 2.9035 1.32 -0.5635, 2.9035 1.3144 -0.5629, 2.9036 1.3427 -0.5634, 2.9035 1.3412 -0.5635, 2.9035 1.3427 -0.5634, 2.9035 1.3521 -0.5603, 2.9036 1.3521 -0.5603, 2.9035 1.3576 -0.5571, 2.9036 1.3576 -0.5571, 2.9035 1.3624 -0.5529, 2.9036 1.3624 -0.5529, 2.9035 1.3655 -0.5485, 2.9036 1.3655 -0.5485, 2.9035 1.3675 -0.5432, 2.9036 1.3675 -0.5432, 2.9035 1.3683 -0.5365, 2.9036 1.3683 -0.5365, 2.9035 1.3676 -0.5302, 2.9036 1.3676 -0.5302, 2.9035 1.3659 -0.5253, 2.9036 1.3659 -0.5253, 2.9035 1.3627 -0.5207, 2.9036 1.3627 -0.5207, 2.9035 1.3588 -0.5171, 2.9036 1.3588 -0.5171, 2.9035 1.3476 -0.511, 2.9036 1.3476 -0.511, 2.9035 1.3412 -0.5084, 2.9036 1.3412 -0.5084, 2.9035 1.3308 -0.5039, 2.9036 1.3308 -0.5039, 2.9035 1.3249 -0.5002, 2.9036 1.3249 -0.5002, 2.9035 1.3233 -0.4984, 2.9036 1.3233 -0.4984, 2.9035 1.3221 -0.4961, 2.9036 1.3221 -0.4961, 2.9035 1.3214 -0.4935, 2.9036 1.3214 -0.4935, 2.9035 1.3213 -0.4913, 2.9036 1.3213 -0.4913, 2.9035 1.3216 -0.4886, 2.9036 1.3216 -0.4886, 2.9035 1.3224 -0.4864, 2.9036 1.3224 -0.4864, 2.9035 1.3239 -0.4843, 2.9036 1.3239 -0.4843, 2.9035 1.3264 -0.482, 2.9036 1.3264 -0.482, 2.9035 1.3301 -0.48, 2.9036 1.3301 -0.48, 2.9035 1.3346 -0.4788, 2.9036 1.3346 -0.4788, 2.9035 1.3395 -0.4785, 2.9036 1.3395 -0.4785, 2.9035 1.3505 -0.4797, 2.9036 1.3505 -0.4797, 2.9035 1.3599 -0.4832, 2.9036 1.3599 -0.4832, 2.9035 1.3638 -0.4854, 2.9036 1.3638 -0.4854, 2.9036 1.3638 -0.4691, 2.9035 1.3638 -0.4691, 2.9035 1.3526 -0.4659, 2.9036 1.3526 -0.4659, 2.9035 1.3412 -0.4649, 2.9036 1.3412 -0.4649, 2.9035 1.3292 -0.4662, 2.9036 1.3292 -0.4662, 2.9035 1.32 -0.4694, 2.9036 1.32 -0.4694, 2.9035 1.3148 -0.4725, 2.9036 1.3148 -0.4725, 2.9036 1.3098 -0.4769, 2.9035 1.3117 -0.4752, 2.9035 1.3098 -0.4769, 2.9035 1.3067 -0.4814, 2.9036 1.3067 -0.4814, 2.9035 1.3047 -0.4868, 2.9036 1.3047 -0.4868, 2.9035 1.3041 -0.4928, 2.9036 1.3041 -0.4928, 2.9035 1.3048 -0.4993, 2.9036 1.3048 -0.4993, 2.9035 1.3066 -0.5044, 2.9036 1.3066 -0.5044, 2.9035 1.3088 -0.5079, 2.9036 1.3088 -0.5079, 2.9035 1.3294 -0.5205, 2.9036 1.3294 -0.5205, 2.9036 1.3194 -0.5159, 2.9035 1.3115 -0.5107, 2.9036 1.3115 -0.5107, 2.9035 1.3117 -0.5108, 2.9035 1.3194 -0.5159, 2.9035 1.3403 -0.5251, 2.9036 1.3403 -0.5251, 2.9035 1.3469 -0.529, 2.9036 1.3469 -0.529, 2.9035 1.349 -0.5312, 2.9036 1.349 -0.5312, 2.9035 1.3502 -0.5334, 2.9036 1.3502 -0.5334, 2.9035 1.351 -0.536, 2.9036 1.351 -0.536, 2.9035 1.3512 -0.5381, 2.9036 1.3512 -0.5381, 2.9035 1.3508 -0.5413, 2.9036 1.3508 -0.5413, 2.9035 1.35 -0.5437, 2.9036 1.35 -0.5437, 2.9035 1.3485 -0.5458, 2.9036 1.3485 -0.5458, 2.9035 1.3466 -0.5475, 2.9036 1.3466 -0.5475, 2.9035 1.3451 -0.5485, 2.9036 1.3451 -0.5485, 2.9035 1.3408 -0.55, 2.9036 1.3408 -0.55, 2.9035 1.3322 -0.551, 2.9036 1.3322 -0.551, 2.9036 1.4512 -0.4671, 2.9036 1.4685 -0.4671, 2.9035 1.4512 -0.4671, 2.9035 1.4685 -0.4671, 2.9036 1.4252 -0.5389, 2.9035 1.4252 -0.5389, 2.9035 1.4239 -0.5433, 2.9036 1.4239 -0.5433, 2.9035 1.4231 -0.5466, 2.9036 1.4231 -0.5466, 2.9036 1.4227 -0.5466, 2.9035 1.4227 -0.5466, 2.9036 1.4206 -0.5387, 2.9035 1.4206 -0.5387, 2.9035 1.3957 -0.4671, 2.9036 1.3957 -0.4671, 2.9035 1.4038 -0.4903, 2.9036 1.377 -0.4671, 2.9035 1.377 -0.4671, 2.9035 1.4144 -0.5622, 2.9036 1.4144 -0.5622, 2.9035 1.4038 -0.5352, 2.9035 1.4071 -0.5795, 2.9036 1.4071 -0.5795, 2.9035 1.4139 -0.5635, 2.9036 1.4038 -0.5856, 2.9035 1.4038 -0.5855, 2.9035 1.4038 -0.5856, 2.9035 1.4007 -0.589, 2.9036 1.4007 -0.589, 2.9035 1.3977 -0.5911, 2.9036 1.3977 -0.5911, 2.9035 1.3941 -0.5925, 2.9036 1.3941 -0.5925, 2.9035 1.39 -0.593, 2.9036 1.39 -0.593, 2.9035 1.3839 -0.5922, 2.9036 1.3839 -0.5922, 2.9035 1.3805 -0.591, 2.9036 1.3805 -0.591, 2.9036 1.3805 -0.6059, 2.9035 1.3805 -0.6059, 2.9035 1.3876 -0.6072, 2.9036 1.3876 -0.6072, 2.9035 1.3913 -0.6073, 2.9036 1.3913 -0.6073, 2.9035 1.398 -0.6065, 2.9036 1.398 -0.6065, 2.9035 1.4038 -0.6043, 2.9036 1.4046 -0.604, 2.9035 1.4046 -0.604, 2.9035 1.4104 -0.5999, 2.9036 1.4104 -0.5999, 2.9035 1.4116 -0.5989, 2.9036 1.4116 -0.5989, 2.9035 1.4177 -0.5915, 2.9036 1.4177 -0.5915, 2.9035 1.4253 -0.5768, 2.9036 1.4253 -0.5768, 2.9035 1.4305 -0.5635, 2.9036 1.5583 -0.5472, 2.9036 1.5583 -0.5624, 2.9035 1.5583 -0.5472, 2.9035 1.5583 -0.5624, 2.9035 1.5038 -0.5472, 2.9036 1.5038 -0.5472, 2.9035 1.5287 -0.5472, 2.9036 1.5038 -0.5023, 2.9035 1.5038 -0.5023, 2.9035 1.5515 -0.5023, 2.9036 1.5515 -0.5023, 2.9035 1.5287 -0.5023, 2.9036 1.5515 -0.487, 2.9035 1.5515 -0.487, 2.9035 1.5038 -0.487, 2.9036 1.5038 -0.487, 2.9035 1.5287 -0.487, 2.9036 1.5038 -0.4443, 2.9035 1.5038 -0.4443, 2.9035 1.5553 -0.4443, 2.9036 1.5553 -0.4443, 2.9035 1.5287 -0.4443, 2.9036 1.5553 -0.4289, 2.9035 1.5553 -0.4289, 2.9035 1.4865 -0.4289, 2.9036 1.4865 -0.4289, 2.9035 1.5287 -0.4289, 2.9036 1.4865 -0.5624, 2.9035 1.4865 -0.5624, 2.9035 1.5287 -0.5624, 2.9036 1.672 -0.5437, 2.9036 1.6582 -0.5348, 2.9036 1.658 -0.5537, 2.9036 1.6496 -0.5407, 2.9036 1.6428 -0.5597, 2.9036 1.6385 -0.545, 2.9036 1.6202 -0.5624, 2.9036 1.6201 -0.5472, 2.9036 1.5835 -0.5624, 2.9036 1.6007 -0.5472, 2.9036 1.5835 -0.4289, 2.9036 1.6007 -0.4443, 2.9036 1.6216 -0.4289, 2.9036 1.6209 -0.4443, 2.9036 1.6218 -0.4443, 2.9036 1.642 -0.4312, 2.9036 1.639 -0.4464, 2.9036 1.6581 -0.4371, 2.9036 1.6504 -0.4508, 2.9036 1.672 -0.4466, 2.9036 1.6594 -0.4568, 2.9036 1.6768 -0.4513, 2.9036 1.6632 -0.4606, 2.9036 1.685 -0.4629, 2.9036 1.6683 -0.4681, 2.9036 1.69 -0.4756, 2.9036 1.6721 -0.4778, 2.9036 1.6922 -0.494, 2.9036 1.6741 -0.4944, 2.9036 1.6918 -0.5025, 2.9036 1.6736 -0.5032, 2.9036 1.6885 -0.5181, 2.9036 1.6709 -0.5154, 2.9036 1.682 -0.5319, 2.9036 1.6663 -0.5253, 2.9036 1.6598 -0.5333, 2.9035 1.6202 -0.5624, 2.9035 1.5835 -0.5624, 2.9035 1.6428 -0.5597, 2.9035 1.658 -0.5537, 2.9035 1.672 -0.5437, 2.9035 1.682 -0.5319, 2.9035 1.6885 -0.5181, 2.9035 1.6918 -0.5025, 2.9035 1.6922 -0.494, 2.9035 1.69 -0.4756, 2.9035 1.685 -0.4629, 2.9035 1.6768 -0.4513, 2.9035 1.672 -0.4466, 2.9035 1.6581 -0.4371, 2.9035 1.642 -0.4312, 2.9035 1.6216 -0.4289, 2.9035 1.5835 -0.4289, 2.9035 1.6209 -0.4443, 2.9035 1.6007 -0.4443, 2.9035 1.6007 -0.5472, 2.9035 1.6201 -0.5472, 2.9035 1.6598 -0.5333, 2.9035 1.6582 -0.5348, 2.9035 1.6496 -0.5407, 2.9035 1.6385 -0.545, 2.9035 1.6741 -0.4944, 2.9035 1.6736 -0.5032, 2.9035 1.6709 -0.5154, 2.9035 1.6663 -0.5253, 2.9035 1.6594 -0.4568, 2.9035 1.6632 -0.4606, 2.9035 1.6683 -0.4681, 2.9035 1.6721 -0.4778, 2.9035 1.6218 -0.4443, 2.9035 1.639 -0.4464, 2.9035 1.6504 -0.4508, 2.9035 1.6504 -0.4508
            ]
        }
        coordIndex [
            0,1,2,-1,3,4,5,-1,3,5,6,-1,6,5,7,-1,6,7,2,-1,2,7,8,-1,2,8,0,-1,9,1,10,-1,10,1,0,-1,11,9,12,-1,12,9,10,-1,13,14,15,-1,15,14,11,-1,15,11,16,-1,16,11,12,-1,17,14,18,-1,18,14,13,-1,18,19,17,-1,17,19,20,-1,17,20,21,-1,21,20,22,-1,21,22,23,-1,23,22,24,-1,23,24,25,-1,25,24,26,-1,25,26,27,-1,27,26,28,-1,27,28,29,-1,29,28,30,-1,29,30,31,-1,31,30,32,-1,31,32,33,-1,33,32,34,-1,33,34,35,-1,35,34,36,-1,35,36,37,-1,37,36,38,-1,37,38,39,-1,39,38,40,-1,39,40,41,-1,41,40,42,-1,41,42,43,-1,43,42,44,-1,43,44,45,-1,45,44,46,-1,45,46,47,-1,47,46,48,-1,47,48,49,-1,49,48,50,-1,49,50,51,-1,51,50,52,-1,51,52,53,-1,53,52,54,-1,53,54,55,-1,55,54,56,-1,55,56,57,-1,57,56,58,-1,57,58,59,-1,59,58,60,-1,59,60,61,-1,61,60,62,-1,61,62,63,-1,63,62,64,-1,63,64,65,-1,65,64,66,-1,65,66,67,-1,67,66,68,-1,67,68,69,-1,69,68,70,-1,69,70,71,-1,71,70,72,-1,71,72,73,-1,73,72,74,-1,73,74,75,-1,76,75,77,-1,77,75,74,-1,76,77,78,-1,76,78,79,-1,79,78,80,-1,79,80,81,-1,81,80,82,-1,81,82,83,-1,83,82,84,-1,83,84,85,-1,85,84,86,-1,85,86,87,-1,88,87,89,-1,89,87,86,-1,89,90,88,-1,88,90,91,-1,88,91,92,-1,92,91,93,-1,92,93,94,-1,94,93,95,-1,94,95,96,-1,96,95,97,-1,96,97,98,-1,98,97,99,-1,98,99,100,-1,100,99,101,-1,100,101,102,-1,103,104,105,-1,102,101,106,-1,102,106,107,-1,107,106,108,-1,107,108,105,-1,105,108,109,-1,105,109,103,-1,104,103,110,-1,104,110,111,-1,111,110,112,-1,111,112,113,-1,113,112,114,-1,113,114,115,-1,115,114,116,-1,115,116,117,-1,117,116,118,-1,117,118,119,-1,119,118,120,-1,119,120,121,-1,121,120,122,-1,121,122,123,-1,123,122,124,-1,123,124,125,-1,125,124,126,-1,125,126,127,-1,127,126,128,-1,127,128,129,-1,129,128,130,-1,129,130,131,-1,131,130,132,-1,131,132,133,-1,133,132,134,-1,133,134,135,-1,135,134,4,-1,135,4,3,-1,61,63,85,-1,85,63,83,-1,45,104,43,-1,43,104,111,-1,43,111,41,-1,14,3,11,-1,11,3,6,-1,11,6,9,-1,9,6,2,-1,9,2,1,-1,63,65,83,-1,83,65,67,-1,83,67,81,-1,81,67,69,-1,81,69,79,-1,79,69,71,-1,79,71,76,-1,76,71,73,-1,76,73,75,-1,41,111,39,-1,39,111,113,-1,39,113,37,-1,37,113,115,-1,37,115,35,-1,35,115,117,-1,35,117,33,-1,33,117,119,-1,33,119,31,-1,31,119,121,-1,31,121,29,-1,29,121,123,-1,29,123,27,-1,27,123,125,-1,27,125,25,-1,25,125,127,-1,25,127,23,-1,23,127,129,-1,23,129,21,-1,21,129,131,-1,21,131,17,-1,17,131,133,-1,17,133,14,-1,14,133,135,-1,14,135,3,-1,85,87,61,-1,61,87,88,-1,61,88,59,-1,59,88,92,-1,59,92,57,-1,57,92,94,-1,57,94,55,-1,55,94,96,-1,55,96,53,-1,53,96,98,-1,53,98,51,-1,51,98,100,-1,51,100,49,-1,49,100,102,-1,49,102,47,-1,47,102,107,-1,47,107,45,-1,45,107,105,-1,45,105,104,-1,136,137,138,-1,138,137,139,-1,140,136,141,-1,141,136,138,-1,140,141,142,-1,140,142,143,-1,143,142,144,-1,143,144,145,-1,146,145,147,-1,147,145,144,-1,148,146,149,-1,149,146,147,-1,150,151,152,-1,152,151,148,-1,152,148,149,-1,153,151,154,-1,154,151,150,-1,155,156,157,-1,157,156,153,-1,157,153,154,-1,158,159,160,-1,160,159,156,-1,160,156,155,-1,159,158,161,-1,161,158,162,-1,162,163,161,-1,161,163,164,-1,161,164,165,-1,165,164,166,-1,165,166,167,-1,167,166,168,-1,167,168,169,-1,169,168,170,-1,169,170,171,-1,171,170,172,-1,171,172,173,-1,173,172,174,-1,173,174,175,-1,176,175,177,-1,177,175,174,-1,176,177,178,-1,176,178,179,-1,179,178,180,-1,179,180,181,-1,181,180,182,-1,181,182,183,-1,183,182,184,-1,183,184,185,-1,184,186,185,-1,185,186,187,-1,185,187,188,-1,188,187,189,-1,188,189,190,-1,190,189,191,-1,190,191,192,-1,192,191,193,-1,192,193,194,-1,139,137,195,-1,195,137,194,-1,195,194,193,-1,143,145,194,-1,137,136,194,-1,194,136,140,-1,194,140,143,-1,151,153,148,-1,148,153,156,-1,148,156,146,-1,175,176,173,-1,173,176,179,-1,173,179,171,-1,171,179,181,-1,171,181,169,-1,169,181,183,-1,169,183,167,-1,167,183,185,-1,167,185,165,-1,145,146,194,-1,194,146,156,-1,194,156,192,-1,156,159,192,-1,192,159,161,-1,192,161,190,-1,190,161,165,-1,190,165,188,-1,188,165,185,-1,196,197,198,-1,198,197,199,-1,200,201,202,-1,202,201,196,-1,202,196,198,-1,203,201,204,-1,204,201,200,-1,205,206,207,-1,207,206,203,-1,207,203,204,-1,208,206,209,-1,209,206,205,-1,210,211,212,-1,212,211,208,-1,212,208,209,-1,213,211,214,-1,214,211,210,-1,215,216,217,-1,217,216,213,-1,217,213,214,-1,218,216,219,-1,219,216,215,-1,220,221,222,-1,222,221,218,-1,222,218,219,-1,223,221,224,-1,224,221,220,-1,199,197,225,-1,225,197,223,-1,225,223,224,-1,216,218,213,-1,213,218,221,-1,213,221,211,-1,197,196,223,-1,223,196,201,-1,223,201,203,-1,206,208,203,-1,203,208,211,-1,203,211,223,-1,223,211,221,-1,226,227,228,-1,228,227,229,-1,228,229,230,-1,230,229,231,-1,230,231,232,-1,232,231,233,-1,232,233,234,-1,234,233,235,-1,234,235,236,-1,236,235,237,-1,236,237,238,-1,237,239,238,-1,238,239,240,-1,238,240,241,-1,241,240,242,-1,241,242,243,-1,243,242,244,-1,243,244,245,-1,245,244,246,-1,245,246,247,-1,247,246,248,-1,247,248,249,-1,249,248,250,-1,249,250,251,-1,251,250,252,-1,251,252,253,-1,253,252,254,-1,253,254,255,-1,255,254,256,-1,255,256,257,-1,257,256,258,-1,257,258,259,-1,259,258,260,-1,259,260,226,-1,226,260,261,-1,226,261,227,-1,232,234,262,-1,262,234,263,-1,232,262,264,-1,232,264,230,-1,230,264,265,-1,230,265,228,-1,228,265,266,-1,228,266,226,-1,226,266,267,-1,226,267,259,-1,259,267,268,-1,259,268,257,-1,257,268,269,-1,257,269,255,-1,255,269,270,-1,255,270,253,-1,253,270,271,-1,253,271,251,-1,251,271,272,-1,251,272,249,-1,249,272,273,-1,249,273,247,-1,247,273,274,-1,247,274,245,-1,245,274,275,-1,245,275,243,-1,243,275,276,-1,243,276,241,-1,241,276,277,-1,241,277,238,-1,236,238,278,-1,278,238,277,-1,234,236,263,-1,263,236,278,-1,239,237,279,-1,279,237,280,-1,237,235,280,-1,280,235,281,-1,235,233,281,-1,281,233,282,-1,261,283,284,-1,261,284,227,-1,227,284,285,-1,227,285,229,-1,229,285,286,-1,229,286,231,-1,231,286,282,-1,231,282,233,-1,254,287,288,-1,254,288,256,-1,256,288,289,-1,256,289,258,-1,258,289,290,-1,258,290,260,-1,260,290,283,-1,260,283,261,-1,246,291,292,-1,246,292,248,-1,248,292,293,-1,248,293,250,-1,250,293,294,-1,250,294,252,-1,252,294,287,-1,252,287,254,-1,239,279,295,-1,239,295,240,-1,240,295,296,-1,240,296,242,-1,242,296,297,-1,242,297,244,-1,244,297,291,-1,244,291,246,-1,
        ]
    }
}
Shape{
    appearance Appearance {
        material  Material 	{
            diffuseColor 0.7529411764705882 0.7529411764705882 0.7529411764705882
            specularColor 0.3764705882352941 0.3764705882352941 0.3764705882352941
            ambientIntensity 0.2
            transparency 0
            shininess 0.5
        }
    }
    geometry IndexedFaceSet {
        ccw TRUE
        solid FALSE
        coord DEF co Coordinate {
            point [
                2.9035 1.6496 -0.5407, 2.9035 1.6582 -0.5348, 2.9035 1.6218 -0.4443, 2.9035 1.6007 -0.4443, 2.9035 1.6007 -0.5472, 2.9035 1.6209 -0.4443, 2.9035 1.6201 -0.5472, 2.9035 1.6385 -0.545, 2.9035 1.6598 -0.5333, 2.9035 1.6663 -0.5253, 2.9035 1.6709 -0.5154, 2.9035 1.6741 -0.4944, 2.9035 1.6594 -0.4568, 2.9035 1.6504 -0.4508, 2.9035 1.6721 -0.4778, 2.9035 1.6683 -0.4681, 2.9035 1.6632 -0.4606, 2.9035 1.6736 -0.5032, 2.9035 1.639 -0.4464, 2.9035 1.639 -0.4464
            ]
        }
        coordIndex [
            0,1,2,-1,3,4,5,-1,5,4,6,-1,5,6,2,-1,2,6,7,-1,2,7,0,-1,1,8,2,-1,2,8,9,-1,2,9,10,-1,11,12,13,-1,14,15,11,-1,11,15,16,-1,11,16,12,-1,10,17,2,-1,2,17,11,-1,2,11,18,-1,18,11,13,-1,
        ]
    }
}
Shape{
    appearance Appearance {
        material  Material 	{
            diffuseColor 0.0 0.0 0.0
            specularColor 0.0 0.0 0.0
            ambientIntensity 0.2
            transparency 0
            shininess 0.5
        }
    }
    geometry IndexedFaceSet {
        ccw TRUE
        solid FALSE
        coord DEF co Coordinate {
            point [
                2.9036 1.7369 -0.5108, 2.9036 1.7314 -0.5259, 2.9036 1.7817 -0.5108, 2.9036 1.787 -0.5259, 2.9036 1.7568 -0.4553, 2.9036 1.7504 -0.4289, 2.9036 1.6996 -0.5624, 2.9036 1.7186 -0.5624, 2.9036 1.758 -0.4514, 2.9036 1.759 -0.446, 2.9036 1.7688 -0.4289, 2.9036 1.7594 -0.446, 2.9036 1.7605 -0.4516, 2.9036 1.7615 -0.4553, 2.9036 1.8196 -0.5624, 2.9036 1.8006 -0.5624, 2.9035 1.7688 -0.4289, 2.9035 1.8196 -0.5624, 2.9035 1.7504 -0.4289, 2.9035 1.6996 -0.5624, 2.9035 1.7186 -0.5624, 2.9035 1.7314 -0.5259, 2.9035 1.787 -0.5259, 2.9035 1.8006 -0.5624, 2.9035 1.7369 -0.5108, 2.9035 1.7817 -0.5108, 2.9035 1.7615 -0.4553, 2.9035 1.7594 -0.446, 2.9035 1.7605 -0.4516, 2.9035 1.759 -0.446, 2.9035 1.7568 -0.4553, 2.9035 1.758 -0.4514, 2.9035 1.758 -0.4514
            ]
        }
        coordIndex [
            0,1,2,-1,2,1,3,-1,4,5,0,-1,0,5,6,-1,0,6,1,-1,1,6,7,-1,4,8,5,-1,5,8,9,-1,5,9,10,-1,10,9,11,-1,10,11,12,-1,12,13,10,-1,10,13,2,-1,10,2,14,-1,14,2,3,-1,14,3,15,-1,10,14,16,-1,16,14,17,-1,5,10,18,-1,18,10,16,-1,6,5,19,-1,19,5,18,-1,7,6,20,-1,20,6,19,-1,1,7,21,-1,21,7,20,-1,3,1,22,-1,22,1,21,-1,15,3,23,-1,23,3,22,-1,14,15,17,-1,17,15,23,-1,0,2,24,-1,24,2,25,-1,2,13,25,-1,25,13,26,-1,11,27,28,-1,11,28,12,-1,12,28,26,-1,12,26,13,-1,11,9,27,-1,27,9,29,-1,4,30,31,-1,4,31,8,-1,8,31,29,-1,8,29,9,-1,4,0,30,-1,30,0,24,-1,
        ]
    }
}
Shape{
    appearance Appearance {
        material  Material 	{
            diffuseColor 0.7529411764705882 0.7529411764705882 0.7529411764705882
            specularColor 0.3764705882352941 0.3764705882352941 0.3764705882352941
            ambientIntensity 0.2
            transparency 0
            shininess 0.5
        }
    }
    geometry IndexedFaceSet {
        ccw TRUE
        solid FALSE
        coord DEF co Coordinate {
            point [
                2.9035 1.7594 -0.446, 2.9035 1.759 -0.446, 2.9035 1.7605 -0.4516, 2.9035 1.758 -0.4514, 2.9035 1.7615 -0.4553, 2.9035 1.7568 -0.4553, 2.9035 1.7817 -0.5108, 2.9035 1.7369 -0.5108, 2.9035 1.7369 -0.5108
            ]
        }
        coordIndex [
            0,1,2,-1,2,1,3,-1,2,3,4,-1,4,3,5,-1,4,5,6,-1,6,5,7,-1,
        ]
    }
}
Shape{
    appearance Appearance {
        material  Material 	{
            diffuseColor 0.0 0.0 0.0
            specularColor 0.0 0.0 0.0
            ambientIntensity 0.2
            transparency 0
            shininess 0.5
        }
    }
    geometry IndexedFaceSet {
        ccw TRUE
        solid FALSE
        coord DEF co Coordinate {
            point [
                2.9036 0.5276 -0.5813, 2.9036 0.5417 -0.5987, 2.9036 0.519 -0.4974, 2.9036 0.5025 -0.3325, 2.9036 0.5237 -0.3213, 2.9036 0.5187 -0.2629, 2.9036 0.5779 -0.2602, 2.9036 0.6073 -0.3294, 2.9036 0.6218 -0.2994, 2.9036 0.7031 -0.5306, 2.9036 0.7031 -0.5211, 2.9036 0.6229 -0.498, 2.9036 0.614 -0.4952, 2.9036 0.4983 -0.4846, 2.9036 0.5061 -0.5574, 2.9036 0.5181 -0.561, 2.9036 0.556 -0.2583, 2.9036 0.6371 -0.5096, 2.9036 0.6414 -0.5173, 2.9036 0.7026 -0.5405, 2.9036 0.8359 -0.4509, 2.9036 0.8065 -0.4006, 2.9036 0.6794 -0.467, 2.9036 0.6073 -0.4945, 2.9036 0.598 -0.4957, 2.9036 0.5856 -0.4376, 2.9036 0.5897 -0.499, 2.9036 0.5646 -0.4456, 2.9036 0.5823 -0.5042, 2.9036 0.5452 -0.4591, 2.9036 0.5784 -0.5084, 2.9036 0.5295 -0.477, 2.9036 0.5736 -0.5162, 2.9036 0.5708 -0.5252, 2.9036 0.5704 -0.5344, 2.9036 0.6427 -0.4411, 2.9036 0.6197 -0.4354, 2.9036 0.6082 -0.4348, 2.9036 0.6307 -0.503, 2.9036 0.8672 -0.357, 2.9036 0.8748 -0.357, 2.9036 0.9137 -0.3057, 2.9036 0.8929 -0.3592, 2.9036 0.9184 -0.3073, 2.9036 0.9094 -0.3656, 2.9036 0.9466 -0.3213, 2.9036 0.9724 -0.3431, 2.9036 0.5973 -0.2375, 2.9036 0.643 -0.274, 2.9036 0.6196 -0.2184, 2.9036 0.6685 -0.2554, 2.9036 0.6455 -0.2026, 2.9036 0.5471 -0.3157, 2.9036 0.557 -0.3152, 2.9036 0.5669 -0.2589, 2.9036 0.5792 -0.318, 2.9036 0.6005 -0.3258, 2.9036 0.6628 -0.4519, 2.9036 0.9726 -0.5202, 2.9036 0.9283 -0.4825, 2.9036 0.9467 -0.542, 2.9036 0.9143 -0.494, 2.9036 0.9178 -0.5562, 2.9036 0.8976 -0.5017, 2.9036 0.8862 -0.5629, 2.9036 0.8805 -0.505, 2.9036 0.8302 -0.5629, 2.9036 0.8378 -0.505, 2.9036 0.8249 -0.562, 2.9036 0.5722 -0.5433, 2.9036 0.576 -0.5513, 2.9036 0.9242 -0.3758, 2.9036 0.9351 -0.388, 2.9036 0.9917 -0.3701, 2.9036 0.9439 -0.4044, 2.9036 1.0033 -0.399, 2.9036 0.9484 -0.4226, 2.9036 1.0077 -0.43, 2.9036 0.9488 -0.431, 2.9036 1.0033 -0.4639, 2.9036 0.9466 -0.4494, 2.9036 0.9914 -0.4939, 2.9036 0.94 -0.4664, 2.9036 0.9296 -0.4812, 2.9036 0.8625 -0.2308, 2.9036 0.8254 -0.2744, 2.9036 0.8947 -0.2683, 2.9036 0.8468 -0.3, 2.9036 0.8614 -0.3305, 2.9036 0.4649 -0.3871, 2.9036 0.4026 -0.4029, 2.9036 0.4621 -0.4101, 2.9036 0.4023 -0.412, 2.9036 0.4632 -0.4247, 2.9036 0.4069 -0.4491, 2.9036 0.47 -0.448, 2.9036 0.4205 -0.4845, 2.9036 0.4813 -0.4672, 2.9036 0.4422 -0.5154, 2.9036 0.4718 -0.5407, 2.9036 0.6438 -0.5259, 2.9036 0.6441 -0.5351, 2.9036 0.697 -0.5639, 2.9036 0.642 -0.5443, 2.9036 0.6858 -0.585, 2.9036 0.6377 -0.5525, 2.9036 0.6712 -0.6014, 2.9036 0.632 -0.559, 2.9036 0.6523 -0.6145, 2.9036 0.6248 -0.5641, 2.9036 0.6312 -0.6226, 2.9036 0.6166 -0.5674, 2.9036 0.6082 -0.6255, 2.9036 0.6073 -0.5685, 2.9036 0.6046 -0.6254, 2.9036 0.6056 -0.5685, 2.9036 0.5822 -0.6219, 2.9036 0.5971 -0.5671, 2.9036 0.5603 -0.6127, 2.9036 0.5886 -0.5634, 2.9036 0.5813 -0.5579, 2.9036 0.6895 -0.1865, 2.9036 0.6995 -0.2429, 2.9036 0.7335 -0.1814, 2.9036 0.7344 -0.2384, 2.9036 0.7772 -0.1866, 2.9036 0.7666 -0.2423, 2.9036 0.8244 -0.2045, 2.9036 0.7963 -0.2537, 2.9036 0.823 -0.2722, 2.9036 0.4835 -0.2765, 2.9036 0.4533 -0.2978, 2.9036 0.4862 -0.3471, 2.9036 0.4469 -0.3038, 2.9036 0.4731 -0.366, 2.9036 0.4241 -0.3331, 2.9036 0.409 -0.3672, 2.9036 0.8331 -0.5041, 2.9036 0.8103 -0.5529, 2.9036 0.8125 -0.5551, 2.9036 0.8359 -0.5047, 2.9036 0.8186 -0.5595, 2.9036 0.8027 -0.5334, 2.9036 0.8036 -0.5405, 2.9036 0.8061 -0.5469, 2.9036 0.8248 -0.505, 2.9036 0.8183 -0.5075, 2.9036 0.803 -0.5297, 2.9036 0.8124 -0.5117, 2.9036 0.8085 -0.516, 2.9036 0.8049 -0.5225, 2.9036 0.8321 -0.504, 2.9035 1.0077 -0.43, 2.9035 1.0033 -0.399, 2.9035 1.0001 -0.3909, 2.9035 0.9917 -0.3701, 2.9035 0.9724 -0.3431, 2.9035 0.9466 -0.3213, 2.9035 0.9184 -0.3073, 2.9035 0.9137 -0.3057, 2.9035 0.8947 -0.2683, 2.9035 0.8625 -0.2308, 2.9035 0.8412 -0.2161, 2.9035 0.8244 -0.2045, 2.9035 0.7772 -0.1866, 2.9035 0.7335 -0.1814, 2.9035 0.6196 -0.2184, 2.9035 0.6234 -0.2161, 2.9035 0.6455 -0.2026, 2.9035 0.6895 -0.1865, 2.9035 0.5973 -0.2375, 2.9035 0.5779 -0.2602, 2.9035 0.5669 -0.2589, 2.9035 0.556 -0.2583, 2.9035 0.5187 -0.2629, 2.9035 0.4835 -0.2765, 2.9035 0.4533 -0.2978, 2.9035 0.4469 -0.3038, 2.9035 0.4023 -0.412, 2.9035 0.4241 -0.3331, 2.9035 0.409 -0.3672, 2.9035 0.4047 -0.3909, 2.9035 0.4026 -0.4029, 2.9035 0.4069 -0.4491, 2.9035 0.4205 -0.4845, 2.9035 0.4422 -0.5154, 2.9035 0.4718 -0.5407, 2.9035 0.5061 -0.5574, 2.9035 0.5181 -0.561, 2.9035 0.5193 -0.5635, 2.9035 0.5276 -0.5813, 2.9035 0.5417 -0.5987, 2.9035 0.5603 -0.6127, 2.9035 0.569 -0.6164, 2.9035 0.5822 -0.6219, 2.9035 0.6046 -0.6254, 2.9035 0.6082 -0.6255, 2.9035 0.7031 -0.5306, 2.9035 0.6312 -0.6226, 2.9035 0.6475 -0.6164, 2.9035 0.6523 -0.6145, 2.9035 0.6712 -0.6014, 2.9035 0.6858 -0.585, 2.9035 0.697 -0.5639, 2.9035 0.6971 -0.5635, 2.9035 0.7026 -0.5405, 2.9035 0.7031 -0.5211, 2.9035 0.8359 -0.4509, 2.9035 0.8065 -0.4006, 2.9035 0.6794 -0.467, 2.9035 0.6628 -0.4519, 2.9035 0.6427 -0.4411, 2.9035 0.6197 -0.4354, 2.9035 0.6082 -0.4348, 2.9035 0.5856 -0.4376, 2.9035 0.5646 -0.4456, 2.9035 0.5452 -0.4591, 2.9035 0.5295 -0.477, 2.9035 0.519 -0.4974, 2.9035 0.4983 -0.4846, 2.9035 0.4813 -0.4672, 2.9035 0.47 -0.448, 2.9035 0.4632 -0.4247, 2.9035 0.4621 -0.4101, 2.9035 0.4645 -0.3909, 2.9035 0.4649 -0.3871, 2.9035 0.4731 -0.366, 2.9035 0.4862 -0.3471, 2.9035 0.5025 -0.3325, 2.9035 0.5237 -0.3213, 2.9035 0.5471 -0.3157, 2.9035 0.557 -0.3152, 2.9035 0.5792 -0.318, 2.9035 0.6005 -0.3258, 2.9035 0.6073 -0.3294, 2.9035 0.6218 -0.2994, 2.9035 0.643 -0.274, 2.9035 0.6685 -0.2554, 2.9035 0.6995 -0.2429, 2.9035 0.7344 -0.2384, 2.9035 0.7666 -0.2423, 2.9035 0.7963 -0.2537, 2.9035 0.823 -0.2722, 2.9035 0.8254 -0.2744, 2.9035 0.8468 -0.3, 2.9035 0.8614 -0.3305, 2.9035 0.8672 -0.357, 2.9035 0.8748 -0.357, 2.9035 0.8929 -0.3592, 2.9035 0.9094 -0.3656, 2.9035 0.9242 -0.3758, 2.9035 0.9351 -0.388, 2.9035 0.9366 -0.3909, 2.9035 0.9439 -0.4044, 2.9035 0.9484 -0.4226, 2.9035 0.9488 -0.431, 2.9035 0.9466 -0.4494, 2.9035 0.94 -0.4664, 2.9035 0.9296 -0.4812, 2.9035 0.9283 -0.4825, 2.9035 0.9143 -0.494, 2.9035 0.8976 -0.5017, 2.9035 0.8805 -0.505, 2.9035 0.8378 -0.505, 2.9035 0.8359 -0.5047, 2.9035 0.8331 -0.5041, 2.9035 0.8321 -0.504, 2.9035 0.8248 -0.505, 2.9035 0.8183 -0.5075, 2.9035 0.8124 -0.5117, 2.9035 0.8085 -0.516, 2.9035 0.8049 -0.5225, 2.9035 0.803 -0.5297, 2.9035 0.8027 -0.5334, 2.9035 0.8036 -0.5405, 2.9035 0.8061 -0.5469, 2.9035 0.8103 -0.5529, 2.9035 0.8125 -0.5551, 2.9035 0.8186 -0.5595, 2.9035 0.8249 -0.562, 2.9035 0.8302 -0.5629, 2.9035 0.8862 -0.5629, 2.9035 0.9178 -0.5562, 2.9035 0.9467 -0.542, 2.9035 0.9726 -0.5202, 2.9035 0.9914 -0.4939, 2.9035 1.0033 -0.4639, 2.9035 0.6073 -0.4945, 2.9035 0.614 -0.4952, 2.9035 0.6229 -0.498, 2.9035 0.6307 -0.503, 2.9035 0.6371 -0.5096, 2.9035 0.6414 -0.5173, 2.9035 0.6438 -0.5259, 2.9035 0.6441 -0.5351, 2.9035 0.642 -0.5443, 2.9035 0.6377 -0.5525, 2.9035 0.632 -0.559, 2.9035 0.6248 -0.5641, 2.9035 0.6166 -0.5674, 2.9035 0.6073 -0.5685, 2.9035 0.6056 -0.5685, 2.9035 0.5971 -0.5671, 2.9035 0.5886 -0.5634, 2.9035 0.5813 -0.5579, 2.9035 0.576 -0.5513, 2.9035 0.5722 -0.5433, 2.9035 0.5704 -0.5344, 2.9035 0.5708 -0.5252, 2.9035 0.5736 -0.5162, 2.9035 0.5784 -0.5084, 2.9035 0.5823 -0.5042, 2.9035 0.5897 -0.499, 2.9035 0.598 -0.4957, 2.9035 0.598 -0.4957
            ]
        }
        coordIndex [
            0,1,2,-1,3,4,5,-1,6,7,8,-1,9,10,11,-1,11,10,12,-1,13,14,2,-1,2,14,15,-1,2,15,0,-1,5,4,16,-1,17,18,19,-1,20,21,10,-1,10,21,22,-1,10,22,12,-1,12,22,23,-1,24,25,26,-1,26,25,27,-1,26,27,28,-1,28,27,29,-1,28,29,30,-1,30,29,31,-1,30,31,32,-1,32,31,2,-1,32,2,33,-1,33,2,34,-1,35,36,24,-1,24,36,37,-1,24,37,25,-1,9,11,19,-1,19,11,38,-1,19,38,17,-1,39,40,41,-1,41,40,42,-1,41,42,43,-1,43,42,44,-1,43,44,45,-1,45,44,46,-1,6,8,47,-1,47,8,48,-1,47,48,49,-1,49,48,50,-1,49,50,51,-1,4,52,16,-1,16,52,53,-1,16,53,54,-1,54,53,55,-1,54,55,6,-1,6,55,56,-1,6,56,7,-1,23,22,24,-1,24,22,57,-1,24,57,35,-1,58,59,60,-1,60,59,61,-1,60,61,62,-1,62,61,63,-1,62,63,64,-1,64,63,65,-1,64,65,66,-1,66,65,67,-1,66,67,68,-1,34,2,69,-1,69,2,1,-1,69,1,70,-1,44,71,46,-1,46,71,72,-1,46,72,73,-1,73,72,74,-1,73,74,75,-1,75,74,76,-1,75,76,77,-1,77,76,78,-1,77,78,79,-1,79,78,80,-1,79,80,81,-1,81,80,82,-1,81,82,58,-1,58,82,83,-1,58,83,59,-1,84,85,86,-1,86,85,87,-1,86,87,41,-1,41,87,88,-1,41,88,39,-1,89,90,91,-1,91,90,92,-1,91,92,93,-1,93,92,94,-1,93,94,95,-1,95,94,96,-1,95,96,97,-1,97,96,98,-1,97,98,13,-1,13,98,99,-1,13,99,14,-1,18,100,19,-1,19,100,101,-1,19,101,102,-1,102,101,103,-1,102,103,104,-1,104,103,105,-1,104,105,106,-1,106,105,107,-1,106,107,108,-1,108,107,109,-1,108,109,110,-1,110,109,111,-1,110,111,112,-1,112,111,113,-1,112,113,114,-1,114,113,115,-1,114,115,116,-1,116,115,117,-1,116,117,118,-1,118,117,119,-1,118,119,1,-1,1,119,120,-1,1,120,70,-1,51,50,121,-1,121,50,122,-1,121,122,123,-1,123,122,124,-1,123,124,125,-1,125,124,126,-1,125,126,127,-1,127,126,128,-1,127,128,84,-1,84,128,129,-1,84,129,85,-1,5,130,3,-1,3,130,131,-1,3,131,132,-1,132,131,133,-1,132,133,134,-1,134,133,135,-1,134,135,89,-1,89,135,136,-1,89,136,90,-1,137,138,139,-1,67,140,68,-1,68,140,137,-1,68,137,141,-1,141,137,139,-1,142,143,137,-1,137,143,144,-1,137,144,138,-1,145,146,147,-1,146,148,147,-1,147,148,149,-1,147,149,150,-1,142,137,147,-1,147,137,151,-1,147,151,145,-1,77,152,153,-1,77,153,75,-1,75,153,154,-1,75,154,73,-1,154,155,73,-1,73,155,156,-1,73,156,46,-1,46,156,157,-1,46,157,45,-1,45,157,158,-1,45,158,43,-1,43,158,159,-1,43,159,41,-1,41,159,160,-1,41,160,86,-1,86,160,161,-1,86,161,84,-1,84,161,162,-1,84,162,127,-1,162,163,127,-1,127,163,164,-1,127,164,125,-1,125,164,165,-1,125,165,123,-1,166,49,167,-1,167,49,51,-1,167,51,168,-1,168,51,121,-1,168,121,169,-1,169,121,123,-1,169,123,165,-1,49,166,170,-1,49,170,47,-1,47,170,171,-1,47,171,6,-1,6,171,172,-1,6,172,54,-1,54,172,173,-1,54,173,16,-1,16,173,174,-1,16,174,5,-1,5,174,175,-1,5,175,130,-1,130,175,176,-1,130,176,131,-1,131,176,177,-1,131,177,133,-1,178,92,90,-1,133,177,179,-1,133,179,135,-1,135,179,180,-1,135,180,136,-1,136,180,181,-1,136,181,90,-1,90,181,182,-1,90,182,178,-1,92,178,183,-1,92,183,94,-1,94,183,184,-1,94,184,96,-1,96,184,185,-1,96,185,98,-1,98,185,186,-1,98,186,99,-1,99,186,187,-1,99,187,14,-1,14,187,188,-1,14,188,15,-1,15,188,189,-1,15,189,0,-1,189,190,0,-1,0,190,191,-1,0,191,1,-1,1,191,192,-1,1,192,118,-1,118,192,193,-1,118,193,116,-1,193,194,116,-1,116,194,195,-1,116,195,114,-1,114,195,196,-1,114,196,112,-1,197,9,19,-1,112,196,198,-1,112,198,110,-1,110,198,199,-1,110,199,108,-1,199,200,108,-1,108,200,201,-1,108,201,106,-1,106,201,202,-1,106,202,104,-1,104,202,203,-1,104,203,102,-1,102,203,204,-1,102,204,19,-1,19,204,205,-1,19,205,197,-1,10,9,206,-1,206,9,197,-1,20,10,207,-1,207,10,206,-1,21,20,208,-1,208,20,207,-1,22,21,209,-1,209,21,208,-1,22,209,210,-1,22,210,57,-1,57,210,211,-1,57,211,35,-1,35,211,212,-1,35,212,36,-1,36,212,213,-1,36,213,37,-1,37,213,214,-1,37,214,25,-1,25,214,215,-1,25,215,27,-1,27,215,216,-1,27,216,29,-1,29,216,217,-1,29,217,31,-1,31,217,218,-1,31,218,2,-1,2,218,219,-1,2,219,13,-1,13,219,220,-1,13,220,97,-1,97,220,221,-1,97,221,95,-1,95,221,222,-1,95,222,93,-1,93,222,223,-1,93,223,91,-1,89,91,224,-1,224,91,223,-1,224,225,89,-1,89,225,226,-1,89,226,134,-1,134,226,227,-1,134,227,132,-1,132,227,228,-1,132,228,3,-1,3,228,229,-1,3,229,4,-1,4,229,230,-1,4,230,52,-1,52,230,231,-1,52,231,53,-1,53,231,232,-1,53,232,55,-1,55,232,233,-1,55,233,56,-1,56,233,234,-1,56,234,7,-1,7,234,235,-1,7,235,8,-1,8,235,236,-1,8,236,48,-1,48,236,237,-1,48,237,50,-1,50,237,238,-1,50,238,122,-1,122,238,239,-1,122,239,124,-1,124,239,240,-1,124,240,126,-1,126,240,241,-1,126,241,128,-1,128,241,242,-1,128,242,129,-1,129,242,243,-1,129,243,85,-1,85,243,244,-1,85,244,87,-1,87,244,245,-1,87,245,88,-1,88,245,246,-1,88,246,39,-1,40,39,247,-1,247,39,246,-1,40,247,248,-1,40,248,42,-1,42,248,249,-1,42,249,44,-1,44,249,250,-1,44,250,71,-1,71,250,251,-1,71,251,72,-1,72,251,252,-1,72,252,74,-1,252,253,74,-1,74,253,254,-1,74,254,76,-1,76,254,255,-1,76,255,78,-1,78,255,256,-1,78,256,80,-1,80,256,257,-1,80,257,82,-1,82,257,258,-1,82,258,83,-1,83,258,259,-1,83,259,59,-1,59,259,260,-1,59,260,61,-1,61,260,261,-1,61,261,63,-1,63,261,262,-1,63,262,65,-1,67,65,263,-1,263,65,262,-1,67,263,264,-1,67,264,140,-1,140,264,265,-1,140,265,137,-1,137,265,266,-1,137,266,151,-1,151,266,267,-1,151,267,145,-1,145,267,268,-1,145,268,146,-1,146,268,269,-1,146,269,148,-1,148,269,270,-1,148,270,149,-1,149,270,271,-1,149,271,150,-1,150,271,272,-1,150,272,147,-1,147,272,273,-1,147,273,142,-1,142,273,274,-1,142,274,143,-1,143,274,275,-1,143,275,144,-1,144,275,276,-1,144,276,138,-1,138,276,277,-1,138,277,139,-1,139,277,278,-1,139,278,141,-1,141,278,279,-1,141,279,68,-1,68,279,280,-1,68,280,66,-1,64,66,281,-1,281,66,280,-1,64,281,282,-1,64,282,62,-1,62,282,283,-1,62,283,60,-1,60,283,284,-1,60,284,58,-1,58,284,285,-1,58,285,81,-1,81,285,286,-1,81,286,79,-1,79,286,152,-1,79,152,77,-1,23,287,288,-1,23,288,12,-1,12,288,289,-1,12,289,11,-1,11,289,290,-1,11,290,38,-1,38,290,291,-1,38,291,17,-1,17,291,292,-1,17,292,18,-1,18,292,293,-1,18,293,100,-1,100,293,294,-1,100,294,101,-1,101,294,295,-1,101,295,103,-1,103,295,296,-1,103,296,105,-1,105,296,297,-1,105,297,107,-1,107,297,298,-1,107,298,109,-1,109,298,299,-1,109,299,111,-1,111,299,300,-1,111,300,113,-1,113,300,301,-1,113,301,115,-1,115,301,302,-1,115,302,117,-1,117,302,303,-1,117,303,119,-1,119,303,304,-1,119,304,120,-1,120,304,305,-1,120,305,70,-1,70,305,306,-1,70,306,69,-1,69,306,307,-1,69,307,34,-1,34,307,308,-1,34,308,33,-1,33,308,309,-1,33,309,32,-1,32,309,310,-1,32,310,30,-1,30,310,311,-1,30,311,28,-1,28,311,312,-1,28,312,26,-1,26,312,313,-1,26,313,24,-1,24,313,287,-1,24,287,23,-1,
        ]
    }
}
Shape{
    appearance Appearance {
        material  Material 	{
            diffuseColor 0.7529411764705882 0.7529411764705882 0.7529411764705882
            specularColor 0.3764705882352941 0.3764705882352941 0.3764705882352941
            ambientIntensity 0.2
            transparency 0
            shininess 0.5
        }
    }
    geometry IndexedFaceSet {
        ccw TRUE
        solid FALSE
        coord DEF co Coordinate {
            point [
                2.9035 0.6056 -0.5685, 2.9035 0.5823 -0.5042, 2.9035 0.5784 -0.5084, 2.9035 0.6166 -0.5674, 2.9035 0.6248 -0.5641, 2.9035 0.614 -0.4952, 2.9035 0.6073 -0.4945, 2.9035 0.598 -0.4957, 2.9035 0.5897 -0.499, 2.9035 0.5722 -0.5433, 2.9035 0.576 -0.5513, 2.9035 0.5813 -0.5579, 2.9035 0.6073 -0.5685, 2.9035 0.6414 -0.5173, 2.9035 0.6371 -0.5096, 2.9035 0.6377 -0.5525, 2.9035 0.6307 -0.503, 2.9035 0.5736 -0.5162, 2.9035 0.5708 -0.5252, 2.9035 0.5704 -0.5344, 2.9035 0.5886 -0.5634, 2.9035 0.5971 -0.5671, 2.9035 0.632 -0.559, 2.9035 0.6229 -0.498, 2.9035 0.642 -0.5443, 2.9035 0.6441 -0.5351, 2.9035 0.6438 -0.5259, 2.9035 0.6438 -0.5259
            ]
        }
        coordIndex [
            0,1,2,-1,3,4,5,-1,6,7,0,-1,0,7,8,-1,0,8,1,-1,9,10,2,-1,2,10,11,-1,6,0,5,-1,5,0,12,-1,5,12,3,-1,13,14,15,-1,15,14,16,-1,17,18,2,-1,2,18,19,-1,2,19,9,-1,11,20,2,-1,2,20,21,-1,2,21,0,-1,4,22,5,-1,5,22,15,-1,5,15,23,-1,23,15,16,-1,24,25,15,-1,15,25,26,-1,15,26,13,-1,
        ]
    }
}