#VRML V2.0 utf8
# 3D model generated by easyeda2kicad.py (https://github.com/uPesy/easyeda2kicad.py)

Shape{
    appearance Appearance {
        material  Material 	{
            diffuseColor 0.7529411764705882 0.7529411764705882 0.7529411764705882
            specularColor 0.3764705882352941 0.3764705882352941 0.3764705882352941
            ambientIntensity 0.2
            transparency 0
            shininess 0.5
        }
    }
    geometry IndexedFaceSet {
        ccw TRUE
        solid FALSE
        coord DEF co Coordinate {
            point [
                3.2677 1.4651 -0.6395, 3.2677 1.4651 0.6774, 3.2677 1.4538 0.6774, 3.2677 1.4651 2.5, 3.2677 1.4538 2.5, 3.2677 1.6443 0.6774, 3.2677 1.6443 2.5, 3.2677 1.5706 2.5, 3.2677 1.511 -1.9202, 3.2677 1.5067 -1.9206, 3.2677 1.5706 -1.9206, 3.2677 1.4171 -1.9184, 3.2677 1.4108 -1.9206, 3.2677 1.4314 -1.9195, 3.2677 1.3675 -1.679, 3.2677 1.3655 -1.6739, 3.2677 1.3655 -1.7089, 3.2677 1.4572 -1.7034, 3.2677 1.4538 -1.7045, 3.2677 1.4538 -1.7089, 3.2677 1.1585 -1.7271, 3.2677 1.1669 -1.7481, 3.2677 1.2291 -1.7481, 3.2677 0.9393 -1.5427, 3.2677 0.9753 -1.5553, 3.2677 1.2291 -1.5553, 3.2677 0.987 -1.5594, 3.2677 1.0293 -1.5879, 3.2677 1.0607 -1.6243, 3.2677 1.0805 -1.6628, 3.2677 1.0851 -1.6644, 3.2677 0.0394 -1.5553, 3.2677 0.0394 -1.7089, 3.2677 0.5826 -1.7089, 3.2677 0.7864 -1.5756, 3.2677 0.8096 -1.5612, 3.2677 0.8248 -1.5553, 3.2677 0.0394 -0.6395, 3.2677 0.8533 -1.5443, 3.2677 1.2291 -0.6395, 3.2677 0.9002 -1.5386, 3.2677 0.5909 -1.6902, 3.2677 0.6137 -1.6609, 3.2677 0.6201 -1.6549, 3.2677 0.6503 -1.6337, 3.2677 0.6854 -1.62, 3.2677 0.7228 -1.6154, 3.2677 0.7641 -1.5947, 3.2677 0.7337 -1.616, 3.2677 0.7446 -1.6173, 3.2677 0.6385 -1.8978, 3.2677 0.6089 -1.8725, 3.2677 0.0394 -1.9206, 3.2677 0.6728 -1.9145, 3.2677 0.5873 -1.8417, 3.2677 0.5737 -1.8063, 3.2677 0.0394 -1.7481, 3.2677 0.5691 -1.7691, 3.2677 0.5694 -1.7601, 3.2677 0.5715 -1.7481, 3.2677 0.5757 -1.7244, 3.2677 0.6849 -1.9181, 3.2677 0.686 -1.9206, 3.2677 0.6944 -1.9385, 3.2677 0.0394 -1.9735, 3.2677 0.7085 -1.9559, 3.2677 0.7271 -1.9699, 3.2677 0.0394 -2.5, 3.2677 0.749 -1.9791, 3.2677 0.7358 -1.9735, 3.2677 0.8143 -1.9735, 3.2677 0.798 -1.9798, 3.2677 1.2291 -2.5, 3.2677 0.775 -1.9826, 3.2677 0.7714 -1.9825, 3.2677 0.8639 -1.9206, 3.2677 0.8637 -1.9212, 3.2677 1.2291 -1.9735, 3.2677 0.8525 -1.9423, 3.2677 0.8381 -1.9585, 3.2677 0.8192 -1.9716, 3.2677 0.985 -1.8647, 3.2677 0.9916 -1.8621, 3.2677 1.0027 -1.808, 3.2677 1.1393 -1.8773, 3.2677 1.1135 -1.8991, 3.2677 1.2291 -1.9206, 3.2677 0.8461 -1.8241, 3.2677 0.9733 -1.7577, 3.2677 0.8295 -1.809, 3.2677 0.8094 -1.7982, 3.2677 0.9792 -1.8688, 3.2677 1.1582 -1.851, 3.2677 1.1151 -1.7796, 3.2677 1.1106 -1.7614, 3.2677 1.1034 -1.7481, 3.2677 0.6312 -1.7481, 3.2677 1.1701 -1.7561, 3.2677 1.1744 -1.7871, 3.2677 1.1701 -1.821, 3.2677 0.9989 -1.8611, 3.2677 0.9998 -1.8612, 3.2677 1.0027 -1.8618, 3.2677 0.6369 -1.8052, 3.2677 0.6481 -1.8243, 3.2677 0.6963 -1.8342, 3.2677 0.6651 -1.8417, 3.2677 0.6858 -1.8545, 3.2677 0.7313 -1.8027, 3.2677 0.7119 -1.8162, 3.2677 0.6289 -1.7672, 3.2677 0.63 -1.782, 3.2677 0.7523 -1.7947, 3.2677 0.775 -1.7919, 3.2677 0.7865 -1.7926, 3.2677 0.9695 -1.8906, 3.2677 0.9697 -1.8868, 3.2677 0.8699 -1.8782, 3.2677 0.9716 -1.8796, 3.2677 0.9753 -1.8731, 3.2677 1.0963 -1.8383, 3.2677 1.1068 -1.8235, 3.2677 1.1133 -1.8066, 3.2677 1.1156 -1.7881, 3.2677 0.9917 -1.9191, 3.2677 0.9854 -1.9166, 3.2677 0.9792 -1.9123, 3.2677 0.977 -1.91, 3.2677 0.9729 -1.9041, 3.2677 0.9704 -1.8976, 3.2677 0.8693 -1.8978, 3.2677 0.8699 -1.8877, 3.2677 1.0846 -1.9133, 3.2677 1.053 -1.92, 3.2677 0.997 -1.92, 3.2677 1.0046 -1.8621, 3.2677 1.0473 -1.8621, 3.2677 1.0644 -1.8588, 3.2677 1.0812 -1.851, 3.2677 1.0952 -1.8395, 3.2677 1.034 -1.7141, 3.2677 0.6399 -1.723, 3.2677 0.6317 -1.7442, 3.2677 1.0416 -1.7141, 3.2677 1.1018 -1.7451, 3.2677 1.091 -1.733, 3.2677 1.0763 -1.7227, 3.2677 1.0597 -1.7163, 3.2677 1.0135 -1.6569, 3.2677 0.992 -1.6314, 3.2677 0.774 -1.6866, 3.2677 0.9898 -1.6294, 3.2677 0.9632 -1.6109, 3.2677 0.7886 -1.6565, 3.2677 0.6497 -1.7089, 3.2677 0.7675 -1.683, 3.2677 1.0329 -1.7089, 3.2677 1.0281 -1.6875, 3.2677 0.7462 -1.6751, 3.2677 0.7238 -1.6723, 3.2677 0.7137 -1.6729, 3.2677 0.8098 -1.6311, 3.2677 0.9334 -1.5995, 3.2677 0.8352 -1.6126, 3.2677 0.9012 -1.5955, 3.2677 0.8662 -1.6, 3.2677 0.6903 -1.6785, 3.2677 0.6692 -1.6897, 3.2677 0.653 -1.7041, 3.2677 1.1133 -1.6784, 3.2677 1.1391 -1.7001, 3.2677 1.2291 -1.7089, 3.2677 1.1454 -1.7089, 3.2677 1.3525 -1.7861, 3.2677 1.3548 -1.7481, 3.2677 1.2837 -1.7861, 3.2677 1.2837 -1.9195, 3.2677 1.3548 -1.9206, 3.2677 1.301 -1.8594, 3.2677 1.301 -1.9043, 3.2677 1.3487 -1.8594, 3.2677 1.3548 -1.9043, 3.2677 1.3487 -1.8441, 3.2677 1.3525 -1.8014, 3.2677 1.301 -1.8441, 3.2677 1.301 -1.8014, 3.2677 1.3655 -1.7481, 3.2677 1.3555 -1.9043, 3.2677 1.3655 -1.9206, 3.2677 1.3555 -1.9195, 3.2677 1.3548 -1.9195, 3.2677 1.4595 -1.5956, 3.2677 1.4651 -1.7089, 3.2677 1.4651 -1.5553, 3.2677 1.4595 -1.6858, 3.2677 1.4595 -1.7023, 3.2677 1.4567 -1.5941, 3.2677 1.4538 -1.6884, 3.2677 1.4538 -1.5931, 3.2677 1.443 -1.5893, 3.2677 1.4322 -1.6944, 3.2677 1.4472 -1.6914, 3.2677 1.3777 -1.6438, 3.2677 1.3776 -1.6426, 3.2677 1.428 -1.5877, 3.2677 1.4235 -1.5878, 3.2677 1.4118 -1.5899, 3.2677 1.3895 -1.6049, 3.2677 1.3834 -1.6146, 3.2677 1.3793 -1.6267, 3.2677 1.3934 -1.6833, 3.2677 1.4022 -1.6895, 3.2677 1.4012 -1.5947, 3.2677 1.3917 -1.6025, 3.2677 1.3907 -1.6807, 3.2677 1.3798 -1.6602, 3.2677 1.3839 -1.6711, 3.2677 1.4117 -1.6931, 3.2677 1.425 -1.6947, 3.2677 1.3948 -1.5798, 3.2677 1.4087 -1.5744, 3.2677 1.3655 -1.5553, 3.2677 1.4295 -1.5721, 3.2677 1.4467 -1.5737, 3.2677 1.4538 -1.5553, 3.2677 1.4538 -1.5759, 3.2677 1.4595 -1.5776, 3.2677 1.4279 -1.5721, 3.2677 1.3699 -1.6031, 3.2677 1.3788 -1.5918, 3.2677 1.3819 -1.5889, 3.2677 1.3548 -1.7089, 3.2677 1.3548 -1.5553, 3.2677 1.3633 -1.6177, 3.2677 1.3655 -1.6128, 3.2677 1.3621 -1.665, 3.2677 1.3596 -1.6436, 3.2677 1.3599 -1.6348, 3.2677 1.3995 -1.7065, 3.2677 1.387 -1.7005, 3.2677 1.3767 -1.6918, 3.2677 1.3754 -1.6905, 3.2677 1.4429 -1.7081, 3.2677 1.4343 -1.7089, 3.2677 1.4538 -1.7481, 3.2677 1.4225 -1.7101, 3.2677 1.4139 -1.7096, 3.2677 1.4107 -1.7089, 3.2677 3.6614 -2.5, 3.2677 3.6614 -1.9735, 3.2677 3.6024 -2.5, 3.2677 3.045 -1.9735, 3.2677 3.1299 -2.5, 3.2677 3.1299 -3.4055, 3.2677 3.6024 -3.4055, 3.2677 3.204 -3.5594, 3.2677 3.2414 -3.5829, 3.2677 3.1729 -3.5282, 3.2677 3.1494 -3.4909, 3.2677 3.1349 -3.4493, 3.2677 3.3268 -3.6024, 3.2677 3.283 -3.5974, 3.2677 3.4055 -3.6024, 3.2677 3.5974 -3.4493, 3.2677 3.4493 -3.5974, 3.2677 3.4909 -3.5829, 3.2677 3.5282 -3.5594, 3.2677 3.5594 -3.5282, 3.2677 3.5829 -3.4909, 3.2677 3.045 -2.5, 3.2677 2.1224 -1.9735, 3.2677 2.1224 -2.5, 3.2677 1.8626 -1.9735, 3.2677 1.8626 -2.5, 3.2677 1.6955 -1.9735, 3.2677 1.6955 -2.5, 3.2677 1.6443 -1.9735, 3.2677 1.6443 -2.5, 3.2677 1.5706 -1.9735, 3.2677 1.5706 -2.5, 3.2677 1.4785 -1.9735, 3.2677 1.4785 -2.5, 3.2677 1.3548 -2.5, 3.2677 1.3548 -1.9735, 3.2677 1.3655 -2.5, 3.2677 1.3655 -1.9735, 3.2677 1.4538 -2.5, 3.2677 1.4538 -1.9735, 3.2677 3.2406 -1.8362, 3.2677 3.2348 -1.8529, 3.2677 3.6614 -1.9206, 3.2677 3.2254 -1.8678, 3.2677 3.2129 -1.8802, 3.2677 3.198 -1.8896, 3.2677 3.2254 -1.0604, 3.2677 3.2348 -1.0753, 3.2677 3.6614 -0.6395, 3.2677 3.045 -0.6395, 3.2677 3.045 -1.0423, 3.2677 3.0509 -1.0386, 3.2677 3.2406 -1.092, 3.2677 3.2426 -1.1095, 3.2677 3.6614 -1.5553, 3.2677 3.2426 -1.5553, 3.2677 3.6614 -1.7089, 3.2677 3.2426 -1.7089, 3.2677 3.6614 -1.7481, 3.2677 3.2426 -1.7481, 3.2677 3.2426 -1.8187, 3.2677 3.1814 -1.0327, 3.2677 3.198 -1.0386, 3.2677 3.2129 -1.0479, 3.2677 3.0676 -1.0327, 3.2677 3.0851 -1.0308, 3.2677 3.1638 -1.0308, 3.2677 2.45 -1.0386, 3.2677 2.4649 -1.0479, 3.2677 2.1224 -0.6395, 3.2677 2.2661 -1.0753, 3.2677 2.2755 -1.0604, 3.2677 2.1224 -1.5553, 3.2677 2.2583 -1.1095, 3.2677 2.2603 -1.092, 3.2677 2.288 -1.0479, 3.2677 2.3029 -1.0386, 3.2677 2.3196 -1.0327, 3.2677 2.4868 -1.0753, 3.2677 3.0083 -1.092, 3.2677 2.4774 -1.0604, 3.2677 2.4926 -1.092, 3.2677 2.4946 -1.1095, 3.2677 3.0064 -1.1095, 3.2677 3.0142 -1.0753, 3.2677 3.0235 -1.0604, 3.2677 3.036 -1.0479, 3.2677 2.3371 -1.0308, 3.2677 2.4158 -1.0308, 3.2677 2.4333 -1.0327, 3.2677 3.0064 -1.5553, 3.2677 2.4946 -1.5553, 3.2677 2.4946 -1.5747, 3.2677 2.5024 -1.6088, 3.2677 2.5733 -1.6534, 3.2677 2.4965 -1.5922, 3.2677 2.5117 -1.6238, 3.2677 2.5242 -1.6362, 3.2677 2.5558 -1.6514, 3.2677 2.5391 -1.6456, 3.2677 2.9276 -1.6534, 3.2677 3.0064 -1.5747, 3.2677 2.9451 -1.6514, 3.2677 2.9618 -1.6456, 3.2677 2.9767 -1.6362, 3.2677 2.9892 -1.6238, 3.2677 3.0044 -1.5922, 3.2677 2.9986 -1.6088, 3.2677 2.3371 -1.8974, 3.2677 2.1224 -1.9206, 3.2677 3.045 -1.9206, 3.2677 2.1224 -1.7481, 3.2677 2.2603 -1.8362, 3.2677 3.1814 -1.8955, 3.2677 3.1638 -1.8974, 3.2677 3.045 -1.8974, 3.2677 2.3196 -1.8955, 3.2677 2.3029 -1.8896, 3.2677 2.288 -1.8802, 3.2677 2.2583 -1.8187, 3.2677 2.2583 -1.7481, 3.2677 2.1224 -1.7089, 3.2677 2.2583 -1.7089, 3.2677 2.2583 -1.5553, 3.2677 2.2755 -1.8678, 3.2677 2.2661 -1.8529, 3.2677 3.2348 1.8529, 3.2677 3.6614 2.5, 3.2677 3.2254 1.8678, 3.2677 3.2129 1.8802, 3.2677 3.045 1.8974, 3.2677 3.1638 1.8974, 3.2677 3.045 2.5, 3.2677 3.1814 1.8955, 3.2677 3.198 1.8896, 3.2677 3.2406 1.092, 3.2677 3.2348 1.0753, 3.2677 3.6614 0.6774, 3.2677 3.2254 1.0604, 3.2677 3.2129 1.0479, 3.2677 3.198 1.0386, 3.2677 3.1814 1.0327, 3.2677 3.045 0.6774, 3.2677 3.1638 1.0308, 3.2677 3.0851 1.0308, 3.2677 3.0676 1.0327, 3.2677 3.2406 1.8362, 3.2677 3.2426 1.8187, 3.2677 3.2426 1.1095, 3.2677 3.0509 1.0386, 3.2677 3.045 1.0423, 3.2677 2.1224 0.6774, 3.2677 3.036 1.0479, 3.2677 2.4868 1.0753, 3.2677 2.4774 1.0604, 3.2677 3.0083 1.092, 3.2677 2.4649 1.0479, 3.2677 2.45 1.0386, 3.2677 2.288 1.0479, 3.2677 2.3029 1.0386, 3.2677 2.3196 1.0327, 3.2677 2.4926 1.092, 3.2677 3.0064 1.1095, 3.2677 2.4946 1.1095, 3.2677 3.0235 1.0604, 3.2677 3.0142 1.0753, 3.2677 2.2755 1.0604, 3.2677 2.2661 1.0753, 3.2677 2.2603 1.092, 3.2677 2.4333 1.0327, 3.2677 2.4158 1.0308, 3.2677 2.3371 1.0308, 3.2677 2.1224 2.5, 3.2677 2.2661 1.8529, 3.2677 2.2755 1.8678, 3.2677 2.3371 1.8974, 3.2677 2.3196 1.8955, 3.2677 2.288 1.8802, 3.2677 2.3029 1.8896, 3.2677 2.2583 1.1095, 3.2677 2.2583 1.8187, 3.2677 2.2603 1.8362, 3.2677 2.9276 1.6534, 3.2677 2.5733 1.6534, 3.2677 2.4946 1.5747, 3.2677 2.5558 1.6514, 3.2677 2.5391 1.6456, 3.2677 2.5242 1.6362, 3.2677 2.5117 1.6238, 3.2677 2.4965 1.5922, 3.2677 2.5024 1.6088, 3.2677 3.0064 1.5747, 3.2677 3.0044 1.5922, 3.2677 2.9986 1.6088, 3.2677 2.9892 1.6238, 3.2677 2.9767 1.6362, 3.2677 2.9451 1.6514, 3.2677 2.9618 1.6456, 3.2677 1.6443 -1.5774, 3.2677 1.6595 -1.5835, 3.2677 1.6955 -1.5553, 3.2677 1.6878 -1.6647, 3.2677 1.681 -1.6783, 3.2677 1.6955 -1.7089, 3.2677 1.6717 -1.6891, 3.2677 1.6717 -1.592, 3.2677 1.6778 -1.5982, 3.2677 1.6857 -1.6103, 3.2677 1.6902 -1.6235, 3.2677 1.6918 -1.6394, 3.2677 1.6913 -1.6492, 3.2677 1.6575 -1.6992, 3.2677 1.6443 -1.7043, 3.2677 1.6443 -1.7089, 3.2677 1.6423 -1.7051, 3.2677 1.6212 -1.5744, 3.2677 1.6437 -1.5771, 3.2677 1.6443 -1.5553, 3.2677 1.5832 -1.5744, 3.2677 1.3778 -1.8746, 3.2677 1.3808 -1.8471, 3.2677 1.3743 -1.88, 3.2677 1.3723 -1.8862, 3.2677 1.423 -1.9144, 3.2677 1.4177 -1.8362, 3.2677 1.4121 -1.8356, 3.2677 1.4031 -1.8629, 3.2677 1.3917 -1.9206, 3.2677 1.3853 -1.9182, 3.2677 1.3827 -1.8701, 3.2677 1.3895 -1.8664, 3.2677 1.3922 -1.8399, 3.2677 1.4027 -1.8365, 3.2677 1.4481 -1.9195, 3.2677 1.4538 -1.9206, 3.2677 1.4481 -1.8582, 3.2677 1.4465 -1.8442, 3.2677 1.3797 -1.9143, 3.2677 1.3778 -1.9124, 3.2677 1.3743 -1.9072, 3.2677 1.4314 -1.9048, 3.2677 1.4309 -1.9048, 3.2677 1.4283 -1.9087, 3.2677 1.3723 -1.9016, 3.2677 1.3715 -1.894, 3.2677 1.3808 -1.8309, 3.2677 1.4249 -1.8232, 3.2677 1.4317 -1.8255, 3.2677 1.437 -1.8288, 3.2677 1.4314 -1.8589, 3.2677 1.4308 -1.8515, 3.2677 1.4291 -1.8456, 3.2677 1.4271 -1.8421, 3.2677 1.4402 -1.8319, 3.2677 1.4437 -1.837, 3.2677 1.3858 -1.8281, 3.2677 1.3985 -1.8236, 3.2677 1.4136 -1.822, 3.2677 1.4246 -1.8395, 3.2677 1.4216 -1.8375, 3.2677 1.4103 -1.9208, 3.2677 1.4017 -1.9218, 3.2677 1.392 -1.9206, 3.2677 1.4785 -1.9189, 3.2677 1.4707 -1.9162, 3.2677 1.4651 -1.9206, 3.2677 1.4707 -1.8989, 3.2677 1.4651 -1.7481, 3.2677 1.4773 -1.9029, 3.2677 1.4785 -1.9034, 3.2677 1.4785 -1.868, 3.2677 1.4756 -1.865, 3.2677 1.4734 -1.8615, 3.2677 1.4716 -1.8564, 3.2677 1.4708 -1.8499, 3.2677 1.4715 -1.8439, 3.2677 1.4735 -1.8386, 3.2677 1.4783 -1.8679, 3.2677 1.5706 -1.9614, 3.2677 1.5648 -1.9636, 3.2677 1.4826 -1.9203, 3.2677 1.4785 -1.9206, 3.2677 1.4857 -1.9206, 3.2677 1.4966 -1.9218, 3.2677 1.5473 -1.9482, 3.2677 1.5507 -1.9493, 3.2677 1.5567 -1.9501, 3.2677 1.5607 -1.9496, 3.2677 1.558 -1.9644, 3.2677 1.5543 -1.9643, 3.2677 1.5473 -1.963, 3.2677 1.5644 -1.9483, 3.2677 1.5675 -1.9461, 3.2677 1.5706 -1.9427, 3.2677 1.5625 -1.8242, 3.2677 1.5706 -1.8474, 3.2677 1.5706 -1.7481, 3.2677 1.5438 -1.8242, 3.2677 1.5305 -1.8262, 3.2677 1.5706 -1.8923, 3.2677 1.5305 -1.8425, 3.2677 1.5326 -1.8824, 3.2677 1.5344 -1.8874, 3.2677 1.5351 -1.8936, 3.2677 1.5343 -1.9003, 3.2677 1.5323 -1.9056, 3.2677 1.5291 -1.91, 3.2677 1.4766 -1.834, 3.2677 1.4785 -1.8324, 3.2677 1.4785 -1.7481, 3.2677 1.4816 -1.8296, 3.2677 1.4857 -1.8271, 3.2677 1.4946 -1.8236, 3.2677 1.508 -1.822, 3.2677 1.518 -1.8228, 3.2677 1.5244 -1.9142, 3.2677 1.5199 -1.9169, 3.2677 1.5063 -1.8356, 3.2677 1.5014 -1.836, 3.2677 1.4881 -1.8484, 3.2677 1.4969 -1.8371, 3.2677 1.4931 -1.8391, 3.2677 1.4882 -1.8506, 3.2677 1.4889 -1.8532, 3.2677 1.4901 -1.8555, 3.2677 1.4917 -1.8573, 3.2677 1.4976 -1.861, 3.2677 1.5173 -1.8368, 3.2677 1.508 -1.8655, 3.2677 1.5267 -1.8403, 3.2677 1.5144 -1.8681, 3.2677 1.5255 -1.8743, 3.2677 1.5295 -1.8778, 3.2677 1.4906 -1.8414, 3.2677 1.4892 -1.8435, 3.2677 1.4884 -1.8458, 3.2677 1.4878 -1.9069, 3.2677 1.4962 -1.8776, 3.2677 1.4862 -1.8731, 3.2677 1.4982 -1.9081, 3.2677 1.499 -1.9081, 3.2677 1.5071 -1.8822, 3.2677 1.5075 -1.9072, 3.2677 1.5179 -1.8952, 3.2677 1.5178 -1.8931, 3.2677 1.5119 -1.9056, 3.2677 1.5134 -1.9047, 3.2677 1.5153 -1.9029, 3.2677 1.5168 -1.9008, 3.2677 1.5176 -1.8984, 3.2677 1.517 -1.8905, 3.2677 1.5157 -1.8883, 3.2677 1.5137 -1.8861, 3.2677 1.5973 -1.9206, 3.2677 1.6443 -1.9206, 3.2677 1.6353 -1.8242, 3.2677 1.6443 -1.7481, 3.2677 1.618 -1.8242, 3.2677 1.5874 -1.8958, 3.2677 1.5894 -1.9037, 3.2677 1.5899 -1.9037, 3.2677 1.5806 -1.9206, 3.2677 1.5812 -1.9193, 3.2677 1.5706 -1.9426, 3.2677 1.5739 -1.9366, 3.2677 1.592 -1.9339, 3.2677 1.5845 -1.9486, 3.2677 1.5784 -1.956, 3.2677 1.5772 -1.957, 3.2677 1.5714 -1.9611, 3.2677 1.6705 -1.8594, 3.2677 1.6705 -1.9043, 3.2677 1.6955 -1.9043, 3.2677 1.6533 -1.7861, 3.2677 1.6955 -1.7861, 3.2677 1.6955 -1.7481, 3.2677 1.722 -1.7861, 3.2677 1.6955 -1.9206, 3.2677 1.8626 -1.9206, 3.2677 1.7251 -1.9195, 3.2677 1.8549 -1.8764, 3.2677 1.8481 -1.89, 3.2677 1.7503 -1.7861, 3.2677 1.7183 -1.8441, 3.2677 1.7183 -1.8594, 3.2677 1.7503 -1.9195, 3.2677 1.7251 -1.9043, 3.2677 1.6955 -1.8594, 3.2677 1.8388 -1.9008, 3.2677 1.8247 -1.9109, 3.2677 1.8094 -1.9168, 3.2677 1.7884 -1.7861, 3.2677 1.8626 -1.7481, 3.2677 1.8108 -1.7888, 3.2677 1.8267 -1.7952, 3.2677 1.787 -1.9195, 3.2677 1.8528 -1.822, 3.2677 1.8573 -1.8352, 3.2677 1.8589 -1.8511, 3.2677 1.8584 -1.8609, 3.2677 1.8388 -1.8037, 3.2677 1.8449 -1.8099, 3.2677 1.722 -1.8014, 3.2677 1.6955 -1.8014, 3.2677 1.6955 -1.8441, 3.2677 1.6705 -1.8014, 3.2677 1.6705 -1.8441, 3.2677 1.6955 2.5, 3.2677 1.6955 0.6774, 3.2677 1.6955 -0.6395, 3.2677 1.3655 2.5, 3.2677 1.3655 0.6774, 3.2677 1.3548 2.5, 3.2677 1.3548 0.6774, 3.2677 1.2291 2.5, 3.2677 1.2291 0.6774, 3.2677 0.0394 2.5, 3.2677 0.0394 0.6774, 3.2677 2.8454 -0.187, 3.2677 2.8395 -0.2036, 3.2677 2.8302 -0.2186, 3.2677 2.8177 -0.231, 3.2677 2.8028 -0.2404, 3.2677 2.3196 -0.2462, 3.2677 2.3029 -0.2404, 3.2677 2.2603 0.2627, 3.2677 2.2661 0.2794, 3.2677 2.2755 0.2943, 3.2677 2.288 0.3068, 3.2677 2.3029 0.3162, 3.2677 2.8302 0.2943, 3.2677 2.8395 0.2794, 3.2677 2.288 -0.231, 3.2677 2.2755 -0.2186, 3.2677 2.2661 -0.2036, 3.2677 2.7861 0.322, 3.2677 2.8028 0.3162, 3.2677 2.8177 0.3068, 3.2677 2.8454 0.2627, 3.2677 2.8473 0.2452, 3.2677 2.8473 -0.1695, 3.2677 2.7861 -0.2462, 3.2677 2.7686 -0.2482, 3.2677 2.3371 -0.2482, 3.2677 2.2603 -0.187, 3.2677 2.2583 -0.1695, 3.2677 2.2583 0.2452, 3.2677 2.3196 0.322, 3.2677 2.3371 0.324, 3.2677 2.7686 0.324, 3.2677 1.8626 2.5, 3.2677 1.8626 0.6774, 3.2677 1.8626 -0.6395, 3.2677 1.8626 -1.5553, 3.2677 1.4538 -0.6395, 3.2677 1.3655 -0.6395, 3.2677 1.3548 -0.6395, 3.2677 1.6443 -0.6395, 3.2677 1.5832 -1.7078, 3.2677 1.5706 -1.5553, 3.2677 1.5706 -0.6395, 3.2677 1.5706 0.6774, 3.2677 1.4785 -1.5553, 3.2677 1.4785 -0.6395, 3.2677 1.4785 0.6774, 3.2677 1.4785 2.5, 3.2677 1.8626 -1.7089, 3.2677 1.8193 -1.7078, 3.2677 1.8003 -1.7078, 3.2677 1.7867 -1.6713, 3.2677 1.7311 -1.6713, 3.2677 1.7183 -1.7078, 3.2677 1.6992 -1.7078, 3.2677 1.7501 -1.5744, 3.2677 1.7685 -1.5744, 3.2677 1.558 -1.7078, 3.2677 1.4862 -1.7078, 3.2677 1.4785 -1.7089, 3.2677 1.6199 -1.7078, 3.2677 1.5706 -1.7089, 3.2677 1.558 -1.6926, 3.2677 1.5549 -1.5897, 3.2677 1.4862 -1.5744, 3.2677 1.5549 -1.5744, 3.2677 1.5034 -1.6477, 3.2677 1.5034 -1.6926, 3.2677 1.5511 -1.6477, 3.2677 1.5511 -1.6324, 3.2677 1.5034 -1.6324, 3.2677 1.5034 -1.5897, 3.2677 1.3541 -1.6926, 3.2677 1.3541 -1.7078, 3.2677 1.2837 -1.7078, 3.2677 1.301 -1.6926, 3.2677 1.301 -1.5744, 3.2677 1.2837 -1.5744, 3.2677 1.6533 -1.9195, 3.2677 1.6955 -1.9195, 3.2677 1.5919 -1.896, 3.2677 1.5907 -1.9004, 3.2677 1.8854 -1.9195, 3.2677 1.8663 -1.9195, 3.2677 1.9674 -1.9195, 3.2677 1.9538 -1.883, 3.2677 1.8982 -1.883, 3.2677 1.9172 -1.7861, 3.2677 1.9356 -1.7861, 3.2677 1.9864 -1.9195, 3.2677 1.4651 -1.9735, 3.2677 1.4651 -2.5, -0.9252 3.0906 -3.5039, -0.9252 2.9331 -3.5039, -1.0827 3.0906 -3.5039, -1.0827 2.9331 -3.5039, -1.0827 2.9331 -2.5, -0.9252 2.9331 -2.5, -0.9252 3.0906 -2.5, -1.0827 3.0906 -2.5, -0.122 3.0906 -3.5039, -0.122 2.9331 -3.5039, -0.2795 3.0906 -3.5039, -0.2795 2.9331 -3.5039, -0.2795 2.9331 -2.5, -0.122 2.9331 -2.5, -0.122 3.0906 -2.5, -0.2795 3.0906 -2.5, -0.2795 3.0906 -2.5
            ]
        }
        coordIndex [
            0,1,2,-1,1,3,4,-1,5,6,7,-1,8,9,10,-1,11,12,13,-1,14,15,16,-1,17,18,19,-1,20,21,22,-1,23,24,25,-1,25,24,26,-1,25,26,27,-1,27,28,25,-1,25,28,29,-1,25,29,30,-1,31,32,33,-1,34,35,31,-1,31,35,36,-1,31,36,37,-1,37,36,38,-1,37,38,39,-1,39,38,40,-1,39,40,23,-1,33,41,31,-1,31,41,42,-1,31,42,43,-1,43,44,31,-1,31,44,45,-1,31,45,34,-1,34,45,46,-1,34,46,47,-1,47,46,48,-1,47,48,49,-1,50,51,52,-1,50,52,53,-1,51,54,52,-1,52,54,55,-1,52,55,56,-1,56,55,57,-1,57,58,56,-1,56,58,59,-1,56,59,32,-1,32,59,60,-1,32,60,33,-1,61,53,62,-1,62,53,52,-1,62,52,63,-1,63,52,64,-1,63,64,65,-1,65,64,66,-1,67,68,64,-1,64,68,69,-1,64,69,66,-1,70,71,72,-1,72,71,73,-1,72,73,67,-1,67,73,74,-1,67,74,68,-1,75,76,77,-1,77,76,78,-1,78,79,77,-1,77,79,80,-1,77,80,70,-1,81,82,83,-1,84,85,86,-1,87,88,89,-1,89,88,90,-1,81,83,91,-1,84,86,92,-1,93,94,88,-1,88,94,95,-1,88,95,96,-1,21,97,22,-1,22,97,98,-1,22,98,86,-1,86,98,99,-1,86,99,92,-1,82,100,83,-1,83,100,101,-1,83,101,102,-1,103,104,105,-1,105,104,106,-1,105,106,107,-1,108,96,109,-1,109,96,110,-1,109,110,105,-1,105,110,111,-1,105,111,103,-1,108,112,96,-1,96,112,113,-1,96,113,88,-1,88,113,114,-1,88,114,90,-1,115,116,117,-1,117,116,118,-1,117,118,83,-1,83,118,119,-1,83,119,91,-1,120,121,83,-1,83,121,122,-1,83,122,88,-1,88,122,123,-1,88,123,93,-1,124,125,75,-1,75,125,126,-1,75,126,127,-1,127,128,75,-1,75,128,129,-1,75,129,130,-1,130,129,115,-1,130,115,131,-1,131,115,117,-1,85,132,86,-1,86,132,133,-1,86,133,75,-1,75,133,134,-1,75,134,124,-1,102,135,83,-1,83,135,136,-1,83,136,137,-1,137,138,83,-1,83,138,139,-1,83,139,120,-1,140,141,142,-1,142,96,140,-1,140,96,95,-1,140,95,143,-1,143,95,144,-1,144,145,143,-1,143,145,146,-1,143,146,147,-1,148,149,150,-1,149,151,150,-1,150,151,152,-1,150,152,153,-1,154,150,155,-1,141,140,154,-1,154,140,156,-1,154,156,150,-1,150,156,157,-1,150,157,148,-1,155,158,154,-1,154,158,159,-1,154,159,160,-1,153,152,161,-1,161,152,162,-1,161,162,163,-1,163,162,164,-1,163,164,165,-1,166,167,160,-1,160,167,168,-1,160,168,154,-1,30,169,25,-1,25,169,170,-1,25,170,171,-1,171,170,172,-1,171,172,20,-1,173,174,175,-1,175,174,22,-1,175,22,176,-1,176,22,86,-1,176,86,177,-1,178,179,180,-1,180,179,181,-1,180,181,182,-1,182,181,183,-1,182,183,184,-1,184,183,185,-1,173,183,174,-1,174,183,181,-1,174,181,186,-1,186,181,187,-1,186,187,188,-1,188,187,189,-1,188,189,177,-1,177,189,190,-1,177,190,176,-1,191,192,193,-1,194,195,192,-1,192,191,194,-1,194,191,196,-1,194,196,197,-1,197,196,198,-1,197,198,199,-1,200,201,202,-1,202,201,197,-1,202,197,203,-1,199,204,197,-1,197,204,205,-1,197,205,206,-1,207,208,197,-1,197,208,209,-1,197,209,203,-1,202,210,211,-1,206,212,197,-1,197,212,213,-1,197,213,207,-1,210,202,214,-1,214,202,215,-1,214,215,216,-1,211,217,202,-1,202,217,218,-1,202,218,200,-1,219,220,221,-1,222,223,224,-1,224,223,225,-1,224,225,193,-1,193,225,226,-1,193,226,191,-1,221,220,224,-1,224,220,227,-1,224,227,222,-1,228,229,221,-1,221,229,230,-1,221,230,219,-1,16,15,231,-1,232,233,221,-1,221,233,234,-1,221,234,228,-1,15,235,231,-1,231,235,236,-1,231,236,232,-1,232,236,237,-1,232,237,233,-1,238,239,16,-1,239,240,16,-1,16,240,241,-1,16,241,14,-1,18,242,19,-1,19,242,243,-1,19,243,244,-1,244,243,245,-1,244,245,186,-1,186,245,246,-1,186,246,247,-1,248,249,250,-1,250,249,251,-1,252,253,254,-1,255,256,257,-1,257,256,258,-1,253,259,260,-1,260,259,258,-1,260,258,261,-1,261,258,256,-1,253,260,254,-1,254,260,262,-1,254,262,263,-1,263,262,264,-1,263,264,265,-1,265,266,263,-1,263,266,267,-1,263,267,268,-1,254,250,252,-1,252,250,251,-1,252,251,269,-1,269,251,270,-1,269,270,271,-1,271,270,272,-1,271,272,273,-1,273,272,274,-1,273,274,275,-1,275,274,276,-1,275,276,277,-1,277,276,278,-1,277,278,279,-1,279,278,280,-1,279,280,281,-1,70,72,77,-1,77,72,282,-1,77,282,283,-1,283,282,284,-1,283,284,285,-1,285,284,286,-1,285,286,287,-1,288,289,290,-1,289,291,290,-1,290,291,292,-1,290,292,293,-1,294,295,296,-1,297,298,299,-1,295,300,296,-1,296,300,301,-1,296,301,302,-1,302,301,303,-1,302,303,304,-1,304,303,305,-1,304,305,306,-1,306,305,307,-1,306,307,290,-1,290,307,308,-1,290,308,288,-1,309,310,296,-1,296,310,311,-1,296,311,294,-1,299,312,297,-1,297,312,313,-1,297,313,314,-1,315,316,297,-1,317,318,319,-1,320,321,317,-1,317,321,322,-1,317,322,318,-1,319,323,317,-1,317,323,324,-1,317,324,325,-1,326,327,328,-1,328,327,316,-1,326,329,327,-1,327,329,330,-1,327,330,331,-1,327,332,316,-1,316,332,333,-1,316,333,297,-1,297,333,334,-1,297,334,298,-1,325,335,317,-1,317,335,336,-1,317,336,297,-1,297,336,337,-1,297,337,315,-1,331,330,338,-1,338,330,339,-1,338,339,340,-1,341,342,343,-1,343,342,340,-1,341,344,342,-1,342,344,345,-1,342,345,346,-1,346,345,347,-1,340,342,338,-1,338,342,348,-1,338,348,349,-1,349,348,350,-1,349,350,351,-1,351,352,349,-1,349,352,353,-1,349,353,354,-1,354,353,355,-1,356,357,358,-1,359,357,360,-1,293,361,290,-1,290,361,362,-1,290,362,358,-1,358,362,363,-1,358,363,356,-1,356,364,357,-1,357,364,365,-1,357,365,366,-1,360,367,359,-1,359,367,368,-1,359,368,369,-1,369,368,370,-1,369,370,320,-1,320,370,371,-1,320,371,321,-1,366,372,357,-1,357,372,373,-1,357,373,360,-1,374,375,376,-1,376,375,377,-1,378,379,380,-1,380,379,381,-1,380,381,375,-1,375,381,382,-1,375,382,377,-1,383,384,385,-1,385,384,386,-1,385,386,387,-1,388,389,390,-1,389,391,390,-1,390,391,392,-1,390,392,393,-1,374,394,375,-1,375,394,395,-1,375,395,385,-1,385,395,396,-1,385,396,383,-1,393,397,390,-1,390,397,398,-1,390,398,399,-1,399,398,400,-1,401,402,403,-1,403,402,404,-1,403,404,405,-1,406,399,407,-1,407,399,408,-1,401,403,409,-1,409,403,410,-1,409,410,411,-1,400,412,399,-1,399,412,413,-1,399,413,403,-1,406,414,399,-1,399,414,415,-1,399,415,416,-1,405,417,403,-1,403,417,418,-1,403,418,399,-1,399,418,419,-1,399,419,408,-1,420,421,422,-1,378,380,423,-1,423,380,420,-1,423,420,424,-1,422,425,420,-1,420,425,426,-1,420,426,424,-1,416,427,399,-1,399,427,428,-1,399,428,420,-1,420,428,429,-1,420,429,421,-1,430,431,432,-1,432,431,433,-1,432,433,434,-1,434,435,432,-1,432,435,436,-1,432,436,437,-1,437,436,438,-1,411,410,432,-1,432,410,439,-1,432,439,430,-1,430,439,440,-1,430,440,441,-1,441,442,430,-1,430,442,443,-1,430,443,444,-1,444,443,445,-1,446,447,448,-1,449,450,451,-1,451,450,452,-1,447,453,448,-1,448,453,454,-1,448,454,455,-1,455,456,448,-1,448,456,457,-1,448,457,451,-1,451,457,458,-1,451,458,449,-1,459,460,461,-1,461,460,462,-1,463,464,465,-1,463,465,466,-1,467,468,469,-1,469,468,470,-1,11,13,471,-1,472,473,474,-1,475,476,188,-1,467,477,468,-1,468,477,478,-1,468,478,479,-1,479,478,474,-1,479,474,480,-1,480,474,473,-1,481,482,483,-1,483,482,244,-1,483,244,484,-1,476,485,188,-1,188,485,486,-1,188,486,487,-1,488,489,13,-1,13,489,490,-1,13,490,471,-1,487,491,188,-1,188,491,492,-1,188,492,186,-1,186,492,470,-1,186,470,493,-1,493,470,468,-1,494,495,244,-1,244,495,496,-1,497,498,474,-1,474,498,499,-1,474,499,500,-1,496,501,244,-1,244,501,502,-1,244,502,484,-1,493,503,186,-1,186,503,504,-1,186,504,244,-1,244,504,505,-1,244,505,494,-1,500,506,474,-1,474,506,507,-1,474,507,472,-1,481,13,482,-1,482,13,12,-1,482,12,287,-1,287,12,508,-1,287,508,285,-1,285,508,509,-1,285,509,510,-1,511,512,513,-1,513,512,514,-1,513,514,515,-1,516,517,518,-1,519,520,514,-1,520,521,514,-1,514,521,522,-1,514,522,515,-1,515,522,523,-1,515,523,524,-1,516,518,514,-1,514,518,525,-1,514,525,519,-1,278,526,527,-1,528,529,530,-1,530,529,280,-1,530,280,531,-1,531,280,9,-1,9,280,532,-1,9,532,10,-1,532,533,10,-1,10,533,534,-1,10,534,535,-1,527,536,278,-1,278,536,537,-1,278,537,280,-1,280,537,538,-1,280,538,532,-1,535,539,10,-1,10,539,540,-1,10,540,541,-1,542,543,544,-1,542,544,545,-1,545,546,547,-1,547,546,548,-1,549,550,10,-1,10,550,551,-1,551,552,10,-1,10,552,553,-1,10,553,554,-1,555,556,557,-1,557,556,558,-1,557,558,559,-1,559,560,557,-1,557,560,561,-1,557,561,562,-1,554,563,10,-1,10,563,564,-1,10,564,8,-1,565,566,567,-1,567,566,568,-1,567,568,569,-1,567,570,565,-1,565,570,571,-1,565,571,572,-1,572,573,565,-1,565,573,574,-1,565,574,575,-1,575,574,576,-1,575,576,577,-1,577,576,578,-1,577,578,548,-1,548,578,579,-1,548,579,580,-1,581,582,569,-1,569,582,583,-1,569,583,567,-1,584,585,517,-1,517,585,586,-1,517,586,518,-1,584,587,585,-1,585,587,588,-1,585,588,589,-1,589,588,590,-1,589,591,592,-1,590,593,589,-1,589,593,594,-1,589,594,595,-1,595,596,589,-1,589,596,597,-1,589,597,591,-1,592,598,589,-1,589,598,599,-1,589,599,600,-1,601,602,603,-1,603,602,604,-1,603,604,605,-1,606,607,608,-1,580,549,548,-1,548,549,10,-1,548,10,547,-1,547,10,609,-1,547,609,610,-1,541,611,10,-1,10,611,612,-1,10,612,609,-1,613,614,276,-1,613,276,601,-1,614,615,276,-1,276,615,616,-1,276,616,278,-1,278,616,617,-1,278,617,526,-1,618,619,620,-1,621,622,623,-1,623,622,624,-1,625,626,627,-1,628,629,626,-1,630,631,632,-1,633,630,634,-1,634,630,632,-1,634,632,620,-1,620,632,635,-1,620,635,618,-1,629,636,626,-1,626,636,637,-1,626,637,638,-1,630,639,640,-1,640,639,641,-1,640,641,642,-1,638,643,626,-1,626,643,633,-1,626,633,627,-1,627,633,634,-1,644,645,640,-1,640,645,646,-1,640,646,626,-1,626,646,647,-1,626,647,628,-1,642,648,640,-1,640,648,649,-1,640,649,644,-1,650,651,652,-1,652,651,653,-1,652,653,654,-1,655,6,656,-1,656,6,5,-1,656,5,657,-1,1,4,2,-1,2,4,658,-1,2,658,659,-1,659,658,660,-1,659,660,661,-1,661,660,662,-1,661,662,663,-1,663,662,664,-1,663,664,665,-1,387,388,385,-1,385,388,390,-1,385,390,296,-1,296,390,297,-1,296,297,309,-1,309,297,314,-1,666,667,297,-1,667,668,297,-1,297,668,669,-1,297,669,670,-1,671,672,317,-1,673,674,399,-1,674,675,399,-1,399,675,676,-1,399,676,677,-1,678,679,390,-1,672,680,317,-1,317,680,681,-1,317,681,682,-1,683,684,390,-1,390,684,685,-1,390,685,678,-1,679,686,390,-1,390,686,687,-1,390,687,297,-1,297,687,688,-1,297,688,666,-1,670,689,297,-1,297,689,690,-1,297,690,317,-1,317,690,691,-1,317,691,671,-1,682,692,317,-1,317,692,693,-1,317,693,399,-1,399,693,694,-1,399,694,673,-1,677,695,399,-1,399,695,696,-1,399,696,390,-1,390,696,697,-1,390,697,683,-1,698,655,699,-1,699,655,656,-1,699,656,700,-1,700,656,657,-1,700,657,701,-1,0,2,702,-1,702,2,659,-1,702,659,703,-1,703,659,661,-1,703,661,704,-1,704,661,663,-1,704,663,39,-1,39,663,665,-1,39,665,37,-1,464,446,465,-1,465,446,448,-1,465,448,705,-1,706,466,707,-1,707,466,465,-1,707,465,708,-1,708,465,705,-1,708,705,709,-1,710,707,711,-1,711,707,708,-1,711,708,712,-1,712,708,709,-1,712,709,713,-1,23,25,39,-1,39,25,232,-1,39,232,704,-1,704,232,221,-1,704,221,703,-1,703,221,224,-1,703,224,702,-1,702,224,193,-1,702,193,0,-1,420,698,399,-1,399,698,699,-1,399,699,317,-1,317,699,700,-1,317,700,320,-1,320,700,701,-1,320,701,369,-1,369,701,714,-1,369,714,359,-1,714,715,716,-1,717,718,716,-1,716,718,719,-1,716,719,714,-1,451,720,448,-1,448,720,721,-1,448,721,722,-1,715,714,722,-1,722,714,701,-1,722,701,448,-1,448,701,657,-1,448,657,705,-1,705,657,5,-1,705,5,709,-1,709,5,7,-1,709,7,713,-1,723,724,725,-1,726,706,727,-1,727,706,707,-1,727,707,728,-1,728,707,729,-1,725,724,710,-1,710,724,730,-1,710,730,707,-1,707,730,731,-1,707,731,729,-1,732,733,734,-1,734,733,728,-1,734,728,735,-1,735,728,729,-1,735,729,736,-1,736,729,737,-1,232,738,231,-1,231,738,739,-1,231,739,740,-1,741,738,742,-1,742,738,232,-1,742,232,743,-1,743,232,25,-1,743,25,740,-1,740,25,171,-1,740,171,231,-1,652,631,650,-1,650,631,630,-1,650,630,624,-1,624,630,640,-1,624,640,623,-1,623,640,451,-1,452,459,451,-1,451,459,461,-1,451,461,623,-1,623,461,604,-1,623,604,621,-1,621,604,602,-1,621,602,744,-1,744,602,625,-1,744,625,745,-1,745,625,627,-1,462,726,461,-1,461,726,727,-1,461,727,604,-1,604,727,544,-1,604,544,605,-1,605,544,543,-1,605,543,746,-1,746,543,606,-1,746,606,747,-1,747,606,608,-1,728,723,727,-1,727,723,725,-1,727,725,544,-1,544,725,557,-1,544,557,545,-1,545,557,562,-1,545,562,546,-1,713,3,712,-1,712,3,1,-1,712,1,711,-1,711,1,0,-1,711,0,710,-1,710,0,193,-1,710,193,725,-1,725,193,192,-1,725,192,557,-1,557,192,515,-1,557,515,555,-1,555,515,524,-1,20,22,171,-1,171,22,174,-1,171,174,231,-1,231,174,186,-1,231,186,16,-1,16,186,247,-1,16,247,238,-1,748,749,626,-1,750,751,752,-1,626,749,640,-1,640,749,753,-1,640,753,754,-1,752,748,750,-1,750,748,626,-1,750,626,755,-1,755,626,357,-1,755,357,754,-1,754,357,359,-1,754,359,640,-1,640,359,714,-1,640,714,451,-1,451,714,719,-1,451,719,720,-1,601,276,602,-1,602,276,274,-1,602,274,625,-1,625,274,272,-1,625,272,626,-1,626,272,270,-1,626,270,357,-1,357,270,251,-1,357,251,358,-1,358,251,249,-1,358,249,290,-1,528,511,529,-1,529,511,513,-1,529,513,280,-1,280,513,756,-1,280,756,281,-1,281,756,757,-1,195,17,192,-1,192,17,19,-1,192,19,515,-1,515,19,244,-1,515,244,513,-1,513,244,482,-1,513,482,756,-1,756,482,287,-1,756,287,757,-1,757,287,286,-1,75,77,86,-1,86,77,283,-1,86,283,177,-1,177,283,285,-1,177,285,188,-1,188,285,510,-1,188,510,475,-1,758,759,760,-1,760,759,761,-1,761,759,762,-1,762,759,763,-1,759,758,763,-1,763,758,764,-1,758,760,764,-1,764,760,765,-1,760,761,765,-1,765,761,762,-1,766,767,768,-1,768,767,769,-1,769,767,770,-1,770,767,771,-1,767,766,771,-1,771,766,772,-1,766,768,772,-1,772,768,773,-1,768,769,773,-1,773,769,770,-1,
        ]
    }
}
Shape{
    appearance Appearance {
        material  Material 	{
            diffuseColor 0.25098039215686274 0.25098039215686274 0.25098039215686274
            specularColor 0.12549019607843137 0.12549019607843137 0.12549019607843137
            ambientIntensity 0.2
            transparency 0
            shininess 0.5
        }
    }
    geometry IndexedFaceSet {
        ccw TRUE
        solid FALSE
        coord DEF co Coordinate {
            point [
                -2.9449 4.6358 -2.5, -3.1496 4.6358 -2.5, -3.1496 6.0236 -2.5, 0.6811 3.0906 -2.5, 0.5236 3.0906 -2.5, 0.4016 3.3661 -2.5, 1.4843 3.0906 -2.5, 1.3268 3.0906 -2.5, 1.2047 3.3661 -2.5, 0.8031 0.0 -2.5, 0.4016 0.0 -2.5, 0.4016 0.7972 -2.5, 1.2047 0.0 -2.5, 0.8031 0.7972 -2.5, 1.5925 0.0 -2.5, 1.2047 0.7972 -2.5, 1.9035 0.0 -2.5, 1.5925 0.7972 -2.5, 2.9528 3.4523 -2.5, 3.1496 3.4523 -2.5, 3.1496 3.3661 -2.5, -1.9035 0.7972 -2.5, -2.9449 0.7972 -2.5, -2.9402 1.5945 -2.5, -1.9035 2.6575 -2.5, -1.9094 1.9882 -2.5, -1.9268 2.1304 -2.5, -2.0598 1.5945 -2.5, -1.978 1.7121 -2.5, -1.9268 1.846 -2.5, -1.978 2.2643 -2.5, -2.0598 2.3819 -2.5, -2.9449 2.6575 -2.5, -2.9402 2.3819 -2.5, -2.9449 2.3751 -2.5, -3.1496 2.6575 -2.5, -3.022 2.2643 -2.5, -3.0732 2.1304 -2.5, -3.0906 1.9882 -2.5, -3.1496 0.7972 -2.5, -3.0732 1.846 -2.5, -3.022 1.7121 -2.5, -2.9449 1.6013 -2.5, 3.022 2.2643 -2.5, 2.9402 2.3819 -2.5, 3.1496 2.6575 -2.5, 3.1496 0.7972 -2.5, 2.9402 1.5945 -2.5, 3.022 1.7121 -2.5, 3.0732 1.846 -2.5, 3.0906 1.9882 -2.5, 3.0732 2.1304 -2.5, 2.2559 1.5945 -2.5, 2.2559 0.7972 -2.5, 2.0598 1.5945 -2.5, 1.9035 0.7972 -2.5, 1.978 1.7121 -2.5, 2.2559 2.3819 -2.5, 2.0598 2.3819 -2.5, 1.9035 2.6575 -2.5, 1.978 2.2643 -2.5, 1.9268 2.1304 -2.5, 1.9094 1.9882 -2.5, 1.9268 1.846 -2.5, 3.1496 4.6358 -2.5, 3.1496 4.5768 -2.5, 2.9528 4.5768 -2.5, 2.2559 3.3661 -2.5, 2.2559 4.6358 -2.5, -2.9449 3.3661 -2.5, -3.1496 3.3661 -2.5, -3.1496 3.4523 -2.5, -3.1496 4.5768 -2.5, -2.9528 4.5768 -2.5, -2.9528 3.4523 -2.5, 2.2559 0.0 -2.5, 3.1496 0.0 -2.5, -3.1496 0.0 -2.5, -2.9449 0.0 -2.5, -1.9035 0.0 -2.5, -1.5925 0.0 -2.5, -1.5925 0.7972 -2.5, -1.2047 0.0 -2.5, -1.2047 0.7972 -2.5, -0.8031 0.0 -2.5, -0.8031 0.7972 -2.5, 0.0 0.0 -2.5, 0.0 0.7972 -2.5, 1.2047 2.6575 -2.5, 1.5925 2.6575 -2.5, 0.4016 2.6575 -2.5, 0.8031 2.6575 -2.5, -1.5925 2.6575 -2.5, -1.2047 2.6575 -2.5, -0.8031 2.6575 -2.5, 0.0 2.6575 -2.5, 2.2559 2.6575 -2.5, 1.5925 3.3661 -2.5, 1.9035 3.3661 -2.5, 1.3268 2.9331 -2.5, 1.4843 2.9331 -2.5, 0.8031 3.3661 -2.5, 0.5236 2.9331 -2.5, 0.6811 2.9331 -2.5, 0.0 3.3661 -2.5, -0.122 3.0906 -2.5, -0.122 2.9331 -2.5, -0.2795 2.9331 -2.5, -0.2795 3.0906 -2.5, -0.8031 3.3661 -2.5, -1.0827 3.0906 -2.5, -1.0827 2.9331 -2.5, -0.9252 2.9331 -2.5, -1.9035 3.3661 -2.5, -1.5925 3.3661 -2.5, -1.2047 3.3661 -2.5, -0.9252 3.0906 -2.5, 1.9035 4.6358 -2.5, 1.5925 4.6358 -2.5, 1.2047 4.6358 -2.5, 0.9252 3.7992 -2.5, 0.9252 3.6417 -2.5, 1.0827 3.6417 -2.5, 1.0827 3.7992 -2.5, 0.8031 4.6358 -2.5, 0.4016 4.6358 -2.5, 0.2795 3.7992 -2.5, 0.0 4.6358 -2.5, 0.122 3.7992 -2.5, 0.122 3.6417 -2.5, 0.2795 3.6417 -2.5, -0.6811 3.7992 -2.5, -0.6811 3.6417 -2.5, -0.5236 3.6417 -2.5, -0.5236 3.7992 -2.5, -0.8031 4.6358 -2.5, -1.2047 4.6358 -2.5, -1.4843 3.7992 -2.5, -1.4843 3.6417 -2.5, -1.3268 3.6417 -2.5, -1.3268 3.7992 -2.5, -1.5925 4.6358 -2.5, -1.9035 4.6358 -2.5, 2.7992 5.6693 -2.5, 3.1496 6.0236 -2.5, 2.7992 5.4724 -2.5, 2.6024 5.4724 -2.5, 2.6024 5.6693 -2.5, 2.2559 6.0236 -2.5, 1.9035 6.0236 -2.5, 1.7008 5.4724 -2.5, 1.8976 5.4724 -2.5, 1.8976 5.6693 -2.5, 1.5925 6.0236 -2.5, 1.7008 5.6693 -2.5, -1.5925 6.0236 -2.5, -1.2047 6.0236 -2.5, -0.8031 6.0236 -2.5, 0.0 6.0236 -2.5, 0.4016 6.0236 -2.5, 0.8031 6.0236 -2.5, 1.2047 6.0236 -2.5, -1.9035 6.0236 -2.5, -1.8976 5.6693 -2.5, -1.8976 5.4724 -2.5, -1.7008 5.6693 -2.5, -1.7008 5.4724 -2.5, -2.9449 6.0236 -2.5, -2.7992 5.4724 -2.5, -2.6024 5.4724 -2.5, -2.6024 5.6693 -2.5, -2.7992 5.6693 -2.5, -2.7992 5.6693 -2.5
            ]
        }
        coordIndex [
            0,1,2,-1,3,4,5,-1,6,7,8,-1,9,10,11,-1,12,9,13,-1,14,12,15,-1,16,14,17,-1,18,19,20,-1,21,22,23,-1,24,25,26,-1,23,27,21,-1,21,27,28,-1,21,28,29,-1,26,30,24,-1,24,30,31,-1,24,31,32,-1,31,33,32,-1,32,33,34,-1,32,34,35,-1,35,34,36,-1,36,37,35,-1,35,37,38,-1,35,38,39,-1,38,40,39,-1,39,40,41,-1,39,41,22,-1,22,41,42,-1,22,42,23,-1,43,44,45,-1,46,47,48,-1,48,49,46,-1,46,49,50,-1,46,50,45,-1,45,50,51,-1,45,51,43,-1,47,46,52,-1,52,46,53,-1,52,53,54,-1,54,53,55,-1,54,55,56,-1,57,58,59,-1,59,58,60,-1,60,61,59,-1,59,61,62,-1,59,62,55,-1,55,62,63,-1,55,63,56,-1,64,65,66,-1,18,67,66,-1,66,67,68,-1,66,68,64,-1,69,70,71,-1,72,1,73,-1,73,1,0,-1,73,0,74,-1,16,55,75,-1,75,55,53,-1,75,53,76,-1,76,53,46,-1,77,39,78,-1,78,39,22,-1,78,22,79,-1,79,22,21,-1,79,21,80,-1,80,21,81,-1,80,81,82,-1,82,81,83,-1,82,83,84,-1,84,83,85,-1,84,85,86,-1,86,85,87,-1,86,87,10,-1,14,15,17,-1,17,15,88,-1,17,88,89,-1,9,11,13,-1,13,11,90,-1,13,90,91,-1,29,25,21,-1,21,25,24,-1,21,24,81,-1,81,24,92,-1,81,92,83,-1,83,92,93,-1,83,93,85,-1,85,93,94,-1,85,94,87,-1,87,94,95,-1,18,20,67,-1,67,20,45,-1,67,45,96,-1,96,45,44,-1,96,44,57,-1,16,17,55,-1,55,17,89,-1,55,89,59,-1,59,89,97,-1,59,97,98,-1,8,7,88,-1,88,7,99,-1,88,99,89,-1,89,99,100,-1,89,100,97,-1,12,13,15,-1,15,13,91,-1,15,91,88,-1,88,91,101,-1,88,101,8,-1,5,4,90,-1,90,4,102,-1,90,102,91,-1,91,102,103,-1,91,103,101,-1,10,87,11,-1,11,87,95,-1,11,95,90,-1,90,95,104,-1,90,104,5,-1,105,104,106,-1,106,104,95,-1,106,95,107,-1,107,95,94,-1,107,94,108,-1,108,94,109,-1,108,109,105,-1,105,109,104,-1,110,111,93,-1,93,111,94,-1,94,111,112,-1,94,112,109,-1,35,70,32,-1,32,70,69,-1,32,69,24,-1,24,69,113,-1,24,113,92,-1,92,113,114,-1,92,114,93,-1,93,114,115,-1,93,115,110,-1,110,115,116,-1,117,98,118,-1,118,98,97,-1,118,97,119,-1,120,121,101,-1,101,121,8,-1,8,121,122,-1,8,122,123,-1,100,6,97,-1,97,6,8,-1,97,8,119,-1,119,8,123,-1,119,123,124,-1,123,120,124,-1,124,120,101,-1,124,101,125,-1,103,3,101,-1,101,3,5,-1,101,5,125,-1,125,5,126,-1,125,126,127,-1,127,126,128,-1,127,128,104,-1,104,128,129,-1,104,129,5,-1,5,129,130,-1,5,130,126,-1,131,132,109,-1,109,132,104,-1,104,132,133,-1,104,133,127,-1,127,133,134,-1,127,134,135,-1,134,131,135,-1,135,131,109,-1,135,109,136,-1,137,138,114,-1,114,138,115,-1,115,138,139,-1,115,139,140,-1,112,116,109,-1,109,116,115,-1,109,115,136,-1,136,115,140,-1,136,140,141,-1,71,74,69,-1,69,74,0,-1,69,0,113,-1,113,0,142,-1,113,142,114,-1,114,142,141,-1,114,141,137,-1,137,141,140,-1,143,144,145,-1,145,144,64,-1,145,64,146,-1,146,64,68,-1,146,68,147,-1,147,68,148,-1,147,148,143,-1,143,148,144,-1,57,59,96,-1,96,59,98,-1,96,98,67,-1,67,98,117,-1,67,117,68,-1,68,117,149,-1,68,149,148,-1,118,150,117,-1,117,150,151,-1,117,151,149,-1,149,151,152,-1,149,152,153,-1,153,152,154,-1,141,155,136,-1,136,155,156,-1,136,156,135,-1,135,156,157,-1,135,157,127,-1,127,157,158,-1,127,158,125,-1,125,158,159,-1,125,159,124,-1,124,159,160,-1,124,160,119,-1,119,160,161,-1,119,161,118,-1,118,161,153,-1,118,153,150,-1,150,153,154,-1,162,163,164,-1,163,162,165,-1,165,162,155,-1,165,155,166,-1,166,155,141,-1,166,141,164,-1,164,141,142,-1,164,142,162,-1,2,167,0,-1,0,167,168,-1,0,168,142,-1,142,168,169,-1,142,169,162,-1,162,169,170,-1,162,170,167,-1,167,170,171,-1,167,171,168,-1,
        ]
    }
}
Shape{
    appearance Appearance {
        material  Material 	{
            diffuseColor 0.7529411764705882 0.7529411764705882 0.7529411764705882
            specularColor 0.3764705882352941 0.3764705882352941 0.3764705882352941
            ambientIntensity 0.2
            transparency 0
            shininess 0.5
        }
    }
    geometry IndexedFaceSet {
        ccw TRUE
        solid FALSE
        coord DEF co Coordinate {
            point [
                -1.3268 3.7992 -3.5039, -1.3268 3.6417 -3.5039, -1.4843 3.7992 -3.5039, -1.4843 3.6417 -3.5039, -1.4843 3.6417 -2.5, -1.3268 3.6417 -2.5, -1.3268 3.7992 -2.5, -1.4843 3.7992 -2.5, -0.5236 3.7992 -3.5039, -0.5236 3.6417 -3.5039, -0.6811 3.7992 -3.5039, -0.6811 3.6417 -3.5039, -0.6811 3.6417 -2.5, -0.5236 3.6417 -2.5, -0.5236 3.7992 -2.5, -0.6811 3.7992 -2.5, -0.6811 3.7992 -2.5
            ]
        }
        coordIndex [
            0,1,2,-1,2,1,3,-1,3,1,4,-1,4,1,5,-1,1,0,5,-1,5,0,6,-1,0,2,6,-1,6,2,7,-1,2,3,7,-1,7,3,4,-1,8,9,10,-1,10,9,11,-1,11,9,12,-1,12,9,13,-1,9,8,13,-1,13,8,14,-1,8,10,14,-1,14,10,15,-1,10,11,15,-1,15,11,12,-1,
        ]
    }
}
Shape{
    appearance Appearance {
        material  Material 	{
            diffuseColor 0.25098039215686274 0.25098039215686274 0.25098039215686274
            specularColor 0.12549019607843137 0.12549019607843137 0.12549019607843137
            ambientIntensity 0.2
            transparency 0
            shininess 0.5
        }
    }
    geometry IndexedFaceSet {
        ccw TRUE
        solid FALSE
        coord DEF co Coordinate {
            point [
                -1.4567 0.0 2.0276, -1.7864 0.0 2.0883, -1.7698 0.0 2.0825, -1.7698 0.0 1.4682, -1.7864 0.0 1.4623, -1.4567 0.0 1.3976, -1.804 0.0 1.4604, -2.6378 0.0 1.3976, -2.8276 0.0 1.4604, -2.6378 0.0 1.3189, -2.9528 0.0 1.3189, -2.8451 0.0 1.4623, -2.8617 0.0 1.4682, -1.7272 0.0 1.5216, -1.733 0.0 1.5049, -2.8767 0.0 1.4775, -2.8891 0.0 1.49, -2.8985 0.0 1.5049, -2.9043 0.0 2.0291, -2.8985 0.0 2.0457, -2.9528 0.0 2.1063, -2.8891 0.0 2.0606, -1.7424 0.0 1.49, -1.7549 0.0 1.4775, -2.8767 0.0 2.0731, -2.8617 0.0 2.0825, -2.8451 0.0 2.0883, -1.7549 0.0 2.0731, -1.7424 0.0 2.0606, -1.733 0.0 2.0457, -2.8276 0.0 2.0903, -1.804 0.0 2.0903, -1.1863 0.0 2.1063, -1.1863 0.0 2.0276, -1.7272 0.0 2.0291, -1.7252 0.0 2.0115, -1.7252 0.0 1.5391, -2.9043 0.0 1.5216, -2.9063 0.0 1.5391, -2.9063 0.0 2.0115, 2.5591 0.0787 -1.8307, 2.5591 0.5784 -1.8307, 2.0079 0.0787 -1.8307, 2.0079 0.5784 -1.8307, 1.1811 0.0787 -1.8307, 1.1811 0.5784 -1.8307, 0.7874 0.0787 -1.8307, 0.7874 0.5784 -1.8307, 0.3937 0.0787 -1.8307, 0.3937 0.5784 -1.8307, 0.0 0.0787 -1.8307, 0.0 0.5784 -1.8307, -0.3937 0.0787 -1.8307, -0.3937 0.5784 -1.8307, -0.7874 0.0787 -1.8307, -0.7874 0.5784 -1.8307, -1.1811 0.0787 -1.8307, -1.1811 0.5784 -1.8307, -2.5591 0.0787 -1.8307, -2.5591 0.5784 -1.8307, -1.2992 1.0781 -1.8307, -1.4567 1.0781 -1.8307, -2.5591 3.937 -1.8307, -1.4567 1.1568 -1.8307, -2.0079 3.937 -1.8307, -1.2992 1.1568 -1.8307, -1.1811 3.937 -1.8307, -0.9055 1.0781 -1.8307, -1.063 1.0781 -1.8307, -1.063 1.1568 -1.8307, -0.9055 1.1568 -1.8307, -0.7874 3.937 -1.8307, -0.5118 1.0781 -1.8307, -0.6693 1.0781 -1.8307, -0.6693 1.1568 -1.8307, -0.5118 1.1568 -1.8307, -0.3937 3.937 -1.8307, -0.1181 1.0781 -1.8307, -0.2756 1.0781 -1.8307, -0.2756 1.1568 -1.8307, -0.1181 1.1568 -1.8307, 0.0 3.937 -1.8307, 0.2756 1.0781 -1.8307, 0.1181 1.0781 -1.8307, 0.1181 1.1568 -1.8307, 0.2756 1.1568 -1.8307, 0.3937 3.937 -1.8307, 0.6693 1.0781 -1.8307, 0.5118 1.0781 -1.8307, 0.5118 1.1568 -1.8307, 0.6693 1.1568 -1.8307, 0.7874 3.937 -1.8307, 1.063 1.1568 -1.8307, 1.063 1.0781 -1.8307, 0.9055 1.0781 -1.8307, 0.9055 1.1568 -1.8307, 1.1811 3.937 -1.8307, 1.4567 1.1568 -1.8307, 1.4567 1.0781 -1.8307, 1.2992 1.0781 -1.8307, 1.2992 1.1568 -1.8307, 2.0079 3.937 -1.8307, 2.5591 3.937 -1.8307, 1.378 3.937 1.3189, 1.378 3.937 1.9488, 1.1811 3.937 1.9488, 1.1076 3.937 1.9488, 1.1076 3.937 2.4277, 0.7874 3.937 2.4277, -2.5591 3.937 1.3189, -2.5591 3.937 1.1505, -2.0079 3.937 1.3189, -2.0079 3.937 1.1505, -1.378 3.937 1.3189, -1.1811 3.937 1.1505, -1.378 3.937 1.9488, -1.1811 3.937 1.9488, -1.1076 3.937 1.9488, -0.7874 3.937 1.1505, -1.1076 3.937 2.4277, 2.5591 3.937 1.1505, 2.5591 3.937 1.3189, 1.1811 3.937 1.1505, 1.2992 3.937 -0.1267, 1.4567 3.937 -0.1267, 1.4567 3.937 -0.2161, 1.2992 3.937 -0.2161, 0.9055 3.937 -0.1267, 1.063 3.937 -0.1267, 1.063 3.937 -0.2161, 0.7874 3.937 1.1505, 0.9055 3.937 -0.2161, 0.3937 3.937 1.1505, 0.5118 3.937 -0.1267, 0.6693 3.937 -0.1267, 0.6693 3.937 -0.2161, 0.5118 3.937 -0.2161, 0.0 3.937 1.1505, 0.1181 3.937 -0.1267, 0.2756 3.937 -0.1267, 0.2756 3.937 -0.2161, 0.1181 3.937 -0.2161, -0.3937 3.937 1.1505, -0.2756 3.937 -0.1267, -0.1181 3.937 -0.1267, -0.1181 3.937 -0.2161, -0.2756 3.937 -0.2161, -0.6693 3.937 -0.1267, -0.5118 3.937 -0.1267, -0.5118 3.937 -0.2161, -0.6693 3.937 -0.2161, 0.3937 3.937 2.4277, 0.0 3.937 2.4277, -0.3937 3.937 2.4277, -0.7874 3.937 2.4277, -0.9055 3.937 -0.1267, -0.9055 3.937 -0.2161, -1.063 3.937 -0.1267, -1.063 3.937 -0.2161, -1.2992 3.937 -0.1267, -1.2992 3.937 -0.2161, -1.4567 3.937 -0.1267, -1.4567 3.937 -0.2161, -1.4567 3.937 -0.2161
            ]
        }
        coordIndex [
            0,1,2,-1,3,4,5,-1,5,4,6,-1,5,6,7,-1,7,6,8,-1,7,8,9,-1,9,8,10,-1,10,8,11,-1,10,11,12,-1,13,14,5,-1,12,15,10,-1,10,15,16,-1,10,16,17,-1,18,19,20,-1,20,19,21,-1,14,22,5,-1,5,22,23,-1,5,23,3,-1,21,24,20,-1,20,24,25,-1,20,25,26,-1,2,27,0,-1,0,27,28,-1,0,28,29,-1,26,30,20,-1,20,30,31,-1,20,31,32,-1,32,31,1,-1,32,1,33,-1,33,1,0,-1,29,34,0,-1,0,34,35,-1,0,35,5,-1,5,35,36,-1,5,36,13,-1,17,37,10,-1,10,37,38,-1,10,38,20,-1,20,38,39,-1,20,39,18,-1,40,41,42,-1,42,41,43,-1,42,43,44,-1,44,43,45,-1,44,45,46,-1,46,45,47,-1,46,47,48,-1,48,47,49,-1,48,49,50,-1,50,49,51,-1,50,51,52,-1,52,51,53,-1,52,53,54,-1,54,53,55,-1,54,55,56,-1,56,55,57,-1,56,57,58,-1,58,57,59,-1,57,60,59,-1,59,60,61,-1,59,61,62,-1,62,61,63,-1,62,63,64,-1,64,63,65,-1,64,65,66,-1,55,67,57,-1,57,67,68,-1,57,68,69,-1,70,71,69,-1,69,71,66,-1,69,66,57,-1,57,66,65,-1,57,65,60,-1,53,72,55,-1,55,72,73,-1,55,73,74,-1,75,76,74,-1,74,76,71,-1,74,71,55,-1,55,71,70,-1,55,70,67,-1,51,77,53,-1,53,77,78,-1,53,78,79,-1,80,81,79,-1,79,81,76,-1,79,76,53,-1,53,76,75,-1,53,75,72,-1,49,82,51,-1,51,82,83,-1,51,83,84,-1,85,86,84,-1,84,86,81,-1,84,81,51,-1,51,81,80,-1,51,80,77,-1,47,87,49,-1,49,87,88,-1,49,88,89,-1,90,91,89,-1,89,91,86,-1,89,86,49,-1,49,86,85,-1,49,85,82,-1,92,93,45,-1,45,93,47,-1,47,93,94,-1,47,94,95,-1,92,96,95,-1,95,96,91,-1,95,91,47,-1,47,91,90,-1,47,90,87,-1,97,98,43,-1,43,98,45,-1,45,98,99,-1,45,99,100,-1,92,45,96,-1,96,45,100,-1,96,100,101,-1,41,102,43,-1,43,102,101,-1,43,101,97,-1,97,101,100,-1,103,104,105,-1,106,107,108,-1,109,110,111,-1,111,110,112,-1,111,112,113,-1,113,112,114,-1,113,114,115,-1,115,114,116,-1,116,114,117,-1,117,114,118,-1,117,118,119,-1,120,121,122,-1,122,121,103,-1,122,123,120,-1,120,123,124,-1,120,124,102,-1,102,124,125,-1,102,125,101,-1,101,125,126,-1,101,126,96,-1,127,128,122,-1,122,128,129,-1,103,105,122,-1,122,105,130,-1,122,130,127,-1,131,91,129,-1,129,91,96,-1,129,96,122,-1,122,96,126,-1,122,126,123,-1,132,133,130,-1,130,133,134,-1,130,134,135,-1,136,86,135,-1,135,86,91,-1,135,91,130,-1,130,91,131,-1,130,131,127,-1,137,138,132,-1,132,138,139,-1,132,139,140,-1,141,81,140,-1,140,81,86,-1,140,86,132,-1,132,86,136,-1,132,136,133,-1,142,143,137,-1,137,143,144,-1,137,144,145,-1,146,76,145,-1,145,76,81,-1,145,81,137,-1,137,81,141,-1,137,141,138,-1,118,147,142,-1,142,147,148,-1,142,148,149,-1,150,71,149,-1,149,71,76,-1,149,76,142,-1,142,76,146,-1,142,146,143,-1,105,106,130,-1,130,106,108,-1,130,108,132,-1,132,108,151,-1,132,151,137,-1,137,151,152,-1,137,152,142,-1,142,152,153,-1,142,153,118,-1,118,153,154,-1,118,154,119,-1,118,155,156,-1,155,118,157,-1,157,118,114,-1,157,114,158,-1,158,66,156,-1,156,66,71,-1,156,71,118,-1,118,71,150,-1,118,150,147,-1,114,159,160,-1,158,114,66,-1,66,114,160,-1,66,160,64,-1,159,114,161,-1,161,114,112,-1,161,112,162,-1,160,162,64,-1,64,162,112,-1,64,112,62,-1,62,112,110,-1,
        ]
    }
}
Shape{
    appearance Appearance {
        material  Material 	{
            diffuseColor 0.7529411764705882 0.7529411764705882 0.7529411764705882
            specularColor 0.3764705882352941 0.3764705882352941 0.3764705882352941
            ambientIntensity 0.2
            transparency 0
            shininess 0.5
        }
    }
    geometry IndexedFaceSet {
        ccw TRUE
        solid FALSE
        coord DEF co Coordinate {
            point [
                2.5591 0.0 1.3189, 2.6378 0.0 1.3189, 2.5591 0.0 -1.8307, 2.6378 0.0 -1.9094, -2.5591 0.0 -1.8307, -2.6378 0.0 -1.9094, -2.5591 0.0 1.3189, -2.6378 0.0 1.3189, 1.1811 0.0 2.1063, 1.1811 0.0 2.5, 1.1863 0.0 2.1063, 1.1863 0.0 2.5, 3.1496 -0.0787 2.5, 3.2283 -0.0787 2.5, 3.2283 -0.0747 2.5306, 1.1811 -0.0787 2.5, 1.1811 -0.0747 2.5306, 3.2283 -0.0629 2.5591, 1.1811 -0.0629 2.5591, 3.2283 -0.0441 2.5835, 1.1811 -0.0441 2.5835, 3.2283 -0.0197 2.6023, 1.1811 -0.0197 2.6023, 3.2283 0.0088 2.6141, 1.1811 0.0088 2.6141, 3.2283 0.0394 2.6181, 1.1811 0.0394 2.6181, 1.1811 0.0013 2.5102, 3.1496 -0.0 2.5, 3.2283 -0.0 2.5, 3.2283 0.0013 2.5102, 3.2283 0.0053 2.5197, 1.1811 0.0053 2.5197, 3.2283 0.0115 2.5278, 1.1811 0.0115 2.5278, 3.2283 0.0197 2.5341, 1.1811 0.0197 2.5341, 3.2283 0.0292 2.538, 1.1811 0.0292 2.538, 3.2283 0.0394 2.5394, 1.1811 0.0394 2.5394, 2.9528 0.0 2.1063, 2.9528 -0.0787 2.1063, 1.1811 -0.0787 2.1063, -3.2677 3.2129 -1.8802, -3.2677 3.2254 -1.8678, -3.2677 3.1299 -2.5, -3.2677 3.2348 -1.8529, -3.2677 3.2406 -1.8362, -3.2677 3.1299 -3.4055, -3.2677 3.3268 -3.6024, -3.2677 3.4055 -3.6024, -3.2677 3.6614 -2.5, -3.2677 3.2426 -1.1095, -3.2677 3.6614 2.5, -3.2677 3.2406 -1.092, -3.2677 3.2348 -1.0753, -3.2677 2.2603 -1.8362, -3.2677 0.0394 -2.5, -3.2677 2.2583 -1.8187, -3.2677 2.2583 -1.1095, -3.2677 3.6024 -3.4055, -3.2677 3.6024 -2.5, -3.2677 3.2426 -1.8187, -3.2677 3.1729 -3.5282, -3.2677 3.1494 -3.4909, -3.2677 3.204 -3.5594, -3.2677 3.2414 -3.5829, -3.2677 3.283 -3.5974, -3.2677 3.1349 -3.4493, -3.2677 2.2661 -1.8529, -3.2677 2.2755 -1.8678, -3.2677 2.288 -1.8802, -3.2677 2.2603 0.2627, -3.2677 2.2583 0.2452, -3.2677 2.3029 1.0386, -3.2677 3.2426 1.8187, -3.2677 3.2406 1.8362, -3.2677 3.2348 1.8529, -3.2677 3.2254 1.8678, -3.2677 3.2129 1.8802, -3.2677 3.198 1.8896, -3.2677 3.1814 1.8955, -3.2677 3.5282 -3.5594, -3.2677 3.4909 -3.5829, -3.2677 3.5594 -3.5282, -3.2677 3.5829 -3.4909, -3.2677 3.5974 -3.4493, -3.2677 3.4493 -3.5974, -3.2677 3.1638 -1.8974, -3.2677 3.1814 -1.8955, -3.2677 3.198 -1.8896, -3.2677 3.0083 1.092, -3.2677 2.45 1.0386, -3.2677 2.4649 1.0479, -3.2677 3.0064 1.1095, -3.2677 2.4946 1.1095, -3.2677 2.4926 1.092, -3.2677 2.288 1.0479, -3.2677 2.4774 1.0604, -3.2677 2.4868 1.0753, -3.2677 2.288 -1.0479, -3.2677 2.2755 -1.0604, -3.2677 0.0394 2.5, -3.2677 2.2661 -1.0753, -3.2677 2.2603 -1.092, -3.2677 2.3029 1.8896, -3.2677 2.288 1.8802, -3.2677 2.2755 1.8678, -3.2677 2.2661 1.8529, -3.2677 2.3029 -1.8896, -3.2677 2.3196 -1.8955, -3.2677 2.3371 -1.8974, -3.2677 3.2254 -1.0604, -3.2677 3.2348 1.0753, -3.2677 3.2406 1.092, -3.2677 3.2426 1.1095, -3.2677 2.2583 -0.1695, -3.2677 3.1638 1.8974, -3.2677 2.3371 1.8974, -3.2677 2.3196 1.8955, -3.2677 2.2603 1.8362, -3.2677 2.2583 1.8187, -3.2677 2.2583 1.1095, -3.2677 2.2603 1.092, -3.2677 2.2661 1.0753, -3.2677 2.2755 1.0604, -3.2677 3.198 -1.0386, -3.2677 3.198 1.0386, -3.2677 3.2129 1.0479, -3.2677 2.3029 -1.0386, -3.2677 2.3196 -1.0327, -3.2677 2.2603 -0.187, -3.2677 2.2661 -0.2036, -3.2677 2.8454 0.2627, -3.2677 2.8395 0.2794, -3.2677 2.7861 0.322, -3.2677 2.7686 0.324, -3.2677 3.0509 1.0386, -3.2677 3.2129 -1.0479, -3.2677 3.2254 1.0604, -3.2677 2.5733 1.6534, -3.2677 2.9276 1.6534, -3.2677 3.0064 1.5747, -3.2677 3.036 1.0479, -3.2677 2.3371 0.324, -3.2677 3.0235 1.0604, -3.2677 2.3196 0.322, -3.2677 2.3029 0.3162, -3.2677 2.8302 0.2943, -3.2677 2.8177 0.3068, -3.2677 3.1814 1.0327, -3.2677 3.1638 1.0308, -3.2677 2.2755 -0.2186, -3.2677 2.288 -0.231, -3.2677 2.3029 -0.2404, -3.2677 2.4946 1.5747, -3.2677 2.4965 1.5922, -3.2677 2.5024 1.6088, -3.2677 2.2661 0.2794, -3.2677 2.3196 1.0327, -3.2677 2.2755 0.2943, -3.2677 2.3371 1.0308, -3.2677 2.4158 1.0308, -3.2677 2.5117 1.6238, -3.2677 2.5242 1.6362, -3.2677 2.5558 1.6514, -3.2677 2.5391 1.6456, -3.2677 2.9451 1.6514, -3.2677 2.9618 1.6456, -3.2677 2.9767 1.6362, -3.2677 2.9892 1.6238, -3.2677 2.9986 1.6088, -3.2677 3.0044 1.5922, -3.2677 2.288 0.3068, -3.2677 3.0142 1.0753, -3.2677 2.4333 1.0327, -3.2677 2.8395 -0.2036, -3.2677 2.8302 -0.2186, -3.2677 2.8177 -0.231, -3.2677 2.8028 0.3162, -3.2677 3.0676 1.0327, -3.2677 3.0851 1.0308, -3.2677 2.7686 -0.2482, -3.2677 2.4333 -1.0327, -3.2677 2.3371 -0.2482, -3.2677 2.4158 -1.0308, -3.2677 2.3196 -0.2462, -3.2677 2.3371 -1.0308, -3.2677 2.4774 -1.0604, -3.2677 2.4649 -1.0479, -3.2677 3.0142 -1.0753, -3.2677 3.036 -1.0479, -3.2677 3.0235 -1.0604, -3.2677 2.7861 -0.2462, -3.2677 2.45 -1.0386, -3.2677 2.4868 -1.0753, -3.2677 3.0083 -1.092, -3.2677 2.4926 -1.092, -3.2677 3.0064 -1.1095, -3.2677 2.4946 -1.1095, -3.2677 2.8454 -0.187, -3.2677 2.8473 -0.1695, -3.2677 2.8473 0.2452, -3.2677 2.8028 -0.2404, -3.2677 3.1814 -1.0327, -3.2677 3.1638 -1.0308, -3.2677 3.0851 -1.0308, -3.2677 3.0676 -1.0327, -3.2677 3.0509 -1.0386, -3.2677 2.4946 -1.5747, -3.2677 3.0064 -1.5747, -3.2677 2.9276 -1.6534, -3.2677 3.0044 -1.5922, -3.2677 2.9986 -1.6088, -3.2677 2.9892 -1.6238, -3.2677 2.9767 -1.6362, -3.2677 2.9451 -1.6514, -3.2677 2.9618 -1.6456, -3.2677 2.5733 -1.6534, -3.2677 2.5558 -1.6514, -3.2677 2.5391 -1.6456, -3.2677 2.5242 -1.6362, -3.2677 2.5117 -1.6238, -3.2677 2.4965 -1.5922, -3.2677 2.5024 -1.6088, -3.189 3.2348 -1.8529, -3.189 3.6614 -2.5, -3.189 3.2406 -1.8362, -3.189 3.2426 -1.8187, -3.189 3.6024 -3.4055, -3.189 3.6024 -2.5, -3.189 3.1299 -2.5, -3.189 2.4926 1.092, -3.189 2.4868 1.0753, -3.189 3.0083 1.092, -3.189 3.2254 -1.8678, -3.189 3.2129 -1.8802, -3.189 3.198 -1.8896, -3.189 3.1814 -1.8955, -3.189 3.1814 -1.0327, -3.189 3.198 -1.0386, -3.189 2.8395 -0.2036, -3.189 3.1299 -3.4055, -3.189 3.3268 -3.6024, -3.189 3.4055 -3.6024, -3.189 3.2406 1.8362, -3.189 3.2426 1.8187, -3.189 3.6614 2.5, -3.189 3.2426 1.1095, -3.189 3.2406 1.092, -3.189 3.2348 1.0753, -3.189 2.4774 1.0604, -3.189 2.4649 1.0479, -3.189 2.45 1.0386, -3.189 3.204 -3.5594, -3.189 3.2414 -3.5829, -3.189 3.1729 -3.5282, -3.189 3.1494 -3.4909, -3.189 3.1349 -3.4493, -3.189 3.283 -3.5974, -3.189 3.2129 -1.0479, -3.189 2.8473 -0.1695, -3.189 2.8454 -0.187, -3.189 3.5594 -3.5282, -3.189 3.5829 -3.4909, -3.189 3.5282 -3.5594, -3.189 3.4909 -3.5829, -3.189 3.4493 -3.5974, -3.189 3.5974 -3.4493, -3.189 3.2254 1.0604, -3.189 3.2129 1.0479, -3.189 3.198 1.0386, -3.189 3.1638 -1.8974, -3.189 2.3371 -1.8974, -3.189 0.0394 -2.5, -3.189 3.2129 1.8802, -3.189 3.2254 1.8678, -3.189 3.2348 1.8529, -3.189 2.3196 -1.8955, -3.189 2.3029 -1.8896, -3.189 2.288 -1.8802, -3.189 3.0083 -1.092, -3.189 3.0142 -1.0753, -3.189 2.4926 -1.092, -3.189 2.288 0.3068, -3.189 2.3029 0.3162, -3.189 3.0509 1.0386, -3.189 2.3196 0.322, -3.189 2.3371 0.324, -3.189 2.2755 -1.8678, -3.189 2.2661 -1.8529, -3.189 2.2603 -1.8362, -3.189 2.2661 -1.0753, -3.189 0.0394 2.5, -3.189 2.2603 -1.092, -3.189 2.2755 -1.0604, -3.189 2.288 -1.0479, -3.189 2.3029 -1.0386, -3.189 3.0676 -1.0327, -3.189 3.0851 -1.0308, -3.189 3.1638 -1.0308, -3.189 2.4868 -1.0753, -3.189 3.0235 -1.0604, -3.189 3.036 -1.0479, -3.189 2.4946 1.1095, -3.189 3.0064 1.1095, -3.189 2.4946 1.5747, -3.189 3.0064 1.5747, -3.189 2.9276 1.6534, -3.189 3.0044 1.5922, -3.189 2.9986 1.6088, -3.189 2.9892 1.6238, -3.189 2.9767 1.6362, -3.189 2.9451 1.6514, -3.189 2.9618 1.6456, -3.189 2.7686 0.324, -3.189 2.7861 0.322, -3.189 3.0676 1.0327, -3.189 2.8028 0.3162, -3.189 3.0851 1.0308, -3.189 3.1638 1.0308, -3.189 3.1814 1.0327, -3.189 2.8177 0.3068, -3.189 2.8302 0.2943, -3.189 2.8395 0.2794, -3.189 2.2583 -1.8187, -3.189 2.2583 -1.1095, -3.189 3.0509 -1.0386, -3.189 2.4774 -1.0604, -3.189 2.4649 -1.0479, -3.189 2.8302 -0.2186, -3.189 2.8177 -0.231, -3.189 2.5733 1.6534, -3.189 2.5558 1.6514, -3.189 2.5391 1.6456, -3.189 2.5242 1.6362, -3.189 2.5117 1.6238, -3.189 2.4965 1.5922, -3.189 2.5024 1.6088, -3.189 2.8454 0.2627, -3.189 2.8473 0.2452, -3.189 2.2603 0.2627, -3.189 2.2661 0.2794, -3.189 2.3196 1.0327, -3.189 2.2755 0.2943, -3.189 2.288 -0.231, -3.189 2.3029 -0.2404, -3.189 2.3196 -0.2462, -3.189 2.2661 1.8529, -3.189 2.2755 1.8678, -3.189 2.288 1.8802, -3.189 3.2254 -1.0604, -3.189 3.2348 -1.0753, -3.189 3.2406 -1.092, -3.189 3.2426 -1.1095, -3.189 3.1638 1.8974, -3.189 3.1814 1.8955, -3.189 3.198 1.8896, -3.189 3.036 1.0479, -3.189 3.0235 1.0604, -3.189 3.0142 1.0753, -3.189 2.3196 -1.0327, -3.189 2.3371 -1.0308, -3.189 2.3371 -0.2482, -3.189 2.2583 0.2452, -3.189 2.3029 1.0386, -3.189 2.288 1.0479, -3.189 2.4333 1.0327, -3.189 2.4158 1.0308, -3.189 2.3371 1.0308, -3.189 2.8028 -0.2404, -3.189 2.7861 -0.2462, -3.189 2.45 -1.0386, -3.189 2.7686 -0.2482, -3.189 2.4333 -1.0327, -3.189 2.4158 -1.0308, -3.189 2.2583 1.1095, -3.189 2.2583 1.8187, -3.189 2.2603 1.8362, -3.189 2.3029 1.8896, -3.189 2.3196 1.8955, -3.189 2.3371 1.8974, -3.189 2.2583 -0.1695, -3.189 2.5733 -1.6534, -3.189 2.9276 -1.6534, -3.189 3.0064 -1.5747, -3.189 2.2755 -0.2186, -3.189 2.2661 -0.2036, -3.189 2.2603 -0.187, -3.189 2.2755 1.0604, -3.189 2.2661 1.0753, -3.189 2.2603 1.092, -3.189 3.0064 -1.1095, -3.189 2.4946 -1.1095, -3.189 2.4946 -1.5747, -3.189 2.4965 -1.5922, -3.189 2.5024 -1.6088, -3.189 2.5117 -1.6238, -3.189 2.5242 -1.6362, -3.189 2.5558 -1.6514, -3.189 2.5391 -1.6456, -3.189 2.9451 -1.6514, -3.189 2.9618 -1.6456, -3.189 2.9767 -1.6362, -3.189 2.9892 -1.6238, -3.189 2.9986 -1.6088, -3.189 3.0044 -1.5922, 3.189 3.6614 -2.5, 3.2677 3.6614 -2.5, 3.189 3.6024 -2.5, 3.2677 3.6024 -2.5, -3.2283 -0.0787 2.5, -3.2283 -0.0487 2.5, -3.2232 -0.053 2.5, -3.2009 -0.067 2.5, -3.1759 -0.0758 2.5, -3.1496 -0.0787 2.5, -3.2283 -0.0787 -2.5, -3.1496 -0.0787 -2.5, -3.1759 -0.0758 -2.5, -3.2009 -0.067 -2.5, -3.2232 -0.053 -2.5, -3.2283 -0.0487 -2.5, 3.2283 -0.0487 -2.5, 3.2087 -0.0629 -2.5, 3.2283 -0.0787 -2.5, 3.1802 -0.0747 -2.5, 3.1496 -0.0787 -2.5, 3.1802 -0.0747 2.5, 3.2087 -0.0629 2.5, 3.2283 -0.0487 2.5, 2.9528 -0.0787 1.3189, 2.5591 -0.0787 1.3189, 2.5591 -0.0787 -1.8307, -2.5591 -0.0787 -1.8307, -1.1811 -0.0787 2.1063, -1.1811 -0.0787 2.5, -2.9528 -0.0787 2.1063, -2.9528 -0.0787 1.3189, -2.5591 -0.0787 1.3189, -1.1811 0.0 2.5, -1.1811 0.0 2.1063, -1.1863 0.0 2.5, -1.1863 0.0 2.1063, -3.2283 0.0053 2.5197, -3.2283 0.0013 2.5102, -3.2283 -0.0758 2.5263, -3.2283 0.0394 2.6181, -3.2283 0.0394 2.5394, -3.2283 0.0131 2.6151, -3.2283 0.0292 2.538, -3.2283 -0.0119 2.6064, -3.2283 0.0197 2.5341, -3.2283 -0.0343 2.5923, -3.2283 0.0115 2.5278, -3.2283 -0.053 2.5736, -3.2283 -0.067 2.5512, -3.2283 -0.0 2.5, -1.1811 -0.0758 2.5263, -1.1811 -0.067 2.5512, -1.1811 -0.053 2.5736, -1.1811 -0.0343 2.5923, -1.1811 -0.0119 2.6064, -1.1811 0.0131 2.6151, -1.1811 0.0394 2.6181, -3.1496 -0.0 2.5, -1.1811 0.0013 2.5102, -1.1811 0.0394 2.5394, -1.1811 0.0292 2.538, -1.1811 0.0197 2.5341, -1.1811 0.0115 2.5278, -1.1811 0.0053 2.5197, 3.2283 0.7087 2.5394, 3.2283 0.7087 2.6181, -3.2283 0.7087 2.6181, -3.2283 0.7087 2.5394, 1.1811 0.1181 2.6181, -1.1811 0.1181 2.6181, -1.1811 0.1181 2.5394, 1.1811 0.1181 2.5394, 3.2283 -0.0747 -2.5306, 3.2283 0.0394 -2.6181, 3.2283 0.0394 -2.5394, 3.2283 0.0088 -2.6141, 3.2283 0.0306 -2.5384, 3.2283 -0.0197 -2.6023, 3.2283 0.0223 -2.5355, 3.2283 -0.0441 -2.5835, 3.2283 -0.0 -2.5, 3.2283 0.0148 -2.5308, 3.2283 0.0086 -2.5245, 3.2283 -0.0629 -2.5591, 3.2283 0.0039 -2.5171, 3.2283 0.001 -2.5088, -3.2283 -0.0 -2.5, -3.2283 0.001 -2.5088, -3.2283 0.0394 -2.5394, -3.2283 0.0394 -2.6181, -3.2283 0.0306 -2.5384, -3.2283 0.0088 -2.6141, -3.2283 0.0223 -2.5355, -3.2283 -0.0197 -2.6023, -3.2283 0.0148 -2.5308, -3.2283 -0.0441 -2.5835, -3.2283 -0.0747 -2.5306, -3.2283 -0.0629 -2.5591, -3.2283 0.0039 -2.5171, -3.2283 0.0086 -2.5245, 3.1496 0.0 -2.5, -3.1496 0.0 -2.5, -1.937 -0.0 -2.5, -1.937 0.001 -2.5088, -1.937 0.0039 -2.5171, -1.937 0.0086 -2.5245, -1.937 0.0148 -2.5308, -1.937 0.0223 -2.5355, -1.937 0.0306 -2.5384, -1.937 0.0394 -2.5394, -0.6457 0.0394 -2.5394, -0.6457 0.0306 -2.5384, -0.6457 0.0223 -2.5355, -0.6457 0.0148 -2.5308, -0.6457 0.0086 -2.5245, -0.6457 0.0039 -2.5171, -0.6457 0.001 -2.5088, -0.6457 -0.0 -2.5, 0.6457 0.0394 -2.5394, 0.6457 0.0306 -2.5384, 0.6457 0.0223 -2.5355, 0.6457 0.0148 -2.5308, 0.6457 0.0086 -2.5245, 0.6457 0.0039 -2.5171, 0.6457 0.001 -2.5088, 0.6457 -0.0 -2.5, 1.937 0.0394 -2.5394, 1.937 0.0306 -2.5384, 1.937 0.0223 -2.5355, 1.937 0.0148 -2.5308, 1.937 0.0086 -2.5245, 1.937 0.0039 -2.5171, 1.937 0.001 -2.5088, 1.937 -0.0 -2.5, 3.2283 0.7087 -2.6181, 3.2283 0.7087 -2.5394, -3.2283 0.7087 -2.5394, -3.2283 0.7087 -2.6181, 3.1876 0.0292 -2.5, 3.189 0.0394 -2.5, 3.2677 0.0394 -2.5, 3.2331 -0.0441 -2.5, 3.2519 -0.0197 -2.5, 3.1837 0.0197 -2.5, 3.2637 0.0088 -2.5, 3.1598 0.0013 -2.5, 3.1693 0.0053 -2.5, 3.1774 0.0115 -2.5, 3.2677 0.0394 2.5, 3.189 0.0394 2.5, 3.2331 -0.0441 2.5, 3.1876 0.0292 2.5, 3.1837 0.0197 2.5, 3.1774 0.0115 2.5, 3.2519 -0.0197 2.5, 3.2637 0.0088 2.5, 3.1693 0.0053 2.5, 3.1598 0.0013 2.5, 3.2677 3.1299 -2.5, 3.189 3.1299 -2.5, 3.2677 3.6614 2.5, 3.189 3.6614 2.5, 3.189 2.2603 1.8362, 3.189 2.2583 1.8187, 3.189 3.1299 -3.4055, 3.189 3.3268 -3.6024, 3.189 3.4055 -3.6024, 3.189 2.2583 -1.1095, 3.189 2.2583 -1.8187, 3.189 2.4926 -1.092, 3.189 2.4868 -1.0753, 3.189 3.0083 -1.092, 3.189 3.2426 1.8187, 3.189 3.2406 1.8362, 3.189 3.2348 1.8529, 3.189 3.2254 1.8678, 3.189 3.5974 -3.4493, 3.189 3.5829 -3.4909, 3.189 2.2603 -1.8362, 3.189 2.2661 -1.8529, 3.189 2.2755 -1.8678, 3.189 3.198 -1.8896, 3.189 3.2129 -1.8802, 3.189 3.2254 -1.8678, 3.189 3.2348 1.0753, 3.189 3.2406 1.092, 3.189 3.5594 -3.5282, 3.189 3.5282 -3.5594, 3.189 3.4909 -3.5829, 3.189 2.3371 -1.8974, 3.189 2.3196 -1.8955, 3.189 2.3029 -1.8896, 3.189 3.2426 1.1095, 3.189 3.2129 1.8802, 3.189 3.198 1.8896, 3.189 3.1814 1.8955, 3.189 3.4493 -3.5974, 3.189 3.1638 -1.8974, 3.189 3.1814 -1.8955, 3.189 2.4774 -1.0604, 3.189 2.4649 -1.0479, 3.189 2.45 -1.0386, 3.189 3.1729 -3.5282, 3.189 3.1494 -3.4909, 3.189 3.204 -3.5594, 3.189 3.2414 -3.5829, 3.189 3.283 -3.5974, 3.189 3.1349 -3.4493, 3.189 2.288 -1.8802, 3.189 3.6024 -3.4055, 3.189 3.2348 -1.8529, 3.189 3.2406 -1.8362, 3.189 3.2426 -1.8187, 3.189 3.2426 -1.1095, 3.189 3.2406 -1.092, 3.189 3.2348 -1.0753, 3.189 3.2254 1.0604, 3.189 2.3029 1.8896, 3.189 2.288 1.8802, 3.189 2.45 1.0386, 3.189 2.4649 1.0479, 3.189 3.0083 1.092, 3.189 2.4774 1.0604, 3.189 2.2583 1.1095, 3.189 2.2603 1.092, 3.189 2.2661 1.0753, 3.189 2.2755 1.0604, 3.189 2.288 1.0479, 3.189 2.2583 0.2452, 3.189 2.3029 1.0386, 3.189 2.2603 0.2627, 3.189 3.1638 1.8974, 3.189 2.3371 1.8974, 3.189 2.3196 1.8955, 3.189 2.2755 1.8678, 3.189 2.2661 1.8529, 3.189 2.288 -1.0479, 3.189 2.2755 -1.0604, 3.189 2.2661 -1.0753, 3.189 2.2603 -1.092, 3.189 2.2583 -0.1695, 3.189 2.9276 -1.6534, 3.189 2.5733 -1.6534, 3.189 2.4946 -1.5747, 3.189 2.5733 1.6534, 3.189 2.9276 1.6534, 3.189 3.0064 1.5747, 3.189 2.4158 -1.0308, 3.189 2.3371 -1.0308, 3.189 2.2755 -0.2186, 3.189 2.3196 -1.0327, 3.189 2.2661 -0.2036, 3.189 2.3029 -1.0386, 3.189 2.2603 -0.187, 3.189 2.4946 -1.1095, 3.189 3.0064 -1.1095, 3.189 3.0064 -1.5747, 3.189 3.0044 -1.5922, 3.189 2.9986 -1.6088, 3.189 2.9892 -1.6238, 3.189 2.9767 -1.6362, 3.189 2.9451 -1.6514, 3.189 2.9618 -1.6456, 3.189 3.2254 -1.0604, 3.189 3.198 1.0386, 3.189 3.2129 1.0479, 3.189 2.5558 -1.6514, 3.189 2.5391 -1.6456, 3.189 2.5242 -1.6362, 3.189 2.5117 -1.6238, 3.189 2.5024 -1.6088, 3.189 2.4965 -1.5922, 3.189 2.2661 0.2794, 3.189 2.3196 1.0327, 3.189 2.2755 0.2943, 3.189 2.3371 1.0308, 3.189 2.4158 1.0308, 3.189 3.0509 1.0386, 3.189 2.8395 0.2794, 3.189 2.8302 0.2943, 3.189 2.3371 0.324, 3.189 2.3196 0.322, 3.189 3.0235 1.0604, 3.189 2.3029 0.3162, 3.189 2.9451 1.6514, 3.189 2.9618 1.6456, 3.189 2.9767 1.6362, 3.189 2.9892 1.6238, 3.189 2.288 0.3068, 3.189 3.0142 1.0753, 3.189 2.4333 1.0327, 3.189 2.8473 -0.1695, 3.189 2.8473 0.2452, 3.189 2.8454 0.2627, 3.189 2.4333 -1.0327, 3.189 3.0142 -1.0753, 3.189 3.0235 -1.0604, 3.189 2.288 -0.231, 3.189 3.2129 -1.0479, 3.189 3.198 -1.0386, 3.189 3.1814 1.0327, 3.189 3.1638 1.0308, 3.189 2.4868 1.0753, 3.189 2.4926 1.092, 3.189 3.0064 1.1095, 3.189 2.4946 1.1095, 3.189 2.4946 1.5747, 3.189 2.4965 1.5922, 3.189 2.5024 1.6088, 3.189 2.5117 1.6238, 3.189 2.5242 1.6362, 3.189 2.5558 1.6514, 3.189 2.5391 1.6456, 3.189 2.9986 1.6088, 3.189 3.0044 1.5922, 3.189 2.3029 -0.2404, 3.189 2.3196 -0.2462, 3.189 2.3371 -0.2482, 3.189 2.8177 -0.231, 3.189 2.8302 -0.2186, 3.189 2.8395 -0.2036, 3.189 2.8454 -0.187, 3.189 2.8177 0.3068, 3.189 2.8028 0.3162, 3.189 3.036 1.0479, 3.189 2.7861 0.322, 3.189 2.7686 0.324, 3.189 2.7686 -0.2482, 3.189 2.7861 -0.2462, 3.189 3.036 -1.0479, 3.189 2.8028 -0.2404, 3.189 3.1814 -1.0327, 3.189 3.1638 -1.0308, 3.189 3.0851 -1.0308, 3.189 3.0676 -1.0327, 3.189 3.0509 -1.0386, 3.189 3.0676 1.0327, 3.189 3.0851 1.0308, -3.188 0.0306 2.5, -3.2648 0.0131 2.5, -3.256 -0.0119 2.5, -3.2419 -0.0343 2.5, -3.1851 0.0223 2.5, -3.1804 0.0148 2.5, -3.1584 0.001 2.5, -3.1667 0.0039 2.5, -3.1742 0.0086 2.5, -3.188 0.0306 -2.5, -3.2419 -0.0343 -2.5, -3.1804 0.0148 -2.5, -3.1742 0.0086 -2.5, -3.256 -0.0119 -2.5, -3.2648 0.0131 -2.5, -3.1851 0.0223 -2.5, -3.1667 0.0039 -2.5, -3.1584 0.001 -2.5, -3.1584 0.001 -2.5
            ]
        }
        coordIndex [
            0,1,2,-1,2,1,3,-1,2,3,4,-1,4,3,5,-1,4,5,6,-1,6,5,7,-1,8,9,10,-1,10,9,11,-1,12,13,14,-1,12,14,15,-1,15,14,16,-1,16,14,17,-1,16,17,18,-1,18,17,19,-1,18,19,20,-1,20,19,21,-1,20,21,22,-1,22,21,23,-1,22,23,24,-1,24,23,25,-1,24,25,26,-1,11,9,27,-1,11,27,28,-1,29,28,30,-1,30,28,27,-1,30,27,31,-1,31,27,32,-1,31,32,33,-1,33,32,34,-1,33,34,35,-1,35,34,36,-1,35,36,37,-1,37,36,38,-1,37,38,39,-1,39,38,40,-1,41,42,10,-1,10,42,43,-1,10,43,8,-1,44,45,46,-1,46,45,47,-1,46,47,48,-1,49,46,50,-1,50,46,48,-1,50,48,51,-1,52,53,54,-1,54,53,55,-1,54,55,56,-1,57,58,59,-1,59,58,60,-1,61,51,62,-1,62,51,48,-1,62,48,52,-1,52,48,63,-1,52,63,53,-1,64,65,66,-1,66,65,67,-1,50,68,49,-1,49,68,67,-1,49,67,69,-1,69,67,65,-1,57,70,58,-1,58,70,71,-1,58,71,72,-1,73,74,75,-1,76,77,54,-1,54,77,78,-1,54,78,79,-1,79,80,54,-1,54,80,81,-1,54,81,82,-1,83,84,85,-1,85,84,86,-1,61,87,51,-1,51,87,86,-1,51,86,88,-1,88,86,84,-1,89,90,46,-1,46,90,91,-1,46,91,44,-1,92,93,94,-1,95,92,96,-1,96,92,97,-1,75,74,98,-1,94,99,92,-1,92,99,100,-1,92,100,97,-1,101,102,103,-1,103,102,104,-1,103,104,58,-1,58,104,105,-1,58,105,60,-1,106,107,103,-1,103,107,108,-1,103,108,109,-1,72,110,58,-1,58,110,111,-1,58,111,46,-1,46,111,112,-1,46,112,89,-1,113,114,56,-1,56,114,115,-1,56,115,54,-1,54,115,116,-1,54,116,76,-1,103,74,117,-1,82,118,54,-1,54,118,119,-1,54,119,103,-1,103,119,120,-1,103,120,106,-1,109,121,103,-1,103,121,122,-1,103,122,123,-1,123,124,103,-1,103,124,125,-1,103,125,74,-1,74,125,126,-1,74,126,98,-1,127,128,129,-1,101,103,130,-1,130,103,117,-1,130,117,131,-1,131,117,132,-1,131,132,133,-1,134,135,128,-1,136,137,138,-1,113,139,114,-1,114,139,127,-1,114,127,140,-1,140,127,129,-1,141,142,143,-1,138,137,144,-1,144,137,145,-1,144,145,146,-1,146,145,147,-1,146,147,148,-1,135,149,128,-1,128,149,150,-1,128,150,151,-1,151,150,152,-1,133,153,131,-1,131,153,154,-1,131,154,155,-1,95,96,143,-1,143,96,156,-1,143,156,141,-1,141,156,157,-1,141,157,158,-1,73,75,159,-1,159,75,160,-1,159,160,161,-1,161,160,162,-1,161,162,163,-1,158,164,141,-1,141,164,165,-1,141,165,166,-1,166,165,167,-1,142,168,143,-1,143,168,169,-1,143,169,170,-1,170,171,143,-1,143,171,172,-1,143,172,173,-1,148,174,146,-1,146,174,161,-1,146,161,175,-1,175,161,163,-1,175,163,92,-1,92,163,176,-1,92,176,93,-1,177,127,178,-1,178,127,179,-1,136,138,180,-1,180,138,181,-1,180,181,150,-1,150,181,182,-1,150,182,152,-1,183,184,185,-1,185,184,186,-1,155,187,131,-1,131,187,185,-1,131,185,188,-1,188,185,186,-1,189,190,191,-1,192,193,194,-1,190,195,191,-1,191,195,184,-1,191,184,193,-1,193,184,183,-1,193,183,194,-1,189,191,196,-1,196,191,197,-1,196,197,198,-1,198,197,199,-1,198,199,200,-1,177,201,127,-1,127,201,202,-1,127,202,128,-1,128,202,203,-1,128,203,134,-1,179,127,204,-1,204,127,205,-1,204,205,206,-1,206,207,204,-1,204,207,208,-1,204,208,194,-1,194,208,209,-1,194,209,192,-1,200,199,210,-1,210,199,211,-1,210,211,212,-1,212,211,213,-1,212,213,214,-1,214,215,212,-1,212,215,216,-1,212,216,217,-1,217,216,218,-1,212,219,210,-1,210,219,220,-1,210,220,221,-1,221,222,210,-1,210,222,223,-1,210,223,224,-1,224,223,225,-1,226,227,228,-1,228,227,229,-1,230,231,232,-1,233,234,235,-1,226,236,227,-1,227,236,237,-1,227,237,231,-1,231,237,238,-1,231,238,239,-1,240,241,242,-1,232,243,230,-1,230,243,244,-1,230,244,245,-1,246,247,248,-1,248,247,249,-1,248,249,227,-1,227,249,250,-1,227,250,251,-1,234,252,235,-1,235,252,253,-1,235,253,254,-1,255,256,257,-1,257,256,258,-1,243,259,244,-1,244,259,258,-1,244,258,260,-1,260,258,256,-1,261,262,241,-1,241,262,263,-1,241,263,242,-1,264,265,266,-1,266,265,267,-1,245,268,230,-1,230,268,267,-1,230,267,269,-1,269,267,265,-1,251,270,227,-1,227,270,271,-1,227,271,272,-1,239,273,231,-1,231,273,274,-1,231,274,232,-1,232,274,275,-1,276,277,248,-1,248,277,278,-1,248,278,246,-1,274,279,275,-1,275,279,280,-1,275,280,281,-1,282,283,284,-1,285,286,287,-1,287,286,288,-1,287,288,289,-1,281,290,275,-1,275,290,291,-1,275,291,292,-1,293,294,295,-1,295,294,275,-1,293,296,294,-1,294,296,297,-1,294,297,298,-1,299,300,242,-1,242,300,301,-1,242,301,240,-1,284,283,302,-1,302,283,303,-1,302,303,304,-1,233,235,305,-1,305,235,306,-1,305,306,307,-1,307,306,308,-1,307,308,309,-1,309,308,310,-1,309,310,311,-1,311,312,309,-1,309,312,313,-1,309,313,314,-1,314,313,315,-1,289,316,287,-1,287,316,317,-1,287,317,318,-1,318,317,319,-1,318,319,320,-1,320,319,321,-1,321,319,322,-1,322,319,323,-1,322,323,272,-1,272,323,324,-1,272,324,325,-1,292,326,275,-1,275,326,327,-1,275,327,295,-1,304,328,302,-1,302,328,299,-1,302,299,329,-1,329,299,242,-1,329,242,330,-1,330,242,331,-1,330,331,332,-1,309,333,307,-1,307,333,334,-1,307,334,335,-1,335,336,307,-1,307,336,337,-1,307,337,338,-1,338,337,339,-1,325,340,272,-1,272,340,341,-1,272,341,262,-1,342,343,344,-1,344,343,345,-1,346,298,347,-1,347,298,348,-1,349,350,294,-1,294,350,351,-1,261,352,262,-1,262,352,353,-1,262,353,272,-1,272,353,354,-1,272,354,227,-1,227,354,355,-1,227,355,229,-1,356,357,248,-1,248,357,358,-1,248,358,276,-1,287,359,285,-1,285,359,360,-1,285,360,345,-1,345,360,361,-1,345,361,235,-1,298,362,348,-1,348,362,363,-1,348,363,364,-1,342,344,365,-1,365,344,366,-1,365,366,367,-1,254,368,235,-1,235,368,369,-1,235,369,345,-1,345,369,370,-1,345,370,344,-1,332,371,330,-1,330,371,372,-1,330,372,373,-1,373,372,374,-1,373,374,375,-1,375,374,364,-1,375,364,376,-1,376,364,363,-1,377,378,294,-1,294,378,379,-1,294,379,349,-1,351,380,294,-1,294,380,381,-1,294,381,248,-1,248,381,382,-1,248,382,356,-1,383,365,294,-1,384,385,386,-1,346,387,298,-1,298,387,388,-1,298,388,294,-1,294,388,389,-1,294,389,383,-1,367,390,365,-1,365,390,391,-1,365,391,294,-1,294,391,392,-1,294,392,377,-1,282,284,393,-1,393,284,394,-1,393,394,386,-1,386,394,395,-1,386,395,384,-1,384,395,396,-1,384,396,397,-1,397,398,384,-1,384,398,399,-1,384,399,400,-1,400,399,401,-1,385,402,386,-1,386,402,403,-1,386,403,404,-1,404,405,386,-1,386,405,406,-1,386,406,407,-1,232,275,46,-1,46,275,58,-1,62,52,231,-1,231,52,227,-1,408,409,410,-1,410,409,411,-1,412,413,414,-1,414,415,412,-1,412,415,416,-1,412,416,417,-1,418,419,420,-1,420,421,418,-1,418,421,422,-1,418,422,423,-1,424,425,426,-1,426,425,427,-1,426,427,428,-1,12,429,13,-1,13,429,430,-1,13,430,431,-1,12,15,43,-1,43,42,12,-1,12,42,432,-1,12,432,428,-1,432,433,428,-1,428,433,434,-1,428,434,419,-1,419,434,435,-1,436,437,438,-1,438,437,417,-1,438,417,439,-1,439,417,419,-1,439,419,440,-1,440,419,435,-1,441,442,443,-1,443,442,444,-1,445,446,447,-1,448,449,450,-1,450,449,451,-1,450,451,452,-1,452,451,453,-1,452,453,454,-1,454,453,455,-1,454,455,456,-1,456,455,445,-1,456,445,457,-1,457,445,447,-1,446,458,447,-1,447,458,413,-1,447,413,412,-1,431,29,30,-1,39,25,37,-1,37,25,23,-1,37,23,35,-1,35,23,21,-1,35,21,33,-1,33,21,19,-1,33,19,31,-1,31,19,17,-1,31,17,30,-1,30,17,14,-1,30,14,431,-1,431,14,13,-1,417,437,459,-1,447,412,417,-1,417,459,447,-1,447,459,460,-1,447,460,457,-1,457,460,461,-1,457,461,456,-1,456,461,462,-1,456,462,454,-1,454,462,463,-1,454,463,452,-1,452,463,464,-1,452,464,450,-1,450,464,465,-1,450,465,448,-1,466,458,446,-1,467,441,443,-1,449,468,451,-1,451,468,469,-1,451,469,453,-1,453,469,470,-1,453,470,455,-1,455,470,471,-1,455,471,445,-1,445,471,472,-1,445,472,446,-1,446,472,467,-1,446,467,466,-1,466,467,443,-1,39,473,25,-1,25,473,474,-1,448,475,449,-1,449,475,476,-1,26,25,477,-1,477,25,474,-1,477,474,478,-1,478,474,475,-1,478,475,465,-1,465,475,448,-1,468,449,479,-1,479,449,476,-1,479,476,480,-1,480,476,473,-1,480,473,40,-1,40,473,39,-1,475,474,476,-1,476,474,473,-1,424,426,481,-1,482,483,484,-1,484,483,485,-1,484,485,486,-1,486,485,487,-1,486,487,488,-1,424,481,489,-1,487,490,488,-1,488,490,491,-1,488,491,492,-1,492,491,493,-1,492,493,481,-1,481,493,494,-1,481,494,489,-1,423,495,496,-1,497,498,499,-1,499,498,500,-1,499,500,501,-1,501,500,502,-1,501,502,503,-1,503,502,504,-1,418,423,505,-1,505,423,496,-1,505,496,506,-1,506,496,507,-1,506,507,504,-1,504,507,508,-1,504,508,503,-1,419,418,505,-1,481,426,428,-1,419,505,428,-1,428,505,481,-1,481,505,506,-1,481,506,492,-1,492,506,504,-1,492,504,488,-1,488,504,502,-1,488,502,486,-1,486,502,500,-1,486,500,484,-1,484,500,498,-1,484,498,482,-1,509,489,494,-1,510,511,512,-1,495,510,496,-1,496,510,512,-1,496,512,507,-1,507,512,513,-1,507,513,508,-1,508,513,514,-1,508,514,503,-1,503,514,515,-1,503,515,501,-1,501,515,516,-1,501,516,499,-1,499,516,517,-1,499,517,497,-1,497,517,518,-1,519,518,520,-1,520,518,517,-1,520,517,521,-1,521,517,516,-1,521,516,522,-1,522,516,515,-1,522,515,523,-1,523,515,514,-1,523,514,524,-1,524,514,513,-1,524,513,525,-1,525,513,512,-1,525,512,526,-1,526,512,511,-1,527,519,528,-1,528,519,520,-1,528,520,529,-1,529,520,521,-1,529,521,530,-1,530,521,522,-1,530,522,531,-1,531,522,523,-1,531,523,532,-1,532,523,524,-1,532,524,533,-1,533,524,525,-1,533,525,534,-1,534,525,526,-1,535,527,536,-1,536,527,528,-1,536,528,537,-1,537,528,529,-1,537,529,538,-1,538,529,530,-1,538,530,539,-1,539,530,531,-1,539,531,540,-1,540,531,532,-1,540,532,541,-1,541,532,533,-1,541,533,542,-1,542,533,534,-1,483,535,485,-1,485,535,536,-1,485,536,487,-1,487,536,537,-1,487,537,490,-1,490,537,538,-1,490,538,491,-1,491,538,539,-1,491,539,493,-1,493,539,540,-1,493,540,494,-1,494,540,541,-1,494,541,509,-1,509,541,542,-1,482,543,483,-1,483,543,544,-1,497,545,498,-1,498,545,546,-1,546,543,498,-1,498,543,482,-1,535,483,544,-1,497,518,545,-1,545,518,519,-1,545,519,544,-1,544,519,527,-1,544,527,535,-1,543,546,544,-1,544,546,545,-1,547,548,549,-1,550,424,489,-1,550,489,551,-1,552,547,489,-1,547,549,489,-1,489,549,553,-1,489,553,551,-1,489,509,554,-1,554,555,489,-1,489,555,556,-1,489,556,552,-1,29,557,558,-1,29,431,559,-1,558,560,29,-1,29,560,561,-1,29,561,562,-1,559,563,29,-1,29,563,564,-1,29,564,557,-1,562,565,29,-1,29,565,566,-1,29,566,28,-1,12,428,427,-1,12,427,429,-1,429,427,425,-1,429,425,430,-1,430,425,431,-1,431,425,424,-1,431,424,559,-1,424,550,559,-1,559,550,551,-1,559,551,563,-1,563,551,553,-1,563,553,564,-1,564,553,549,-1,564,549,557,-1,558,548,560,-1,560,548,547,-1,560,547,561,-1,561,547,552,-1,561,552,562,-1,562,552,556,-1,562,556,565,-1,565,556,555,-1,565,555,566,-1,566,555,554,-1,566,554,28,-1,28,554,509,-1,549,548,567,-1,567,548,568,-1,557,569,558,-1,558,569,570,-1,571,572,558,-1,573,568,574,-1,574,568,575,-1,548,576,577,-1,578,579,580,-1,581,582,570,-1,570,582,583,-1,570,583,584,-1,585,586,575,-1,577,587,548,-1,548,587,588,-1,548,588,589,-1,410,590,408,-1,408,590,591,-1,408,591,592,-1,408,593,594,-1,595,596,597,-1,598,410,599,-1,599,410,600,-1,408,594,570,-1,570,594,601,-1,570,601,581,-1,584,602,570,-1,570,602,603,-1,570,603,604,-1,595,597,586,-1,586,597,605,-1,586,605,575,-1,598,606,410,-1,410,606,607,-1,410,607,590,-1,579,608,580,-1,580,608,609,-1,580,609,610,-1,611,612,613,-1,613,612,614,-1,574,615,573,-1,573,615,614,-1,573,614,616,-1,616,614,612,-1,589,617,548,-1,548,617,600,-1,548,600,568,-1,568,600,410,-1,568,410,575,-1,575,410,618,-1,575,618,585,-1,592,619,408,-1,408,619,620,-1,408,620,621,-1,621,622,408,-1,408,622,623,-1,408,623,593,-1,593,623,624,-1,593,624,625,-1,558,626,627,-1,628,629,630,-1,630,629,631,-1,572,632,558,-1,558,632,633,-1,558,633,634,-1,635,636,637,-1,637,636,638,-1,637,638,639,-1,604,640,570,-1,570,640,641,-1,570,641,558,-1,558,641,642,-1,558,642,626,-1,627,643,558,-1,558,643,644,-1,558,644,571,-1,645,646,558,-1,558,646,647,-1,558,647,548,-1,548,647,648,-1,548,648,576,-1,649,558,637,-1,637,558,634,-1,637,634,635,-1,650,651,652,-1,653,654,655,-1,656,657,658,-1,658,657,659,-1,658,659,660,-1,645,558,661,-1,661,558,649,-1,661,649,659,-1,659,649,662,-1,659,662,660,-1,578,580,663,-1,663,580,664,-1,663,664,652,-1,652,664,665,-1,652,665,650,-1,650,665,666,-1,650,666,667,-1,667,668,650,-1,650,668,669,-1,650,669,670,-1,670,669,671,-1,672,673,624,-1,624,673,674,-1,624,674,625,-1,651,675,652,-1,652,675,676,-1,652,676,677,-1,677,678,652,-1,652,678,679,-1,652,679,680,-1,639,638,681,-1,681,638,682,-1,681,682,683,-1,683,682,684,-1,683,684,685,-1,686,687,688,-1,689,690,691,-1,691,690,692,-1,693,694,654,-1,654,694,695,-1,654,695,696,-1,692,697,691,-1,691,697,683,-1,691,683,698,-1,698,683,685,-1,698,685,630,-1,630,685,699,-1,630,699,628,-1,700,701,686,-1,686,701,702,-1,686,702,687,-1,610,703,580,-1,580,703,656,-1,580,656,704,-1,704,656,658,-1,704,658,705,-1,705,658,706,-1,672,707,673,-1,673,707,708,-1,673,708,709,-1,709,708,710,-1,631,711,630,-1,630,711,712,-1,630,712,713,-1,713,712,714,-1,713,714,655,-1,655,714,715,-1,655,715,653,-1,653,715,716,-1,653,716,717,-1,717,718,653,-1,653,718,719,-1,653,719,720,-1,720,719,721,-1,696,722,654,-1,654,722,723,-1,654,723,655,-1,706,724,705,-1,705,724,725,-1,705,725,726,-1,727,728,708,-1,708,728,729,-1,708,729,730,-1,688,731,686,-1,686,731,732,-1,686,732,733,-1,733,732,734,-1,733,734,691,-1,691,734,735,-1,691,735,689,-1,726,736,705,-1,705,736,737,-1,705,737,738,-1,727,708,739,-1,739,708,740,-1,739,740,741,-1,741,742,739,-1,739,742,743,-1,739,743,737,-1,737,743,744,-1,737,744,738,-1,700,686,730,-1,730,686,745,-1,730,745,708,-1,708,745,746,-1,708,746,710,-1,569,409,570,-1,570,409,408,-1,747,294,103,-1,458,103,748,-1,748,749,458,-1,458,749,750,-1,458,750,413,-1,747,103,751,-1,751,103,458,-1,751,458,752,-1,458,466,753,-1,753,754,458,-1,458,754,755,-1,458,755,752,-1,58,275,756,-1,495,423,757,-1,758,759,495,-1,757,760,495,-1,495,760,761,-1,495,761,58,-1,58,756,495,-1,495,756,762,-1,495,762,758,-1,759,763,495,-1,495,763,764,-1,495,764,510,-1,419,417,416,-1,419,416,420,-1,420,416,415,-1,420,415,421,-1,421,415,414,-1,421,414,422,-1,422,414,423,-1,423,414,413,-1,423,413,757,-1,413,750,757,-1,757,750,749,-1,757,749,760,-1,760,749,748,-1,760,748,761,-1,761,748,103,-1,761,103,58,-1,275,294,756,-1,756,294,747,-1,756,747,762,-1,762,747,751,-1,762,751,758,-1,758,751,752,-1,758,752,759,-1,759,752,755,-1,759,755,763,-1,763,755,754,-1,763,754,764,-1,764,754,753,-1,764,753,510,-1,510,753,466,-1,294,248,103,-1,103,248,54,-1,52,54,227,-1,227,54,248,-1,
        ]
    }
}
Shape{
    appearance Appearance {
        material  Material 	{
            diffuseColor 1.0 1.0 1.0
            specularColor 0.8784313725490196 0.8784313725490196 0.8784313725490196
            ambientIntensity 0.2
            transparency 0
            shininess 0.5
        }
    }
    geometry IndexedFaceSet {
        ccw TRUE
        solid FALSE
        coord DEF co Coordinate {
            point [
                3.189 3.6024 -3.4055, 3.189 3.6024 -2.5, 3.2677 3.6024 -3.4055, 3.2677 3.6024 -2.5, 3.2677 3.5974 -3.4493, 3.189 3.5974 -3.4493, 3.2677 3.5829 -3.4909, 3.189 3.5829 -3.4909, 3.2677 3.5594 -3.5282, 3.189 3.5594 -3.5282, 3.2677 3.5282 -3.5594, 3.189 3.5282 -3.5594, 3.2677 3.4909 -3.5829, 3.189 3.4909 -3.5829, 3.2677 3.4493 -3.5974, 3.189 3.4493 -3.5974, 3.2677 3.4055 -3.6024, 3.189 3.4055 -3.6024, 3.189 3.3268 -3.6024, 3.2677 3.3268 -3.6024, 3.2677 3.283 -3.5974, 3.189 3.283 -3.5974, 3.2677 3.2414 -3.5829, 3.189 3.2414 -3.5829, 3.2677 3.204 -3.5594, 3.189 3.204 -3.5594, 3.2677 3.1729 -3.5282, 3.189 3.1729 -3.5282, 3.2677 3.1494 -3.4909, 3.189 3.1494 -3.4909, 3.2677 3.1349 -3.4493, 3.189 3.1349 -3.4493, 3.2677 3.1299 -3.4055, 3.189 3.1299 -3.4055, 3.189 3.1299 -2.5, 3.2677 3.1299 -2.5, 3.2677 3.1299 -2.5
            ]
        }
        coordIndex [
            0,1,2,-1,2,1,3,-1,0,2,4,-1,0,4,5,-1,5,4,6,-1,5,6,7,-1,7,6,8,-1,7,8,9,-1,9,8,10,-1,9,10,11,-1,11,10,12,-1,11,12,13,-1,13,12,14,-1,13,14,15,-1,15,14,16,-1,15,16,17,-1,18,17,19,-1,19,17,16,-1,18,19,20,-1,18,20,21,-1,21,20,22,-1,21,22,23,-1,23,22,24,-1,23,24,25,-1,25,24,26,-1,25,26,27,-1,27,26,28,-1,27,28,29,-1,29,28,30,-1,29,30,31,-1,31,30,32,-1,31,32,33,-1,34,33,35,-1,35,33,32,-1,
        ]
    }
}
Shape{
    appearance Appearance {
        material  Material 	{
            diffuseColor 0.7529411764705882 0.7529411764705882 0.7529411764705882
            specularColor 0.3764705882352941 0.3764705882352941 0.3764705882352941
            ambientIntensity 0.2
            transparency 0
            shininess 0.5
        }
    }
    geometry IndexedFaceSet {
        ccw TRUE
        solid FALSE
        coord DEF co Coordinate {
            point [
                3.189 2.7686 -0.2482, 3.2677 2.7686 -0.2482, 3.189 2.7861 -0.2462, 3.2677 2.7861 -0.2462, 3.189 2.8028 -0.2404, 3.2677 2.8028 -0.2404, 3.189 2.8177 -0.231, 3.2677 2.8177 -0.231, 3.189 2.8302 -0.2186, 3.2677 2.8302 -0.2186, 3.189 2.8395 -0.2036, 3.2677 2.8395 -0.2036, 3.189 2.8454 -0.187, 3.2677 2.8454 -0.187, 3.189 2.8473 -0.1695, 3.2677 2.8473 -0.1695, 3.189 2.3371 -0.2482, 3.2677 2.3371 -0.2482, 3.189 2.2583 -0.1695, 3.2677 2.2583 -0.1695, 3.189 2.2603 -0.187, 3.2677 2.2603 -0.187, 3.189 2.2661 -0.2036, 3.2677 2.2661 -0.2036, 3.189 2.2755 -0.2186, 3.2677 2.2755 -0.2186, 3.189 2.288 -0.231, 3.2677 2.288 -0.231, 3.189 2.3029 -0.2404, 3.2677 2.3029 -0.2404, 3.189 2.3196 -0.2462, 3.2677 2.3196 -0.2462, 3.189 2.2583 0.2452, 3.2677 2.2583 0.2452, 3.189 2.3371 0.324, 3.2677 2.3371 0.324, 3.189 2.3196 0.322, 3.2677 2.3196 0.322, 3.189 2.3029 0.3162, 3.2677 2.3029 0.3162, 3.189 2.288 0.3068, 3.2677 2.288 0.3068, 3.189 2.2755 0.2943, 3.2677 2.2755 0.2943, 3.189 2.2661 0.2794, 3.2677 2.2661 0.2794, 3.189 2.2603 0.2627, 3.2677 2.2603 0.2627, 3.189 2.7686 0.324, 3.2677 2.7686 0.324, 3.189 2.8473 0.2452, 3.2677 2.8473 0.2452, 3.189 2.8454 0.2627, 3.2677 2.8454 0.2627, 3.189 2.8395 0.2794, 3.2677 2.8395 0.2794, 3.189 2.8302 0.2943, 3.2677 2.8302 0.2943, 3.189 2.8177 0.3068, 3.2677 2.8177 0.3068, 3.189 2.8028 0.3162, 3.2677 2.8028 0.3162, 3.189 2.7861 0.322, 3.2677 2.7861 0.322, 3.189 3.1638 -1.8974, 3.2677 3.1638 -1.8974, 3.189 3.1814 -1.8955, 3.2677 3.1814 -1.8955, 3.189 3.198 -1.8896, 3.2677 3.198 -1.8896, 3.189 3.2129 -1.8802, 3.2677 3.2129 -1.8802, 3.189 3.2254 -1.8678, 3.2677 3.2254 -1.8678, 3.189 3.2348 -1.8529, 3.2677 3.2348 -1.8529, 3.189 3.2406 -1.8362, 3.2677 3.2406 -1.8362, 3.189 3.2426 -1.8187, 3.2677 3.2426 -1.8187, 3.189 2.3371 -1.8974, 3.2677 2.3371 -1.8974, 3.189 2.2583 -1.8187, 3.2677 2.2583 -1.8187, 3.189 2.2603 -1.8362, 3.2677 2.2603 -1.8362, 3.189 2.2661 -1.8529, 3.2677 2.2661 -1.8529, 3.189 2.2755 -1.8678, 3.2677 2.2755 -1.8678, 3.189 2.288 -1.8802, 3.2677 2.288 -1.8802, 3.189 2.3029 -1.8896, 3.2677 2.3029 -1.8896, 3.189 2.3196 -1.8955, 3.2677 2.3196 -1.8955, 3.189 2.2583 -1.1095, 3.2677 2.2583 -1.1095, 3.189 2.3371 -1.0308, 3.2677 2.3371 -1.0308, 3.189 2.3196 -1.0327, 3.2677 2.3196 -1.0327, 3.189 2.3029 -1.0386, 3.2677 2.3029 -1.0386, 3.189 2.288 -1.0479, 3.2677 2.288 -1.0479, 3.189 2.2755 -1.0604, 3.2677 2.2755 -1.0604, 3.189 2.2661 -1.0753, 3.2677 2.2661 -1.0753, 3.189 2.2603 -1.092, 3.2677 2.2603 -1.092, 3.189 2.4158 -1.0308, 3.2677 2.4158 -1.0308, 3.189 2.4946 -1.1095, 3.2677 2.4946 -1.1095, 3.189 2.4926 -1.092, 3.2677 2.4926 -1.092, 3.189 2.4868 -1.0753, 3.2677 2.4868 -1.0753, 3.189 2.4774 -1.0604, 3.2677 2.4774 -1.0604, 3.189 2.4649 -1.0479, 3.2677 2.4649 -1.0479, 3.189 2.45 -1.0386, 3.2677 2.45 -1.0386, 3.189 2.4333 -1.0327, 3.2677 2.4333 -1.0327, 3.189 2.4946 -1.5747, 3.2677 2.4946 -1.5747, 3.189 2.5733 -1.6534, 3.2677 2.5733 -1.6534, 3.2677 2.5558 -1.6514, 3.189 2.5558 -1.6514, 3.2677 2.5391 -1.6456, 3.189 2.5391 -1.6456, 3.2677 2.5242 -1.6362, 3.189 2.5242 -1.6362, 3.2677 2.5117 -1.6238, 3.189 2.5117 -1.6238, 3.2677 2.5024 -1.6088, 3.189 2.5024 -1.6088, 3.2677 2.4965 -1.5922, 3.189 2.4965 -1.5922, 3.189 2.9276 -1.6534, 3.2677 2.9276 -1.6534, 3.189 3.0064 -1.5747, 3.2677 3.0064 -1.5747, 3.2677 3.0044 -1.5922, 3.189 3.0044 -1.5922, 3.2677 2.9986 -1.6088, 3.189 2.9986 -1.6088, 3.2677 2.9892 -1.6238, 3.189 2.9892 -1.6238, 3.2677 2.9767 -1.6362, 3.189 2.9767 -1.6362, 3.2677 2.9618 -1.6456, 3.189 2.9618 -1.6456, 3.2677 2.9451 -1.6514, 3.189 2.9451 -1.6514, 3.189 3.0064 -1.1095, 3.2677 3.0064 -1.1095, 3.189 3.0851 -1.0308, 3.2677 3.0851 -1.0308, 3.189 3.0676 -1.0327, 3.2677 3.0676 -1.0327, 3.189 3.0509 -1.0386, 3.2677 3.0509 -1.0386, 3.189 3.036 -1.0479, 3.2677 3.036 -1.0479, 3.189 3.0235 -1.0604, 3.2677 3.0235 -1.0604, 3.189 3.0142 -1.0753, 3.2677 3.0142 -1.0753, 3.189 3.0083 -1.092, 3.2677 3.0083 -1.092, 3.189 3.1638 -1.0308, 3.2677 3.1638 -1.0308, 3.189 3.2426 -1.1095, 3.2677 3.2426 -1.1095, 3.189 3.2406 -1.092, 3.2677 3.2406 -1.092, 3.189 3.2348 -1.0753, 3.2677 3.2348 -1.0753, 3.189 3.2254 -1.0604, 3.2677 3.2254 -1.0604, 3.189 3.2129 -1.0479, 3.2677 3.2129 -1.0479, 3.189 3.198 -1.0386, 3.2677 3.198 -1.0386, 3.189 3.1814 -1.0327, 3.2677 3.1814 -1.0327, 3.189 3.0064 1.1095, 3.2677 3.0064 1.1095, 3.189 3.0083 1.092, 3.2677 3.0083 1.092, 3.189 3.0142 1.0753, 3.2677 3.0142 1.0753, 3.189 3.0235 1.0604, 3.2677 3.0235 1.0604, 3.189 3.036 1.0479, 3.2677 3.036 1.0479, 3.189 3.0509 1.0386, 3.2677 3.0509 1.0386, 3.189 3.0676 1.0327, 3.2677 3.0676 1.0327, 3.189 3.0851 1.0308, 3.2677 3.0851 1.0308, 3.189 3.0064 1.5747, 3.2677 3.0064 1.5747, 3.189 2.9276 1.6534, 3.2677 2.9276 1.6534, 3.2677 2.9451 1.6514, 3.189 2.9451 1.6514, 3.2677 2.9618 1.6456, 3.189 2.9618 1.6456, 3.2677 2.9767 1.6362, 3.189 2.9767 1.6362, 3.2677 2.9892 1.6238, 3.189 2.9892 1.6238, 3.2677 2.9986 1.6088, 3.189 2.9986 1.6088, 3.2677 3.0044 1.5922, 3.189 3.0044 1.5922, 3.189 2.5733 1.6534, 3.2677 2.5733 1.6534, 3.189 2.4946 1.5747, 3.2677 2.4946 1.5747, 3.2677 2.4965 1.5922, 3.189 2.4965 1.5922, 3.2677 2.5024 1.6088, 3.189 2.5024 1.6088, 3.2677 2.5117 1.6238, 3.189 2.5117 1.6238, 3.2677 2.5242 1.6362, 3.189 2.5242 1.6362, 3.2677 2.5391 1.6456, 3.189 2.5391 1.6456, 3.2677 2.5558 1.6514, 3.189 2.5558 1.6514, 3.189 2.4946 1.1095, 3.2677 2.4946 1.1095, 3.189 2.4158 1.0308, 3.2677 2.4158 1.0308, 3.189 2.4333 1.0327, 3.2677 2.4333 1.0327, 3.189 2.45 1.0386, 3.2677 2.45 1.0386, 3.189 2.4649 1.0479, 3.2677 2.4649 1.0479, 3.189 2.4774 1.0604, 3.2677 2.4774 1.0604, 3.189 2.4868 1.0753, 3.2677 2.4868 1.0753, 3.189 2.4926 1.092, 3.2677 2.4926 1.092, 3.189 2.3371 1.0308, 3.2677 2.3371 1.0308, 3.189 2.2583 1.1095, 3.2677 2.2583 1.1095, 3.189 2.2603 1.092, 3.2677 2.2603 1.092, 3.189 2.2661 1.0753, 3.2677 2.2661 1.0753, 3.189 2.2755 1.0604, 3.2677 2.2755 1.0604, 3.189 2.288 1.0479, 3.2677 2.288 1.0479, 3.189 2.3029 1.0386, 3.2677 2.3029 1.0386, 3.189 2.3196 1.0327, 3.2677 2.3196 1.0327, 3.189 2.2583 1.8187, 3.2677 2.2583 1.8187, 3.189 2.3371 1.8974, 3.2677 2.3371 1.8974, 3.189 2.3196 1.8955, 3.2677 2.3196 1.8955, 3.189 2.3029 1.8896, 3.2677 2.3029 1.8896, 3.189 2.288 1.8802, 3.2677 2.288 1.8802, 3.189 2.2755 1.8678, 3.2677 2.2755 1.8678, 3.189 2.2661 1.8529, 3.2677 2.2661 1.8529, 3.189 2.2603 1.8362, 3.2677 2.2603 1.8362, 3.189 3.1638 1.8974, 3.2677 3.1638 1.8974, 3.189 3.2426 1.8187, 3.2677 3.2426 1.8187, 3.189 3.2406 1.8362, 3.2677 3.2406 1.8362, 3.189 3.2348 1.8529, 3.2677 3.2348 1.8529, 3.189 3.2254 1.8678, 3.2677 3.2254 1.8678, 3.189 3.2129 1.8802, 3.2677 3.2129 1.8802, 3.189 3.198 1.8896, 3.2677 3.198 1.8896, 3.189 3.1814 1.8955, 3.2677 3.1814 1.8955, 3.189 3.2426 1.1095, 3.2677 3.2426 1.1095, 3.189 3.1638 1.0308, 3.2677 3.1638 1.0308, 3.189 3.1814 1.0327, 3.2677 3.1814 1.0327, 3.189 3.198 1.0386, 3.2677 3.198 1.0386, 3.189 3.2129 1.0479, 3.2677 3.2129 1.0479, 3.189 3.2254 1.0604, 3.2677 3.2254 1.0604, 3.189 3.2348 1.0753, 3.2677 3.2348 1.0753, 3.189 3.2406 1.092, 3.2677 3.2406 1.092, -3.189 3.1299 -3.4055, -3.189 3.1299 -2.5, -3.2677 3.1299 -3.4055, -3.2677 3.1299 -2.5, -3.2677 3.1349 -3.4493, -3.189 3.1349 -3.4493, -3.2677 3.1494 -3.4909, -3.189 3.1494 -3.4909, -3.2677 3.1729 -3.5282, -3.189 3.1729 -3.5282, -3.2677 3.204 -3.5594, -3.189 3.204 -3.5594, -3.2677 3.2414 -3.5829, -3.189 3.2414 -3.5829, -3.2677 3.283 -3.5974, -3.189 3.283 -3.5974, -3.2677 3.3268 -3.6024, -3.189 3.3268 -3.6024, -3.189 3.4055 -3.6024, -3.2677 3.4055 -3.6024, -3.2677 3.4493 -3.5974, -3.189 3.4493 -3.5974, -3.2677 3.4909 -3.5829, -3.189 3.4909 -3.5829, -3.2677 3.5282 -3.5594, -3.189 3.5282 -3.5594, -3.2677 3.5594 -3.5282, -3.189 3.5594 -3.5282, -3.2677 3.5829 -3.4909, -3.189 3.5829 -3.4909, -3.2677 3.5974 -3.4493, -3.189 3.5974 -3.4493, -3.2677 3.6024 -3.4055, -3.189 3.6024 -3.4055, -3.189 3.6024 -2.5, -3.2677 3.6024 -2.5, -3.189 2.8473 -0.1695, -3.2677 2.8473 -0.1695, -3.189 2.8454 -0.187, -3.2677 2.8454 -0.187, -3.189 2.8395 -0.2036, -3.2677 2.8395 -0.2036, -3.189 2.8302 -0.2186, -3.2677 2.8302 -0.2186, -3.189 2.8177 -0.231, -3.2677 2.8177 -0.231, -3.189 2.8028 -0.2404, -3.2677 2.8028 -0.2404, -3.189 2.7861 -0.2462, -3.2677 2.7861 -0.2462, -3.189 2.7686 -0.2482, -3.2677 2.7686 -0.2482, -3.189 2.8473 0.2452, -3.2677 2.8473 0.2452, -3.189 2.7686 0.324, -3.2677 2.7686 0.324, -3.189 2.7861 0.322, -3.2677 2.7861 0.322, -3.189 2.8028 0.3162, -3.2677 2.8028 0.3162, -3.189 2.8177 0.3068, -3.2677 2.8177 0.3068, -3.189 2.8302 0.2943, -3.2677 2.8302 0.2943, -3.189 2.8395 0.2794, -3.2677 2.8395 0.2794, -3.189 2.8454 0.2627, -3.2677 2.8454 0.2627, -3.189 2.3371 0.324, -3.2677 2.3371 0.324, -3.189 2.2583 0.2452, -3.2677 2.2583 0.2452, -3.189 2.2603 0.2627, -3.2677 2.2603 0.2627, -3.189 2.2661 0.2794, -3.2677 2.2661 0.2794, -3.189 2.2755 0.2943, -3.2677 2.2755 0.2943, -3.189 2.288 0.3068, -3.2677 2.288 0.3068, -3.189 2.3029 0.3162, -3.2677 2.3029 0.3162, -3.189 2.3196 0.322, -3.2677 2.3196 0.322, -3.189 2.2583 -0.1695, -3.2677 2.2583 -0.1695, -3.189 2.3371 -0.2482, -3.2677 2.3371 -0.2482, -3.189 2.3196 -0.2462, -3.2677 2.3196 -0.2462, -3.189 2.3029 -0.2404, -3.2677 2.3029 -0.2404, -3.189 2.288 -0.231, -3.2677 2.288 -0.231, -3.189 2.2755 -0.2186, -3.2677 2.2755 -0.2186, -3.189 2.2661 -0.2036, -3.2677 2.2661 -0.2036, -3.189 2.2603 -0.187, -3.2677 2.2603 -0.187, -3.189 3.2426 -1.8187, -3.2677 3.2426 -1.8187, -3.189 3.2406 -1.8362, -3.2677 3.2406 -1.8362, -3.189 3.2348 -1.8529, -3.2677 3.2348 -1.8529, -3.189 3.2254 -1.8678, -3.2677 3.2254 -1.8678, -3.189 3.2129 -1.8802, -3.2677 3.2129 -1.8802, -3.189 3.198 -1.8896, -3.2677 3.198 -1.8896, -3.189 3.1814 -1.8955, -3.2677 3.1814 -1.8955, -3.189 3.1638 -1.8974, -3.2677 3.1638 -1.8974, -3.189 3.2426 -1.1095, -3.2677 3.2426 -1.1095, -3.189 3.1638 -1.0308, -3.2677 3.1638 -1.0308, -3.189 3.1814 -1.0327, -3.2677 3.1814 -1.0327, -3.189 3.198 -1.0386, -3.2677 3.198 -1.0386, -3.189 3.2129 -1.0479, -3.2677 3.2129 -1.0479, -3.189 3.2254 -1.0604, -3.2677 3.2254 -1.0604, -3.189 3.2348 -1.0753, -3.2677 3.2348 -1.0753, -3.189 3.2406 -1.092, -3.2677 3.2406 -1.092, -3.189 3.0851 -1.0308, -3.2677 3.0851 -1.0308, -3.189 3.0064 -1.1095, -3.2677 3.0064 -1.1095, -3.189 3.0083 -1.092, -3.2677 3.0083 -1.092, -3.189 3.0142 -1.0753, -3.2677 3.0142 -1.0753, -3.189 3.0235 -1.0604, -3.2677 3.0235 -1.0604, -3.189 3.036 -1.0479, -3.2677 3.036 -1.0479, -3.189 3.0509 -1.0386, -3.2677 3.0509 -1.0386, -3.189 3.0676 -1.0327, -3.2677 3.0676 -1.0327, -3.189 3.0064 -1.5747, -3.2677 3.0064 -1.5747, -3.189 2.9276 -1.6534, -3.2677 2.9276 -1.6534, -3.2677 2.9451 -1.6514, -3.189 2.9451 -1.6514, -3.2677 2.9618 -1.6456, -3.189 2.9618 -1.6456, -3.2677 2.9767 -1.6362, -3.189 2.9767 -1.6362, -3.2677 2.9892 -1.6238, -3.189 2.9892 -1.6238, -3.2677 2.9986 -1.6088, -3.189 2.9986 -1.6088, -3.2677 3.0044 -1.5922, -3.189 3.0044 -1.5922, -3.189 2.5733 -1.6534, -3.2677 2.5733 -1.6534, -3.189 2.4946 -1.5747, -3.2677 2.4946 -1.5747, -3.2677 2.4965 -1.5922, -3.189 2.4965 -1.5922, -3.2677 2.5024 -1.6088, -3.189 2.5024 -1.6088, -3.2677 2.5117 -1.6238, -3.189 2.5117 -1.6238, -3.2677 2.5242 -1.6362, -3.189 2.5242 -1.6362, -3.2677 2.5391 -1.6456, -3.189 2.5391 -1.6456, -3.2677 2.5558 -1.6514, -3.189 2.5558 -1.6514, -3.189 2.4946 -1.1095, -3.2677 2.4946 -1.1095, -3.189 2.4158 -1.0308, -3.2677 2.4158 -1.0308, -3.189 2.4333 -1.0327, -3.2677 2.4333 -1.0327, -3.189 2.45 -1.0386, -3.2677 2.45 -1.0386, -3.189 2.4649 -1.0479, -3.2677 2.4649 -1.0479, -3.189 2.4774 -1.0604, -3.2677 2.4774 -1.0604, -3.189 2.4868 -1.0753, -3.2677 2.4868 -1.0753, -3.189 2.4926 -1.092, -3.2677 2.4926 -1.092, -3.189 2.3371 -1.0308, -3.2677 2.3371 -1.0308, -3.189 2.2583 -1.1095, -3.2677 2.2583 -1.1095, -3.189 2.2603 -1.092, -3.2677 2.2603 -1.092, -3.189 2.2661 -1.0753, -3.2677 2.2661 -1.0753, -3.189 2.2755 -1.0604, -3.2677 2.2755 -1.0604, -3.189 2.288 -1.0479, -3.2677 2.288 -1.0479, -3.189 2.3029 -1.0386, -3.2677 2.3029 -1.0386, -3.189 2.3196 -1.0327, -3.2677 2.3196 -1.0327, -3.189 2.2583 -1.8187, -3.2677 2.2583 -1.8187, -3.189 2.3371 -1.8974, -3.2677 2.3371 -1.8974, -3.189 2.3196 -1.8955, -3.2677 2.3196 -1.8955, -3.189 2.3029 -1.8896, -3.2677 2.3029 -1.8896, -3.189 2.288 -1.8802, -3.2677 2.288 -1.8802, -3.189 2.2755 -1.8678, -3.2677 2.2755 -1.8678, -3.189 2.2661 -1.8529, -3.2677 2.2661 -1.8529, -3.189 2.2603 -1.8362, -3.2677 2.2603 -1.8362, -3.189 3.0851 1.0308, -3.2677 3.0851 1.0308, -3.189 3.0676 1.0327, -3.2677 3.0676 1.0327, -3.189 3.0509 1.0386, -3.2677 3.0509 1.0386, -3.189 3.036 1.0479, -3.2677 3.036 1.0479, -3.189 3.0235 1.0604, -3.2677 3.0235 1.0604, -3.189 3.0142 1.0753, -3.2677 3.0142 1.0753, -3.189 3.0083 1.092, -3.2677 3.0083 1.092, -3.189 3.0064 1.1095, -3.2677 3.0064 1.1095, -3.189 3.1638 1.0308, -3.2677 3.1638 1.0308, -3.189 3.2426 1.1095, -3.2677 3.2426 1.1095, -3.189 3.2406 1.092, -3.2677 3.2406 1.092, -3.189 3.2348 1.0753, -3.2677 3.2348 1.0753, -3.189 3.2254 1.0604, -3.2677 3.2254 1.0604, -3.189 3.2129 1.0479, -3.2677 3.2129 1.0479, -3.189 3.198 1.0386, -3.2677 3.198 1.0386, -3.189 3.1814 1.0327, -3.2677 3.1814 1.0327, -3.189 3.2426 1.8187, -3.2677 3.2426 1.8187, -3.189 3.1638 1.8974, -3.2677 3.1638 1.8974, -3.189 3.1814 1.8955, -3.2677 3.1814 1.8955, -3.189 3.198 1.8896, -3.2677 3.198 1.8896, -3.189 3.2129 1.8802, -3.2677 3.2129 1.8802, -3.189 3.2254 1.8678, -3.2677 3.2254 1.8678, -3.189 3.2348 1.8529, -3.2677 3.2348 1.8529, -3.189 3.2406 1.8362, -3.2677 3.2406 1.8362, -3.189 2.3371 1.8974, -3.2677 2.3371 1.8974, -3.189 2.2583 1.8187, -3.2677 2.2583 1.8187, -3.189 2.2603 1.8362, -3.2677 2.2603 1.8362, -3.189 2.2661 1.8529, -3.2677 2.2661 1.8529, -3.189 2.2755 1.8678, -3.2677 2.2755 1.8678, -3.189 2.288 1.8802, -3.2677 2.288 1.8802, -3.189 2.3029 1.8896, -3.2677 2.3029 1.8896, -3.189 2.3196 1.8955, -3.2677 2.3196 1.8955, -3.189 2.2583 1.1095, -3.2677 2.2583 1.1095, -3.189 2.3371 1.0308, -3.2677 2.3371 1.0308, -3.189 2.3196 1.0327, -3.2677 2.3196 1.0327, -3.189 2.3029 1.0386, -3.2677 2.3029 1.0386, -3.189 2.288 1.0479, -3.2677 2.288 1.0479, -3.189 2.2755 1.0604, -3.2677 2.2755 1.0604, -3.189 2.2661 1.0753, -3.2677 2.2661 1.0753, -3.189 2.2603 1.092, -3.2677 2.2603 1.092, -3.189 2.4158 1.0308, -3.2677 2.4158 1.0308, -3.189 2.4946 1.1095, -3.2677 2.4946 1.1095, -3.189 2.4926 1.092, -3.2677 2.4926 1.092, -3.189 2.4868 1.0753, -3.2677 2.4868 1.0753, -3.189 2.4774 1.0604, -3.2677 2.4774 1.0604, -3.189 2.4649 1.0479, -3.2677 2.4649 1.0479, -3.189 2.45 1.0386, -3.2677 2.45 1.0386, -3.189 2.4333 1.0327, -3.2677 2.4333 1.0327, -3.189 2.4946 1.5747, -3.2677 2.4946 1.5747, -3.189 2.5733 1.6534, -3.2677 2.5733 1.6534, -3.2677 2.5558 1.6514, -3.189 2.5558 1.6514, -3.2677 2.5391 1.6456, -3.189 2.5391 1.6456, -3.2677 2.5242 1.6362, -3.189 2.5242 1.6362, -3.2677 2.5117 1.6238, -3.189 2.5117 1.6238, -3.2677 2.5024 1.6088, -3.189 2.5024 1.6088, -3.2677 2.4965 1.5922, -3.189 2.4965 1.5922, -3.189 2.9276 1.6534, -3.2677 2.9276 1.6534, -3.189 3.0064 1.5747, -3.2677 3.0064 1.5747, -3.2677 3.0044 1.5922, -3.189 3.0044 1.5922, -3.2677 2.9986 1.6088, -3.189 2.9986 1.6088, -3.2677 2.9892 1.6238, -3.189 2.9892 1.6238, -3.2677 2.9767 1.6362, -3.189 2.9767 1.6362, -3.2677 2.9618 1.6456, -3.189 2.9618 1.6456, -3.2677 2.9451 1.6514, -3.189 2.9451 1.6514, 2.5591 0.0 1.3189, 2.5591 0.0 -1.8307, 2.5591 -0.0787 1.3189, 2.5591 -0.0787 -1.8307, -2.5591 0.0 -1.8307, -2.5591 -0.0787 -1.8307, -2.5591 -0.0787 1.3189, -2.5591 0.0 1.3189, -1.1811 0.0 2.1063, -1.1811 -0.0787 2.1063, -1.1863 0.0 2.1063, -2.9528 -0.0787 2.1063, -2.9528 0.0 2.1063, -2.9528 0.0 1.3189, -2.9528 -0.0787 1.3189, -2.6378 0.0 1.3189, 2.9528 -0.0787 1.3189, 2.9528 0.0 1.3189, 2.6378 0.0 1.3189, 2.9528 0.0 2.1063, 2.9528 -0.0787 2.1063, 1.1811 0.1181 2.5394, 1.1811 0.1181 2.6181, -1.1811 0.1181 2.5394, -1.1811 0.1181 2.6181, 1.1811 0.0 2.1063, 1.1811 -0.0787 2.1063, 1.1811 0.0 2.5, 1.1811 -0.0787 2.5, 1.1811 0.0013 2.5102, 1.1811 -0.0747 2.5306, 1.1811 0.0053 2.5197, 1.1811 -0.0629 2.5591, 1.1811 0.0115 2.5278, 1.1811 -0.0441 2.5835, 1.1811 0.0197 2.5341, 1.1811 -0.0197 2.6023, 1.1811 0.0292 2.538, 1.1811 0.0088 2.6141, 1.1811 0.0394 2.5394, 1.1811 0.0394 2.6181, -1.1811 0.0394 2.5394, -1.1811 0.0394 2.6181, -1.1811 0.0292 2.538, -1.1811 0.0131 2.6151, -1.1811 0.0197 2.5341, -1.1811 -0.0119 2.6064, -1.1811 0.0115 2.5278, -1.1811 -0.0343 2.5923, -1.1811 -0.053 2.5736, -1.1811 0.0053 2.5197, -1.1811 -0.067 2.5512, -1.1811 0.0013 2.5102, -1.1811 -0.0758 2.5263, -1.1811 0.0 2.5, -1.1811 -0.0787 2.5, -1.1811 -0.0787 2.5
            ]
        }
        coordIndex [
            0,1,2,-1,2,1,3,-1,2,3,4,-1,4,3,5,-1,4,5,6,-1,6,5,7,-1,6,7,8,-1,8,7,9,-1,8,9,10,-1,10,9,11,-1,10,11,12,-1,12,11,13,-1,12,13,14,-1,14,13,15,-1,0,16,1,-1,1,16,17,-1,18,19,20,-1,20,19,21,-1,20,21,22,-1,22,21,23,-1,22,23,24,-1,24,23,25,-1,24,25,26,-1,26,25,27,-1,26,27,28,-1,28,27,29,-1,28,29,30,-1,30,29,31,-1,30,31,16,-1,16,31,17,-1,18,32,19,-1,19,32,33,-1,34,35,36,-1,36,35,37,-1,36,37,38,-1,38,37,39,-1,38,39,40,-1,40,39,41,-1,40,41,42,-1,42,41,43,-1,42,43,44,-1,44,43,45,-1,44,45,46,-1,46,45,47,-1,46,47,32,-1,32,47,33,-1,34,48,35,-1,35,48,49,-1,50,51,52,-1,52,51,53,-1,52,53,54,-1,54,53,55,-1,54,55,56,-1,56,55,57,-1,56,57,58,-1,58,57,59,-1,58,59,60,-1,60,59,61,-1,60,61,62,-1,62,61,63,-1,62,63,48,-1,48,63,49,-1,50,14,51,-1,51,14,15,-1,64,65,66,-1,66,65,67,-1,66,67,68,-1,68,67,69,-1,68,69,70,-1,70,69,71,-1,70,71,72,-1,72,71,73,-1,72,73,74,-1,74,73,75,-1,74,75,76,-1,76,75,77,-1,76,77,78,-1,78,77,79,-1,64,80,65,-1,65,80,81,-1,82,83,84,-1,84,83,85,-1,84,85,86,-1,86,85,87,-1,86,87,88,-1,88,87,89,-1,88,89,90,-1,90,89,91,-1,90,91,92,-1,92,91,93,-1,92,93,94,-1,94,93,95,-1,94,95,80,-1,80,95,81,-1,82,96,83,-1,83,96,97,-1,98,99,100,-1,100,99,101,-1,100,101,102,-1,102,101,103,-1,102,103,104,-1,104,103,105,-1,104,105,106,-1,106,105,107,-1,106,107,108,-1,108,107,109,-1,108,109,110,-1,110,109,111,-1,110,111,96,-1,96,111,97,-1,98,112,99,-1,99,112,113,-1,114,115,116,-1,116,115,117,-1,116,117,118,-1,118,117,119,-1,118,119,120,-1,120,119,121,-1,120,121,122,-1,122,121,123,-1,122,123,124,-1,124,123,125,-1,124,125,126,-1,126,125,127,-1,126,127,112,-1,112,127,113,-1,114,128,115,-1,115,128,129,-1,130,131,132,-1,130,132,133,-1,133,132,134,-1,133,134,135,-1,135,134,136,-1,135,136,137,-1,137,136,138,-1,137,138,139,-1,139,138,140,-1,139,140,141,-1,141,140,142,-1,141,142,143,-1,143,142,129,-1,143,129,128,-1,130,144,131,-1,131,144,145,-1,146,147,148,-1,146,148,149,-1,149,148,150,-1,149,150,151,-1,151,150,152,-1,151,152,153,-1,153,152,154,-1,153,154,155,-1,155,154,156,-1,155,156,157,-1,157,156,158,-1,157,158,159,-1,159,158,145,-1,159,145,144,-1,146,160,147,-1,147,160,161,-1,162,163,164,-1,164,163,165,-1,164,165,166,-1,166,165,167,-1,166,167,168,-1,168,167,169,-1,168,169,170,-1,170,169,171,-1,170,171,172,-1,172,171,173,-1,172,173,174,-1,174,173,175,-1,174,175,160,-1,160,175,161,-1,162,176,163,-1,163,176,177,-1,178,179,180,-1,180,179,181,-1,180,181,182,-1,182,181,183,-1,182,183,184,-1,184,183,185,-1,184,185,186,-1,186,185,187,-1,186,187,188,-1,188,187,189,-1,188,189,190,-1,190,189,191,-1,190,191,176,-1,176,191,177,-1,178,78,179,-1,179,78,79,-1,192,193,194,-1,194,193,195,-1,194,195,196,-1,196,195,197,-1,196,197,198,-1,198,197,199,-1,198,199,200,-1,200,199,201,-1,200,201,202,-1,202,201,203,-1,202,203,204,-1,204,203,205,-1,204,205,206,-1,206,205,207,-1,192,208,193,-1,193,208,209,-1,210,211,212,-1,210,212,213,-1,213,212,214,-1,213,214,215,-1,215,214,216,-1,215,216,217,-1,217,216,218,-1,217,218,219,-1,219,218,220,-1,219,220,221,-1,221,220,222,-1,221,222,223,-1,223,222,209,-1,223,209,208,-1,210,224,211,-1,211,224,225,-1,226,227,228,-1,226,228,229,-1,229,228,230,-1,229,230,231,-1,231,230,232,-1,231,232,233,-1,233,232,234,-1,233,234,235,-1,235,234,236,-1,235,236,237,-1,237,236,238,-1,237,238,239,-1,239,238,225,-1,239,225,224,-1,226,240,227,-1,227,240,241,-1,242,243,244,-1,244,243,245,-1,244,245,246,-1,246,245,247,-1,246,247,248,-1,248,247,249,-1,248,249,250,-1,250,249,251,-1,250,251,252,-1,252,251,253,-1,252,253,254,-1,254,253,255,-1,254,255,240,-1,240,255,241,-1,242,256,243,-1,243,256,257,-1,258,259,260,-1,260,259,261,-1,260,261,262,-1,262,261,263,-1,262,263,264,-1,264,263,265,-1,264,265,266,-1,266,265,267,-1,266,267,268,-1,268,267,269,-1,268,269,270,-1,270,269,271,-1,270,271,256,-1,256,271,257,-1,258,272,259,-1,259,272,273,-1,274,275,276,-1,276,275,277,-1,276,277,278,-1,278,277,279,-1,278,279,280,-1,280,279,281,-1,280,281,282,-1,282,281,283,-1,282,283,284,-1,284,283,285,-1,284,285,286,-1,286,285,287,-1,286,287,272,-1,272,287,273,-1,274,288,275,-1,275,288,289,-1,290,291,292,-1,292,291,293,-1,292,293,294,-1,294,293,295,-1,294,295,296,-1,296,295,297,-1,296,297,298,-1,298,297,299,-1,298,299,300,-1,300,299,301,-1,300,301,302,-1,302,301,303,-1,302,303,288,-1,288,303,289,-1,290,304,291,-1,291,304,305,-1,306,307,308,-1,308,307,309,-1,308,309,310,-1,310,309,311,-1,310,311,312,-1,312,311,313,-1,312,313,314,-1,314,313,315,-1,314,315,316,-1,316,315,317,-1,316,317,318,-1,318,317,319,-1,318,319,304,-1,304,319,305,-1,306,206,307,-1,307,206,207,-1,320,321,322,-1,322,321,323,-1,320,322,324,-1,320,324,325,-1,325,324,326,-1,325,326,327,-1,327,326,328,-1,327,328,329,-1,329,328,330,-1,329,330,331,-1,331,330,332,-1,331,332,333,-1,333,332,334,-1,333,334,335,-1,335,334,336,-1,335,336,337,-1,338,337,339,-1,339,337,336,-1,338,339,340,-1,338,340,341,-1,341,340,342,-1,341,342,343,-1,343,342,344,-1,343,344,345,-1,345,344,346,-1,345,346,347,-1,347,346,348,-1,347,348,349,-1,349,348,350,-1,349,350,351,-1,351,350,352,-1,351,352,353,-1,354,353,355,-1,355,353,352,-1,356,357,358,-1,358,357,359,-1,358,359,360,-1,360,359,361,-1,360,361,362,-1,362,361,363,-1,362,363,364,-1,364,363,365,-1,364,365,366,-1,366,365,367,-1,366,367,368,-1,368,367,369,-1,368,369,370,-1,370,369,371,-1,356,372,357,-1,357,372,373,-1,374,375,376,-1,376,375,377,-1,376,377,378,-1,378,377,379,-1,378,379,380,-1,380,379,381,-1,380,381,382,-1,382,381,383,-1,382,383,384,-1,384,383,385,-1,384,385,386,-1,386,385,387,-1,386,387,372,-1,372,387,373,-1,374,388,375,-1,375,388,389,-1,390,391,392,-1,392,391,393,-1,392,393,394,-1,394,393,395,-1,394,395,396,-1,396,395,397,-1,396,397,398,-1,398,397,399,-1,398,399,400,-1,400,399,401,-1,400,401,402,-1,402,401,403,-1,402,403,388,-1,388,403,389,-1,390,404,391,-1,391,404,405,-1,406,407,408,-1,408,407,409,-1,408,409,410,-1,410,409,411,-1,410,411,412,-1,412,411,413,-1,412,413,414,-1,414,413,415,-1,414,415,416,-1,416,415,417,-1,416,417,418,-1,418,417,419,-1,418,419,404,-1,404,419,405,-1,406,370,407,-1,407,370,371,-1,420,421,422,-1,422,421,423,-1,422,423,424,-1,424,423,425,-1,424,425,426,-1,426,425,427,-1,426,427,428,-1,428,427,429,-1,428,429,430,-1,430,429,431,-1,430,431,432,-1,432,431,433,-1,432,433,434,-1,434,433,435,-1,420,436,421,-1,421,436,437,-1,438,439,440,-1,440,439,441,-1,440,441,442,-1,442,441,443,-1,442,443,444,-1,444,443,445,-1,444,445,446,-1,446,445,447,-1,446,447,448,-1,448,447,449,-1,448,449,450,-1,450,449,451,-1,450,451,436,-1,436,451,437,-1,438,452,439,-1,439,452,453,-1,454,455,456,-1,456,455,457,-1,456,457,458,-1,458,457,459,-1,458,459,460,-1,460,459,461,-1,460,461,462,-1,462,461,463,-1,462,463,464,-1,464,463,465,-1,464,465,466,-1,466,465,467,-1,466,467,452,-1,452,467,453,-1,454,468,455,-1,455,468,469,-1,470,471,472,-1,470,472,473,-1,473,472,474,-1,473,474,475,-1,475,474,476,-1,475,476,477,-1,477,476,478,-1,477,478,479,-1,479,478,480,-1,479,480,481,-1,481,480,482,-1,481,482,483,-1,483,482,469,-1,483,469,468,-1,470,484,471,-1,471,484,485,-1,486,487,488,-1,486,488,489,-1,489,488,490,-1,489,490,491,-1,491,490,492,-1,491,492,493,-1,493,492,494,-1,493,494,495,-1,495,494,496,-1,495,496,497,-1,497,496,498,-1,497,498,499,-1,499,498,485,-1,499,485,484,-1,486,500,487,-1,487,500,501,-1,502,503,504,-1,504,503,505,-1,504,505,506,-1,506,505,507,-1,506,507,508,-1,508,507,509,-1,508,509,510,-1,510,509,511,-1,510,511,512,-1,512,511,513,-1,512,513,514,-1,514,513,515,-1,514,515,500,-1,500,515,501,-1,502,516,503,-1,503,516,517,-1,518,519,520,-1,520,519,521,-1,520,521,522,-1,522,521,523,-1,522,523,524,-1,524,523,525,-1,524,525,526,-1,526,525,527,-1,526,527,528,-1,528,527,529,-1,528,529,530,-1,530,529,531,-1,530,531,516,-1,516,531,517,-1,518,532,519,-1,519,532,533,-1,534,535,536,-1,536,535,537,-1,536,537,538,-1,538,537,539,-1,538,539,540,-1,540,539,541,-1,540,541,542,-1,542,541,543,-1,542,543,544,-1,544,543,545,-1,544,545,546,-1,546,545,547,-1,546,547,532,-1,532,547,533,-1,534,434,535,-1,535,434,435,-1,548,549,550,-1,550,549,551,-1,550,551,552,-1,552,551,553,-1,552,553,554,-1,554,553,555,-1,554,555,556,-1,556,555,557,-1,556,557,558,-1,558,557,559,-1,558,559,560,-1,560,559,561,-1,560,561,562,-1,562,561,563,-1,548,564,549,-1,549,564,565,-1,566,567,568,-1,568,567,569,-1,568,569,570,-1,570,569,571,-1,570,571,572,-1,572,571,573,-1,572,573,574,-1,574,573,575,-1,574,575,576,-1,576,575,577,-1,576,577,578,-1,578,577,579,-1,578,579,564,-1,564,579,565,-1,566,580,567,-1,567,580,581,-1,582,583,584,-1,584,583,585,-1,584,585,586,-1,586,585,587,-1,586,587,588,-1,588,587,589,-1,588,589,590,-1,590,589,591,-1,590,591,592,-1,592,591,593,-1,592,593,594,-1,594,593,595,-1,594,595,580,-1,580,595,581,-1,582,596,583,-1,583,596,597,-1,598,599,600,-1,600,599,601,-1,600,601,602,-1,602,601,603,-1,602,603,604,-1,604,603,605,-1,604,605,606,-1,606,605,607,-1,606,607,608,-1,608,607,609,-1,608,609,610,-1,610,609,611,-1,610,611,596,-1,596,611,597,-1,598,612,599,-1,599,612,613,-1,614,615,616,-1,616,615,617,-1,616,617,618,-1,618,617,619,-1,618,619,620,-1,620,619,621,-1,620,621,622,-1,622,621,623,-1,622,623,624,-1,624,623,625,-1,624,625,626,-1,626,625,627,-1,626,627,612,-1,612,627,613,-1,614,628,615,-1,615,628,629,-1,630,631,632,-1,632,631,633,-1,632,633,634,-1,634,633,635,-1,634,635,636,-1,636,635,637,-1,636,637,638,-1,638,637,639,-1,638,639,640,-1,640,639,641,-1,640,641,642,-1,642,641,643,-1,642,643,628,-1,628,643,629,-1,630,644,631,-1,631,644,645,-1,646,647,648,-1,646,648,649,-1,649,648,650,-1,649,650,651,-1,651,650,652,-1,651,652,653,-1,653,652,654,-1,653,654,655,-1,655,654,656,-1,655,656,657,-1,657,656,658,-1,657,658,659,-1,659,658,645,-1,659,645,644,-1,646,660,647,-1,647,660,661,-1,662,663,664,-1,662,664,665,-1,665,664,666,-1,665,666,667,-1,667,666,668,-1,667,668,669,-1,669,668,670,-1,669,670,671,-1,671,670,672,-1,671,672,673,-1,673,672,674,-1,673,674,675,-1,675,674,661,-1,675,661,660,-1,662,562,663,-1,663,562,563,-1,676,677,678,-1,678,677,679,-1,677,680,679,-1,679,680,681,-1,682,681,683,-1,683,681,680,-1,684,685,686,-1,686,685,687,-1,686,687,688,-1,689,690,691,-1,691,690,682,-1,691,682,683,-1,689,688,690,-1,690,688,687,-1,692,693,678,-1,678,693,694,-1,678,694,676,-1,695,693,696,-1,696,693,692,-1,697,698,699,-1,699,698,700,-1,701,702,703,-1,703,702,704,-1,703,704,705,-1,705,704,706,-1,705,706,707,-1,707,706,708,-1,707,708,709,-1,709,708,710,-1,709,710,711,-1,711,710,712,-1,711,712,713,-1,713,712,714,-1,713,714,715,-1,715,714,716,-1,715,716,697,-1,697,716,698,-1,699,700,717,-1,717,700,718,-1,717,718,719,-1,719,718,720,-1,719,720,721,-1,721,720,722,-1,721,722,723,-1,722,724,723,-1,723,724,725,-1,723,725,726,-1,726,725,727,-1,726,727,728,-1,728,727,729,-1,728,729,730,-1,730,729,731,-1,730,731,684,-1,684,731,685,-1,
        ]
    }
}
Shape{
    appearance Appearance {
        material  Material 	{
            diffuseColor 0.25098039215686274 0.25098039215686274 0.25098039215686274
            specularColor 0.12549019607843137 0.12549019607843137 0.12549019607843137
            ambientIntensity 0.2
            transparency 0
            shininess 0.5
        }
    }
    geometry IndexedFaceSet {
        ccw TRUE
        solid FALSE
        coord DEF co Coordinate {
            point [
                2.6378 0.0 1.3976, 2.8276 0.0 1.4604, 1.804 0.0 1.4604, 2.9528 0.0 1.3189, 2.8617 0.0 1.4682, 2.8451 0.0 1.4623, 1.4567 0.0 1.3976, 1.7864 0.0 1.4623, 1.7698 0.0 1.4682, 2.6378 0.0 1.3189, 1.7549 0.0 1.4775, 1.7424 0.0 1.49, 1.733 0.0 1.5049, 2.8451 0.0 2.0883, 2.8617 0.0 2.0825, 2.9528 0.0 2.1063, 2.8767 0.0 2.0731, 2.8985 0.0 1.5049, 2.8891 0.0 1.49, 2.8767 0.0 1.4775, 1.7272 0.0 2.0291, 1.733 0.0 2.0457, 1.4567 0.0 2.0276, 1.7424 0.0 2.0606, 1.7549 0.0 2.0731, 1.1863 0.0 2.1063, 1.1863 0.0 2.0276, 1.7698 0.0 2.0825, 1.7864 0.0 2.0883, 1.804 0.0 2.0903, 2.8276 0.0 2.0903, 2.8891 0.0 2.0606, 2.8985 0.0 2.0457, 2.9043 0.0 2.0291, 2.9063 0.0 2.0115, 2.9063 0.0 1.5391, 2.9043 0.0 1.5216, 1.7272 0.0 1.5216, 1.7252 0.0 1.5391, 1.7252 0.0 2.0115, -3.1496 4.5768 2.5, -3.1496 6.0236 2.5, -3.1496 4.5768 1.6939, -3.1496 6.0236 1.6939, -3.1496 6.0236 0.1331, -3.1496 6.0236 -2.5, -3.1496 4.5768 0.1331, -3.1496 4.5768 -2.5, 2.0598 1.5945 -3.2677, 2.0598 1.5945 -2.5, 2.0596 1.5948 -3.2677, 1.978 1.7121 -2.5, 1.978 1.7121 -3.2677, 1.9778 1.7123 -3.2677, 1.9268 1.846 -2.5, 1.9268 1.846 -3.2677, 1.9268 1.8461 -3.2677, 1.9094 1.9882 -2.5, 1.9094 1.9882 -3.2677, 1.9268 2.1304 -2.5, 1.9268 2.1304 -3.2677, 1.9268 2.1303 -3.2677, 1.978 2.2643 -2.5, 2.0598 2.3819 -2.5, 2.0598 2.3819 -3.2677, 2.0596 2.3816 -3.2677, 1.978 2.2643 -3.2677, 1.9778 2.2641 -3.2677, 2.371 2.3819 -3.5039, 2.371 1.5945 -3.5039, 2.2247 1.5945 -3.5039, 2.1417 1.6682 -3.5039, 2.1417 2.3082 -3.5039, 2.2247 2.3819 -3.5039, 2.0337 1.8726 -3.5039, 2.0196 1.9882 -3.5039, 2.0337 2.1038 -3.5039, 2.0752 1.7638 -3.5039, 2.0752 2.2126 -3.5039, 2.1388 1.5945 -3.3883, 2.1389 2.3819 -3.3884, 3.1496 3.4523 -2.5, 3.1496 3.4523 -1.5006, 3.1496 0.0 -2.5, 3.1496 2.0866 -1.5006, 3.1496 -0.0 2.5, 3.1496 2.0866 -0.5164, 3.1496 3.4523 1.6939, 3.1496 3.4523 2.5, 3.1496 2.0866 1.6939, 3.1496 2.0866 0.7096, 3.1496 3.4523 0.7096, 3.1496 3.4523 -0.5164, 3.1496 6.0236 2.5, 2.7559 6.0236 1.6939, 3.1496 6.0236 1.6939, 3.1496 6.0236 0.1331, 3.1496 6.0236 -2.5, 2.9528 6.0236 0.1331, 2.9528 6.0236 0.7096, 2.7559 6.0236 0.7096, -2.9528 6.0236 0.1331, -2.9528 6.0236 0.7096, -2.7559 6.0236 0.7096, -2.7559 6.0236 1.6939, 2.9528 3.4523 2.5, 2.9528 3.4523 1.6939, 2.9528 3.4523 -0.5164, 2.9528 3.4523 0.7096, 2.9528 3.4523 -2.5, 2.9528 3.4523 -1.5006, 2.9528 4.5768 2.5, 2.9528 4.5768 1.6939, 2.9528 4.5768 0.1331, 2.9528 4.5768 -0.5164, 2.9528 4.5768 -2.5, 2.9528 4.5768 -1.5006, 3.1496 4.5768 1.6939, 3.1496 4.5768 2.5, 1.378 3.937 1.9488, 1.378 0.0787 1.9488, 1.1811 3.937 1.9488, 1.1076 0.0787 1.9488, 1.1076 3.937 1.9488, 1.378 0.0787 1.3189, 1.378 3.937 1.3189, 2.5591 0.0787 1.3189, 2.5591 3.937 1.3189, 3.1496 4.5768 0.1331, 3.1496 4.5768 -2.5, -3.1496 3.4523 2.5, -3.1496 3.4523 1.6939, -3.1496 -0.0 2.5, -3.1496 2.0866 1.6939, -3.1496 0.0 -2.5, -3.1496 2.0866 0.7096, -3.1496 3.4523 -1.5006, -3.1496 3.4523 -2.5, -3.1496 2.0866 -1.5006, -3.1496 2.0866 -0.5164, -3.1496 3.4523 -0.5164, -3.1496 3.4523 0.7096, 1.1799 0.0064 2.5, 1.1863 0.0 2.5, -2.9528 4.5768 2.5, -2.9528 3.4523 2.5, -1.1799 0.0064 2.5, -1.1863 0.0 2.5, 2.5591 0.5784 -1.8307, 2.5591 0.0787 -1.8307, 2.5591 3.937 -1.8307, 2.5591 3.937 1.1505, -2.5591 3.937 1.1505, -2.5591 3.937 1.3189, -2.5591 0.0787 1.3189, -2.5591 3.937 -1.8307, -2.5591 0.5784 -1.8307, -2.5591 0.0787 -1.8307, -1.378 3.937 1.3189, -1.378 0.0787 1.3189, -2.0079 3.937 1.3189, -1.378 0.0787 1.9488, -1.378 3.937 1.9488, -1.1076 3.937 1.9488, -1.1076 0.0787 1.9488, -1.1811 3.937 1.9488, 1.1076 0.0787 2.4277, 1.1076 3.937 2.4277, -1.1076 0.0787 2.4277, -1.1076 3.937 2.4277, -0.7874 3.937 2.4277, -0.3937 3.937 2.4277, 0.0 3.937 2.4277, 0.3937 3.937 2.4277, 0.7874 3.937 2.4277, 2.6378 0.0 -1.9094, 2.0079 0.0787 -1.8307, 1.1811 0.0787 -1.8307, 0.7874 0.0787 -1.8307, 0.3937 0.0787 -1.8307, 0.0 0.0787 -1.8307, -2.6378 0.0 -1.9094, -0.3937 0.0787 -1.8307, -0.7874 0.0787 -1.8307, -1.1811 0.0787 -1.8307, -2.6378 0.0 1.3189, -2.6378 0.0 1.3976, -1.4567 0.0 1.3976, -1.4567 0.0 2.0276, -1.1863 0.0 2.0276, -1.1863 0.0 2.1063, 2.7559 2.0866 1.6939, 2.7559 4.5768 -1.5006, 2.7559 4.5768 -0.5164, 2.7559 2.0866 -1.5006, 2.7559 2.0866 -0.5164, 2.7559 2.0866 0.7096, 2.9402 2.3819 -3.2677, 2.9402 2.3819 -2.5, 2.9404 2.3816 -3.2677, 3.022 2.2643 -2.5, 3.022 2.2643 -3.2677, 3.0222 2.2641 -3.2677, 3.0732 2.1304 -2.5, 3.0732 2.1304 -3.2677, 3.0732 2.1303 -3.2677, 3.0906 1.9882 -2.5, 3.0906 1.9882 -3.2677, 3.0732 1.846 -2.5, 3.0732 1.846 -3.2677, 3.0732 1.8461 -3.2677, 3.022 1.7121 -2.5, 2.9402 1.5945 -2.5, 2.9402 1.5945 -3.2677, 2.9404 1.5948 -3.2677, 3.022 1.7121 -3.2677, 3.0222 1.7123 -3.2677, 2.7753 1.5945 -3.5039, 2.629 1.5945 -3.5039, 2.8583 1.6682 -3.5039, 2.629 2.3819 -3.5039, 2.7753 2.3819 -3.5039, 2.8583 2.3082 -3.5039, 2.9248 2.2126 -3.5039, 2.9663 2.1038 -3.5039, 2.9804 1.9882 -3.5039, 2.9663 1.8726 -3.5039, 2.9248 1.7638 -3.5039, 2.8612 2.3819 -3.3883, 2.8611 1.5945 -3.3884, 2.629 1.5945 -2.7165, 2.371 1.5945 -2.7165, 2.629 2.3819 -2.7165, 2.371 2.3819 -2.7165, -2.9528 4.5768 1.6939, -2.9528 3.4523 1.6939, -2.7559 2.0866 1.6939, -2.9528 3.4523 -2.5, -2.9528 3.4523 -1.5006, -2.9528 4.5768 -2.5, -2.9528 4.5768 -1.5006, -2.9528 4.5768 0.1331, -2.9528 4.5768 -0.5164, -2.9528 3.4523 -0.5164, -2.9528 3.4523 0.7096, -2.7559 4.5768 -0.5164, -2.7559 4.5768 -1.5006, -2.7559 2.0866 -1.5006, -2.7559 2.0866 -0.5164, -2.7559 2.0866 0.7096, -2.9402 1.5945 -3.2677, -2.9402 1.5945 -2.5, -2.9404 1.5948 -3.2677, -3.022 1.7121 -2.5, -3.022 1.7121 -3.2677, -3.0222 1.7123 -3.2677, -3.0732 1.846 -2.5, -3.0732 1.846 -3.2677, -3.0732 1.8461 -3.2677, -3.0906 1.9882 -2.5, -3.0906 1.9882 -3.2677, -3.0732 2.1304 -2.5, -3.0732 2.1304 -3.2677, -3.0732 2.1303 -3.2677, -3.022 2.2643 -2.5, -2.9402 2.3819 -2.5, -2.9402 2.3819 -3.2677, -2.9404 2.3816 -3.2677, -3.022 2.2643 -3.2677, -3.0222 2.2641 -3.2677, -2.0598 2.3819 -3.2677, -2.0598 2.3819 -2.5, -2.0596 2.3816 -3.2677, -1.978 2.2643 -2.5, -1.978 2.2643 -3.2677, -1.9778 2.2641 -3.2677, -1.9268 2.1304 -2.5, -1.9268 2.1304 -3.2677, -1.9268 2.1303 -3.2677, -1.9094 1.9882 -2.5, -1.9094 1.9882 -3.2677, -1.9268 1.846 -2.5, -1.9268 1.846 -3.2677, -1.9268 1.8461 -3.2677, -1.978 1.7121 -2.5, -2.0598 1.5945 -2.5, -2.0598 1.5945 -3.2677, -2.0596 1.5948 -3.2677, -1.978 1.7121 -3.2677, -1.9778 1.7123 -3.2677, -2.7753 2.3819 -3.5039, -2.629 2.3819 -3.5039, -2.8583 2.3082 -3.5039, -2.629 1.5945 -3.5039, -2.7753 1.5945 -3.5039, -2.8583 1.6682 -3.5039, -2.9248 1.7638 -3.5039, -2.9663 1.8726 -3.5039, -2.9804 1.9882 -3.5039, -2.9663 2.1038 -3.5039, -2.9248 2.2126 -3.5039, -2.371 1.5945 -3.5039, -2.371 2.3819 -3.5039, -2.2247 2.3819 -3.5039, -2.1417 2.3082 -3.5039, -2.1417 1.6682 -3.5039, -2.2247 1.5945 -3.5039, -2.0337 2.1038 -3.5039, -2.0196 1.9882 -3.5039, -2.0337 1.8726 -3.5039, -2.0752 2.2126 -3.5039, -2.0752 1.7638 -3.5039, -2.371 1.5945 -2.7165, -2.371 2.3819 -2.7165, -2.629 1.5945 -2.7165, -2.629 2.3819 -2.7165, -2.1388 1.5945 -3.3883, -2.8611 1.5945 -3.3884, -2.8612 2.3819 -3.3883, -2.1389 2.3819 -3.3884, -2.1389 2.3819 -3.3884
            ]
        }
        coordIndex [
            0,1,2,-1,3,4,5,-1,0,2,6,-1,6,2,7,-1,6,7,8,-1,1,0,5,-1,5,0,9,-1,5,9,3,-1,8,10,6,-1,6,10,11,-1,6,11,12,-1,13,14,15,-1,15,14,16,-1,17,18,3,-1,3,18,19,-1,3,19,4,-1,20,21,22,-1,22,21,23,-1,22,23,24,-1,25,26,22,-1,24,27,22,-1,22,27,28,-1,22,28,25,-1,25,28,29,-1,25,29,15,-1,15,29,30,-1,15,30,13,-1,16,31,15,-1,15,31,32,-1,15,32,33,-1,33,34,15,-1,15,34,35,-1,15,35,3,-1,3,35,36,-1,3,36,17,-1,12,37,6,-1,6,37,38,-1,6,38,22,-1,22,38,39,-1,22,39,20,-1,40,41,42,-1,42,41,43,-1,44,45,46,-1,46,45,47,-1,48,49,50,-1,50,49,51,-1,50,51,52,-1,52,51,53,-1,53,51,54,-1,53,54,55,-1,55,54,56,-1,56,54,57,-1,56,57,58,-1,59,60,57,-1,57,60,61,-1,57,61,58,-1,62,63,64,-1,64,65,62,-1,62,65,66,-1,62,66,59,-1,59,66,67,-1,59,67,60,-1,68,69,70,-1,70,71,68,-1,68,71,72,-1,68,72,73,-1,74,75,76,-1,71,77,72,-1,72,77,74,-1,72,74,78,-1,78,74,76,-1,79,48,50,-1,71,70,79,-1,65,64,72,-1,72,64,80,-1,72,80,73,-1,79,50,71,-1,71,50,52,-1,71,52,77,-1,52,53,77,-1,77,53,55,-1,77,55,74,-1,55,56,74,-1,74,56,58,-1,74,58,75,-1,75,58,61,-1,75,61,76,-1,76,61,78,-1,61,60,78,-1,78,60,67,-1,78,67,72,-1,72,67,66,-1,72,66,65,-1,81,82,83,-1,83,82,84,-1,83,84,85,-1,85,84,86,-1,87,88,89,-1,89,88,85,-1,89,85,90,-1,90,85,86,-1,90,86,91,-1,91,86,92,-1,41,93,94,-1,94,93,95,-1,96,97,98,-1,98,97,45,-1,98,45,99,-1,99,45,100,-1,101,102,103,-1,43,41,104,-1,104,41,94,-1,104,94,103,-1,103,94,100,-1,103,100,101,-1,101,100,45,-1,101,45,44,-1,105,88,106,-1,106,88,87,-1,92,107,91,-1,91,107,108,-1,81,109,82,-1,82,109,110,-1,111,105,112,-1,112,105,106,-1,98,99,113,-1,113,99,108,-1,113,108,114,-1,114,108,107,-1,109,115,110,-1,110,115,116,-1,117,95,118,-1,118,95,93,-1,119,120,121,-1,121,120,122,-1,121,122,123,-1,124,125,126,-1,126,125,127,-1,128,129,96,-1,96,129,97,-1,130,131,132,-1,132,131,133,-1,132,133,134,-1,134,133,135,-1,136,137,138,-1,138,137,134,-1,138,134,139,-1,139,134,135,-1,139,135,140,-1,140,135,141,-1,142,143,85,-1,93,41,144,-1,144,41,40,-1,118,93,111,-1,111,93,144,-1,111,144,105,-1,105,144,145,-1,146,145,147,-1,147,145,130,-1,147,130,132,-1,88,105,85,-1,85,105,145,-1,85,145,142,-1,142,145,146,-1,148,149,126,-1,150,148,151,-1,151,148,126,-1,151,126,127,-1,152,153,154,-1,155,152,156,-1,156,152,154,-1,156,154,157,-1,158,159,160,-1,160,159,154,-1,160,154,153,-1,120,119,124,-1,124,119,125,-1,159,158,161,-1,161,158,162,-1,163,164,165,-1,165,164,161,-1,165,161,162,-1,166,167,122,-1,122,167,123,-1,164,163,168,-1,168,163,169,-1,169,170,168,-1,168,170,171,-1,168,171,166,-1,166,171,172,-1,172,173,166,-1,166,173,174,-1,166,174,167,-1,149,175,126,-1,126,175,9,-1,126,9,0,-1,6,124,0,-1,0,124,126,-1,149,176,175,-1,175,176,177,-1,175,177,178,-1,178,179,175,-1,175,179,180,-1,175,180,181,-1,181,180,182,-1,182,183,181,-1,181,183,184,-1,181,184,157,-1,22,120,6,-1,6,120,124,-1,181,157,185,-1,185,157,154,-1,185,154,186,-1,26,122,22,-1,22,122,120,-1,159,187,154,-1,154,187,186,-1,122,26,25,-1,166,122,142,-1,142,122,25,-1,142,25,143,-1,161,188,159,-1,159,188,187,-1,146,168,142,-1,142,168,166,-1,164,189,161,-1,161,189,188,-1,190,189,164,-1,164,168,190,-1,190,168,146,-1,190,146,147,-1,111,112,118,-1,118,112,117,-1,87,89,106,-1,106,89,191,-1,106,191,112,-1,112,191,94,-1,112,94,117,-1,117,94,95,-1,98,113,96,-1,96,113,128,-1,129,128,114,-1,114,128,113,-1,115,129,116,-1,116,129,114,-1,116,114,192,-1,192,114,193,-1,116,192,110,-1,110,192,194,-1,110,194,82,-1,82,194,84,-1,193,114,107,-1,92,86,107,-1,107,86,195,-1,107,195,193,-1,84,194,86,-1,86,194,195,-1,193,195,192,-1,192,195,194,-1,99,100,108,-1,108,100,196,-1,108,196,91,-1,91,196,90,-1,90,196,89,-1,89,196,191,-1,196,100,191,-1,191,100,94,-1,197,198,199,-1,199,198,200,-1,199,200,201,-1,201,200,202,-1,202,200,203,-1,202,203,204,-1,204,203,205,-1,205,203,206,-1,205,206,207,-1,208,209,206,-1,206,209,210,-1,206,210,207,-1,211,212,213,-1,213,214,211,-1,211,214,215,-1,211,215,208,-1,208,215,216,-1,208,216,209,-1,217,218,219,-1,219,218,220,-1,219,220,221,-1,221,222,219,-1,219,222,223,-1,219,223,224,-1,224,225,219,-1,219,225,226,-1,219,226,227,-1,228,197,199,-1,214,213,219,-1,219,213,229,-1,219,229,217,-1,222,221,228,-1,228,199,222,-1,222,199,201,-1,222,201,223,-1,201,202,223,-1,223,202,204,-1,223,204,224,-1,204,205,224,-1,224,205,207,-1,224,207,225,-1,225,207,210,-1,225,210,226,-1,226,210,227,-1,210,209,227,-1,227,209,216,-1,227,216,219,-1,219,216,215,-1,219,215,214,-1,230,231,232,-1,232,231,233,-1,233,231,68,-1,68,231,69,-1,220,218,232,-1,232,218,230,-1,229,213,212,-1,70,69,79,-1,79,69,231,-1,79,231,48,-1,230,218,217,-1,217,229,230,-1,230,229,212,-1,230,212,231,-1,231,212,49,-1,231,49,48,-1,80,64,63,-1,221,220,228,-1,228,220,232,-1,228,232,197,-1,233,68,73,-1,73,80,233,-1,233,80,63,-1,233,63,232,-1,232,63,198,-1,232,198,197,-1,234,144,42,-1,42,144,40,-1,145,144,235,-1,235,144,234,-1,130,145,131,-1,131,145,235,-1,234,42,43,-1,236,133,131,-1,131,235,236,-1,236,235,234,-1,236,234,104,-1,104,234,43,-1,237,137,238,-1,238,137,136,-1,239,237,240,-1,240,237,238,-1,241,101,46,-1,46,101,44,-1,242,243,241,-1,241,243,244,-1,241,244,101,-1,101,244,102,-1,46,47,240,-1,240,47,239,-1,241,46,242,-1,242,46,240,-1,242,240,245,-1,245,240,246,-1,246,240,238,-1,136,138,238,-1,238,138,247,-1,238,247,246,-1,247,138,248,-1,248,138,139,-1,248,245,247,-1,247,245,246,-1,242,245,243,-1,243,245,248,-1,243,248,140,-1,140,248,139,-1,243,140,244,-1,244,140,141,-1,103,102,244,-1,141,135,244,-1,244,135,249,-1,244,249,103,-1,249,135,236,-1,236,135,133,-1,103,249,104,-1,104,249,236,-1,250,251,252,-1,252,251,253,-1,252,253,254,-1,254,253,255,-1,255,253,256,-1,255,256,257,-1,257,256,258,-1,258,256,259,-1,258,259,260,-1,261,262,259,-1,259,262,263,-1,259,263,260,-1,264,265,266,-1,266,267,264,-1,264,267,268,-1,264,268,261,-1,261,268,269,-1,261,269,262,-1,270,271,272,-1,272,271,273,-1,272,273,274,-1,274,273,275,-1,275,273,276,-1,275,276,277,-1,277,276,278,-1,278,276,279,-1,278,279,280,-1,281,282,279,-1,279,282,283,-1,279,283,280,-1,284,285,286,-1,286,287,284,-1,284,287,288,-1,284,288,281,-1,281,288,289,-1,281,289,282,-1,290,291,292,-1,292,291,293,-1,292,293,294,-1,294,295,292,-1,292,295,296,-1,292,296,297,-1,297,298,292,-1,292,298,299,-1,292,299,300,-1,301,302,303,-1,303,304,301,-1,301,304,305,-1,301,305,306,-1,307,308,309,-1,304,310,305,-1,305,310,307,-1,305,307,311,-1,311,307,309,-1,312,313,301,-1,301,313,302,-1,312,314,313,-1,313,314,315,-1,293,291,314,-1,314,291,315,-1,316,286,285,-1,294,293,317,-1,317,293,314,-1,317,314,250,-1,312,301,306,-1,306,316,312,-1,312,316,285,-1,312,285,314,-1,314,285,251,-1,314,251,250,-1,317,250,252,-1,295,294,317,-1,267,266,292,-1,292,266,318,-1,292,318,290,-1,317,252,295,-1,295,252,254,-1,295,254,296,-1,254,255,296,-1,296,255,257,-1,296,257,297,-1,257,258,297,-1,297,258,260,-1,297,260,298,-1,298,260,263,-1,298,263,299,-1,299,263,300,-1,263,262,300,-1,300,262,269,-1,300,269,292,-1,292,269,268,-1,292,268,267,-1,318,266,265,-1,303,302,319,-1,319,302,313,-1,319,313,270,-1,315,291,290,-1,290,318,315,-1,315,318,265,-1,315,265,313,-1,313,265,271,-1,313,271,270,-1,319,270,272,-1,287,286,305,-1,305,286,316,-1,305,316,306,-1,304,303,319,-1,319,272,304,-1,304,272,274,-1,304,274,310,-1,274,275,310,-1,310,275,277,-1,310,277,307,-1,277,278,307,-1,307,278,280,-1,307,280,308,-1,308,280,283,-1,308,283,309,-1,309,283,311,-1,283,282,311,-1,311,282,289,-1,311,289,305,-1,305,289,288,-1,305,288,287,-1,
        ]
    }
}
Shape{
    appearance Appearance {
        material  Material 	{
            diffuseColor 1.0 1.0 0.5019607843137255
            specularColor 0.5019607843137255 0.5019607843137255 0.25098039215686274
            ambientIntensity 0.2
            transparency 0
            shininess 0.5
        }
    }
    geometry IndexedFaceSet {
        ccw TRUE
        solid FALSE
        coord DEF co Coordinate {
            point [
                1.4567 1.0781 -1.785, 1.2992 1.0781 -1.785, 1.4567 1.0781 -1.8307, 1.2992 1.0781 -1.8307, 1.2992 1.1568 -1.8307, 1.2992 1.1568 -1.785, 1.4567 1.1568 -1.8307, 1.4567 1.1568 -1.785, 1.4567 3.937 -0.2161, 1.4567 3.937 -0.1267, 1.4567 1.2189 -1.6811, 1.4567 1.1815 -1.6118, 1.4567 1.198 -1.6954, 1.4567 1.1467 -1.6357, 1.4567 1.1806 -1.714, 1.4567 1.1177 -1.6666, 1.4567 1.1676 -1.7357, 1.4567 1.096 -1.7029, 1.4567 1.1595 -1.7598, 1.4567 1.0826 -1.743, 1.2992 1.1595 -1.7598, 1.2992 1.0826 -1.743, 1.2992 1.1676 -1.7357, 1.2992 1.096 -1.7029, 1.2992 1.1806 -1.714, 1.2992 1.1177 -1.6666, 1.2992 1.198 -1.6954, 1.2992 1.1467 -1.6357, 1.2992 1.2189 -1.6811, 1.2992 1.1815 -1.6118, 1.2992 3.937 -0.2161, 1.2992 3.937 -0.1267, 1.063 1.0781 -1.785, 0.9055 1.0781 -1.785, 1.063 1.0781 -1.8307, 0.9055 1.0781 -1.8307, 0.9055 1.1568 -1.8307, 0.9055 1.1568 -1.785, 1.063 1.1568 -1.8307, 1.063 1.1568 -1.785, 1.063 3.937 -0.2161, 1.063 3.937 -0.1267, 1.063 1.2189 -1.6811, 1.063 1.1815 -1.6118, 1.063 1.198 -1.6954, 1.063 1.1467 -1.6357, 1.063 1.1806 -1.714, 1.063 1.1177 -1.6666, 1.063 1.1676 -1.7357, 1.063 1.096 -1.7029, 1.063 1.1595 -1.7598, 1.063 1.0826 -1.743, 0.9055 3.937 -0.1267, 0.9055 1.1815 -1.6118, 0.9055 1.1467 -1.6357, 0.9055 1.1177 -1.6666, 0.9055 1.096 -1.7029, 0.9055 1.0826 -1.743, 0.9055 1.1595 -1.7598, 0.9055 1.1676 -1.7357, 0.9055 1.1806 -1.714, 0.9055 1.198 -1.6954, 0.9055 1.2189 -1.6811, 0.9055 3.937 -0.2161, 0.6693 1.0781 -1.785, 0.5118 1.0781 -1.785, 0.6693 1.0781 -1.8307, 0.5118 1.0781 -1.8307, 0.5118 1.1568 -1.8307, 0.5118 1.1568 -1.785, 0.6693 1.1568 -1.8307, 0.6693 1.1568 -1.785, 0.6693 3.937 -0.2161, 0.6693 3.937 -0.1267, 0.6693 1.2189 -1.6811, 0.6693 1.1815 -1.6118, 0.6693 1.198 -1.6954, 0.6693 1.1467 -1.6357, 0.6693 1.1806 -1.714, 0.6693 1.1177 -1.6666, 0.6693 1.1676 -1.7357, 0.6693 1.096 -1.7029, 0.6693 1.1595 -1.7598, 0.6693 1.0826 -1.743, 0.5118 3.937 -0.1267, 0.5118 1.1815 -1.6118, 0.5118 1.1467 -1.6357, 0.5118 1.1177 -1.6666, 0.5118 1.096 -1.7029, 0.5118 1.0826 -1.743, 0.5118 1.1595 -1.7598, 0.5118 1.1676 -1.7357, 0.5118 1.1806 -1.714, 0.5118 1.198 -1.6954, 0.5118 1.2189 -1.6811, 0.5118 3.937 -0.2161, 0.2756 1.0781 -1.785, 0.1181 1.0781 -1.785, 0.2756 1.0781 -1.8307, 0.1181 1.0781 -1.8307, 0.1181 1.1568 -1.8307, 0.1181 1.1568 -1.785, 0.2756 1.1568 -1.8307, 0.2756 1.1568 -1.785, 0.2756 3.937 -0.2161, 0.2756 3.937 -0.1267, 0.2756 1.2189 -1.6811, 0.2756 1.1815 -1.6118, 0.2756 1.198 -1.6954, 0.2756 1.1467 -1.6357, 0.2756 1.1806 -1.714, 0.2756 1.1177 -1.6666, 0.2756 1.1676 -1.7357, 0.2756 1.096 -1.7029, 0.2756 1.1595 -1.7598, 0.2756 1.0826 -1.743, 0.1181 3.937 -0.1267, 0.1181 1.1815 -1.6118, 0.1181 1.1467 -1.6357, 0.1181 1.1177 -1.6666, 0.1181 1.096 -1.7029, 0.1181 1.0826 -1.743, 0.1181 1.1595 -1.7598, 0.1181 1.1676 -1.7357, 0.1181 1.1806 -1.714, 0.1181 1.198 -1.6954, 0.1181 1.2189 -1.6811, 0.1181 3.937 -0.2161, -0.1181 1.0781 -1.785, -0.2756 1.0781 -1.785, -0.1181 1.0781 -1.8307, -0.2756 1.0781 -1.8307, -0.2756 1.1568 -1.8307, -0.2756 1.1568 -1.785, -0.1181 1.1568 -1.8307, -0.1181 1.1568 -1.785, -0.1181 3.937 -0.2161, -0.1181 3.937 -0.1267, -0.1181 1.2189 -1.6811, -0.1181 1.1815 -1.6118, -0.1181 1.198 -1.6954, -0.1181 1.1467 -1.6357, -0.1181 1.1806 -1.714, -0.1181 1.1177 -1.6666, -0.1181 1.1676 -1.7357, -0.1181 1.096 -1.7029, -0.1181 1.1595 -1.7598, -0.1181 1.0826 -1.743, -0.2756 3.937 -0.1267, -0.2756 1.1815 -1.6118, -0.2756 1.1467 -1.6357, -0.2756 1.1177 -1.6666, -0.2756 1.096 -1.7029, -0.2756 1.0826 -1.743, -0.2756 1.1595 -1.7598, -0.2756 1.1676 -1.7357, -0.2756 1.1806 -1.714, -0.2756 1.198 -1.6954, -0.2756 1.2189 -1.6811, -0.2756 3.937 -0.2161, -0.5118 1.0781 -1.785, -0.6693 1.0781 -1.785, -0.5118 1.0781 -1.8307, -0.6693 1.0781 -1.8307, -0.6693 1.1568 -1.8307, -0.6693 1.1568 -1.785, -0.5118 1.1568 -1.8307, -0.5118 1.1568 -1.785, -0.5118 3.937 -0.2161, -0.5118 3.937 -0.1267, -0.5118 1.2189 -1.6811, -0.5118 1.1815 -1.6118, -0.5118 1.198 -1.6954, -0.5118 1.1467 -1.6357, -0.5118 1.1806 -1.714, -0.5118 1.1177 -1.6666, -0.5118 1.1676 -1.7357, -0.5118 1.096 -1.7029, -0.5118 1.1595 -1.7598, -0.5118 1.0826 -1.743, -0.6693 3.937 -0.1267, -0.6693 1.1815 -1.6118, -0.6693 1.1467 -1.6357, -0.6693 1.1177 -1.6666, -0.6693 1.096 -1.7029, -0.6693 1.0826 -1.743, -0.6693 1.1595 -1.7598, -0.6693 1.1676 -1.7357, -0.6693 1.1806 -1.714, -0.6693 1.198 -1.6954, -0.6693 1.2189 -1.6811, -0.6693 3.937 -0.2161, -0.9055 1.0781 -1.785, -1.063 1.0781 -1.785, -0.9055 1.0781 -1.8307, -1.063 1.0781 -1.8307, -1.063 1.1568 -1.8307, -1.063 1.1568 -1.785, -0.9055 1.1568 -1.8307, -0.9055 1.1568 -1.785, -0.9055 3.937 -0.2161, -0.9055 3.937 -0.1267, -0.9055 1.2189 -1.6811, -0.9055 1.1815 -1.6118, -0.9055 1.198 -1.6954, -0.9055 1.1467 -1.6357, -0.9055 1.1806 -1.714, -0.9055 1.1177 -1.6666, -0.9055 1.1676 -1.7357, -0.9055 1.096 -1.7029, -0.9055 1.1595 -1.7598, -0.9055 1.0826 -1.743, -1.063 3.937 -0.1267, -1.063 1.1815 -1.6118, -1.063 1.1467 -1.6357, -1.063 1.1177 -1.6666, -1.063 1.096 -1.7029, -1.063 1.0826 -1.743, -1.063 1.1595 -1.7598, -1.063 1.1676 -1.7357, -1.063 1.1806 -1.714, -1.063 1.198 -1.6954, -1.063 1.2189 -1.6811, -1.063 3.937 -0.2161, -1.2992 1.0781 -1.785, -1.4567 1.0781 -1.785, -1.2992 1.0781 -1.8307, -1.4567 1.0781 -1.8307, -1.4567 1.1568 -1.8307, -1.4567 1.1568 -1.785, -1.2992 1.1568 -1.8307, -1.2992 1.1568 -1.785, -1.2992 3.937 -0.2161, -1.2992 3.937 -0.1267, -1.2992 1.2189 -1.6811, -1.2992 1.1815 -1.6118, -1.2992 1.198 -1.6954, -1.2992 1.1467 -1.6357, -1.2992 1.1806 -1.714, -1.2992 1.1177 -1.6666, -1.2992 1.1676 -1.7357, -1.2992 1.096 -1.7029, -1.2992 1.1595 -1.7598, -1.2992 1.0826 -1.743, -1.4567 3.937 -0.1267, -1.4567 1.1815 -1.6118, -1.4567 1.1467 -1.6357, -1.4567 1.1177 -1.6666, -1.4567 1.096 -1.7029, -1.4567 1.0826 -1.743, -1.4567 1.1595 -1.7598, -1.4567 1.1676 -1.7357, -1.4567 1.1806 -1.714, -1.4567 1.198 -1.6954, -1.4567 1.2189 -1.6811, -1.4567 3.937 -0.2161, -1.4567 3.937 -0.2161
            ]
        }
        coordIndex [
            0,1,2,-1,2,1,3,-1,4,5,6,-1,6,5,7,-1,8,9,10,-1,10,9,11,-1,10,11,12,-1,12,11,13,-1,12,13,14,-1,14,13,15,-1,14,15,16,-1,16,15,17,-1,16,17,18,-1,18,17,19,-1,18,19,7,-1,7,19,0,-1,7,0,6,-1,6,0,2,-1,4,3,5,-1,5,3,1,-1,5,1,20,-1,20,1,21,-1,20,21,22,-1,22,21,23,-1,22,23,24,-1,24,23,25,-1,24,25,26,-1,26,25,27,-1,26,27,28,-1,28,27,29,-1,28,29,30,-1,30,29,31,-1,10,28,8,-1,8,28,30,-1,31,29,9,-1,9,29,11,-1,11,29,27,-1,11,27,13,-1,13,27,25,-1,13,25,15,-1,15,25,23,-1,15,23,17,-1,17,23,21,-1,17,21,19,-1,19,21,1,-1,19,1,0,-1,7,5,18,-1,18,5,20,-1,18,20,16,-1,16,20,22,-1,16,22,14,-1,14,22,24,-1,14,24,12,-1,12,24,26,-1,12,26,10,-1,10,26,28,-1,32,33,34,-1,34,33,35,-1,36,37,38,-1,38,37,39,-1,40,41,42,-1,42,41,43,-1,42,43,44,-1,44,43,45,-1,44,45,46,-1,46,45,47,-1,46,47,48,-1,48,47,49,-1,48,49,50,-1,50,49,51,-1,50,51,39,-1,39,51,32,-1,39,32,38,-1,38,32,34,-1,52,53,41,-1,41,53,43,-1,43,53,54,-1,43,54,45,-1,45,54,55,-1,45,55,47,-1,47,55,56,-1,47,56,49,-1,49,56,57,-1,49,57,51,-1,51,57,33,-1,51,33,32,-1,36,35,37,-1,37,35,33,-1,37,33,58,-1,58,33,57,-1,58,57,59,-1,59,57,56,-1,59,56,60,-1,60,56,55,-1,60,55,61,-1,61,55,54,-1,61,54,62,-1,62,54,53,-1,62,53,63,-1,63,53,52,-1,42,62,40,-1,40,62,63,-1,39,37,50,-1,50,37,58,-1,50,58,48,-1,48,58,59,-1,48,59,46,-1,46,59,60,-1,46,60,44,-1,44,60,61,-1,44,61,42,-1,42,61,62,-1,64,65,66,-1,66,65,67,-1,68,69,70,-1,70,69,71,-1,72,73,74,-1,74,73,75,-1,74,75,76,-1,76,75,77,-1,76,77,78,-1,78,77,79,-1,78,79,80,-1,80,79,81,-1,80,81,82,-1,82,81,83,-1,82,83,71,-1,71,83,64,-1,71,64,70,-1,70,64,66,-1,84,85,73,-1,73,85,75,-1,75,85,86,-1,75,86,77,-1,77,86,87,-1,77,87,79,-1,79,87,88,-1,79,88,81,-1,81,88,89,-1,81,89,83,-1,83,89,65,-1,83,65,64,-1,68,67,69,-1,69,67,65,-1,69,65,90,-1,90,65,89,-1,90,89,91,-1,91,89,88,-1,91,88,92,-1,92,88,87,-1,92,87,93,-1,93,87,86,-1,93,86,94,-1,94,86,85,-1,94,85,95,-1,95,85,84,-1,74,94,72,-1,72,94,95,-1,71,69,82,-1,82,69,90,-1,82,90,80,-1,80,90,91,-1,80,91,78,-1,78,91,92,-1,78,92,76,-1,76,92,93,-1,76,93,74,-1,74,93,94,-1,96,97,98,-1,98,97,99,-1,100,101,102,-1,102,101,103,-1,104,105,106,-1,106,105,107,-1,106,107,108,-1,108,107,109,-1,108,109,110,-1,110,109,111,-1,110,111,112,-1,112,111,113,-1,112,113,114,-1,114,113,115,-1,114,115,103,-1,103,115,96,-1,103,96,102,-1,102,96,98,-1,116,117,105,-1,105,117,107,-1,107,117,118,-1,107,118,109,-1,109,118,119,-1,109,119,111,-1,111,119,120,-1,111,120,113,-1,113,120,121,-1,113,121,115,-1,115,121,97,-1,115,97,96,-1,100,99,101,-1,101,99,97,-1,101,97,122,-1,122,97,121,-1,122,121,123,-1,123,121,120,-1,123,120,124,-1,124,120,119,-1,124,119,125,-1,125,119,118,-1,125,118,126,-1,126,118,117,-1,126,117,127,-1,127,117,116,-1,106,126,104,-1,104,126,127,-1,103,101,114,-1,114,101,122,-1,114,122,112,-1,112,122,123,-1,112,123,110,-1,110,123,124,-1,110,124,108,-1,108,124,125,-1,108,125,106,-1,106,125,126,-1,128,129,130,-1,130,129,131,-1,132,133,134,-1,134,133,135,-1,136,137,138,-1,138,137,139,-1,138,139,140,-1,140,139,141,-1,140,141,142,-1,142,141,143,-1,142,143,144,-1,144,143,145,-1,144,145,146,-1,146,145,147,-1,146,147,135,-1,135,147,128,-1,135,128,134,-1,134,128,130,-1,148,149,137,-1,137,149,139,-1,139,149,150,-1,139,150,141,-1,141,150,151,-1,141,151,143,-1,143,151,152,-1,143,152,145,-1,145,152,153,-1,145,153,147,-1,147,153,129,-1,147,129,128,-1,132,131,133,-1,133,131,129,-1,133,129,154,-1,154,129,153,-1,154,153,155,-1,155,153,152,-1,155,152,156,-1,156,152,151,-1,156,151,157,-1,157,151,150,-1,157,150,158,-1,158,150,149,-1,158,149,159,-1,159,149,148,-1,138,158,136,-1,136,158,159,-1,135,133,146,-1,146,133,154,-1,146,154,144,-1,144,154,155,-1,144,155,142,-1,142,155,156,-1,142,156,140,-1,140,156,157,-1,140,157,138,-1,138,157,158,-1,160,161,162,-1,162,161,163,-1,164,165,166,-1,166,165,167,-1,168,169,170,-1,170,169,171,-1,170,171,172,-1,172,171,173,-1,172,173,174,-1,174,173,175,-1,174,175,176,-1,176,175,177,-1,176,177,178,-1,178,177,179,-1,178,179,167,-1,167,179,160,-1,167,160,166,-1,166,160,162,-1,180,181,169,-1,169,181,171,-1,171,181,182,-1,171,182,173,-1,173,182,183,-1,173,183,175,-1,175,183,184,-1,175,184,177,-1,177,184,185,-1,177,185,179,-1,179,185,161,-1,179,161,160,-1,164,163,165,-1,165,163,161,-1,165,161,186,-1,186,161,185,-1,186,185,187,-1,187,185,184,-1,187,184,188,-1,188,184,183,-1,188,183,189,-1,189,183,182,-1,189,182,190,-1,190,182,181,-1,190,181,191,-1,191,181,180,-1,170,190,168,-1,168,190,191,-1,167,165,178,-1,178,165,186,-1,178,186,176,-1,176,186,187,-1,176,187,174,-1,174,187,188,-1,174,188,172,-1,172,188,189,-1,172,189,170,-1,170,189,190,-1,192,193,194,-1,194,193,195,-1,196,197,198,-1,198,197,199,-1,200,201,202,-1,202,201,203,-1,202,203,204,-1,204,203,205,-1,204,205,206,-1,206,205,207,-1,206,207,208,-1,208,207,209,-1,208,209,210,-1,210,209,211,-1,210,211,199,-1,199,211,192,-1,199,192,198,-1,198,192,194,-1,212,213,201,-1,201,213,203,-1,203,213,214,-1,203,214,205,-1,205,214,215,-1,205,215,207,-1,207,215,216,-1,207,216,209,-1,209,216,217,-1,209,217,211,-1,211,217,193,-1,211,193,192,-1,196,195,197,-1,197,195,193,-1,197,193,218,-1,218,193,217,-1,218,217,219,-1,219,217,216,-1,219,216,220,-1,220,216,215,-1,220,215,221,-1,221,215,214,-1,221,214,222,-1,222,214,213,-1,222,213,223,-1,223,213,212,-1,202,222,200,-1,200,222,223,-1,199,197,210,-1,210,197,218,-1,210,218,208,-1,208,218,219,-1,208,219,206,-1,206,219,220,-1,206,220,204,-1,204,220,221,-1,204,221,202,-1,202,221,222,-1,224,225,226,-1,226,225,227,-1,228,229,230,-1,230,229,231,-1,232,233,234,-1,234,233,235,-1,234,235,236,-1,236,235,237,-1,236,237,238,-1,238,237,239,-1,238,239,240,-1,240,239,241,-1,240,241,242,-1,242,241,243,-1,242,243,231,-1,231,243,224,-1,231,224,230,-1,230,224,226,-1,244,245,233,-1,233,245,235,-1,235,245,246,-1,235,246,237,-1,237,246,247,-1,237,247,239,-1,239,247,248,-1,239,248,241,-1,241,248,249,-1,241,249,243,-1,243,249,225,-1,243,225,224,-1,228,227,229,-1,229,227,225,-1,229,225,250,-1,250,225,249,-1,250,249,251,-1,251,249,248,-1,251,248,252,-1,252,248,247,-1,252,247,253,-1,253,247,246,-1,253,246,254,-1,254,246,245,-1,254,245,255,-1,255,245,244,-1,234,254,232,-1,232,254,255,-1,231,229,242,-1,242,229,250,-1,242,250,240,-1,240,250,251,-1,240,251,238,-1,238,251,252,-1,238,252,236,-1,236,252,253,-1,236,253,234,-1,234,253,254,-1,
        ]
    }
}
Shape{
    appearance Appearance {
        material  Material 	{
            diffuseColor 0.0 1.0 0.0
            specularColor 0.0 0.5019607843137255 0.0
            ambientIntensity 0.2
            transparency 0
            shininess 0.5
        }
    }
    geometry IndexedFaceSet {
        ccw TRUE
        solid FALSE
        coord DEF co Coordinate {
            point [
                2.8276 -0.0787 1.4604, 1.804 -0.0787 1.4604, 2.8276 0.0 1.4604, 1.804 0.0 1.4604, 2.8451 0.0 1.4623, 2.8451 -0.0787 1.4623, 2.8617 0.0 1.4682, 2.8617 -0.0787 1.4682, 2.8767 0.0 1.4775, 2.8767 -0.0787 1.4775, 2.8891 0.0 1.49, 2.8891 -0.0787 1.49, 2.8985 0.0 1.5049, 2.8985 -0.0787 1.5049, 2.9043 0.0 1.5216, 2.9043 -0.0787 1.5216, 2.9063 0.0 1.5391, 2.9063 -0.0787 1.5391, 2.9063 -0.0787 2.0115, 2.9063 0.0 2.0115, 2.9043 0.0 2.0291, 2.9043 -0.0787 2.0291, 2.8985 0.0 2.0457, 2.8985 -0.0787 2.0457, 2.8891 0.0 2.0606, 2.8891 -0.0787 2.0606, 2.8767 0.0 2.0731, 2.8767 -0.0787 2.0731, 2.8617 0.0 2.0825, 2.8617 -0.0787 2.0825, 2.8451 0.0 2.0883, 2.8451 -0.0787 2.0883, 2.8276 0.0 2.0903, 2.8276 -0.0787 2.0903, 1.804 -0.0787 2.0903, 1.804 0.0 2.0903, 1.7864 0.0 2.0883, 1.7864 -0.0787 2.0883, 1.7698 0.0 2.0825, 1.7698 -0.0787 2.0825, 1.7549 0.0 2.0731, 1.7549 -0.0787 2.0731, 1.7424 0.0 2.0606, 1.7424 -0.0787 2.0606, 1.733 0.0 2.0457, 1.733 -0.0787 2.0457, 1.7272 0.0 2.0291, 1.7272 -0.0787 2.0291, 1.7252 0.0 2.0115, 1.7252 -0.0787 2.0115, 1.7252 -0.0787 1.5391, 1.7252 0.0 1.5391, 1.7272 0.0 1.5216, 1.7272 -0.0787 1.5216, 1.733 0.0 1.5049, 1.733 -0.0787 1.5049, 1.7424 0.0 1.49, 1.7424 -0.0787 1.49, 1.7549 0.0 1.4775, 1.7549 -0.0787 1.4775, 1.7698 0.0 1.4682, 1.7698 -0.0787 1.4682, 1.7864 0.0 1.4623, 1.7864 -0.0787 1.4623, 1.7864 -0.0787 1.4623
            ]
        }
        coordIndex [
            0,1,2,-1,2,1,3,-1,0,2,4,-1,0,4,5,-1,5,4,6,-1,5,6,7,-1,7,6,8,-1,7,8,9,-1,9,8,10,-1,9,10,11,-1,11,10,12,-1,11,12,13,-1,13,12,14,-1,13,14,15,-1,15,14,16,-1,15,16,17,-1,18,17,19,-1,19,17,16,-1,18,19,20,-1,18,20,21,-1,21,20,22,-1,21,22,23,-1,23,22,24,-1,23,24,25,-1,25,24,26,-1,25,26,27,-1,27,26,28,-1,27,28,29,-1,29,28,30,-1,29,30,31,-1,31,30,32,-1,31,32,33,-1,34,33,35,-1,35,33,32,-1,34,35,36,-1,34,36,37,-1,37,36,38,-1,37,38,39,-1,39,38,40,-1,39,40,41,-1,41,40,42,-1,41,42,43,-1,43,42,44,-1,43,44,45,-1,45,44,46,-1,45,46,47,-1,47,46,48,-1,47,48,49,-1,50,49,51,-1,51,49,48,-1,50,51,52,-1,50,52,53,-1,53,52,54,-1,53,54,55,-1,55,54,56,-1,55,56,57,-1,57,56,58,-1,57,58,59,-1,59,58,60,-1,59,60,61,-1,61,60,62,-1,61,62,63,-1,63,62,3,-1,63,3,1,-1,7,9,11,-1,49,50,1,-1,1,50,53,-1,57,59,61,-1,7,11,5,-1,17,18,33,-1,33,18,21,-1,33,21,23,-1,23,25,33,-1,33,25,27,-1,33,27,31,-1,31,27,29,-1,53,55,1,-1,1,55,57,-1,1,57,63,-1,63,57,61,-1,5,11,0,-1,0,11,13,-1,0,13,15,-1,15,17,0,-1,0,17,33,-1,0,33,1,-1,1,33,34,-1,1,34,49,-1,49,34,37,-1,49,37,39,-1,39,41,49,-1,49,41,43,-1,49,43,47,-1,47,43,45,-1,
        ]
    }
}
Shape{
    appearance Appearance {
        material  Material 	{
            diffuseColor 1.0 1.0 0.0
            specularColor 0.5019607843137255 0.5019607843137255 0.0
            ambientIntensity 0.2
            transparency 0
            shininess 0.5
        }
    }
    geometry IndexedFaceSet {
        ccw TRUE
        solid FALSE
        coord DEF co Coordinate {
            point [
                -2.8276 -0.0787 2.0903, -1.804 -0.0787 2.0903, -2.8276 0.0 2.0903, -1.804 0.0 2.0903, -2.8451 0.0 2.0883, -2.8451 -0.0787 2.0883, -2.8617 0.0 2.0825, -2.8617 -0.0787 2.0825, -2.8767 0.0 2.0731, -2.8767 -0.0787 2.0731, -2.8891 0.0 2.0606, -2.8891 -0.0787 2.0606, -2.8985 0.0 2.0457, -2.8985 -0.0787 2.0457, -2.9043 0.0 2.0291, -2.9043 -0.0787 2.0291, -2.9063 0.0 2.0115, -2.9063 -0.0787 2.0115, -2.9063 -0.0787 1.5391, -2.9063 0.0 1.5391, -2.9043 0.0 1.5216, -2.9043 -0.0787 1.5216, -2.8985 0.0 1.5049, -2.8985 -0.0787 1.5049, -2.8891 0.0 1.49, -2.8891 -0.0787 1.49, -2.8767 0.0 1.4775, -2.8767 -0.0787 1.4775, -2.8617 0.0 1.4682, -2.8617 -0.0787 1.4682, -2.8451 0.0 1.4623, -2.8451 -0.0787 1.4623, -2.8276 0.0 1.4604, -2.8276 -0.0787 1.4604, -1.804 -0.0787 1.4604, -1.804 0.0 1.4604, -1.7864 0.0 1.4623, -1.7864 -0.0787 1.4623, -1.7698 0.0 1.4682, -1.7698 -0.0787 1.4682, -1.7549 0.0 1.4775, -1.7549 -0.0787 1.4775, -1.7424 0.0 1.49, -1.7424 -0.0787 1.49, -1.733 0.0 1.5049, -1.733 -0.0787 1.5049, -1.7272 0.0 1.5216, -1.7272 -0.0787 1.5216, -1.7252 0.0 1.5391, -1.7252 -0.0787 1.5391, -1.7252 -0.0787 2.0115, -1.7252 0.0 2.0115, -1.7272 0.0 2.0291, -1.7272 -0.0787 2.0291, -1.733 0.0 2.0457, -1.733 -0.0787 2.0457, -1.7424 0.0 2.0606, -1.7424 -0.0787 2.0606, -1.7549 0.0 2.0731, -1.7549 -0.0787 2.0731, -1.7698 0.0 2.0825, -1.7698 -0.0787 2.0825, -1.7864 0.0 2.0883, -1.7864 -0.0787 2.0883, -1.7864 -0.0787 2.0883
            ]
        }
        coordIndex [
            0,1,2,-1,2,1,3,-1,0,2,4,-1,0,4,5,-1,5,4,6,-1,5,6,7,-1,7,6,8,-1,7,8,9,-1,9,8,10,-1,9,10,11,-1,11,10,12,-1,11,12,13,-1,13,12,14,-1,13,14,15,-1,15,14,16,-1,15,16,17,-1,18,17,19,-1,19,17,16,-1,18,19,20,-1,18,20,21,-1,21,20,22,-1,21,22,23,-1,23,22,24,-1,23,24,25,-1,25,24,26,-1,25,26,27,-1,27,26,28,-1,27,28,29,-1,29,28,30,-1,29,30,31,-1,31,30,32,-1,31,32,33,-1,34,33,35,-1,35,33,32,-1,34,35,36,-1,34,36,37,-1,37,36,38,-1,37,38,39,-1,39,38,40,-1,39,40,41,-1,41,40,42,-1,41,42,43,-1,43,42,44,-1,43,44,45,-1,45,44,46,-1,45,46,47,-1,47,46,48,-1,47,48,49,-1,50,49,51,-1,51,49,48,-1,50,51,52,-1,50,52,53,-1,53,52,54,-1,53,54,55,-1,55,54,56,-1,55,56,57,-1,57,56,58,-1,57,58,59,-1,59,58,60,-1,59,60,61,-1,61,60,62,-1,61,62,63,-1,63,62,3,-1,63,3,1,-1,49,50,1,-1,17,18,33,-1,33,18,21,-1,25,27,29,-1,21,23,33,-1,33,23,25,-1,33,25,31,-1,31,25,29,-1,39,41,43,-1,47,49,34,-1,34,49,1,-1,34,1,33,-1,33,1,0,-1,33,0,17,-1,17,0,5,-1,17,5,7,-1,7,9,17,-1,17,9,11,-1,17,11,15,-1,15,11,13,-1,39,43,37,-1,53,55,50,-1,50,55,57,-1,50,57,59,-1,37,43,34,-1,34,43,45,-1,34,45,47,-1,59,61,50,-1,50,61,63,-1,50,63,1,-1,
        ]
    }
}
Shape{
    appearance Appearance {
        material  Material 	{
            diffuseColor 0.7529411764705882 0.7529411764705882 0.7529411764705882
            specularColor 0.3764705882352941 0.3764705882352941 0.3764705882352941
            ambientIntensity 0.2
            transparency 0
            shininess 0.5
        }
    }
    geometry IndexedFaceSet {
        ccw TRUE
        solid FALSE
        coord DEF co Coordinate {
            point [
                2.6024 5.6693 -3.5039, 2.6024 5.4724 -3.5039, 2.6024 5.6693 -2.5, 2.6024 5.4724 -2.5, 2.7992 5.6693 -3.5039, 2.7992 5.6693 -2.5, 2.7992 5.4724 -3.5039, 2.7992 5.4724 -2.5, 1.7008 5.4724 -3.5039, 1.8976 5.4724 -3.5039, 1.7008 5.4724 -2.5, 1.8976 5.4724 -2.5, 1.7008 5.6693 -3.5039, 1.7008 5.6693 -2.5, 1.8976 5.6693 -3.5039, 1.8976 5.6693 -2.5, -1.8976 5.6693 -3.5039, -1.8976 5.4724 -3.5039, -1.8976 5.6693 -2.5, -1.8976 5.4724 -2.5, -1.7008 5.6693 -3.5039, -1.7008 5.6693 -2.5, -1.7008 5.4724 -3.5039, -1.7008 5.4724 -2.5, -2.7992 5.6693 -3.5039, -2.7992 5.4724 -3.5039, -2.7992 5.6693 -2.5, -2.7992 5.4724 -2.5, -2.6024 5.6693 -3.5039, -2.6024 5.6693 -2.5, -2.6024 5.4724 -3.5039, -2.6024 5.4724 -2.5, 1.3268 3.0906 -3.5039, 1.3268 2.9331 -3.5039, 1.3268 3.0906 -2.5, 1.3268 2.9331 -2.5, 1.4843 3.0906 -3.5039, 1.4843 3.0906 -2.5, 1.4843 2.9331 -3.5039, 1.4843 2.9331 -2.5, 0.9252 3.7992 -3.5039, 0.9252 3.6417 -3.5039, 0.9252 3.7992 -2.5, 0.9252 3.6417 -2.5, 1.0827 3.7992 -3.5039, 1.0827 3.7992 -2.5, 1.0827 3.6417 -3.5039, 1.0827 3.6417 -2.5, 0.122 3.7992 -3.5039, 0.122 3.6417 -3.5039, 0.122 3.7992 -2.5, 0.122 3.6417 -2.5, 0.2795 3.7992 -3.5039, 0.2795 3.7992 -2.5, 0.2795 3.6417 -3.5039, 0.2795 3.6417 -2.5, 0.5236 3.0906 -3.5039, 0.5236 2.9331 -3.5039, 0.5236 3.0906 -2.5, 0.5236 2.9331 -2.5, 0.6811 3.0906 -3.5039, 0.6811 3.0906 -2.5, 0.6811 2.9331 -3.5039, 0.6811 2.9331 -2.5, 0.6811 2.9331 -2.5
            ]
        }
        coordIndex [
            0,1,2,-1,2,1,3,-1,4,0,5,-1,5,0,2,-1,6,4,7,-1,7,4,5,-1,1,6,3,-1,3,6,7,-1,4,6,0,-1,0,6,1,-1,8,9,10,-1,10,9,11,-1,12,8,13,-1,13,8,10,-1,14,12,15,-1,15,12,13,-1,9,14,11,-1,11,14,15,-1,12,14,8,-1,8,14,9,-1,16,17,18,-1,18,17,19,-1,20,16,21,-1,21,16,18,-1,22,20,23,-1,23,20,21,-1,17,22,19,-1,19,22,23,-1,20,22,16,-1,16,22,17,-1,24,25,26,-1,26,25,27,-1,28,24,29,-1,29,24,26,-1,30,28,31,-1,31,28,29,-1,25,30,27,-1,27,30,31,-1,28,30,24,-1,24,30,25,-1,32,33,34,-1,34,33,35,-1,36,32,37,-1,37,32,34,-1,38,36,39,-1,39,36,37,-1,33,38,35,-1,35,38,39,-1,36,38,32,-1,32,38,33,-1,40,41,42,-1,42,41,43,-1,44,40,45,-1,45,40,42,-1,46,44,47,-1,47,44,45,-1,41,46,43,-1,43,46,47,-1,44,46,40,-1,40,46,41,-1,48,49,50,-1,50,49,51,-1,52,48,53,-1,53,48,50,-1,54,52,55,-1,55,52,53,-1,49,54,51,-1,51,54,55,-1,52,54,48,-1,48,54,49,-1,56,57,58,-1,58,57,59,-1,60,56,61,-1,61,56,58,-1,62,60,63,-1,63,60,61,-1,57,62,59,-1,59,62,63,-1,60,62,56,-1,56,62,57,-1,
        ]
    }
}
Shape{
    appearance Appearance {
        material  Material 	{
            diffuseColor 0.0 0.0 0.0
            specularColor 0.0 0.0 0.0
            ambientIntensity 0.2
            transparency 0
            shininess 0.5
        }
    }
    geometry IndexedFaceSet {
        ccw TRUE
        solid FALSE
        coord DEF co Coordinate {
            point [
                3.2717 1.3541 -1.6926, 3.2717 1.3541 -1.7078, 3.2677 1.3541 -1.6926, 3.2677 1.3541 -1.7078, 3.2717 1.301 -1.6926, 3.2677 1.301 -1.6926, 3.2717 1.301 -1.5744, 3.2677 1.301 -1.5744, 3.2717 1.2837 -1.5744, 3.2677 1.2837 -1.5744, 3.2717 1.2837 -1.7078, 3.2677 1.2837 -1.7078, 3.2717 1.4429 -1.7081, 3.2717 1.4225 -1.7101, 3.2677 1.4225 -1.7101, 3.2677 1.4343 -1.7089, 3.2677 1.4429 -1.7081, 3.2717 1.4572 -1.7034, 3.2677 1.4538 -1.7045, 3.2677 1.4572 -1.7034, 3.2677 1.4595 -1.7023, 3.2717 1.4595 -1.7023, 3.2717 1.4595 -1.6858, 3.2677 1.4595 -1.6858, 3.2677 1.4538 -1.6884, 3.2717 1.4472 -1.6914, 3.2677 1.4472 -1.6914, 3.2677 1.4322 -1.6944, 3.2717 1.4322 -1.6944, 3.2677 1.425 -1.6947, 3.2717 1.425 -1.6947, 3.2677 1.4117 -1.6931, 3.2717 1.4117 -1.6931, 3.2677 1.4022 -1.6895, 3.2717 1.4022 -1.6895, 3.2677 1.3934 -1.6833, 3.2717 1.3934 -1.6833, 3.2677 1.3907 -1.6807, 3.2717 1.3907 -1.6807, 3.2677 1.3839 -1.6711, 3.2717 1.3839 -1.6711, 3.2677 1.3798 -1.6602, 3.2717 1.3798 -1.6602, 3.2677 1.3777 -1.6438, 3.2717 1.3777 -1.6438, 3.2677 1.3776 -1.6426, 3.2717 1.3776 -1.6426, 3.2677 1.3793 -1.6267, 3.2717 1.3793 -1.6267, 3.2677 1.3834 -1.6146, 3.2717 1.3834 -1.6146, 3.2677 1.3895 -1.6049, 3.2717 1.3895 -1.6049, 3.2677 1.3917 -1.6025, 3.2717 1.3917 -1.6025, 3.2677 1.4012 -1.5947, 3.2717 1.4012 -1.5947, 3.2677 1.4118 -1.5899, 3.2717 1.4118 -1.5899, 3.2677 1.4235 -1.5878, 3.2717 1.4235 -1.5878, 3.2677 1.428 -1.5877, 3.2717 1.428 -1.5877, 3.2677 1.443 -1.5893, 3.2677 1.4538 -1.5931, 3.2717 1.4567 -1.5941, 3.2717 1.443 -1.5893, 3.2677 1.4567 -1.5941, 3.2677 1.4595 -1.5956, 3.2717 1.4595 -1.5956, 3.2717 1.4595 -1.5776, 3.2677 1.4595 -1.5776, 3.2677 1.4538 -1.5759, 3.2717 1.4467 -1.5737, 3.2677 1.4467 -1.5737, 3.2677 1.4295 -1.5721, 3.2717 1.4295 -1.5721, 3.2677 1.4279 -1.5721, 3.2717 1.4279 -1.5721, 3.2677 1.4087 -1.5744, 3.2717 1.4087 -1.5744, 3.2677 1.3948 -1.5798, 3.2717 1.3948 -1.5798, 3.2677 1.3819 -1.5889, 3.2717 1.3819 -1.5889, 3.2677 1.3788 -1.5918, 3.2717 1.3788 -1.5918, 3.2677 1.3699 -1.6031, 3.2677 1.3655 -1.6128, 3.2717 1.3633 -1.6177, 3.2717 1.3699 -1.6031, 3.2677 1.3633 -1.6177, 3.2677 1.3599 -1.6348, 3.2717 1.3599 -1.6348, 3.2677 1.3596 -1.6436, 3.2717 1.3596 -1.6436, 3.2677 1.3621 -1.665, 3.2677 1.3655 -1.6739, 3.2717 1.3675 -1.679, 3.2717 1.3621 -1.665, 3.2677 1.3675 -1.679, 3.2677 1.3754 -1.6905, 3.2717 1.3754 -1.6905, 3.2677 1.3767 -1.6918, 3.2717 1.3767 -1.6918, 3.2677 1.3995 -1.7065, 3.2717 1.387 -1.7005, 3.2677 1.387 -1.7005, 3.2677 1.4107 -1.7089, 3.2717 1.4139 -1.7096, 3.2717 1.3995 -1.7065, 3.2677 1.4139 -1.7096, 3.2717 1.558 -1.6926, 3.2717 1.558 -1.7078, 3.2677 1.558 -1.6926, 3.2677 1.558 -1.7078, 3.2717 1.5034 -1.6926, 3.2677 1.5034 -1.6926, 3.2717 1.5034 -1.6477, 3.2677 1.5034 -1.6477, 3.2717 1.5511 -1.6477, 3.2677 1.5511 -1.6477, 3.2717 1.5511 -1.6324, 3.2677 1.5511 -1.6324, 3.2717 1.5034 -1.6324, 3.2677 1.5034 -1.6324, 3.2717 1.5034 -1.5897, 3.2677 1.5034 -1.5897, 3.2717 1.5549 -1.5897, 3.2677 1.5549 -1.5897, 3.2717 1.5549 -1.5744, 3.2677 1.5549 -1.5744, 3.2717 1.4862 -1.5744, 3.2677 1.4862 -1.5744, 3.2717 1.4862 -1.7078, 3.2677 1.4862 -1.7078, 3.2717 1.6664 -1.6699, 3.2717 1.6594 -1.6787, 3.2717 1.6717 -1.6891, 3.2717 1.6565 -1.6813, 3.2717 1.6575 -1.6992, 3.2717 1.6475 -1.687, 3.2717 1.6423 -1.7051, 3.2717 1.6358 -1.691, 3.2717 1.6199 -1.7078, 3.2717 1.6198 -1.6926, 3.2717 1.5832 -1.7078, 3.2717 1.6004 -1.6926, 3.2717 1.5832 -1.5744, 3.2717 1.6004 -1.5897, 3.2717 1.6212 -1.5744, 3.2717 1.6206 -1.5897, 3.2717 1.6437 -1.5771, 3.2717 1.6373 -1.5915, 3.2717 1.6595 -1.5835, 3.2717 1.6489 -1.5956, 3.2717 1.6717 -1.592, 3.2717 1.6591 -1.6023, 3.2717 1.6778 -1.5982, 3.2717 1.6635 -1.6068, 3.2717 1.6857 -1.6103, 3.2717 1.6685 -1.6145, 3.2717 1.6902 -1.6235, 3.2717 1.6721 -1.6246, 3.2717 1.6918 -1.6394, 3.2717 1.6737 -1.6399, 3.2717 1.6913 -1.6492, 3.2717 1.6734 -1.6474, 3.2717 1.6878 -1.6647, 3.2717 1.6709 -1.6599, 3.2717 1.681 -1.6783, 3.2677 1.6199 -1.7078, 3.2677 1.5832 -1.7078, 3.2677 1.6717 -1.6891, 3.2677 1.6423 -1.7051, 3.2677 1.6443 -1.7043, 3.2677 1.6575 -1.6992, 3.2677 1.681 -1.6783, 3.2677 1.6878 -1.6647, 3.2677 1.6913 -1.6492, 3.2677 1.6918 -1.6394, 3.2677 1.6902 -1.6235, 3.2677 1.6857 -1.6103, 3.2677 1.6778 -1.5982, 3.2677 1.6717 -1.592, 3.2677 1.6212 -1.5744, 3.2677 1.6595 -1.5835, 3.2677 1.6443 -1.5774, 3.2677 1.6437 -1.5771, 3.2677 1.5832 -1.5744, 3.2677 1.6206 -1.5897, 3.2677 1.6004 -1.5897, 3.2677 1.6004 -1.6926, 3.2677 1.6198 -1.6926, 3.2677 1.6594 -1.6787, 3.2677 1.6565 -1.6813, 3.2677 1.6475 -1.687, 3.2677 1.6358 -1.691, 3.2677 1.6737 -1.6399, 3.2677 1.6734 -1.6474, 3.2677 1.6709 -1.6599, 3.2677 1.6664 -1.6699, 3.2677 1.6591 -1.6023, 3.2677 1.6635 -1.6068, 3.2677 1.6685 -1.6145, 3.2677 1.6721 -1.6246, 3.2677 1.6373 -1.5915, 3.2677 1.6489 -1.5956, 3.2677 1.6489 -1.5956
            ]
        }
        coordIndex [
            0,1,2,-1,2,1,3,-1,4,0,5,-1,5,0,2,-1,6,4,7,-1,7,4,5,-1,8,6,9,-1,9,6,7,-1,10,8,11,-1,11,8,9,-1,1,10,3,-1,3,10,11,-1,6,8,4,-1,4,8,10,-1,4,10,0,-1,0,10,1,-1,12,13,14,-1,14,15,12,-1,12,15,16,-1,12,16,17,-1,17,16,18,-1,18,19,17,-1,17,19,20,-1,17,20,21,-1,22,21,23,-1,23,21,20,-1,22,23,24,-1,22,24,25,-1,24,26,25,-1,25,26,27,-1,25,27,28,-1,28,27,29,-1,28,29,30,-1,30,29,31,-1,30,31,32,-1,32,31,33,-1,32,33,34,-1,34,33,35,-1,34,35,36,-1,36,35,37,-1,36,37,38,-1,38,37,39,-1,38,39,40,-1,40,39,41,-1,40,41,42,-1,42,41,43,-1,42,43,44,-1,44,43,45,-1,44,45,46,-1,46,45,47,-1,46,47,48,-1,48,47,49,-1,48,49,50,-1,50,49,51,-1,50,51,52,-1,52,51,53,-1,52,53,54,-1,54,53,55,-1,54,55,56,-1,56,55,57,-1,56,57,58,-1,58,57,59,-1,58,59,60,-1,60,59,61,-1,60,61,62,-1,62,61,63,-1,64,65,63,-1,63,65,66,-1,63,66,62,-1,64,67,65,-1,65,67,68,-1,65,68,69,-1,70,69,71,-1,71,69,68,-1,70,71,72,-1,70,72,73,-1,72,74,73,-1,73,74,75,-1,73,75,76,-1,76,75,77,-1,76,77,78,-1,78,77,79,-1,78,79,80,-1,80,79,81,-1,80,81,82,-1,82,81,83,-1,82,83,84,-1,84,83,85,-1,84,85,86,-1,86,85,87,-1,88,89,87,-1,87,89,90,-1,87,90,86,-1,88,91,89,-1,89,91,92,-1,89,92,93,-1,93,92,94,-1,93,94,95,-1,95,94,96,-1,97,98,96,-1,96,98,99,-1,96,99,95,-1,97,100,98,-1,98,100,101,-1,98,101,102,-1,102,101,103,-1,102,103,104,-1,105,106,107,-1,107,106,104,-1,107,104,103,-1,108,109,105,-1,105,109,110,-1,105,110,106,-1,108,111,109,-1,109,111,14,-1,109,14,13,-1,65,69,70,-1,56,58,80,-1,40,42,99,-1,48,50,90,-1,80,58,78,-1,65,70,66,-1,99,42,95,-1,90,50,86,-1,58,60,78,-1,78,60,62,-1,78,62,76,-1,76,62,66,-1,76,66,73,-1,73,66,70,-1,99,98,40,-1,40,98,102,-1,40,102,38,-1,38,102,104,-1,38,104,36,-1,36,104,106,-1,36,106,34,-1,34,106,110,-1,34,110,32,-1,32,110,109,-1,32,109,30,-1,30,109,13,-1,30,13,28,-1,28,13,12,-1,28,12,25,-1,25,12,17,-1,25,17,22,-1,22,17,21,-1,80,82,56,-1,56,82,84,-1,56,84,54,-1,54,84,86,-1,54,86,52,-1,52,86,50,-1,42,44,95,-1,95,44,46,-1,95,46,93,-1,93,46,48,-1,93,48,89,-1,89,48,90,-1,112,113,114,-1,114,113,115,-1,116,112,117,-1,117,112,114,-1,118,116,119,-1,119,116,117,-1,120,118,121,-1,121,118,119,-1,122,120,123,-1,123,120,121,-1,124,122,125,-1,125,122,123,-1,126,124,127,-1,127,124,125,-1,128,126,129,-1,129,126,127,-1,130,128,131,-1,131,128,129,-1,132,130,133,-1,133,130,131,-1,134,132,135,-1,135,132,133,-1,113,134,115,-1,115,134,135,-1,134,113,112,-1,112,116,134,-1,134,116,118,-1,134,118,132,-1,128,130,126,-1,126,130,132,-1,126,132,124,-1,124,132,118,-1,124,118,122,-1,122,118,120,-1,136,137,138,-1,138,137,139,-1,138,139,140,-1,140,139,141,-1,140,141,142,-1,142,141,143,-1,142,143,144,-1,144,143,145,-1,144,145,146,-1,146,145,147,-1,146,147,148,-1,148,147,149,-1,148,149,150,-1,150,149,151,-1,150,151,152,-1,152,151,153,-1,152,153,154,-1,154,153,155,-1,154,155,156,-1,156,155,157,-1,156,157,158,-1,158,157,159,-1,158,159,160,-1,160,159,161,-1,160,161,162,-1,162,161,163,-1,162,163,164,-1,164,163,165,-1,164,165,166,-1,166,165,167,-1,166,167,168,-1,168,167,169,-1,168,169,170,-1,170,169,136,-1,170,136,138,-1,144,146,171,-1,171,146,172,-1,173,138,140,-1,144,171,174,-1,144,174,142,-1,142,174,175,-1,142,175,140,-1,140,175,176,-1,140,176,173,-1,138,173,177,-1,138,177,170,-1,170,177,178,-1,170,178,168,-1,168,178,179,-1,168,179,166,-1,166,179,180,-1,166,180,164,-1,164,180,181,-1,164,181,162,-1,162,181,182,-1,162,182,160,-1,160,182,183,-1,160,183,158,-1,158,183,184,-1,158,184,156,-1,185,150,152,-1,156,184,186,-1,156,186,154,-1,154,186,187,-1,154,187,152,-1,152,187,188,-1,152,188,185,-1,148,150,189,-1,189,150,185,-1,146,148,172,-1,172,148,189,-1,151,149,190,-1,190,149,191,-1,149,147,191,-1,191,147,192,-1,147,145,192,-1,192,145,193,-1,137,194,195,-1,137,195,139,-1,139,195,196,-1,139,196,141,-1,141,196,197,-1,141,197,143,-1,143,197,193,-1,143,193,145,-1,165,198,199,-1,165,199,167,-1,167,199,200,-1,167,200,169,-1,169,200,201,-1,169,201,136,-1,136,201,194,-1,136,194,137,-1,157,202,203,-1,157,203,159,-1,159,203,204,-1,159,204,161,-1,161,204,205,-1,161,205,163,-1,163,205,198,-1,163,198,165,-1,151,190,206,-1,151,206,153,-1,153,206,207,-1,153,207,155,-1,155,207,202,-1,155,202,157,-1,
        ]
    }
}
Shape{
    appearance Appearance {
        material  Material 	{
            diffuseColor 0.7529411764705882 0.7529411764705882 0.7529411764705882
            specularColor 0.3764705882352941 0.3764705882352941 0.3764705882352941
            ambientIntensity 0.2
            transparency 0
            shininess 0.5
        }
    }
    geometry IndexedFaceSet {
        ccw TRUE
        solid FALSE
        coord DEF co Coordinate {
            point [
                3.2677 1.6004 -1.5897, 3.2677 1.6004 -1.6926, 3.2677 1.6206 -1.5897, 3.2677 1.6198 -1.6926, 3.2677 1.6358 -1.691, 3.2677 1.6475 -1.687, 3.2677 1.6565 -1.6813, 3.2677 1.6594 -1.6787, 3.2677 1.6664 -1.6699, 3.2677 1.6709 -1.6599, 3.2677 1.6734 -1.6474, 3.2677 1.6737 -1.6399, 3.2677 1.6721 -1.6246, 3.2677 1.6685 -1.6145, 3.2677 1.6635 -1.6068, 3.2677 1.6591 -1.6023, 3.2677 1.6373 -1.5915, 3.2677 1.6489 -1.5956, 3.2677 1.6489 -1.5956
            ]
        }
        coordIndex [
            0,1,2,-1,2,1,3,-1,2,3,4,-1,4,5,2,-1,2,5,6,-1,2,6,7,-1,7,8,2,-1,2,8,9,-1,2,9,10,-1,10,11,2,-1,2,11,12,-1,2,12,13,-1,13,14,2,-1,2,14,15,-1,2,15,16,-1,16,15,17,-1,
        ]
    }
}
Shape{
    appearance Appearance {
        material  Material 	{
            diffuseColor 0.0 0.0 0.0
            specularColor 0.0 0.0 0.0
            ambientIntensity 0.2
            transparency 0
            shininess 0.5
        }
    }
    geometry IndexedFaceSet {
        ccw TRUE
        solid FALSE
        coord DEF co Coordinate {
            point [
                3.2717 1.7365 -1.6562, 3.2717 1.7311 -1.6713, 3.2717 1.7813 -1.6562, 3.2717 1.7867 -1.6713, 3.2717 1.7565 -1.6008, 3.2717 1.7501 -1.5744, 3.2717 1.6992 -1.7078, 3.2717 1.7183 -1.7078, 3.2717 1.7577 -1.5968, 3.2717 1.7587 -1.5914, 3.2717 1.7685 -1.5744, 3.2717 1.7591 -1.5914, 3.2717 1.7602 -1.5971, 3.2717 1.7612 -1.6008, 3.2717 1.8193 -1.7078, 3.2717 1.8003 -1.7078, 3.2677 1.7685 -1.5744, 3.2677 1.8193 -1.7078, 3.2677 1.7501 -1.5744, 3.2677 1.6992 -1.7078, 3.2677 1.7183 -1.7078, 3.2677 1.7311 -1.6713, 3.2677 1.7867 -1.6713, 3.2677 1.8003 -1.7078, 3.2677 1.7365 -1.6562, 3.2677 1.7813 -1.6562, 3.2677 1.7612 -1.6008, 3.2677 1.7591 -1.5914, 3.2677 1.7602 -1.5971, 3.2677 1.7587 -1.5914, 3.2677 1.7565 -1.6008, 3.2677 1.7577 -1.5968, 3.2677 1.7577 -1.5968
            ]
        }
        coordIndex [
            0,1,2,-1,2,1,3,-1,4,5,0,-1,0,5,6,-1,0,6,1,-1,1,6,7,-1,4,8,5,-1,5,8,9,-1,5,9,10,-1,10,9,11,-1,10,11,12,-1,12,13,10,-1,10,13,2,-1,10,2,14,-1,14,2,3,-1,14,3,15,-1,10,14,16,-1,16,14,17,-1,5,10,18,-1,18,10,16,-1,6,5,19,-1,19,5,18,-1,7,6,20,-1,20,6,19,-1,1,7,21,-1,21,7,20,-1,3,1,22,-1,22,1,21,-1,15,3,23,-1,23,3,22,-1,14,15,17,-1,17,15,23,-1,0,2,24,-1,24,2,25,-1,2,13,25,-1,25,13,26,-1,11,27,28,-1,11,28,12,-1,12,28,26,-1,12,26,13,-1,11,9,27,-1,27,9,29,-1,4,30,31,-1,4,31,8,-1,8,31,29,-1,8,29,9,-1,4,0,30,-1,30,0,24,-1,
        ]
    }
}
Shape{
    appearance Appearance {
        material  Material 	{
            diffuseColor 0.7529411764705882 0.7529411764705882 0.7529411764705882
            specularColor 0.3764705882352941 0.3764705882352941 0.3764705882352941
            ambientIntensity 0.2
            transparency 0
            shininess 0.5
        }
    }
    geometry IndexedFaceSet {
        ccw TRUE
        solid FALSE
        coord DEF co Coordinate {
            point [
                3.2677 1.7591 -1.5914, 3.2677 1.7587 -1.5914, 3.2677 1.7602 -1.5971, 3.2677 1.7577 -1.5968, 3.2677 1.7612 -1.6008, 3.2677 1.7565 -1.6008, 3.2677 1.7813 -1.6562, 3.2677 1.7365 -1.6562, 3.2677 1.7365 -1.6562
            ]
        }
        coordIndex [
            0,1,2,-1,2,1,3,-1,2,3,4,-1,4,3,5,-1,4,5,6,-1,6,5,7,-1,
        ]
    }
}
Shape{
    appearance Appearance {
        material  Material 	{
            diffuseColor 0.0 0.0 0.0
            specularColor 0.0 0.0 0.0
            ambientIntensity 0.2
            transparency 0
            shininess 0.5
        }
    }
    geometry IndexedFaceSet {
        ccw TRUE
        solid FALSE
        coord DEF co Coordinate {
            point [
                3.2717 1.3555 -1.9043, 3.2717 1.3555 -1.9195, 3.2677 1.3555 -1.9043, 3.2677 1.3555 -1.9195, 3.2677 1.301 -1.9043, 3.2717 1.301 -1.9043, 3.2677 1.3548 -1.9043, 3.2717 1.301 -1.8594, 3.2677 1.301 -1.8594, 3.2717 1.3487 -1.8594, 3.2677 1.3487 -1.8594, 3.2717 1.3487 -1.8441, 3.2677 1.3487 -1.8441, 3.2717 1.301 -1.8441, 3.2677 1.301 -1.8441, 3.2717 1.301 -1.8014, 3.2677 1.301 -1.8014, 3.2717 1.3525 -1.8014, 3.2677 1.3525 -1.8014, 3.2717 1.3525 -1.7861, 3.2677 1.3525 -1.7861, 3.2717 1.2837 -1.7861, 3.2677 1.2837 -1.7861, 3.2717 1.2837 -1.9195, 3.2677 1.2837 -1.9195, 3.2677 1.3548 -1.9195, 3.2717 1.4309 -1.9048, 3.2717 1.4314 -1.9048, 3.2717 1.4303 -1.8894, 3.2717 1.4314 -1.8819, 3.2717 1.4481 -1.8582, 3.2717 1.4314 -1.8808, 3.2717 1.4314 -1.8717, 3.2717 1.4314 -1.9195, 3.2717 1.4481 -1.9195, 3.2717 1.4249 -1.8232, 3.2717 1.4216 -1.8375, 3.2717 1.4317 -1.8255, 3.2717 1.4246 -1.8395, 3.2717 1.3895 -1.8664, 3.2717 1.3952 -1.8788, 3.2717 1.3993 -1.8769, 3.2717 1.4278 -1.8954, 3.2717 1.4242 -1.9003, 3.2717 1.4283 -1.9087, 3.2717 1.4221 -1.9023, 3.2717 1.423 -1.9144, 3.2717 1.4174 -1.9055, 3.2717 1.4171 -1.9184, 3.2717 1.4123 -1.9074, 3.2717 1.4103 -1.9208, 3.2717 1.4061 -1.9081, 3.2717 1.4017 -1.9218, 3.2717 1.4004 -1.9074, 3.2717 1.3917 -1.9206, 3.2717 1.3966 -1.906, 3.2717 1.3853 -1.9182, 3.2717 1.3933 -1.9038, 3.2717 1.3797 -1.9143, 3.2717 1.3919 -1.9023, 3.2717 1.3808 -1.8309, 3.2717 1.3808 -1.8471, 3.2717 1.3858 -1.8281, 3.2717 1.3922 -1.8399, 3.2717 1.3985 -1.8236, 3.2717 1.4027 -1.8365, 3.2717 1.4136 -1.822, 3.2717 1.4121 -1.8356, 3.2717 1.4177 -1.8362, 3.2717 1.4031 -1.8629, 3.2717 1.4091 -1.8747, 3.2717 1.4314 -1.8589, 3.2717 1.4308 -1.8515, 3.2717 1.4465 -1.8442, 3.2717 1.4291 -1.8456, 3.2717 1.4437 -1.837, 3.2717 1.4271 -1.8421, 3.2717 1.4402 -1.8319, 3.2717 1.437 -1.8288, 3.2717 1.3929 -1.8806, 3.2717 1.3827 -1.8701, 3.2717 1.3909 -1.883, 3.2717 1.3778 -1.8746, 3.2717 1.3894 -1.8862, 3.2717 1.3743 -1.88, 3.2717 1.3886 -1.89, 3.2717 1.3723 -1.8862, 3.2717 1.3885 -1.8926, 3.2717 1.3715 -1.894, 3.2717 1.3889 -1.8965, 3.2717 1.3723 -1.9016, 3.2717 1.39 -1.8995, 3.2717 1.3743 -1.9072, 3.2717 1.3778 -1.9124, 3.2677 1.4136 -1.822, 3.2677 1.3985 -1.8236, 3.2677 1.3858 -1.8281, 3.2677 1.3808 -1.8309, 3.2677 1.3808 -1.8471, 3.2677 1.3922 -1.8399, 3.2677 1.4027 -1.8365, 3.2677 1.4121 -1.8356, 3.2677 1.4177 -1.8362, 3.2677 1.4216 -1.8375, 3.2677 1.4246 -1.8395, 3.2677 1.4271 -1.8421, 3.2677 1.4291 -1.8456, 3.2677 1.4308 -1.8515, 3.2677 1.4314 -1.8589, 3.2677 1.4031 -1.8629, 3.2677 1.3895 -1.8664, 3.2677 1.3827 -1.8701, 3.2677 1.3778 -1.8746, 3.2677 1.3743 -1.88, 3.2677 1.3723 -1.8862, 3.2677 1.3715 -1.894, 3.2677 1.3723 -1.9016, 3.2677 1.3743 -1.9072, 3.2677 1.3778 -1.9124, 3.2677 1.3797 -1.9143, 3.2677 1.4017 -1.9218, 3.2677 1.392 -1.9206, 3.2677 1.3917 -1.9206, 3.2677 1.3853 -1.9182, 3.2677 1.4103 -1.9208, 3.2677 1.4108 -1.9206, 3.2677 1.4171 -1.9184, 3.2677 1.423 -1.9144, 3.2677 1.4283 -1.9087, 3.2677 1.4309 -1.9048, 3.2677 1.4314 -1.9048, 3.2677 1.4314 -1.9195, 3.2677 1.4481 -1.9195, 3.2677 1.4481 -1.8582, 3.2677 1.4465 -1.8442, 3.2677 1.4437 -1.837, 3.2677 1.4402 -1.8319, 3.2677 1.437 -1.8288, 3.2677 1.4317 -1.8255, 3.2677 1.4249 -1.8232, 3.2677 1.3929 -1.8806, 3.2677 1.3952 -1.8788, 3.2677 1.3993 -1.8769, 3.2677 1.4091 -1.8747, 3.2677 1.3885 -1.8926, 3.2677 1.3886 -1.89, 3.2677 1.3894 -1.8862, 3.2677 1.3909 -1.883, 3.2677 1.3933 -1.9038, 3.2677 1.3919 -1.9023, 3.2677 1.39 -1.8995, 3.2677 1.3889 -1.8965, 3.2677 1.4061 -1.9081, 3.2677 1.4004 -1.9074, 3.2677 1.3966 -1.906, 3.2677 1.4242 -1.9003, 3.2677 1.4221 -1.9023, 3.2677 1.4174 -1.9055, 3.2677 1.4123 -1.9074, 3.2677 1.4314 -1.8808, 3.2677 1.4314 -1.8819, 3.2677 1.4303 -1.8894, 3.2677 1.4278 -1.8954, 3.2677 1.4314 -1.8717, 3.2677 1.4314 -1.8717
            ]
        }
        coordIndex [
            0,1,2,-1,2,1,3,-1,4,5,6,-1,6,5,0,-1,6,0,2,-1,7,5,8,-1,8,5,4,-1,9,7,10,-1,10,7,8,-1,11,9,12,-1,12,9,10,-1,13,11,14,-1,14,11,12,-1,15,13,16,-1,16,13,14,-1,17,15,18,-1,18,15,16,-1,19,17,20,-1,20,17,18,-1,21,19,22,-1,22,19,20,-1,23,21,24,-1,24,21,22,-1,3,1,25,-1,25,1,23,-1,25,23,24,-1,23,1,0,-1,0,5,23,-1,23,5,7,-1,23,7,21,-1,17,19,15,-1,15,19,21,-1,15,21,13,-1,13,21,7,-1,13,7,11,-1,11,7,9,-1,26,27,28,-1,29,30,31,-1,31,30,32,-1,33,34,27,-1,27,34,30,-1,27,30,28,-1,28,30,29,-1,35,36,37,-1,37,36,38,-1,39,40,41,-1,28,42,26,-1,26,42,43,-1,26,43,44,-1,44,43,45,-1,44,45,46,-1,46,45,47,-1,46,47,48,-1,48,47,49,-1,48,49,50,-1,50,49,51,-1,50,51,52,-1,52,51,53,-1,52,53,54,-1,54,53,55,-1,54,55,56,-1,56,55,57,-1,56,57,58,-1,58,57,59,-1,60,61,62,-1,62,61,63,-1,62,63,64,-1,64,63,65,-1,64,65,66,-1,66,65,67,-1,66,67,35,-1,35,67,68,-1,35,68,36,-1,39,41,69,-1,69,41,70,-1,69,70,71,-1,70,32,71,-1,71,32,30,-1,71,30,72,-1,72,30,73,-1,72,73,74,-1,74,73,75,-1,74,75,76,-1,76,75,77,-1,76,77,38,-1,38,77,78,-1,38,78,37,-1,40,39,79,-1,79,39,80,-1,79,80,81,-1,81,80,82,-1,81,82,83,-1,83,82,84,-1,83,84,85,-1,85,84,86,-1,85,86,87,-1,87,86,88,-1,87,88,89,-1,89,88,90,-1,89,90,91,-1,91,90,92,-1,91,92,59,-1,59,92,93,-1,59,93,58,-1,66,94,95,-1,66,95,64,-1,64,95,96,-1,64,96,62,-1,62,96,97,-1,62,97,60,-1,61,60,98,-1,98,60,97,-1,61,98,99,-1,61,99,63,-1,63,99,100,-1,63,100,65,-1,65,100,101,-1,65,101,67,-1,67,101,102,-1,67,102,68,-1,68,102,103,-1,68,103,36,-1,36,103,104,-1,36,104,38,-1,38,104,105,-1,38,105,76,-1,76,105,106,-1,76,106,74,-1,74,106,107,-1,74,107,72,-1,72,107,108,-1,72,108,71,-1,69,71,109,-1,109,71,108,-1,69,109,110,-1,69,110,39,-1,39,110,111,-1,39,111,80,-1,80,111,112,-1,80,112,82,-1,82,112,113,-1,82,113,84,-1,84,113,114,-1,84,114,86,-1,86,114,115,-1,86,115,88,-1,88,115,116,-1,88,116,90,-1,90,116,117,-1,90,117,92,-1,92,117,118,-1,92,118,93,-1,93,118,119,-1,93,119,58,-1,120,52,121,-1,121,52,54,-1,121,54,122,-1,122,54,56,-1,122,56,123,-1,123,56,58,-1,123,58,119,-1,52,120,124,-1,52,124,50,-1,50,124,125,-1,50,125,48,-1,125,126,48,-1,48,126,127,-1,48,127,46,-1,46,127,128,-1,46,128,44,-1,44,128,129,-1,44,129,26,-1,27,26,130,-1,130,26,129,-1,33,27,131,-1,131,27,130,-1,34,33,132,-1,132,33,131,-1,30,34,133,-1,133,34,132,-1,30,133,134,-1,30,134,73,-1,73,134,135,-1,73,135,75,-1,75,135,136,-1,75,136,77,-1,77,136,137,-1,77,137,78,-1,78,137,138,-1,78,138,37,-1,37,138,139,-1,37,139,35,-1,35,139,94,-1,35,94,66,-1,79,140,141,-1,79,141,40,-1,40,141,142,-1,40,142,41,-1,41,142,143,-1,41,143,70,-1,87,144,145,-1,87,145,85,-1,85,145,146,-1,85,146,83,-1,83,146,147,-1,83,147,81,-1,81,147,140,-1,81,140,79,-1,57,148,149,-1,57,149,59,-1,59,149,150,-1,59,150,91,-1,91,150,151,-1,91,151,89,-1,89,151,144,-1,89,144,87,-1,51,152,153,-1,51,153,53,-1,53,153,154,-1,53,154,55,-1,55,154,148,-1,55,148,57,-1,43,155,156,-1,43,156,45,-1,45,156,157,-1,45,157,47,-1,47,157,158,-1,47,158,49,-1,49,158,152,-1,49,152,51,-1,31,159,160,-1,31,160,29,-1,29,160,161,-1,29,161,28,-1,28,161,162,-1,28,162,42,-1,42,162,155,-1,42,155,43,-1,31,32,159,-1,159,32,163,-1,32,70,163,-1,163,70,143,-1,
        ]
    }
}
Shape{
    appearance Appearance {
        material  Material 	{
            diffuseColor 0.7529411764705882 0.7529411764705882 0.7529411764705882
            specularColor 0.3764705882352941 0.3764705882352941 0.3764705882352941
            ambientIntensity 0.2
            transparency 0
            shininess 0.5
        }
    }
    geometry IndexedFaceSet {
        ccw TRUE
        solid FALSE
        coord DEF co Coordinate {
            point [
                3.2677 1.4314 -1.8717, 3.2677 1.4091 -1.8747, 3.2677 1.4314 -1.8808, 3.2677 1.3993 -1.8769, 3.2677 1.3952 -1.8788, 3.2677 1.3929 -1.8806, 3.2677 1.4314 -1.8819, 3.2677 1.4303 -1.8894, 3.2677 1.3909 -1.883, 3.2677 1.4278 -1.8954, 3.2677 1.3919 -1.9023, 3.2677 1.3933 -1.9038, 3.2677 1.4221 -1.9023, 3.2677 1.39 -1.8995, 3.2677 1.4174 -1.9055, 3.2677 1.4123 -1.9074, 3.2677 1.4061 -1.9081, 3.2677 1.3894 -1.8862, 3.2677 1.3886 -1.89, 3.2677 1.4242 -1.9003, 3.2677 1.3885 -1.8926, 3.2677 1.3889 -1.8965, 3.2677 1.3966 -1.906, 3.2677 1.4004 -1.9074, 3.2677 1.4004 -1.9074
            ]
        }
        coordIndex [
            0,1,2,-1,2,1,3,-1,3,4,2,-1,2,4,5,-1,2,5,6,-1,6,5,7,-1,7,5,8,-1,7,8,9,-1,10,11,12,-1,10,12,13,-1,14,12,15,-1,15,12,16,-1,8,17,9,-1,9,17,18,-1,9,18,19,-1,19,18,20,-1,19,20,12,-1,12,20,21,-1,12,21,13,-1,11,22,12,-1,12,22,23,-1,12,23,16,-1,
        ]
    }
}
Shape{
    appearance Appearance {
        material  Material 	{
            diffuseColor 0.0 0.0 0.0
            specularColor 0.0 0.0 0.0
            ambientIntensity 0.2
            transparency 0
            shininess 0.5
        }
    }
    geometry IndexedFaceSet {
        ccw TRUE
        solid FALSE
        coord DEF co Coordinate {
            point [
                3.2677 1.4707 -1.8989, 3.2717 1.4707 -1.8989, 3.2717 1.4773 -1.9029, 3.2717 1.4982 -1.9081, 3.2677 1.4982 -1.9081, 3.2677 1.4878 -1.9069, 3.2717 1.4878 -1.9069, 3.2677 1.4785 -1.9034, 3.2677 1.4773 -1.9029, 3.2717 1.4707 -1.9162, 3.2677 1.4707 -1.9162, 3.2717 1.4826 -1.9203, 3.2677 1.4785 -1.9189, 3.2677 1.4966 -1.9218, 3.2717 1.4966 -1.9218, 3.2677 1.4857 -1.9206, 3.2677 1.4826 -1.9203, 3.2717 1.511 -1.9202, 3.2677 1.5067 -1.9206, 3.2677 1.511 -1.9202, 3.2677 1.5199 -1.9169, 3.2717 1.5199 -1.9169, 3.2677 1.5244 -1.9142, 3.2717 1.5244 -1.9142, 3.2677 1.5291 -1.91, 3.2717 1.5291 -1.91, 3.2677 1.5323 -1.9056, 3.2717 1.5323 -1.9056, 3.2677 1.5343 -1.9003, 3.2717 1.5343 -1.9003, 3.2677 1.5351 -1.8936, 3.2717 1.5351 -1.8936, 3.2677 1.5344 -1.8874, 3.2717 1.5344 -1.8874, 3.2677 1.5326 -1.8824, 3.2717 1.5326 -1.8824, 3.2677 1.5295 -1.8778, 3.2717 1.5295 -1.8778, 3.2677 1.5255 -1.8743, 3.2717 1.5255 -1.8743, 3.2677 1.5144 -1.8681, 3.2717 1.5144 -1.8681, 3.2677 1.508 -1.8655, 3.2717 1.508 -1.8655, 3.2677 1.4976 -1.861, 3.2717 1.4976 -1.861, 3.2677 1.4917 -1.8573, 3.2717 1.4917 -1.8573, 3.2677 1.4901 -1.8555, 3.2717 1.4901 -1.8555, 3.2677 1.4889 -1.8532, 3.2717 1.4889 -1.8532, 3.2677 1.4882 -1.8506, 3.2717 1.4882 -1.8506, 3.2677 1.4881 -1.8484, 3.2717 1.4881 -1.8484, 3.2677 1.4884 -1.8458, 3.2717 1.4884 -1.8458, 3.2677 1.4892 -1.8435, 3.2717 1.4892 -1.8435, 3.2677 1.4906 -1.8414, 3.2717 1.4906 -1.8414, 3.2677 1.4931 -1.8391, 3.2717 1.4931 -1.8391, 3.2677 1.4969 -1.8371, 3.2717 1.4969 -1.8371, 3.2677 1.5014 -1.836, 3.2717 1.5014 -1.836, 3.2677 1.5063 -1.8356, 3.2717 1.5063 -1.8356, 3.2677 1.5173 -1.8368, 3.2717 1.5173 -1.8368, 3.2677 1.5267 -1.8403, 3.2717 1.5267 -1.8403, 3.2677 1.5305 -1.8425, 3.2717 1.5305 -1.8425, 3.2717 1.5305 -1.8262, 3.2677 1.5305 -1.8262, 3.2677 1.518 -1.8228, 3.2717 1.518 -1.8228, 3.2677 1.508 -1.822, 3.2717 1.508 -1.822, 3.2677 1.4946 -1.8236, 3.2717 1.4946 -1.8236, 3.2677 1.4857 -1.8271, 3.2717 1.4857 -1.8271, 3.2677 1.4816 -1.8296, 3.2717 1.4816 -1.8296, 3.2717 1.4766 -1.834, 3.2677 1.4785 -1.8324, 3.2677 1.4766 -1.834, 3.2677 1.4735 -1.8386, 3.2717 1.4735 -1.8386, 3.2677 1.4715 -1.8439, 3.2717 1.4715 -1.8439, 3.2677 1.4708 -1.8499, 3.2717 1.4708 -1.8499, 3.2677 1.4716 -1.8564, 3.2717 1.4716 -1.8564, 3.2677 1.4734 -1.8615, 3.2717 1.4734 -1.8615, 3.2677 1.4756 -1.865, 3.2717 1.4756 -1.865, 3.2677 1.4962 -1.8776, 3.2717 1.4962 -1.8776, 3.2717 1.4862 -1.8731, 3.2677 1.4783 -1.8679, 3.2717 1.4783 -1.8679, 3.2677 1.4785 -1.868, 3.2677 1.4862 -1.8731, 3.2677 1.5071 -1.8822, 3.2717 1.5071 -1.8822, 3.2677 1.5137 -1.8861, 3.2717 1.5137 -1.8861, 3.2677 1.5157 -1.8883, 3.2717 1.5157 -1.8883, 3.2677 1.517 -1.8905, 3.2717 1.517 -1.8905, 3.2677 1.5178 -1.8931, 3.2717 1.5178 -1.8931, 3.2677 1.5179 -1.8952, 3.2717 1.5179 -1.8952, 3.2677 1.5176 -1.8984, 3.2717 1.5176 -1.8984, 3.2677 1.5168 -1.9008, 3.2717 1.5168 -1.9008, 3.2677 1.5153 -1.9029, 3.2717 1.5153 -1.9029, 3.2677 1.5134 -1.9047, 3.2717 1.5134 -1.9047, 3.2677 1.5119 -1.9056, 3.2717 1.5119 -1.9056, 3.2677 1.5075 -1.9072, 3.2717 1.5075 -1.9072, 3.2677 1.499 -1.9081, 3.2717 1.499 -1.9081, 3.2717 1.618 -1.8242, 3.2717 1.6353 -1.8242, 3.2677 1.618 -1.8242, 3.2677 1.6353 -1.8242, 3.2717 1.5919 -1.896, 3.2677 1.5919 -1.896, 3.2677 1.5907 -1.9004, 3.2717 1.5907 -1.9004, 3.2677 1.5899 -1.9037, 3.2717 1.5899 -1.9037, 3.2717 1.5894 -1.9037, 3.2677 1.5894 -1.9037, 3.2717 1.5874 -1.8958, 3.2677 1.5874 -1.8958, 3.2677 1.5625 -1.8242, 3.2717 1.5625 -1.8242, 3.2677 1.5706 -1.8474, 3.2717 1.5438 -1.8242, 3.2677 1.5438 -1.8242, 3.2677 1.5812 -1.9193, 3.2717 1.5812 -1.9193, 3.2677 1.5706 -1.8923, 3.2677 1.5739 -1.9366, 3.2717 1.5739 -1.9366, 3.2677 1.5806 -1.9206, 3.2677 1.5706 -1.9426, 3.2717 1.5706 -1.9426, 3.2677 1.5706 -1.9427, 3.2717 1.5675 -1.9461, 3.2677 1.5675 -1.9461, 3.2677 1.5644 -1.9483, 3.2717 1.5644 -1.9483, 3.2677 1.5607 -1.9496, 3.2717 1.5607 -1.9496, 3.2677 1.5567 -1.9501, 3.2717 1.5567 -1.9501, 3.2677 1.5507 -1.9493, 3.2717 1.5507 -1.9493, 3.2677 1.5473 -1.9482, 3.2717 1.5473 -1.9482, 3.2717 1.5473 -1.963, 3.2677 1.5473 -1.963, 3.2677 1.5543 -1.9643, 3.2717 1.5543 -1.9643, 3.2677 1.558 -1.9644, 3.2717 1.558 -1.9644, 3.2677 1.5648 -1.9636, 3.2717 1.5648 -1.9636, 3.2677 1.5706 -1.9614, 3.2717 1.5714 -1.9611, 3.2677 1.5714 -1.9611, 3.2677 1.5772 -1.957, 3.2717 1.5772 -1.957, 3.2677 1.5784 -1.956, 3.2717 1.5784 -1.956, 3.2677 1.5845 -1.9486, 3.2717 1.5845 -1.9486, 3.2677 1.592 -1.9339, 3.2717 1.592 -1.9339, 3.2677 1.5973 -1.9206, 3.2717 1.7251 -1.9043, 3.2717 1.7251 -1.9195, 3.2677 1.7251 -1.9043, 3.2677 1.7251 -1.9195, 3.2677 1.6705 -1.9043, 3.2717 1.6705 -1.9043, 3.2677 1.6955 -1.9043, 3.2717 1.6705 -1.8594, 3.2677 1.6705 -1.8594, 3.2677 1.7183 -1.8594, 3.2717 1.7183 -1.8594, 3.2677 1.6955 -1.8594, 3.2717 1.7183 -1.8441, 3.2677 1.7183 -1.8441, 3.2677 1.6705 -1.8441, 3.2717 1.6705 -1.8441, 3.2677 1.6955 -1.8441, 3.2717 1.6705 -1.8014, 3.2677 1.6705 -1.8014, 3.2677 1.722 -1.8014, 3.2717 1.722 -1.8014, 3.2677 1.6955 -1.8014, 3.2717 1.722 -1.7861, 3.2677 1.722 -1.7861, 3.2677 1.6533 -1.7861, 3.2717 1.6533 -1.7861, 3.2677 1.6955 -1.7861, 3.2717 1.6533 -1.9195, 3.2677 1.6533 -1.9195, 3.2677 1.6955 -1.9195, 3.2717 1.8335 -1.8816, 3.2717 1.8266 -1.8904, 3.2717 1.8388 -1.9008, 3.2717 1.8236 -1.893, 3.2717 1.8247 -1.9109, 3.2717 1.8146 -1.8987, 3.2717 1.8094 -1.9168, 3.2717 1.8029 -1.9027, 3.2717 1.787 -1.9195, 3.2717 1.7869 -1.9043, 3.2717 1.7503 -1.9195, 3.2717 1.7675 -1.9043, 3.2717 1.7503 -1.7861, 3.2717 1.7675 -1.8014, 3.2717 1.7884 -1.7861, 3.2717 1.7877 -1.8014, 3.2717 1.8108 -1.7888, 3.2717 1.8044 -1.8032, 3.2717 1.8267 -1.7952, 3.2717 1.816 -1.8073, 3.2717 1.8388 -1.8037, 3.2717 1.8262 -1.814, 3.2717 1.8449 -1.8099, 3.2717 1.8306 -1.8185, 3.2717 1.8528 -1.822, 3.2717 1.8356 -1.8262, 3.2717 1.8573 -1.8352, 3.2717 1.8392 -1.8363, 3.2717 1.8589 -1.8511, 3.2717 1.8408 -1.8516, 3.2717 1.8584 -1.8609, 3.2717 1.8405 -1.8591, 3.2717 1.8549 -1.8764, 3.2717 1.838 -1.8716, 3.2717 1.8481 -1.89, 3.2677 1.787 -1.9195, 3.2677 1.7503 -1.9195, 3.2677 1.8094 -1.9168, 3.2677 1.8247 -1.9109, 3.2677 1.8388 -1.9008, 3.2677 1.8481 -1.89, 3.2677 1.8549 -1.8764, 3.2677 1.8584 -1.8609, 3.2677 1.8589 -1.8511, 3.2677 1.8573 -1.8352, 3.2677 1.8528 -1.822, 3.2677 1.8449 -1.8099, 3.2677 1.8388 -1.8037, 3.2677 1.8267 -1.7952, 3.2677 1.8108 -1.7888, 3.2677 1.7884 -1.7861, 3.2677 1.7503 -1.7861, 3.2677 1.7877 -1.8014, 3.2677 1.7675 -1.8014, 3.2677 1.7675 -1.9043, 3.2677 1.7869 -1.9043, 3.2677 1.8266 -1.8904, 3.2677 1.8236 -1.893, 3.2677 1.8146 -1.8987, 3.2677 1.8029 -1.9027, 3.2677 1.8408 -1.8516, 3.2677 1.8405 -1.8591, 3.2677 1.838 -1.8716, 3.2677 1.8335 -1.8816, 3.2677 1.8262 -1.814, 3.2677 1.8306 -1.8185, 3.2677 1.8356 -1.8262, 3.2677 1.8392 -1.8363, 3.2677 1.8044 -1.8032, 3.2677 1.816 -1.8073, 3.2677 1.816 -1.8073
            ]
        }
        coordIndex [
            0,1,2,-1,3,4,5,-1,3,5,6,-1,6,5,7,-1,6,7,2,-1,2,7,8,-1,2,8,0,-1,9,1,10,-1,10,1,0,-1,9,10,11,-1,11,10,12,-1,13,14,15,-1,15,14,11,-1,15,11,16,-1,16,11,12,-1,14,13,17,-1,17,13,18,-1,18,19,17,-1,17,19,20,-1,17,20,21,-1,21,20,22,-1,21,22,23,-1,23,22,24,-1,23,24,25,-1,25,24,26,-1,25,26,27,-1,27,26,28,-1,27,28,29,-1,29,28,30,-1,29,30,31,-1,31,30,32,-1,31,32,33,-1,33,32,34,-1,33,34,35,-1,35,34,36,-1,35,36,37,-1,37,36,38,-1,37,38,39,-1,39,38,40,-1,39,40,41,-1,41,40,42,-1,41,42,43,-1,43,42,44,-1,43,44,45,-1,45,44,46,-1,45,46,47,-1,47,46,48,-1,47,48,49,-1,49,48,50,-1,49,50,51,-1,51,50,52,-1,51,52,53,-1,53,52,54,-1,53,54,55,-1,55,54,56,-1,55,56,57,-1,57,56,58,-1,57,58,59,-1,59,58,60,-1,59,60,61,-1,61,60,62,-1,61,62,63,-1,63,62,64,-1,63,64,65,-1,65,64,66,-1,65,66,67,-1,67,66,68,-1,67,68,69,-1,69,68,70,-1,69,70,71,-1,71,70,72,-1,71,72,73,-1,73,72,74,-1,73,74,75,-1,76,75,77,-1,77,75,74,-1,76,77,78,-1,76,78,79,-1,79,78,80,-1,79,80,81,-1,81,80,82,-1,81,82,83,-1,83,82,84,-1,83,84,85,-1,85,84,86,-1,85,86,87,-1,87,86,88,-1,88,86,89,-1,89,90,88,-1,88,90,91,-1,88,91,92,-1,92,91,93,-1,92,93,94,-1,94,93,95,-1,94,95,96,-1,96,95,97,-1,96,97,98,-1,98,97,99,-1,98,99,100,-1,100,99,101,-1,100,101,102,-1,103,104,105,-1,102,101,106,-1,102,106,107,-1,107,106,108,-1,107,108,105,-1,105,108,109,-1,105,109,103,-1,104,103,110,-1,104,110,111,-1,111,110,112,-1,111,112,113,-1,113,112,114,-1,113,114,115,-1,115,114,116,-1,115,116,117,-1,117,116,118,-1,117,118,119,-1,119,118,120,-1,119,120,121,-1,121,120,122,-1,121,122,123,-1,123,122,124,-1,123,124,125,-1,125,124,126,-1,125,126,127,-1,127,126,128,-1,127,128,129,-1,129,128,130,-1,129,130,131,-1,131,130,132,-1,131,132,133,-1,133,132,134,-1,133,134,135,-1,135,134,4,-1,135,4,3,-1,61,63,85,-1,85,63,83,-1,111,43,104,-1,104,43,45,-1,21,23,127,-1,127,23,25,-1,127,25,125,-1,125,25,27,-1,125,27,123,-1,123,27,29,-1,123,29,121,-1,121,29,31,-1,121,31,119,-1,119,31,33,-1,119,33,117,-1,117,33,35,-1,117,35,115,-1,115,35,37,-1,115,37,113,-1,113,37,39,-1,113,39,111,-1,111,39,41,-1,111,41,43,-1,14,3,11,-1,11,3,6,-1,11,6,9,-1,9,6,2,-1,9,2,1,-1,63,65,83,-1,83,65,67,-1,83,67,81,-1,81,67,69,-1,81,69,79,-1,79,69,71,-1,79,71,76,-1,76,71,73,-1,76,73,75,-1,127,129,21,-1,21,129,131,-1,21,131,17,-1,17,131,133,-1,17,133,14,-1,14,133,135,-1,14,135,3,-1,85,87,61,-1,61,87,88,-1,61,88,59,-1,59,88,92,-1,59,92,57,-1,57,92,94,-1,57,94,55,-1,55,94,96,-1,55,96,53,-1,53,96,98,-1,53,98,51,-1,51,98,100,-1,51,100,49,-1,49,100,102,-1,49,102,47,-1,47,102,107,-1,47,107,45,-1,45,107,105,-1,45,105,104,-1,136,137,138,-1,138,137,139,-1,140,136,141,-1,141,136,138,-1,140,141,142,-1,140,142,143,-1,143,142,144,-1,143,144,145,-1,146,145,147,-1,147,145,144,-1,148,146,149,-1,149,146,147,-1,150,151,152,-1,152,151,148,-1,152,148,149,-1,153,151,154,-1,154,151,150,-1,155,156,157,-1,157,156,153,-1,157,153,154,-1,158,159,160,-1,160,159,156,-1,160,156,155,-1,159,158,161,-1,159,161,162,-1,162,161,163,-1,162,163,164,-1,163,165,164,-1,164,165,166,-1,164,166,167,-1,167,166,168,-1,167,168,169,-1,169,168,170,-1,169,170,171,-1,171,170,172,-1,171,172,173,-1,173,172,174,-1,173,174,175,-1,176,175,177,-1,177,175,174,-1,176,177,178,-1,176,178,179,-1,179,178,180,-1,179,180,181,-1,181,180,182,-1,181,182,183,-1,183,182,184,-1,183,184,185,-1,184,186,185,-1,185,186,187,-1,185,187,188,-1,188,187,189,-1,188,189,190,-1,190,189,191,-1,190,191,192,-1,192,191,193,-1,192,193,194,-1,139,137,195,-1,195,137,194,-1,195,194,193,-1,143,145,194,-1,137,136,194,-1,194,136,140,-1,194,140,143,-1,151,153,148,-1,148,153,156,-1,148,156,146,-1,192,162,190,-1,190,162,164,-1,175,176,173,-1,173,176,179,-1,173,179,171,-1,171,179,181,-1,171,181,169,-1,169,181,183,-1,169,183,167,-1,167,183,185,-1,167,185,164,-1,164,185,188,-1,164,188,190,-1,145,146,194,-1,194,146,156,-1,194,156,192,-1,192,156,159,-1,192,159,162,-1,196,197,198,-1,198,197,199,-1,200,201,202,-1,202,201,196,-1,202,196,198,-1,203,201,204,-1,204,201,200,-1,205,206,207,-1,207,206,203,-1,207,203,204,-1,208,206,209,-1,209,206,205,-1,210,211,212,-1,212,211,208,-1,212,208,209,-1,213,211,214,-1,214,211,210,-1,215,216,217,-1,217,216,213,-1,217,213,214,-1,218,216,219,-1,219,216,215,-1,220,221,222,-1,222,221,218,-1,222,218,219,-1,223,221,224,-1,224,221,220,-1,199,197,225,-1,225,197,223,-1,225,223,224,-1,216,218,213,-1,213,218,221,-1,213,221,211,-1,197,196,223,-1,223,196,201,-1,223,201,203,-1,206,208,203,-1,203,208,211,-1,203,211,223,-1,223,211,221,-1,226,227,228,-1,228,227,229,-1,228,229,230,-1,230,229,231,-1,230,231,232,-1,232,231,233,-1,232,233,234,-1,234,233,235,-1,234,235,236,-1,236,235,237,-1,236,237,238,-1,238,237,239,-1,238,239,240,-1,240,239,241,-1,240,241,242,-1,242,241,243,-1,242,243,244,-1,244,243,245,-1,244,245,246,-1,246,245,247,-1,246,247,248,-1,248,247,249,-1,248,249,250,-1,250,249,251,-1,250,251,252,-1,252,251,253,-1,252,253,254,-1,254,253,255,-1,254,255,256,-1,256,255,257,-1,256,257,258,-1,258,257,259,-1,258,259,260,-1,260,259,226,-1,260,226,228,-1,234,236,261,-1,261,236,262,-1,234,261,263,-1,234,263,232,-1,232,263,264,-1,232,264,230,-1,230,264,265,-1,230,265,228,-1,228,265,266,-1,228,266,260,-1,260,266,267,-1,260,267,258,-1,258,267,268,-1,258,268,256,-1,256,268,269,-1,256,269,254,-1,254,269,270,-1,254,270,252,-1,252,270,271,-1,252,271,250,-1,250,271,272,-1,250,272,248,-1,248,272,273,-1,248,273,246,-1,246,273,274,-1,246,274,244,-1,244,274,275,-1,244,275,242,-1,242,275,276,-1,242,276,240,-1,238,240,277,-1,277,240,276,-1,236,238,262,-1,262,238,277,-1,241,239,278,-1,278,239,279,-1,239,237,279,-1,279,237,280,-1,237,235,280,-1,280,235,281,-1,227,282,283,-1,227,283,229,-1,229,283,284,-1,229,284,231,-1,231,284,285,-1,231,285,233,-1,233,285,281,-1,233,281,235,-1,255,286,287,-1,255,287,257,-1,257,287,288,-1,257,288,259,-1,259,288,289,-1,259,289,226,-1,226,289,282,-1,226,282,227,-1,247,290,291,-1,247,291,249,-1,249,291,292,-1,249,292,251,-1,251,292,293,-1,251,293,253,-1,253,293,286,-1,253,286,255,-1,241,278,294,-1,241,294,243,-1,243,294,295,-1,243,295,245,-1,245,295,290,-1,245,290,247,-1,
        ]
    }
}
Shape{
    appearance Appearance {
        material  Material 	{
            diffuseColor 0.7529411764705882 0.7529411764705882 0.7529411764705882
            specularColor 0.3764705882352941 0.3764705882352941 0.3764705882352941
            ambientIntensity 0.2
            transparency 0
            shininess 0.5
        }
    }
    geometry IndexedFaceSet {
        ccw TRUE
        solid FALSE
        coord DEF co Coordinate {
            point [
                3.2677 1.7675 -1.8014, 3.2677 1.7675 -1.9043, 3.2677 1.7877 -1.8014, 3.2677 1.7869 -1.9043, 3.2677 1.8029 -1.9027, 3.2677 1.8146 -1.8987, 3.2677 1.8236 -1.893, 3.2677 1.8266 -1.8904, 3.2677 1.8335 -1.8816, 3.2677 1.838 -1.8716, 3.2677 1.8405 -1.8591, 3.2677 1.8408 -1.8516, 3.2677 1.8392 -1.8363, 3.2677 1.8356 -1.8262, 3.2677 1.8306 -1.8185, 3.2677 1.8262 -1.814, 3.2677 1.8044 -1.8032, 3.2677 1.816 -1.8073, 3.2677 1.816 -1.8073
            ]
        }
        coordIndex [
            0,1,2,-1,2,1,3,-1,2,3,4,-1,4,5,2,-1,2,5,6,-1,2,6,7,-1,7,8,2,-1,2,8,9,-1,2,9,10,-1,10,11,2,-1,2,11,12,-1,2,12,13,-1,13,14,2,-1,2,14,15,-1,2,15,16,-1,16,15,17,-1,
        ]
    }
}
Shape{
    appearance Appearance {
        material  Material 	{
            diffuseColor 0.0 0.0 0.0
            specularColor 0.0 0.0 0.0
            ambientIntensity 0.2
            transparency 0
            shininess 0.5
        }
    }
    geometry IndexedFaceSet {
        ccw TRUE
        solid FALSE
        coord DEF co Coordinate {
            point [
                3.2717 1.9037 -1.8679, 3.2717 1.8982 -1.883, 3.2717 1.9485 -1.8679, 3.2717 1.9538 -1.883, 3.2717 1.9236 -1.8125, 3.2717 1.9172 -1.7861, 3.2717 1.8663 -1.9195, 3.2717 1.8854 -1.9195, 3.2717 1.9248 -1.8085, 3.2717 1.9258 -1.8031, 3.2717 1.9356 -1.7861, 3.2717 1.9262 -1.8031, 3.2717 1.9273 -1.8088, 3.2717 1.9283 -1.8125, 3.2717 1.9864 -1.9195, 3.2717 1.9674 -1.9195, 3.2677 1.9356 -1.7861, 3.2677 1.9864 -1.9195, 3.2677 1.9172 -1.7861, 3.2677 1.8663 -1.9195, 3.2677 1.8854 -1.9195, 3.2677 1.8982 -1.883, 3.2677 1.9538 -1.883, 3.2677 1.9674 -1.9195, 3.2677 1.9037 -1.8679, 3.2677 1.9485 -1.8679, 3.2677 1.9283 -1.8125, 3.2677 1.9262 -1.8031, 3.2677 1.9273 -1.8088, 3.2677 1.9258 -1.8031, 3.2677 1.9236 -1.8125, 3.2677 1.9248 -1.8085, 3.2677 1.9248 -1.8085
            ]
        }
        coordIndex [
            0,1,2,-1,2,1,3,-1,4,5,0,-1,0,5,6,-1,0,6,1,-1,1,6,7,-1,4,8,5,-1,5,8,9,-1,5,9,10,-1,10,9,11,-1,10,11,12,-1,12,13,10,-1,10,13,2,-1,10,2,14,-1,14,2,3,-1,14,3,15,-1,10,14,16,-1,16,14,17,-1,5,10,18,-1,18,10,16,-1,6,5,19,-1,19,5,18,-1,7,6,20,-1,20,6,19,-1,1,7,21,-1,21,7,20,-1,3,1,22,-1,22,1,21,-1,15,3,23,-1,23,3,22,-1,14,15,17,-1,17,15,23,-1,0,2,24,-1,24,2,25,-1,2,13,25,-1,25,13,26,-1,11,27,28,-1,11,28,12,-1,12,28,26,-1,12,26,13,-1,11,9,27,-1,27,9,29,-1,4,30,31,-1,4,31,8,-1,8,31,29,-1,8,29,9,-1,4,0,30,-1,30,0,24,-1,
        ]
    }
}
Shape{
    appearance Appearance {
        material  Material 	{
            diffuseColor 0.7529411764705882 0.7529411764705882 0.7529411764705882
            specularColor 0.3764705882352941 0.3764705882352941 0.3764705882352941
            ambientIntensity 0.2
            transparency 0
            shininess 0.5
        }
    }
    geometry IndexedFaceSet {
        ccw TRUE
        solid FALSE
        coord DEF co Coordinate {
            point [
                3.2677 1.9262 -1.8031, 3.2677 1.9258 -1.8031, 3.2677 1.9273 -1.8088, 3.2677 1.9248 -1.8085, 3.2677 1.9283 -1.8125, 3.2677 1.9236 -1.8125, 3.2677 1.9485 -1.8679, 3.2677 1.9037 -1.8679, 3.2677 1.9037 -1.8679
            ]
        }
        coordIndex [
            0,1,2,-1,2,1,3,-1,2,3,4,-1,4,3,5,-1,4,5,6,-1,6,5,7,-1,
        ]
    }
}
Shape{
    appearance Appearance {
        material  Material 	{
            diffuseColor 0.0 0.0 0.0
            specularColor 0.0 0.0 0.0
            ambientIntensity 0.2
            transparency 0
            shininess 0.5
        }
    }
    geometry IndexedFaceSet {
        ccw TRUE
        solid FALSE
        coord DEF co Coordinate {
            point [
                3.2717 0.6692 -1.6897, 3.2717 0.6903 -1.6785, 3.2717 0.6854 -1.62, 3.2717 0.8525 -1.9423, 3.2717 0.8637 -1.9212, 3.2717 0.8693 -1.8978, 3.2717 0.7446 -1.6173, 3.2717 0.774 -1.6866, 3.2717 0.7886 -1.6565, 3.2717 0.7389 -1.9003, 3.2717 0.7371 -1.8914, 3.2717 0.6858 -1.8545, 3.2717 0.6849 -1.9181, 3.2717 0.6728 -1.9145, 3.2717 0.6651 -1.8417, 3.2717 0.7228 -1.6154, 3.2717 1.0027 -1.808, 3.2717 0.9733 -1.7577, 3.2717 0.8699 -1.8782, 3.2717 0.8461 -1.8241, 3.2717 0.8699 -1.8877, 3.2717 0.8192 -1.9716, 3.2717 0.8381 -1.9585, 3.2717 0.7426 -1.9083, 3.2717 0.7085 -1.9559, 3.2717 0.6944 -1.9385, 3.2717 1.034 -1.7141, 3.2717 1.0416 -1.7141, 3.2717 1.0805 -1.6628, 3.2717 1.0597 -1.7163, 3.2717 1.0851 -1.6644, 3.2717 1.0763 -1.7227, 3.2717 1.1133 -1.6784, 3.2717 1.1391 -1.7001, 3.2717 0.7641 -1.5947, 3.2717 0.8098 -1.6311, 3.2717 0.7864 -1.5756, 3.2717 0.8352 -1.6126, 3.2717 0.8096 -1.5612, 3.2717 0.7137 -1.6729, 3.2717 0.7238 -1.6723, 3.2717 0.7337 -1.616, 3.2717 0.7462 -1.6751, 3.2717 0.7675 -1.683, 3.2717 0.8041 -1.9102, 3.2717 0.799 -1.916, 3.2717 0.7918 -1.9212, 3.2717 0.798 -1.9798, 3.2717 0.7835 -1.9244, 3.2717 0.775 -1.9826, 3.2717 0.774 -1.9257, 3.2717 0.7714 -1.9825, 3.2717 0.7724 -1.9256, 3.2717 0.749 -1.9791, 3.2717 0.7639 -1.9242, 3.2717 0.7271 -1.9699, 3.2717 0.7553 -1.9206, 3.2717 0.7481 -1.915, 3.2717 0.8086 -1.8754, 3.2717 0.8108 -1.8842, 3.2717 0.8108 -1.8929, 3.2717 0.8085 -1.902, 3.2717 1.1393 -1.8773, 3.2717 1.0952 -1.8395, 3.2717 1.1135 -1.8991, 3.2717 1.0812 -1.851, 3.2717 1.0846 -1.9133, 3.2717 1.0644 -1.8588, 3.2717 1.053 -1.92, 3.2717 1.0473 -1.8621, 3.2717 0.997 -1.92, 3.2717 1.0046 -1.8621, 3.2717 0.9917 -1.9191, 3.2717 0.7376 -1.8821, 3.2717 0.7404 -1.8732, 3.2717 0.6963 -1.8342, 3.2717 0.7453 -1.8654, 3.2717 0.7119 -1.8162, 3.2717 0.7491 -1.8614, 3.2717 0.7313 -1.8027, 3.2717 0.7565 -1.8561, 3.2717 0.7523 -1.7947, 3.2717 0.7648 -1.8529, 3.2717 0.775 -1.7919, 3.2717 0.774 -1.8517, 3.2717 0.7865 -1.7926, 3.2717 0.7819 -1.8525, 3.2717 0.8094 -1.7982, 3.2717 0.7908 -1.8557, 3.2717 0.8295 -1.809, 3.2717 0.7984 -1.8608, 3.2717 0.8045 -1.8676, 3.2717 1.091 -1.733, 3.2717 1.1018 -1.7451, 3.2717 1.1585 -1.7271, 3.2717 1.1106 -1.7614, 3.2717 1.1701 -1.7561, 3.2717 1.1151 -1.7796, 3.2717 1.1744 -1.7871, 3.2717 1.1156 -1.7881, 3.2717 1.1701 -1.821, 3.2717 1.1133 -1.8066, 3.2717 1.1582 -1.851, 3.2717 1.1068 -1.8235, 3.2717 1.0963 -1.8383, 3.2717 1.0293 -1.5879, 3.2717 0.992 -1.6314, 3.2717 1.0607 -1.6243, 3.2717 1.0135 -1.6569, 3.2717 1.0281 -1.6875, 3.2717 0.6317 -1.7442, 3.2717 0.5694 -1.7601, 3.2717 0.6289 -1.7672, 3.2717 0.5691 -1.7691, 3.2717 0.63 -1.782, 3.2717 0.5737 -1.8063, 3.2717 0.6369 -1.8052, 3.2717 0.5873 -1.8417, 3.2717 0.6481 -1.8243, 3.2717 0.6089 -1.8725, 3.2717 0.6385 -1.8978, 3.2717 0.8533 -1.5443, 3.2717 0.8662 -1.6, 3.2717 0.9002 -1.5386, 3.2717 0.9012 -1.5955, 3.2717 0.9393 -1.5427, 3.2717 0.9334 -1.5995, 3.2717 0.987 -1.5594, 3.2717 0.9632 -1.6109, 3.2717 0.9898 -1.6294, 3.2717 0.6503 -1.6337, 3.2717 0.6201 -1.6549, 3.2717 0.653 -1.7041, 3.2717 0.6137 -1.6609, 3.2717 0.6399 -1.723, 3.2717 0.5909 -1.6902, 3.2717 0.5757 -1.7244, 3.2717 0.9998 -1.8612, 3.2717 0.977 -1.91, 3.2717 0.9792 -1.9123, 3.2717 1.0027 -1.8618, 3.2717 0.9854 -1.9166, 3.2717 0.9695 -1.8906, 3.2717 0.9704 -1.8976, 3.2717 0.9729 -1.9041, 3.2717 0.9916 -1.8621, 3.2717 0.985 -1.8647, 3.2717 0.9697 -1.8868, 3.2717 0.9792 -1.8688, 3.2717 0.9753 -1.8731, 3.2717 0.9716 -1.8796, 3.2717 0.9989 -1.8611, 3.2677 1.1454 -1.7089, 3.2677 1.1585 -1.7271, 3.2677 1.1669 -1.7481, 3.2677 1.1701 -1.7561, 3.2677 1.1744 -1.7871, 3.2677 1.1391 -1.7001, 3.2677 1.1133 -1.6784, 3.2677 1.0851 -1.6644, 3.2677 1.0805 -1.6628, 3.2677 1.0607 -1.6243, 3.2677 1.0293 -1.5879, 3.2677 0.9002 -1.5386, 3.2677 0.987 -1.5594, 3.2677 0.9753 -1.5553, 3.2677 0.9393 -1.5427, 3.2677 0.7864 -1.5756, 3.2677 0.8533 -1.5443, 3.2677 0.8248 -1.5553, 3.2677 0.8096 -1.5612, 3.2677 0.7641 -1.5947, 3.2677 0.7446 -1.6173, 3.2677 0.7337 -1.616, 3.2677 0.7228 -1.6154, 3.2677 0.6854 -1.62, 3.2677 0.6503 -1.6337, 3.2677 0.6201 -1.6549, 3.2677 0.6137 -1.6609, 3.2677 0.5691 -1.7691, 3.2677 0.5909 -1.6902, 3.2677 0.5826 -1.7089, 3.2677 0.5757 -1.7244, 3.2677 0.5715 -1.7481, 3.2677 0.5694 -1.7601, 3.2677 0.5737 -1.8063, 3.2677 0.5873 -1.8417, 3.2677 0.6089 -1.8725, 3.2677 0.6385 -1.8978, 3.2677 0.6728 -1.9145, 3.2677 0.6849 -1.9181, 3.2677 0.686 -1.9206, 3.2677 0.6944 -1.9385, 3.2677 0.7085 -1.9559, 3.2677 0.7271 -1.9699, 3.2677 0.7358 -1.9735, 3.2677 0.749 -1.9791, 3.2677 0.7714 -1.9825, 3.2677 0.775 -1.9826, 3.2677 0.8699 -1.8877, 3.2677 0.798 -1.9798, 3.2677 0.8143 -1.9735, 3.2677 0.8192 -1.9716, 3.2677 0.8381 -1.9585, 3.2677 0.8525 -1.9423, 3.2677 0.8637 -1.9212, 3.2677 0.8639 -1.9206, 3.2677 0.8693 -1.8978, 3.2677 0.8699 -1.8782, 3.2677 1.0027 -1.808, 3.2677 0.9733 -1.7577, 3.2677 0.8461 -1.8241, 3.2677 0.8295 -1.809, 3.2677 0.8094 -1.7982, 3.2677 0.7865 -1.7926, 3.2677 0.775 -1.7919, 3.2677 0.7523 -1.7947, 3.2677 0.7313 -1.8027, 3.2677 0.7119 -1.8162, 3.2677 0.6963 -1.8342, 3.2677 0.6858 -1.8545, 3.2677 0.6651 -1.8417, 3.2677 0.6481 -1.8243, 3.2677 0.6369 -1.8052, 3.2677 0.63 -1.782, 3.2677 0.6289 -1.7672, 3.2677 0.6312 -1.7481, 3.2677 0.6317 -1.7442, 3.2677 0.6399 -1.723, 3.2677 0.6497 -1.7089, 3.2677 0.653 -1.7041, 3.2677 0.6692 -1.6897, 3.2677 0.6903 -1.6785, 3.2677 0.7137 -1.6729, 3.2677 0.7238 -1.6723, 3.2677 0.7462 -1.6751, 3.2677 0.7675 -1.683, 3.2677 0.774 -1.6866, 3.2677 0.7886 -1.6565, 3.2677 0.8098 -1.6311, 3.2677 0.8352 -1.6126, 3.2677 0.8662 -1.6, 3.2677 0.9012 -1.5955, 3.2677 0.9334 -1.5995, 3.2677 0.9632 -1.6109, 3.2677 0.9898 -1.6294, 3.2677 0.992 -1.6314, 3.2677 1.0135 -1.6569, 3.2677 1.0281 -1.6875, 3.2677 1.0329 -1.7089, 3.2677 1.034 -1.7141, 3.2677 1.0416 -1.7141, 3.2677 1.0597 -1.7163, 3.2677 1.0763 -1.7227, 3.2677 1.091 -1.733, 3.2677 1.1018 -1.7451, 3.2677 1.1034 -1.7481, 3.2677 1.1106 -1.7614, 3.2677 1.1151 -1.7796, 3.2677 1.1156 -1.7881, 3.2677 1.1133 -1.8066, 3.2677 1.1068 -1.8235, 3.2677 1.0963 -1.8383, 3.2677 1.0952 -1.8395, 3.2677 1.0812 -1.851, 3.2677 1.0644 -1.8588, 3.2677 1.0473 -1.8621, 3.2677 1.0046 -1.8621, 3.2677 1.0027 -1.8618, 3.2677 0.9998 -1.8612, 3.2677 0.9989 -1.8611, 3.2677 0.9916 -1.8621, 3.2677 0.985 -1.8647, 3.2677 0.9792 -1.8688, 3.2677 0.9753 -1.8731, 3.2677 0.9716 -1.8796, 3.2677 0.9697 -1.8868, 3.2677 0.9695 -1.8906, 3.2677 0.9704 -1.8976, 3.2677 0.9729 -1.9041, 3.2677 0.977 -1.91, 3.2677 0.9792 -1.9123, 3.2677 0.9854 -1.9166, 3.2677 0.9917 -1.9191, 3.2677 0.997 -1.92, 3.2677 1.053 -1.92, 3.2677 1.0846 -1.9133, 3.2677 1.1135 -1.8991, 3.2677 1.1393 -1.8773, 3.2677 1.1582 -1.851, 3.2677 1.1701 -1.821, 3.2677 0.774 -1.8517, 3.2677 0.7819 -1.8525, 3.2677 0.7908 -1.8557, 3.2677 0.7984 -1.8608, 3.2677 0.8045 -1.8676, 3.2677 0.8086 -1.8754, 3.2677 0.8108 -1.8842, 3.2677 0.8108 -1.8929, 3.2677 0.8085 -1.902, 3.2677 0.8041 -1.9102, 3.2677 0.799 -1.916, 3.2677 0.7918 -1.9212, 3.2677 0.7835 -1.9244, 3.2677 0.774 -1.9257, 3.2677 0.7724 -1.9256, 3.2677 0.7639 -1.9242, 3.2677 0.7553 -1.9206, 3.2677 0.7481 -1.915, 3.2677 0.7426 -1.9083, 3.2677 0.7389 -1.9003, 3.2677 0.7371 -1.8914, 3.2677 0.7376 -1.8821, 3.2677 0.7404 -1.8732, 3.2677 0.7453 -1.8654, 3.2677 0.7491 -1.8614, 3.2677 0.7565 -1.8561, 3.2677 0.7648 -1.8529, 3.2677 0.7648 -1.8529
            ]
        }
        coordIndex [
            0,1,2,-1,3,4,5,-1,6,7,8,-1,9,10,11,-1,12,11,13,-1,13,11,14,-1,2,1,15,-1,16,17,18,-1,18,17,19,-1,18,19,20,-1,20,19,21,-1,20,21,5,-1,5,21,22,-1,5,22,3,-1,23,9,24,-1,24,9,11,-1,24,11,25,-1,25,11,12,-1,26,27,28,-1,28,27,29,-1,28,29,30,-1,30,29,31,-1,30,31,32,-1,32,31,33,-1,6,8,34,-1,34,8,35,-1,34,35,36,-1,36,35,37,-1,36,37,38,-1,1,39,15,-1,15,39,40,-1,15,40,41,-1,41,40,42,-1,41,42,6,-1,6,42,43,-1,6,43,7,-1,44,45,21,-1,21,45,46,-1,21,46,47,-1,47,46,48,-1,47,48,49,-1,49,48,50,-1,49,50,51,-1,51,50,52,-1,51,52,53,-1,53,52,54,-1,53,54,55,-1,55,54,56,-1,55,56,24,-1,24,56,57,-1,24,57,23,-1,58,59,19,-1,19,59,60,-1,19,60,21,-1,21,60,61,-1,21,61,44,-1,62,63,64,-1,64,63,65,-1,64,65,66,-1,66,65,67,-1,66,67,68,-1,68,67,69,-1,68,69,70,-1,70,69,71,-1,70,71,72,-1,10,73,11,-1,11,73,74,-1,11,74,75,-1,75,74,76,-1,75,76,77,-1,77,76,78,-1,77,78,79,-1,79,78,80,-1,79,80,81,-1,81,80,82,-1,81,82,83,-1,83,82,84,-1,83,84,85,-1,85,84,86,-1,85,86,87,-1,87,86,88,-1,87,88,89,-1,89,88,90,-1,89,90,19,-1,19,90,91,-1,19,91,58,-1,31,92,33,-1,33,92,93,-1,33,93,94,-1,94,93,95,-1,94,95,96,-1,96,95,97,-1,96,97,98,-1,98,97,99,-1,98,99,100,-1,100,99,101,-1,100,101,102,-1,102,101,103,-1,102,103,62,-1,62,103,104,-1,62,104,63,-1,105,106,107,-1,107,106,108,-1,107,108,28,-1,28,108,109,-1,28,109,26,-1,110,111,112,-1,112,111,113,-1,112,113,114,-1,114,113,115,-1,114,115,116,-1,116,115,117,-1,116,117,118,-1,118,117,119,-1,118,119,14,-1,14,119,120,-1,14,120,13,-1,38,37,121,-1,121,37,122,-1,121,122,123,-1,123,122,124,-1,123,124,125,-1,125,124,126,-1,125,126,127,-1,127,126,128,-1,127,128,105,-1,105,128,129,-1,105,129,106,-1,2,130,0,-1,0,130,131,-1,0,131,132,-1,132,131,133,-1,132,133,134,-1,134,133,135,-1,134,135,110,-1,110,135,136,-1,110,136,111,-1,137,138,139,-1,71,140,72,-1,72,140,137,-1,72,137,141,-1,141,137,139,-1,142,143,137,-1,137,143,144,-1,137,144,138,-1,145,146,147,-1,146,148,147,-1,147,148,149,-1,147,149,150,-1,142,137,147,-1,147,137,151,-1,147,151,145,-1,152,33,153,-1,153,33,94,-1,153,94,154,-1,154,94,96,-1,154,96,155,-1,155,96,98,-1,155,98,156,-1,152,157,33,-1,33,157,158,-1,33,158,32,-1,32,158,159,-1,32,159,30,-1,30,159,160,-1,30,160,28,-1,28,160,161,-1,28,161,107,-1,107,161,162,-1,107,162,105,-1,163,123,125,-1,105,162,164,-1,105,164,127,-1,127,164,165,-1,127,165,125,-1,125,165,166,-1,125,166,163,-1,167,36,38,-1,123,163,168,-1,123,168,121,-1,121,168,169,-1,121,169,38,-1,38,169,170,-1,38,170,167,-1,36,167,171,-1,36,171,34,-1,34,171,172,-1,34,172,6,-1,6,172,173,-1,6,173,41,-1,41,173,174,-1,41,174,15,-1,15,174,175,-1,15,175,2,-1,2,175,176,-1,2,176,130,-1,130,176,177,-1,130,177,131,-1,131,177,178,-1,131,178,133,-1,179,113,111,-1,133,178,180,-1,133,180,135,-1,135,180,181,-1,135,181,136,-1,181,182,136,-1,136,182,183,-1,136,183,111,-1,111,183,184,-1,111,184,179,-1,113,179,185,-1,113,185,115,-1,115,185,186,-1,115,186,117,-1,117,186,187,-1,117,187,119,-1,119,187,188,-1,119,188,120,-1,120,188,189,-1,120,189,13,-1,13,189,190,-1,13,190,12,-1,12,190,191,-1,12,191,25,-1,191,192,25,-1,25,192,193,-1,25,193,24,-1,24,193,194,-1,24,194,55,-1,55,194,195,-1,55,195,53,-1,195,196,53,-1,53,196,197,-1,53,197,51,-1,51,197,198,-1,51,198,49,-1,199,20,5,-1,49,198,200,-1,201,21,200,-1,200,21,47,-1,200,47,49,-1,201,202,21,-1,21,202,203,-1,21,203,22,-1,22,203,204,-1,22,204,3,-1,3,204,205,-1,3,205,4,-1,4,205,206,-1,4,206,5,-1,5,206,207,-1,5,207,199,-1,18,20,208,-1,208,20,199,-1,16,18,209,-1,209,18,208,-1,17,16,210,-1,210,16,209,-1,19,17,211,-1,211,17,210,-1,19,211,212,-1,19,212,89,-1,89,212,213,-1,89,213,87,-1,87,213,214,-1,87,214,85,-1,85,214,215,-1,85,215,83,-1,83,215,216,-1,83,216,81,-1,81,216,217,-1,81,217,79,-1,79,217,218,-1,79,218,77,-1,77,218,219,-1,77,219,75,-1,75,219,220,-1,75,220,11,-1,11,220,221,-1,11,221,14,-1,14,221,222,-1,14,222,118,-1,118,222,223,-1,118,223,116,-1,116,223,224,-1,116,224,114,-1,114,224,225,-1,114,225,112,-1,110,112,225,-1,225,226,110,-1,110,226,227,-1,110,227,228,-1,229,132,228,-1,228,132,134,-1,228,134,110,-1,229,230,132,-1,132,230,231,-1,132,231,0,-1,0,231,232,-1,0,232,1,-1,1,232,233,-1,1,233,39,-1,39,233,234,-1,39,234,40,-1,40,234,235,-1,40,235,42,-1,42,235,236,-1,42,236,43,-1,43,236,237,-1,43,237,7,-1,7,237,238,-1,7,238,8,-1,8,238,239,-1,8,239,35,-1,35,239,240,-1,35,240,37,-1,37,240,241,-1,37,241,122,-1,122,241,242,-1,122,242,124,-1,124,242,243,-1,124,243,126,-1,126,243,244,-1,126,244,128,-1,128,244,245,-1,128,245,129,-1,129,245,246,-1,129,246,106,-1,106,246,247,-1,106,247,108,-1,108,247,248,-1,108,248,109,-1,109,248,26,-1,26,248,249,-1,26,249,250,-1,27,26,251,-1,251,26,250,-1,27,251,252,-1,27,252,29,-1,29,252,253,-1,29,253,31,-1,31,253,254,-1,31,254,92,-1,92,254,255,-1,92,255,93,-1,93,255,256,-1,93,256,95,-1,256,257,95,-1,95,257,258,-1,95,258,97,-1,97,258,259,-1,97,259,99,-1,99,259,260,-1,99,260,101,-1,101,260,261,-1,101,261,103,-1,103,261,262,-1,103,262,104,-1,104,262,263,-1,104,263,63,-1,63,263,264,-1,63,264,65,-1,65,264,265,-1,65,265,67,-1,67,265,266,-1,67,266,69,-1,71,69,267,-1,267,69,266,-1,71,267,268,-1,71,268,140,-1,140,268,269,-1,140,269,137,-1,137,269,270,-1,137,270,151,-1,151,270,271,-1,151,271,145,-1,145,271,272,-1,145,272,146,-1,146,272,273,-1,146,273,148,-1,148,273,274,-1,148,274,149,-1,149,274,275,-1,149,275,150,-1,150,275,276,-1,150,276,147,-1,147,276,277,-1,147,277,142,-1,142,277,278,-1,142,278,143,-1,143,278,279,-1,143,279,144,-1,144,279,280,-1,144,280,138,-1,138,280,281,-1,138,281,139,-1,139,281,282,-1,139,282,141,-1,141,282,283,-1,141,283,72,-1,72,283,284,-1,72,284,70,-1,68,70,285,-1,285,70,284,-1,68,285,286,-1,68,286,66,-1,66,286,287,-1,66,287,64,-1,64,287,288,-1,64,288,62,-1,62,288,289,-1,62,289,102,-1,102,289,290,-1,102,290,100,-1,100,290,156,-1,100,156,98,-1,84,291,292,-1,84,292,86,-1,86,292,293,-1,86,293,88,-1,88,293,294,-1,88,294,90,-1,90,294,295,-1,90,295,91,-1,91,295,296,-1,91,296,58,-1,58,296,297,-1,58,297,59,-1,59,297,298,-1,59,298,60,-1,60,298,299,-1,60,299,61,-1,61,299,300,-1,61,300,44,-1,44,300,301,-1,44,301,45,-1,45,301,302,-1,45,302,46,-1,46,302,303,-1,46,303,48,-1,48,303,304,-1,48,304,50,-1,50,304,305,-1,50,305,52,-1,52,305,306,-1,52,306,54,-1,54,306,307,-1,54,307,56,-1,56,307,308,-1,56,308,57,-1,57,308,309,-1,57,309,23,-1,23,309,310,-1,23,310,9,-1,9,310,311,-1,9,311,10,-1,10,311,312,-1,10,312,73,-1,73,312,313,-1,73,313,74,-1,74,313,314,-1,74,314,76,-1,76,314,315,-1,76,315,78,-1,78,315,316,-1,78,316,80,-1,80,316,317,-1,80,317,82,-1,82,317,291,-1,82,291,84,-1,
        ]
    }
}
Shape{
    appearance Appearance {
        material  Material 	{
            diffuseColor 0.7529411764705882 0.7529411764705882 0.7529411764705882
            specularColor 0.3764705882352941 0.3764705882352941 0.3764705882352941
            ambientIntensity 0.2
            transparency 0
            shininess 0.5
        }
    }
    geometry IndexedFaceSet {
        ccw TRUE
        solid FALSE
        coord DEF co Coordinate {
            point [
                3.2677 0.7724 -1.9256, 3.2677 0.7491 -1.8614, 3.2677 0.7453 -1.8654, 3.2677 0.7835 -1.9244, 3.2677 0.7918 -1.9212, 3.2677 0.7819 -1.8525, 3.2677 0.774 -1.8517, 3.2677 0.7648 -1.8529, 3.2677 0.7565 -1.8561, 3.2677 0.7389 -1.9003, 3.2677 0.7426 -1.9083, 3.2677 0.7481 -1.915, 3.2677 0.774 -1.9257, 3.2677 0.7404 -1.8732, 3.2677 0.7376 -1.8821, 3.2677 0.7371 -1.8914, 3.2677 0.7553 -1.9206, 3.2677 0.7639 -1.9242, 3.2677 0.799 -1.916, 3.2677 0.8041 -1.9102, 3.2677 0.8085 -1.902, 3.2677 0.8108 -1.8929, 3.2677 0.8108 -1.8842, 3.2677 0.8086 -1.8754, 3.2677 0.8045 -1.8676, 3.2677 0.7984 -1.8608, 3.2677 0.7908 -1.8557, 3.2677 0.7908 -1.8557
            ]
        }
        coordIndex [
            0,1,2,-1,3,4,5,-1,6,7,0,-1,0,7,8,-1,0,8,1,-1,9,10,2,-1,2,10,11,-1,6,0,5,-1,5,0,12,-1,5,12,3,-1,13,14,2,-1,2,14,15,-1,2,15,9,-1,11,16,2,-1,2,16,17,-1,2,17,0,-1,4,18,5,-1,5,18,19,-1,5,19,20,-1,20,21,5,-1,5,21,22,-1,5,22,23,-1,23,24,5,-1,5,24,25,-1,5,25,26,-1,
        ]
    }
}